{"elements": {"nodes": [{"data": {"popup": "<h><b>Systematic name</b><p>YML064C</p><h><b>Query visitation probability</b></h><p>2.664e-04</p><hr /><h><b>Description (from <a style=\"color:blue\" href=\"http://www.yeastgenome.org/cgi-bin/locus.fpl?locus=YML064C\" target=\"sgdpage\">SGD</a>)</b></h><p>GTP-binding protein of the ras superfamily involved in termination of M-phase; controls actomyosin and septin dynamics during cytokinesis\n</p>", "name": "YML064C", "k": "19", "label": "TEM1", "id": "YML064C", "aliases": []}}, {"data": {"popup": "<h><b>Systematic name</b><p>YLR293C</p><h><b>Query visitation probability</b></h><p>1.140e-02</p><hr /><h><b>Description (from <a style=\"color:blue\" href=\"http://www.yeastgenome.org/cgi-bin/locus.fpl?locus=YLR293C\" target=\"sgdpage\">SGD</a>)</b></h><p>Ran GTPase, GTP binding protein (mammalian Ranp homolog) involved in the maintenance of nuclear organization, RNA processing and transport; regulated by Srm1p, Rna1p, Yrb1p, Yrb2p, Yrp4p, Yrb30p, Cse1p and Kap95p; yeast Gsp2p homolog\n</p>", "name": "YLR293C", "k": "34", "label": "GSP1", "id": "YLR293C", "aliases": []}}, {"data": {"popup": "<h><b>Systematic name</b><p>YLR079W</p><h><b>Query visitation probability</b></h><p>1.043e-03</p><hr /><h><b>Description (from <a style=\"color:blue\" href=\"http://www.yeastgenome.org/cgi-bin/locus.fpl?locus=YLR079W\" target=\"sgdpage\">SGD</a>)</b></h><p>Cyclin-dependent kinase inhibitor (CKI); inhibitor of Cdc28-Clb kinase complexes that controls G1/S phase transition, preventing premature S phase and ensuring genomic integrity; phosphorylation targets Sic1p for SCF(CDC4)-dependent turnover; functional homolog of mammalian Kip1\n</p>", "name": "YLR079W", "k": "18", "label": "SIC1", "id": "YLR079W", "aliases": []}}, {"data": {"popup": "<h><b>Systematic name</b><p>YDR054C</p><h><b>Query visitation probability</b></h><p>5.867e-03</p><hr /><h><b>Description (from <a style=\"color:blue\" href=\"http://www.yeastgenome.org/cgi-bin/locus.fpl?locus=YDR054C\" target=\"sgdpage\">SGD</a>)</b></h><p>Ubiquitin-conjugating enzyme (E2) and catalytic subunit of SCF ubiquitin-protein ligase complex (together with Skp1p, Rbx1p, Cdc53p, and an F-box protein) that regulates cell cycle progression by targeting key substrates for degradation\n</p>", "name": "YDR054C", "k": "13", "label": "CDC34", "id": "YDR054C", "aliases": []}}, {"data": {"popup": "<h><b>Systematic name</b><p>YJL076W</p><h><b>Query visitation probability</b></h><p>1.326e-04</p><hr /><h><b>Description (from <a style=\"color:blue\" href=\"http://www.yeastgenome.org/cgi-bin/locus.fpl?locus=YJL076W\" target=\"sgdpage\">SGD</a>)</b></h><p>Core subunit of the RENT complex, which is a complex involved in nucleolar silencing and telophase exit; stimulates transcription by RNA polymerase I and regulates nucleolar structure\n</p>", "name": "YJL076W", "k": "31", "label": "NET1", "id": "YJL076W", "aliases": []}}, {"data": {"popup": "<h><b>Systematic name</b><p>YDR146C</p><h><b>Query visitation probability</b></h><p>1.939e-04</p><hr /><h><b>Description (from <a style=\"color:blue\" href=\"http://www.yeastgenome.org/cgi-bin/locus.fpl?locus=YDR146C\" target=\"sgdpage\">SGD</a>)</b></h><p>Transcription factor that recruits the Mediator and Swi/Snf complexes; activates transcription of genes expressed at the M/G1 phase boundary and in G1 phase; required for expression of the HO gene controlling mating type switching; localization to the nucleus occurs during G1 and appears to be regulated by phosphorylation by Cdc28p kinase\n</p>", "name": "YDR146C", "k": "23", "label": "SWI5", "id": "YDR146C", "aliases": []}}, {"data": {"popup": "<h><b>Systematic name</b><p>YAL041W</p><h><b>Query visitation probability</b></h><p>1.169e-02</p><hr /><h><b>Description (from <a style=\"color:blue\" href=\"http://www.yeastgenome.org/cgi-bin/locus.fpl?locus=YAL041W\" target=\"sgdpage\">SGD</a>)</b></h><p>Guanine nucleotide exchange factor (GEF or GDP-release factor) for Cdc42p; required for polarity establishment and maintenance, and mutants have morphological defects in bud formation and shmooing\n</p>", "name": "YAL041W", "k": "24", "label": "CDC24", "id": "YAL041W", "aliases": []}}, {"data": {"popup": "<h><b>Systematic name</b><p>YBR200W</p><h><b>Query visitation probability</b></h><p>1.177e-02</p><hr /><h><b>Description (from <a style=\"color:blue\" href=\"http://www.yeastgenome.org/cgi-bin/locus.fpl?locus=YBR200W\" target=\"sgdpage\">SGD</a>)</b></h><p>Protein containing SH3-domains, involved in establishing cell polarity and morphogenesis; functions as a scaffold protein for complexes that include Cdc24p, Ste5p, Ste20p, and Rsr1p\n</p>", "name": "YBR200W", "k": "7", "label": "BEM1", "id": "YBR200W", "aliases": []}}, {"data": {"popup": "<h><b>Systematic name</b><p>YBL016W</p><h><b>Query visitation probability</b></h><p>1.137e-02</p><hr /><h><b>Description (from <a style=\"color:blue\" href=\"http://www.yeastgenome.org/cgi-bin/locus.fpl?locus=YBL016W\" target=\"sgdpage\">SGD</a>)</b></h><p>Mitogen-activated serine/threonine protein kinase involved in mating; phosphoactivated by Ste7p; substrates include Ste12p, Far1p, Bni1p, Sst2p; inhibits invasive growth during mating by phosphorylating Tec1p, promoting its degradation\n</p>", "name": "YBL016W", "k": "20", "label": "FUS3", "id": "YBL016W", "aliases": []}}, {"data": {"popup": "<h><b>Systematic name</b><p>YBR135W</p><h><b>Query visitation probability</b></h><p>1.562e-03</p><hr /><h><b>Description (from <a style=\"color:blue\" href=\"http://www.yeastgenome.org/cgi-bin/locus.fpl?locus=YBR135W\" target=\"sgdpage\">SGD</a>)</b></h><p>Cyclin-dependent protein kinase regulatory subunit and adaptor; modulates proteolysis of M-phase targets through interactions with the proteasome; role in transcriptional regulation, recruiting proteasomal subunits to target gene promoters\n</p>", "name": "YBR135W", "k": "41", "label": "CKS1", "id": "YBR135W", "aliases": []}}, {"data": {"popup": "<h><b>Systematic name</b><p>YBR160W</p><h><b>Query visitation probability</b></h><p>1.466e-02</p><hr /><h><b>Description (from <a style=\"color:blue\" href=\"http://www.yeastgenome.org/cgi-bin/locus.fpl?locus=YBR160W\" target=\"sgdpage\">SGD</a>)</b></h><p>Catalytic subunit of the main cell cycle cyclin-dependent kinase (CDK); alternately associates with G1 cyclins (CLNs) and G2/M cyclins (CLBs) which direct the CDK to specific substrates; involved in modulating membrane trafficking dynamics\n</p>", "name": "YBR160W", "k": "1", "label": "CDC28", "id": "YBR160W", "aliases": []}}, {"data": {"popup": "<h><b>Systematic name</b><p>YDR335W</p><h><b>Query visitation probability</b></h><p>1.124e-02</p><hr /><h><b>Description (from <a style=\"color:blue\" href=\"http://www.yeastgenome.org/cgi-bin/locus.fpl?locus=YDR335W\" target=\"sgdpage\">SGD</a>)</b></h><p>Karyopherin involved in nuclear import and export of proteins, including import of replication protein A and export of Swi6p, Far1p, and Pho4p; required for re-export of mature tRNAs after their retrograde import from the cytoplasm\n</p>", "name": "YDR335W", "k": "15", "label": "MSN5", "id": "YDR335W", "aliases": []}}, {"data": {"popup": "<h><b>Systematic name</b><p>YPL031C</p><h><b>Query visitation probability</b></h><p>1.608e-03</p><hr /><h><b>Description (from <a style=\"color:blue\" href=\"http://www.yeastgenome.org/cgi-bin/locus.fpl?locus=YPL031C\" target=\"sgdpage\">SGD</a>)</b></h><p>Cyclin-dependent kinase, with ten cyclin partners; involved in regulating the cellular response to nutrient levels and environmental conditions and progression through the cell cycle\n</p>", "name": "YPL031C", "k": "43", "label": "PHO85", "id": "YPL031C", "aliases": []}}, {"data": {"popup": "<h><b>Systematic name</b><p>YHL007C</p><h><b>Query visitation probability</b></h><p>1.398e-03</p><hr /><h><b>Description (from <a style=\"color:blue\" href=\"http://www.yeastgenome.org/cgi-bin/locus.fpl?locus=YHL007C\" target=\"sgdpage\">SGD</a>)</b></h><p>Cdc42p-activated signal transducing kinase of the PAK (p21-activated kinase) family; involved in pheromone response, pseudohyphal/invasive growth, vacuole inheritance, down-regulation of sterol uptake; GBB motif binds Ste4p\n</p>", "name": "YHL007C", "k": "44", "label": "STE20", "id": "YHL007C", "aliases": []}}, {"data": {"popup": "<h><b>Systematic name</b><p>YJL092W</p><h><b>Query visitation probability</b></h><p>8.888e-03</p><hr /><h><b>Description (from <a style=\"color:blue\" href=\"http://www.yeastgenome.org/cgi-bin/locus.fpl?locus=YJL092W\" target=\"sgdpage\">SGD</a>)</b></h><p>DNA helicase and DNA-dependent ATPase involved in DNA repair and checkpoint recovery, needed for proper timing of commitment to meiotic recombination and transition from Meiosis I to II; blocks trinucleotide repeat expansion; affects genome stability\n</p>", "name": "YJL092W", "k": "9", "label": "SRS2", "id": "YJL092W", "aliases": []}}, {"data": {"popup": "<h><b>Systematic name</b><p>YMR304W</p><h><b>Query visitation probability</b></h><p>8.247e-03</p><hr /><h><b>Description (from <a style=\"color:blue\" href=\"http://www.yeastgenome.org/cgi-bin/locus.fpl?locus=YMR304W\" target=\"sgdpage\">SGD</a>)</b></h><p>Ubiquitin-specific protease involved in protein deubiquitination; catalytic activity regulated by an N-terminal TRAF-like domain and and C-terminal sequences; physically interacts with anaphase-promoting complex/cyclosome (APC/C) activator, Cdh1p; forms a complex with AAA peroxins Pex1p and Pex6p\n</p>", "name": "YMR304W", "k": "17", "label": "UBP15", "id": "YMR304W", "aliases": []}}, {"data": {"popup": "<h><b>Systematic name</b><p>YPR120C</p><h><b>Query visitation probability</b></h><p>1.111e-02</p><hr /><h><b>Description (from <a style=\"color:blue\" href=\"http://www.yeastgenome.org/cgi-bin/locus.fpl?locus=YPR120C\" target=\"sgdpage\">SGD</a>)</b></h><p>B-type cyclin involved in DNA replication during S phase; activates Cdc28p to promote initiation of DNA synthesis; functions in formation of mitotic spindles along with Clb3p and Clb4p; most abundant during late G1 phase\n</p>", "name": "YPR120C", "k": "3", "label": "CLB5", "id": "YPR120C", "aliases": []}}, {"data": {"popup": "<h><b>Systematic name</b><p>YLR229C</p><h><b>Query visitation probability</b></h><p>8.982e-03</p><hr /><h><b>Description (from <a style=\"color:blue\" href=\"http://www.yeastgenome.org/cgi-bin/locus.fpl?locus=YLR229C\" target=\"sgdpage\">SGD</a>)</b></h><p>Small rho-like GTPase, essential for establishment and maintenance of cell polarity; mutants have defects in the organization of actin and septins\n</p>", "name": "YLR229C", "k": "30", "label": "CDC42", "id": "YLR229C", "aliases": []}}, {"data": {"popup": "<h><b>Systematic name</b><p>YAL040C</p><h><b>Query visitation probability</b></h><p>1.100e-02</p><hr /><h><b>Description (from <a style=\"color:blue\" href=\"http://www.yeastgenome.org/cgi-bin/locus.fpl?locus=YAL040C\" target=\"sgdpage\">SGD</a>)</b></h><p>G1 cyclin involved in cell cycle progression; activates Cdc28p kinase to promote the G1 to S phase transition; plays a role in regulating transcription of the other G1 cyclins, CLN1 and CLN2; regulated by phosphorylation and proteolysis\n</p>", "name": "YAL040C", "k": "4", "label": "CLN3", "id": "YAL040C", "aliases": []}}, {"data": {"popup": "<h><b>Systematic name</b><p>YFR028C</p><h><b>Query visitation probability</b></h><p>2.495e-04</p><hr /><h><b>Description (from <a style=\"color:blue\" href=\"http://www.yeastgenome.org/cgi-bin/locus.fpl?locus=YFR028C\" target=\"sgdpage\">SGD</a>)</b></h><p>Protein phosphatase required for mitotic exit; located in the nucleolus until liberated by the FEAR and Mitotic Exit Network in anaphase, enabling it to act on key substrates to effect a decrease in CDK/B-cyclin activity and mitotic exit; required for meiosis I spindle disassembly; released from nucleolus upon entry into anaphase I of meiosis, resequestered in metaphase II, then released again upon entry into anaphase II; maintained in nucleolus by Cdc55p in early meiosis\n</p>", "name": "YFR028C", "k": "20", "label": "CDC14", "id": "YFR028C", "aliases": []}}, {"data": {"popup": "<h><b>Systematic name</b><p>YMR199W</p><h><b>Query visitation probability</b></h><p>8.175e-03</p><hr /><h><b>Description (from <a style=\"color:blue\" href=\"http://www.yeastgenome.org/cgi-bin/locus.fpl?locus=YMR199W\" target=\"sgdpage\">SGD</a>)</b></h><p>G1 cyclin involved in regulation of the cell cycle; activates Cdc28p kinase to promote the G1 to S phase transition; late G1 specific expression depends on transcription factor complexes, MBF (Swi6p-Mbp1p) and SBF (Swi6p-Swi4p)\n</p>", "name": "YMR199W", "k": "6", "label": "CLN1", "id": "YMR199W", "aliases": []}}, {"data": {"popup": "<h><b>Systematic name</b><p>YPR119W</p><h><b>Query visitation probability</b></h><p>2.156e-04</p><hr /><h><b>Description (from <a style=\"color:blue\" href=\"http://www.yeastgenome.org/cgi-bin/locus.fpl?locus=YPR119W\" target=\"sgdpage\">SGD</a>)</b></h><p>B-type cyclin involved in cell cycle progression; activates Cdc28p to promote the transition from G2 to M phase; accumulates during G2 and M, then targeted via a destruction box motif for ubiquitin-mediated degradation by the proteasome\n</p>", "name": "YPR119W", "k": "26", "label": "CLB2", "id": "YPR119W", "aliases": []}}, {"data": {"popup": "<h><b>Systematic name</b><p>YGL116W</p><h><b>Query visitation probability</b></h><p>2.129e-04</p><hr /><h><b>Description (from <a style=\"color:blue\" href=\"http://www.yeastgenome.org/cgi-bin/locus.fpl?locus=YGL116W\" target=\"sgdpage\">SGD</a>)</b></h><p>Cell-cycle regulated activator of anaphase-promoting complex/cyclosome (APC/C), which is required for metaphase/anaphase transition; directs ubiquitination of mitotic cyclins, Pds1p, and other anaphase inhibitors; potential Cdc28p substrate\n</p>", "name": "YGL116W", "k": "21", "label": "CDC20", "id": "YGL116W", "aliases": []}}, {"data": {"popup": "<h><b>Systematic name</b><p>YJL194W</p><h><b>Query visitation probability</b></h><p>1.897e-04</p><hr /><h><b>Description (from <a style=\"color:blue\" href=\"http://www.yeastgenome.org/cgi-bin/locus.fpl?locus=YJL194W\" target=\"sgdpage\">SGD</a>)</b></h><p>Essential ATP-binding protein required for DNA replication, component of the pre-replicative complex (pre-RC) which requires ORC to associate with chromatin and is in turn required for Mcm2-7p DNA association; homologous to S. pombe Cdc18p\n</p>", "name": "YJL194W", "k": "29", "label": "CDC6", "id": "YJL194W", "aliases": []}}, {"data": {"popup": "<h><b>Systematic name</b><p>YNL189W</p><h><b>Query visitation probability</b></h><p>9.029e-03</p><hr /><h><b>Description (from <a style=\"color:blue\" href=\"http://www.yeastgenome.org/cgi-bin/locus.fpl?locus=YNL189W\" target=\"sgdpage\">SGD</a>)</b></h><p>Karyopherin alpha homolog, forms a dimer with karyopherin beta Kap95p to mediate import of nuclear proteins, binds the nuclear localization signal of the substrate during import; may also play a role in regulation of protein degradation\n</p>", "name": "YNL189W", "k": "12", "label": "SRP1", "id": "YNL189W", "aliases": []}}, {"data": {"popup": "<h><b>Systematic name</b><p>YER167W</p><h><b>Query visitation probability</b></h><p>8.949e-05</p><hr /><h><b>Description (from <a style=\"color:blue\" href=\"http://www.yeastgenome.org/cgi-bin/locus.fpl?locus=YER167W\" target=\"sgdpage\">SGD</a>)</b></h><p>Protein rich in serine and threonine residues involved in protein kinase C signaling pathway, which controls cell integrity; overproduction suppresses pkc1 mutations\n</p>", "name": "YER167W", "k": "37", "label": "BCK2", "id": "YER167W", "aliases": []}}, {"data": {"popup": "<h><b>Systematic name</b><p>YPL022W</p><h><b>Query visitation probability</b></h><p>8.214e-03</p><hr /><h><b>Description (from <a style=\"color:blue\" href=\"http://www.yeastgenome.org/cgi-bin/locus.fpl?locus=YPL022W\" target=\"sgdpage\">SGD</a>)</b></h><p>Single-stranded DNA endonuclease (with Rad10p), cleaves single-stranded DNA during nucleotide excision repair and double-strand break repair; subunit of Nucleotide Excision Repair Factor 1 (NEF1); homolog of human XPF protein\n</p>", "name": "YPL022W", "k": "36", "label": "RAD1", "id": "YPL022W", "aliases": []}}, {"data": {"popup": "<h><b>Systematic name</b><p>YDR113C</p><h><b>Query visitation probability</b></h><p>8.185e-05</p><hr /><h><b>Description (from <a style=\"color:blue\" href=\"http://www.yeastgenome.org/cgi-bin/locus.fpl?locus=YDR113C\" target=\"sgdpage\">SGD</a>)</b></h><p>Securin, inhibits anaphase by binding separin Esp1p; blocks cyclin destruction and mitotic exit, essential for meiotic progression and mitotic cell cycle arrest; localization is cell-cycle dependent and regulated by Cdc28p phosphorylation\n</p>", "name": "YDR113C", "k": "38", "label": "PDS1", "id": "YDR113C", "aliases": []}}, {"data": {"popup": "<h><b>Systematic name</b><p>YGR109C</p><h><b>Query visitation probability</b></h><p>8.304e-03</p><hr /><h><b>Description (from <a style=\"color:blue\" href=\"http://www.yeastgenome.org/cgi-bin/locus.fpl?locus=YGR109C\" target=\"sgdpage\">SGD</a>)</b></h><p>B-type cyclin involved in DNA replication during S phase; activates Cdc28p to promote initiation of DNA synthesis; functions in formation of mitotic spindles along with Clb3p and Clb4p; most abundant during late G1\n</p>", "name": "YGR109C", "k": "5", "label": "CLB6", "id": "YGR109C", "aliases": []}}, {"data": {"popup": "<h><b>Systematic name</b><p>YMR012W</p><h><b>Query visitation probability</b></h><p>8.196e-03</p><hr /><h><b>Description (from <a style=\"color:blue\" href=\"http://www.yeastgenome.org/cgi-bin/locus.fpl?locus=YMR012W\" target=\"sgdpage\">SGD</a>)</b></h><p>eIF3 component of unknown function; deletion causes defects in mitochondrial organization but not in growth or translation initiation, can rescue cytokinesis and mitochondrial organization defects of the Dictyostelium cluA- mutant\n</p>", "name": "YMR012W", "k": "11", "label": "CLU1", "id": "YMR012W", "aliases": []}}, {"data": {"popup": "<h><b>Systematic name</b><p>YGL003C</p><h><b>Query visitation probability</b></h><p>7.557e-04</p><hr /><h><b>Description (from <a style=\"color:blue\" href=\"http://www.yeastgenome.org/cgi-bin/locus.fpl?locus=YGL003C\" target=\"sgdpage\">SGD</a>)</b></h><p>Cell-cycle regulated activator of the anaphase-promoting complex/cyclosome (APC/C), which directs ubiquitination of cyclins resulting in mitotic exit; targets the APC/C to specific substrates including Cdc20p, Ase1p, Cin8p and Fin1p\n</p>", "name": "YGL003C", "k": "16", "label": "CDH1", "id": "YGL003C", "aliases": []}}, {"data": {"popup": "<h><b>Systematic name</b><p>YDL126C</p><h><b>Query visitation probability</b></h><p>1.135e-02</p><hr /><h><b>Description (from <a style=\"color:blue\" href=\"http://www.yeastgenome.org/cgi-bin/locus.fpl?locus=YDL126C\" target=\"sgdpage\">SGD</a>)</b></h><p>AAA ATPase involved in multiple processes; subunit of a polyubiquitin-selective segregase complex involved in ERAD, cell wall integrity during heat stress and mitotic spindle disassembly; subunit of a complex involved in mitochondria-associated degradation; role in mobilizing membrane bound transcription factors by regulated ubiquitin/proteasome-dependent processing; roles in macroautophagy, PMN, ribophagy, and homotypic ER membrane fusion; functional ortholog of p97/VCP\n</p>", "name": "YDL126C", "k": "8", "label": "CDC48", "id": "YDL126C", "aliases": []}}, {"data": {"popup": "<h><b>Systematic name</b><p>YOR212W</p><h><b>Query visitation probability</b></h><p>1.272e-02</p><hr /><h><b>Description (from <a style=\"color:blue\" href=\"http://www.yeastgenome.org/cgi-bin/locus.fpl?locus=YOR212W\" target=\"sgdpage\">SGD</a>)</b></h><p>G protein beta subunit, forms a dimer with Ste18p to activate the mating signaling pathway, forms a heterotrimer with Gpa1p and Ste18p to dampen signaling; may recruit Rho1p to the polarized growth site during mating; contains WD40 repeats\n</p>", "name": "YOR212W", "k": "44", "label": "STE4", "id": "YOR212W", "aliases": []}}, {"data": {"popup": "<h><b>Systematic name</b><p>YPL256C</p><h><b>Query visitation probability</b></h><p>1.179e-02</p><hr /><h><b>Description (from <a style=\"color:blue\" href=\"http://www.yeastgenome.org/cgi-bin/locus.fpl?locus=YPL256C\" target=\"sgdpage\">SGD</a>)</b></h><p>G1 cyclin involved in regulation of the cell cycle; activates Cdc28p kinase to promote the G1 to S phase transition; late G1 specific expression depends on transcription factor complexes, MBF (Swi6p-Mbp1p) and SBF (Swi6p-Swi4p)\n</p>", "name": "YPL256C", "k": "2", "label": "CLN2", "id": "YPL256C", "aliases": []}}, {"data": {"popup": "<h><b>Systematic name</b><p>YJL157C</p><h><b>Query visitation probability</b></h><p>5.055e-01</p><hr /><h><b>Description (from <a style=\"color:blue\" href=\"http://www.yeastgenome.org/cgi-bin/locus.fpl?locus=YJL157C\" target=\"sgdpage\">SGD</a>)</b></h><p>Cyclin-dependent kinase inhibitor that mediates cell cycle arrest in response to pheromone; also forms a complex with Cdc24p, Ste4p, and Ste18p that may specify the direction of polarized growth during mating; potential Cdc28p substrate\n</p>", "name": "YJL157C", "k": "1", "label": "FAR1", "id": "YJL157C", "aliases": []}}, {"data": {"popup": "<h><b>Systematic name</b><p>YLR182W</p><h><b>Query visitation probability</b></h><p>8.831e-04</p><hr /><h><b>Description (from <a style=\"color:blue\" href=\"http://www.yeastgenome.org/cgi-bin/locus.fpl?locus=YLR182W\" target=\"sgdpage\">SGD</a>)</b></h><p>Transcription cofactor; forms complexes with Swi4p and Mbp1p to regulate transcription at the G1/S transition; involved in meiotic gene expression; also binds Stb1p to regulate transcription at START; cell wall stress induces phosphorylation by Mpk1p, which regulates Swi6p localization; required for the unfolded protein response, independently of its known transcriptional coactivators\n</p>", "name": "YLR182W", "k": "15", "label": "SWI6", "id": "YLR182W", "aliases": []}}, {"data": {"popup": "<h><b>Systematic name</b><p>YDL229W</p><h><b>Query visitation probability</b></h><p>8.751e-03</p><hr /><h><b>Description (from <a style=\"color:blue\" href=\"http://www.yeastgenome.org/cgi-bin/locus.fpl?locus=YDL229W\" target=\"sgdpage\">SGD</a>)</b></h><p>Cytoplasmic ATPase that is a ribosome-associated molecular chaperone, functions with J-protein partner Zuo1p; may be involved in folding of newly-made polypeptide chains; member of the HSP70 family; interacts with phosphatase subunit Reg1p\n</p>", "name": "YDL229W", "k": "10", "label": "SSB1", "id": "YDL229W", "aliases": []}}], "edges": [{"data": {"directed": false, "popup": "<h><b>Confidence</b></h><p>0.75000</p><hr /><h><b>Sources and Types</b></h><p>BIOGRID<br><font color=#27AF47>&bull; Reconstituted Complex</font> (PubMed <a style=\"color:blue\" href=\"http://www.ncbi.nlm.nih.gov/pubmed?term=9744791\" target=\"pubmedpage\">9744791</a> <a style=\"color:blue\" href=\"http://www.ncbi.nlm.nih.gov/pubmed?term=19549784\" target=\"pubmedpage\">19549784</a>)</p>", "target": "YNL189W", "k": "34", "content": "GSP1 - SRP1", "source": "YLR293C", "is_directed": false, "id": "YLR293C-YNL189W", "name": "YLR293C-YNL189W"}}, {"data": {"directed": false, "popup": "<h><b>Confidence</b></h><p>0.36054</p><hr /><h><b>Sources and Types</b></h><p>BIOGRID<br><font color=#27AF47>&bull; Biochemical Activity</font> (PubMed <a style=\"color:blue\" href=\"http://www.ncbi.nlm.nih.gov/pubmed?term=16319894\" target=\"pubmedpage\">16319894</a>)</p>", "target": "YPL031C", "k": "43", "content": "GSP1 - PHO85", "source": "YLR293C", "is_directed": false, "id": "YLR293C-YPL031C", "name": "YLR293C-YPL031C"}}, {"data": {"directed": false, "popup": "<h><b>Confidence</b></h><p>0.36054</p><hr /><h><b>Sources and Types</b></h><p>BIOGRID<br><font color=#27AF47>&bull; Biochemical Activity</font> (PubMed <a style=\"color:blue\" href=\"http://www.ncbi.nlm.nih.gov/pubmed?term=10512865\" target=\"pubmedpage\">10512865</a>)</p>", "target": "YJL194W", "k": "35", "content": "CDC34 - CDC6", "source": "YDR054C", "is_directed": false, "id": "YDR054C-YJL194W", "name": "YDR054C-YJL194W"}}, {"data": {"directed": false, "popup": "<h><b>Confidence</b></h><p>0.75000</p><hr /><h><b>Sources and Types</b></h><p>BIOGRID<br><font color=#27AF47>&bull; Reconstituted Complex</font> (PubMed <a style=\"color:blue\" href=\"http://www.ncbi.nlm.nih.gov/pubmed?term=9285816\" target=\"pubmedpage\">9285816</a> <a style=\"color:blue\" href=\"http://www.ncbi.nlm.nih.gov/pubmed?term=9334303\" target=\"pubmedpage\">9334303</a>)<br><font color=#27AF47>&bull; Biochemical Activity</font> (PubMed <a style=\"color:blue\" href=\"http://www.ncbi.nlm.nih.gov/pubmed?term=9285816\" target=\"pubmedpage\">9285816</a> <a style=\"color:blue\" href=\"http://www.ncbi.nlm.nih.gov/pubmed?term=9334303\" target=\"pubmedpage\">9334303</a> <a style=\"color:blue\" href=\"http://www.ncbi.nlm.nih.gov/pubmed?term=21453497\" target=\"pubmedpage\">21453497</a> <a style=\"color:blue\" href=\"http://www.ncbi.nlm.nih.gov/pubmed?term=9346239\" target=\"pubmedpage\">9346239</a> <a style=\"color:blue\" href=\"http://www.ncbi.nlm.nih.gov/pubmed?term=9346238\" target=\"pubmedpage\">9346238</a>)</p>", "target": "YLR079W", "k": "18", "content": "CDC34 - SIC1", "source": "YDR054C", "is_directed": false, "id": "YDR054C-YLR079W", "name": "YDR054C-YLR079W"}}, {"data": {"directed": false, "popup": "<h><b>Confidence</b></h><p>0.36054</p><hr /><h><b>Sources and Types</b></h><p>BIOGRID<br><font color=#27AF47>&bull; Biochemical Activity</font> (PubMed <a style=\"color:blue\" href=\"http://www.ncbi.nlm.nih.gov/pubmed?term=7835341\" target=\"pubmedpage\">7835341</a>)</p>", "target": "YPL256C", "k": "13", "content": "CDC34 - CLN2", "source": "YDR054C", "is_directed": false, "id": "YDR054C-YPL256C", "name": "YDR054C-YPL256C"}}, {"data": {"directed": false, "popup": "<h><b>Confidence</b></h><p>0.36054</p><hr /><h><b>Sources and Types</b></h><p>BIOGRID<br><font color=#27AF47>&bull; Biochemical Activity</font> (PubMed <a style=\"color:blue\" href=\"http://www.ncbi.nlm.nih.gov/pubmed?term=10213692\" target=\"pubmedpage\">10213692</a>)</p>", "target": "YMR199W", "k": "14", "content": "CDC34 - CLN1", "source": "YDR054C", "is_directed": false, "id": "YDR054C-YMR199W", "name": "YDR054C-YMR199W"}}, {"data": {"directed": false, "popup": "<h><b>Confidence</b></h><p>0.75000</p><hr /><h><b>Sources and Types</b></h><p>BIOGRID<br><font color=#27AF47>&bull; Affinity Capture-Western</font> (PubMed <a style=\"color:blue\" href=\"http://www.ncbi.nlm.nih.gov/pubmed?term=15647373\" target=\"pubmedpage\">15647373</a> <a style=\"color:blue\" href=\"http://www.ncbi.nlm.nih.gov/pubmed?term=11113154\" target=\"pubmedpage\">11113154</a> <a style=\"color:blue\" href=\"http://www.ncbi.nlm.nih.gov/pubmed?term=7822288\" target=\"pubmedpage\">7822288</a> <a style=\"color:blue\" href=\"http://www.ncbi.nlm.nih.gov/pubmed?term=17417630\" target=\"pubmedpage\">17417630</a>)<br><font color=#27AF47>&bull; Two-hybrid</font> (PubMed <a style=\"color:blue\" href=\"http://www.ncbi.nlm.nih.gov/pubmed?term=14988726\" target=\"pubmedpage\">14988726</a> <a style=\"color:blue\" href=\"http://www.ncbi.nlm.nih.gov/pubmed?term=7962098\" target=\"pubmedpage\">7962098</a> <a style=\"color:blue\" href=\"http://www.ncbi.nlm.nih.gov/pubmed?term=9428768\" target=\"pubmedpage\">9428768</a> <a style=\"color:blue\" href=\"http://www.ncbi.nlm.nih.gov/pubmed?term=18719252\" target=\"pubmedpage\">18719252</a> <a style=\"color:blue\" href=\"http://www.ncbi.nlm.nih.gov/pubmed?term=11489916\" target=\"pubmedpage\">11489916</a> <a style=\"color:blue\" href=\"http://www.ncbi.nlm.nih.gov/pubmed?term=15263065\" target=\"pubmedpage\">15263065</a> <a style=\"color:blue\" href=\"http://www.ncbi.nlm.nih.gov/pubmed?term=12622721\" target=\"pubmedpage\">12622721</a> <a style=\"color:blue\" href=\"http://www.ncbi.nlm.nih.gov/pubmed?term=11483497\" target=\"pubmedpage\">11483497</a> <a style=\"color:blue\" href=\"http://www.ncbi.nlm.nih.gov/pubmed?term=22117027\" target=\"pubmedpage\">22117027</a>)<br><font color=#27AF47>&bull; PCA</font> (PubMed <a style=\"color:blue\" href=\"http://www.ncbi.nlm.nih.gov/pubmed?term=18467557\" target=\"pubmedpage\">18467557</a>)<br><font color=#27AF47>&bull; Reconstituted Complex</font> (PubMed <a style=\"color:blue\" href=\"http://www.ncbi.nlm.nih.gov/pubmed?term=7962098\" target=\"pubmedpage\">7962098</a> <a style=\"color:blue\" href=\"http://www.ncbi.nlm.nih.gov/pubmed?term=19451149\" target=\"pubmedpage\">19451149</a> <a style=\"color:blue\" href=\"http://www.ncbi.nlm.nih.gov/pubmed?term=15037079\" target=\"pubmedpage\">15037079</a> <a style=\"color:blue\" href=\"http://www.ncbi.nlm.nih.gov/pubmed?term=11483497\" target=\"pubmedpage\">11483497</a>)<br><font color=#27AF47>&bull; Protein-peptide</font> (PubMed <a style=\"color:blue\" href=\"http://www.ncbi.nlm.nih.gov/pubmed?term=16802101\" target=\"pubmedpage\">16802101</a>)<br><font color=#27AF47>&bull; Co-crystal Structure</font> (PubMed <a style=\"color:blue\" href=\"http://www.ncbi.nlm.nih.gov/pubmed?term=19451149\" target=\"pubmedpage\">19451149</a>)<br><font color=#27AF47>&bull; Affinity Capture-MS</font> (PubMed <a style=\"color:blue\" href=\"http://www.ncbi.nlm.nih.gov/pubmed?term=11805826\" target=\"pubmedpage\">11805826</a> <a style=\"color:blue\" href=\"http://www.ncbi.nlm.nih.gov/pubmed?term=20489023\" target=\"pubmedpage\">20489023</a> <a style=\"color:blue\" href=\"http://www.ncbi.nlm.nih.gov/pubmed?term=17417630\" target=\"pubmedpage\">17417630</a>)</p>", "target": "YBR200W", "k": "24", "content": "CDC24 - BEM1", "source": "YAL041W", "is_directed": false, "id": "YAL041W-YBR200W", "name": "YAL041W-YBR200W"}}, {"data": {"directed": false, "popup": "<h><b>Confidence</b></h><p>0.75000</p><hr /><h><b>Sources and Types</b></h><p>BIOGRID<br><font color=#27AF47>&bull; Two-hybrid</font> (PubMed <a style=\"color:blue\" href=\"http://www.ncbi.nlm.nih.gov/pubmed?term=11489916\" target=\"pubmedpage\">11489916</a>)<br><font color=#27AF47>&bull; PCA</font> (PubMed <a style=\"color:blue\" href=\"http://www.ncbi.nlm.nih.gov/pubmed?term=21118957\" target=\"pubmedpage\">21118957</a>)</p><p>KID<br><font color=#27AF47>&bull; Yeast 2-Hybrid studies or PCA assay</font> (PubMed <a style=\"color:blue\" href=\"http://www.ncbi.nlm.nih.gov/pubmed?term=11489916\" target=\"pubmedpage\">11489916</a>)</p>", "target": "YHL007C", "k": "50", "content": "CDC24 - STE20", "source": "YAL041W", "is_directed": false, "id": "YAL041W-YHL007C", "name": "YAL041W-YHL007C"}}, {"data": {"directed": false, "popup": "<h><b>Confidence</b></h><p>0.75000</p><hr /><h><b>Sources and Types</b></h><p>BIOGRID<br><font color=#27AF47>&bull; Reconstituted Complex</font> (PubMed <a style=\"color:blue\" href=\"http://www.ncbi.nlm.nih.gov/pubmed?term=17090539\" target=\"pubmedpage\">17090539</a>)</p>", "target": "YGL116W", "k": "21", "content": "BEM1 - CDC20", "source": "YBR200W", "is_directed": false, "id": "YBR200W-YGL116W", "name": "YBR200W-YGL116W"}}, {"data": {"directed": false, "popup": "<h><b>Confidence</b></h><p>0.36054</p><hr /><h><b>Sources and Types</b></h><p>BIOGRID<br><font color=#27AF47>&bull; Biochemical Activity</font> (PubMed <a style=\"color:blue\" href=\"http://www.ncbi.nlm.nih.gov/pubmed?term=14574415\" target=\"pubmedpage\">14574415</a>)</p>", "target": "YBR160W", "k": "7", "content": "BEM1 - CDC28", "source": "YBR200W", "is_directed": false, "id": "YBR200W-YBR160W", "name": "YBR200W-YBR160W"}}, {"data": {"directed": false, "popup": "<h><b>Confidence</b></h><p>0.75000</p><hr /><h><b>Sources and Types</b></h><p>BIOGRID<br><font color=#27AF47>&bull; Affinity Capture-Western</font> (PubMed <a style=\"color:blue\" href=\"http://www.ncbi.nlm.nih.gov/pubmed?term=15743816\" target=\"pubmedpage\">15743816</a>)<br><font color=#27AF47>&bull; Two-hybrid</font> (PubMed <a style=\"color:blue\" href=\"http://www.ncbi.nlm.nih.gov/pubmed?term=19841731\" target=\"pubmedpage\">19841731</a> <a style=\"color:blue\" href=\"http://www.ncbi.nlm.nih.gov/pubmed?term=11489916\" target=\"pubmedpage\">11489916</a> <a style=\"color:blue\" href=\"http://www.ncbi.nlm.nih.gov/pubmed?term=7502048\" target=\"pubmedpage\">7502048</a> <a style=\"color:blue\" href=\"http://www.ncbi.nlm.nih.gov/pubmed?term=15743816\" target=\"pubmedpage\">15743816</a>)<br><font color=#27AF47>&bull; PCA</font> (PubMed <a style=\"color:blue\" href=\"http://www.ncbi.nlm.nih.gov/pubmed?term=21118957\" target=\"pubmedpage\">21118957</a> <a style=\"color:blue\" href=\"http://www.ncbi.nlm.nih.gov/pubmed?term=17895367\" target=\"pubmedpage\">17895367</a> <a style=\"color:blue\" href=\"http://www.ncbi.nlm.nih.gov/pubmed?term=18467557\" target=\"pubmedpage\">18467557</a>)<br><font color=#27AF47>&bull; Reconstituted Complex</font> (PubMed <a style=\"color:blue\" href=\"http://www.ncbi.nlm.nih.gov/pubmed?term=20410294\" target=\"pubmedpage\">20410294</a>)<br><font color=#27AF47>&bull; Biochemical Activity</font> (PubMed <a style=\"color:blue\" href=\"http://www.ncbi.nlm.nih.gov/pubmed?term=16319894\" target=\"pubmedpage\">16319894</a>)<br><font color=#27AF47>&bull; Co-crystal Structure</font> (PubMed <a style=\"color:blue\" href=\"http://www.ncbi.nlm.nih.gov/pubmed?term=20410294\" target=\"pubmedpage\">20410294</a>)</p><p>KID<br><font color=#27AF47>&bull; Yeast 2-Hybrid studies or PCA assay</font> (PubMed <a style=\"color:blue\" href=\"http://www.ncbi.nlm.nih.gov/pubmed?term=19841731\" target=\"pubmedpage\">19841731</a> <a style=\"color:blue\" href=\"http://www.ncbi.nlm.nih.gov/pubmed?term=11489916\" target=\"pubmedpage\">11489916</a> <a style=\"color:blue\" href=\"http://www.ncbi.nlm.nih.gov/pubmed?term=18467557\" target=\"pubmedpage\">18467557</a>)</p>", "target": "YHL007C", "k": "49", "content": "BEM1 - STE20", "source": "YBR200W", "is_directed": false, "id": "YBR200W-YHL007C", "name": "YBR200W-YHL007C"}}, {"data": {"directed": false, "popup": "<h><b>Confidence</b></h><p>0.75000</p><hr /><h><b>Sources and Types</b></h><p>BIOGRID<br><font color=#27AF47>&bull; Affinity Capture-Western</font> (PubMed <a style=\"color:blue\" href=\"http://www.ncbi.nlm.nih.gov/pubmed?term=20489023\" target=\"pubmedpage\">20489023</a>)<br><font color=#27AF47>&bull; Affinity Capture-MS</font> (PubMed <a style=\"color:blue\" href=\"http://www.ncbi.nlm.nih.gov/pubmed?term=20489023\" target=\"pubmedpage\">20489023</a>)</p><p>KID<br><font color=#27AF47>&bull; Co-Immunoprecipitation by Mass Spec</font> (PubMed <a style=\"color:blue\" href=\"http://www.ncbi.nlm.nih.gov/pubmed?term=20489023\" target=\"pubmedpage\">20489023</a>)</p>", "target": "YER167W", "k": "37", "content": "FUS3 - BCK2", "source": "YBL016W", "is_directed": false, "id": "YBL016W-YER167W", "name": "YBL016W-YER167W"}}, {"data": {"directed": false, "popup": "<h><b>Confidence</b></h><p>0.75000</p><hr /><h><b>Sources and Types</b></h><p>BIOGRID<br><font color=#27AF47>&bull; Affinity Capture-MS</font> (PubMed <a style=\"color:blue\" href=\"http://www.ncbi.nlm.nih.gov/pubmed?term=20489023\" target=\"pubmedpage\">20489023</a>)</p><p>KID<br><font color=#27AF47>&bull; Co-Immunoprecipitation by Mass Spec</font> (PubMed <a style=\"color:blue\" href=\"http://www.ncbi.nlm.nih.gov/pubmed?term=20489023\" target=\"pubmedpage\">20489023</a>)</p>", "target": "YFR028C", "k": "20", "content": "FUS3 - CDC14", "source": "YBL016W", "is_directed": false, "id": "YBL016W-YFR028C", "name": "YBL016W-YFR028C"}}, {"data": {"directed": true, "popup": "<h><b>Confidence</b></h><p>0.75000</p><hr /><h><b>Sources and Types</b></h><p>Bodenmiller<br><font color=#F07406>&bull; phosphorylation</font> (PubMed <a style=\"color:blue\" href=\"http://www.ncbi.nlm.nih.gov/pubmed?term=21177495\" target=\"pubmedpage\">21177495</a>)</p><p>BIOGRID<br><font color=#27AF47>&bull; Affinity Capture-MS</font> (PubMed <a style=\"color:blue\" href=\"http://www.ncbi.nlm.nih.gov/pubmed?term=20489023\" target=\"pubmedpage\">20489023</a>)</p><p>KID<br><font color=#27AF47>&bull; Co-Immunoprecipitation by Mass Spec</font> (PubMed <a style=\"color:blue\" href=\"http://www.ncbi.nlm.nih.gov/pubmed?term=20489023\" target=\"pubmedpage\">20489023</a>)</p>", "target": "YJL076W", "k": "31", "content": "FUS3 - NET1", "source": "YBL016W", "is_directed": false, "id": "YBL016W-YJL076W", "name": "YBL016W-YJL076W"}}, {"data": {"directed": false, "popup": "<h><b>Confidence</b></h><p>0.75000</p><hr /><h><b>Sources and Types</b></h><p>BIOGRID<br><font color=#27AF47>&bull; Affinity Capture-Western</font> (PubMed <a style=\"color:blue\" href=\"http://www.ncbi.nlm.nih.gov/pubmed?term=8754808\" target=\"pubmedpage\">8754808</a>)</p>", "target": "YBR200W", "k": "25", "content": "FUS3 - BEM1", "source": "YBL016W", "is_directed": false, "id": "YBL016W-YBR200W", "name": "YBL016W-YBR200W"}}, {"data": {"directed": false, "popup": "<h><b>Confidence</b></h><p>0.75000</p><hr /><h><b>Sources and Types</b></h><p>BIOGRID<br><font color=#27AF47>&bull; Affinity Capture-Western</font> (PubMed <a style=\"color:blue\" href=\"http://www.ncbi.nlm.nih.gov/pubmed?term=2664468\" target=\"pubmedpage\">2664468</a> <a style=\"color:blue\" href=\"http://www.ncbi.nlm.nih.gov/pubmed?term=10871279\" target=\"pubmedpage\">10871279</a> <a style=\"color:blue\" href=\"http://www.ncbi.nlm.nih.gov/pubmed?term=10323869\" target=\"pubmedpage\">10323869</a> <a style=\"color:blue\" href=\"http://www.ncbi.nlm.nih.gov/pubmed?term=11527976\" target=\"pubmedpage\">11527976</a>)<br><font color=#27AF47>&bull; Two-hybrid</font> (PubMed <a style=\"color:blue\" href=\"http://www.ncbi.nlm.nih.gov/pubmed?term=19647054\" target=\"pubmedpage\">19647054</a> <a style=\"color:blue\" href=\"http://www.ncbi.nlm.nih.gov/pubmed?term=17634282\" target=\"pubmedpage\">17634282</a> <a style=\"color:blue\" href=\"http://www.ncbi.nlm.nih.gov/pubmed?term=11283351\" target=\"pubmedpage\">11283351</a>)<br><font color=#27AF47>&bull; Reconstituted Complex</font> (PubMed <a style=\"color:blue\" href=\"http://www.ncbi.nlm.nih.gov/pubmed?term=10913169\" target=\"pubmedpage\">10913169</a>)<br><font color=#27AF47>&bull; Co-purification</font> (PubMed <a style=\"color:blue\" href=\"http://www.ncbi.nlm.nih.gov/pubmed?term=10323869\" target=\"pubmedpage\">10323869</a>)<br><font color=#27AF47>&bull; Biochemical Activity</font> (PubMed <a style=\"color:blue\" href=\"http://www.ncbi.nlm.nih.gov/pubmed?term=16319894\" target=\"pubmedpage\">16319894</a>)<br><font color=#27AF47>&bull; Affinity Capture-MS</font> (PubMed <a style=\"color:blue\" href=\"http://www.ncbi.nlm.nih.gov/pubmed?term=11805826\" target=\"pubmedpage\">11805826</a> <a style=\"color:blue\" href=\"http://www.ncbi.nlm.nih.gov/pubmed?term=20489023\" target=\"pubmedpage\">20489023</a> <a style=\"color:blue\" href=\"http://www.ncbi.nlm.nih.gov/pubmed?term=18563728\" target=\"pubmedpage\">18563728</a> <a style=\"color:blue\" href=\"http://www.ncbi.nlm.nih.gov/pubmed?term=16429126\" target=\"pubmedpage\">16429126</a> <a style=\"color:blue\" href=\"http://www.ncbi.nlm.nih.gov/pubmed?term=17200106\" target=\"pubmedpage\">17200106</a> <a style=\"color:blue\" href=\"http://www.ncbi.nlm.nih.gov/pubmed?term=11805837\" target=\"pubmedpage\">11805837</a>)</p><p>KID<br><font color=#27AF47>&bull; Co-Immunoprecipitation by Mass Spec</font> (PubMed <a style=\"color:blue\" href=\"http://www.ncbi.nlm.nih.gov/pubmed?term=11805826\" target=\"pubmedpage\">11805826</a> <a style=\"color:blue\" href=\"http://www.ncbi.nlm.nih.gov/pubmed?term=20489023\" target=\"pubmedpage\">20489023</a> <a style=\"color:blue\" href=\"http://www.ncbi.nlm.nih.gov/pubmed?term=18563728\" target=\"pubmedpage\">18563728</a> <a style=\"color:blue\" href=\"http://www.ncbi.nlm.nih.gov/pubmed?term=16429126\" target=\"pubmedpage\">16429126</a> <a style=\"color:blue\" href=\"http://www.ncbi.nlm.nih.gov/pubmed?term=17200106\" target=\"pubmedpage\">17200106</a> <a style=\"color:blue\" href=\"http://www.ncbi.nlm.nih.gov/pubmed?term=11805837\" target=\"pubmedpage\">11805837</a>)<br><font color=#27AF47>&bull; Physical interaction by Two-hybrid or PCA</font> (PubMed <a style=\"color:blue\" href=\"http://www.ncbi.nlm.nih.gov/pubmed?term=19647054\" target=\"pubmedpage\">19647054</a>)<br><font color=#27AF47>&bull; Co-Immunoprecipitation / Co-purification</font> (PubMed <a style=\"color:blue\" href=\"http://www.ncbi.nlm.nih.gov/pubmed?term=11160944\" target=\"pubmedpage\">11160944</a> <a style=\"color:blue\" href=\"http://www.ncbi.nlm.nih.gov/pubmed?term=2664468\" target=\"pubmedpage\">2664468</a> <a style=\"color:blue\" href=\"http://www.ncbi.nlm.nih.gov/pubmed?term=10913169\" target=\"pubmedpage\">10913169</a> <a style=\"color:blue\" href=\"http://www.ncbi.nlm.nih.gov/pubmed?term=10871279\" target=\"pubmedpage\">10871279</a> <a style=\"color:blue\" href=\"http://www.ncbi.nlm.nih.gov/pubmed?term=11527976\" target=\"pubmedpage\">11527976</a>)<br><font color=#27AF47>&bull; Yeast 2-Hybrid studies or PCA assay</font> (PubMed <a style=\"color:blue\" href=\"http://www.ncbi.nlm.nih.gov/pubmed?term=17634282\" target=\"pubmedpage\">17634282</a> <a style=\"color:blue\" href=\"http://www.ncbi.nlm.nih.gov/pubmed?term=11283351\" target=\"pubmedpage\">11283351</a>)</p>", "target": "YBR160W", "k": "42", "content": "CKS1 - CDC28", "source": "YBR135W", "is_directed": false, "id": "YBR135W-YBR160W", "name": "YBR135W-YBR160W"}}, {"data": {"directed": false, "popup": "<h><b>Confidence</b></h><p>0.75000</p><hr /><h><b>Sources and Types</b></h><p>BIOGRID<br><font color=#27AF47>&bull; Reconstituted Complex</font> (PubMed <a style=\"color:blue\" href=\"http://www.ncbi.nlm.nih.gov/pubmed?term=10913169\" target=\"pubmedpage\">10913169</a>)<br><font color=#27AF47>&bull; Affinity Capture-MS</font> (PubMed <a style=\"color:blue\" href=\"http://www.ncbi.nlm.nih.gov/pubmed?term=11805826\" target=\"pubmedpage\">11805826</a> <a style=\"color:blue\" href=\"http://www.ncbi.nlm.nih.gov/pubmed?term=20489023\" target=\"pubmedpage\">20489023</a> <a style=\"color:blue\" href=\"http://www.ncbi.nlm.nih.gov/pubmed?term=16429126\" target=\"pubmedpage\">16429126</a> <a style=\"color:blue\" href=\"http://www.ncbi.nlm.nih.gov/pubmed?term=17200106\" target=\"pubmedpage\">17200106</a> <a style=\"color:blue\" href=\"http://www.ncbi.nlm.nih.gov/pubmed?term=15200949\" target=\"pubmedpage\">15200949</a>)</p>", "target": "YPL256C", "k": "41", "content": "CKS1 - CLN2", "source": "YBR135W", "is_directed": false, "id": "YBR135W-YPL256C", "name": "YBR135W-YPL256C"}}, {"data": {"directed": false, "popup": "<h><b>Confidence</b></h><p>0.55388</p><hr /><h><b>Sources and Types</b></h><p>BIOGRID<br><font color=#27AF47>&bull; Affinity Capture-MS</font> (PubMed <a style=\"color:blue\" href=\"http://www.ncbi.nlm.nih.gov/pubmed?term=20489023\" target=\"pubmedpage\">20489023</a> <a style=\"color:blue\" href=\"http://www.ncbi.nlm.nih.gov/pubmed?term=15200949\" target=\"pubmedpage\">15200949</a> <a style=\"color:blue\" href=\"http://www.ncbi.nlm.nih.gov/pubmed?term=11805837\" target=\"pubmedpage\">11805837</a>)</p>", "target": "YPR120C", "k": "45", "content": "CKS1 - CLB5", "source": "YBR135W", "is_directed": false, "id": "YBR135W-YPR120C", "name": "YBR135W-YPR120C"}}, {"data": {"directed": true, "popup": "<h><b>Confidence</b></h><p>0.63771</p><hr /><h><b>Sources and Types</b></h><p>Bodenmiller<br><font color=#F07406>&bull; phosphorylation</font> (PubMed <a style=\"color:blue\" href=\"http://www.ncbi.nlm.nih.gov/pubmed?term=21177495\" target=\"pubmedpage\">21177495</a>)</p><p>BIOGRID<br><font color=#27AF47>&bull; Biochemical Activity</font> (PubMed <a style=\"color:blue\" href=\"http://www.ncbi.nlm.nih.gov/pubmed?term=9774429\" target=\"pubmedpage\">9774429</a>)</p>", "target": "YHL007C", "k": "47", "content": "CDC28 - STE20", "source": "YBR160W", "is_directed": false, "id": "YBR160W-YHL007C", "name": "YBR160W-YHL007C"}}, {"data": {"directed": true, "popup": "<h><b>Confidence</b></h><p>0.75000</p><hr /><h><b>Sources and Types</b></h><p>BIOGRID<br><font color=#27AF47>&bull; Affinity Capture-Western</font> (PubMed <a style=\"color:blue\" href=\"http://www.ncbi.nlm.nih.gov/pubmed?term=2664468\" target=\"pubmedpage\">2664468</a> <a style=\"color:blue\" href=\"http://www.ncbi.nlm.nih.gov/pubmed?term=10871279\" target=\"pubmedpage\">10871279</a> <a style=\"color:blue\" href=\"http://www.ncbi.nlm.nih.gov/pubmed?term=10323869\" target=\"pubmedpage\">10323869</a> <a style=\"color:blue\" href=\"http://www.ncbi.nlm.nih.gov/pubmed?term=11527976\" target=\"pubmedpage\">11527976</a>)<br><font color=#27AF47>&bull; Two-hybrid</font> (PubMed <a style=\"color:blue\" href=\"http://www.ncbi.nlm.nih.gov/pubmed?term=19647054\" target=\"pubmedpage\">19647054</a> <a style=\"color:blue\" href=\"http://www.ncbi.nlm.nih.gov/pubmed?term=17634282\" target=\"pubmedpage\">17634282</a> <a style=\"color:blue\" href=\"http://www.ncbi.nlm.nih.gov/pubmed?term=11283351\" target=\"pubmedpage\">11283351</a>)<br><font color=#27AF47>&bull; Reconstituted Complex</font> (PubMed <a style=\"color:blue\" href=\"http://www.ncbi.nlm.nih.gov/pubmed?term=10913169\" target=\"pubmedpage\">10913169</a>)<br><font color=#27AF47>&bull; Co-purification</font> (PubMed <a style=\"color:blue\" href=\"http://www.ncbi.nlm.nih.gov/pubmed?term=10323869\" target=\"pubmedpage\">10323869</a>)<br><font color=#27AF47>&bull; Biochemical Activity</font> (PubMed <a style=\"color:blue\" href=\"http://www.ncbi.nlm.nih.gov/pubmed?term=16319894\" target=\"pubmedpage\">16319894</a>)<br><font color=#27AF47>&bull; Affinity Capture-MS</font> (PubMed <a style=\"color:blue\" href=\"http://www.ncbi.nlm.nih.gov/pubmed?term=11805826\" target=\"pubmedpage\">11805826</a> <a style=\"color:blue\" href=\"http://www.ncbi.nlm.nih.gov/pubmed?term=20489023\" target=\"pubmedpage\">20489023</a> <a style=\"color:blue\" href=\"http://www.ncbi.nlm.nih.gov/pubmed?term=18563728\" target=\"pubmedpage\">18563728</a> <a style=\"color:blue\" href=\"http://www.ncbi.nlm.nih.gov/pubmed?term=16429126\" target=\"pubmedpage\">16429126</a> <a style=\"color:blue\" href=\"http://www.ncbi.nlm.nih.gov/pubmed?term=17200106\" target=\"pubmedpage\">17200106</a> <a style=\"color:blue\" href=\"http://www.ncbi.nlm.nih.gov/pubmed?term=11805837\" target=\"pubmedpage\">11805837</a>)</p><p>KID<br><font color=#F07406>&bull; Protein Chip data for in vitro phosphorylated substrates</font> (PubMed <a style=\"color:blue\" href=\"http://www.ncbi.nlm.nih.gov/pubmed?term=16319894\" target=\"pubmedpage\">16319894</a>)<br><font color=#27AF47>&bull; Co-Immunoprecipitation by Mass Spec</font> (PubMed <a style=\"color:blue\" href=\"http://www.ncbi.nlm.nih.gov/pubmed?term=11805826\" target=\"pubmedpage\">11805826</a> <a style=\"color:blue\" href=\"http://www.ncbi.nlm.nih.gov/pubmed?term=20489023\" target=\"pubmedpage\">20489023</a> <a style=\"color:blue\" href=\"http://www.ncbi.nlm.nih.gov/pubmed?term=18563728\" target=\"pubmedpage\">18563728</a> <a style=\"color:blue\" href=\"http://www.ncbi.nlm.nih.gov/pubmed?term=16429126\" target=\"pubmedpage\">16429126</a> <a style=\"color:blue\" href=\"http://www.ncbi.nlm.nih.gov/pubmed?term=17200106\" target=\"pubmedpage\">17200106</a> <a style=\"color:blue\" href=\"http://www.ncbi.nlm.nih.gov/pubmed?term=11805837\" target=\"pubmedpage\">11805837</a>)<br><font color=#27AF47>&bull; Physical interaction by Two-hybrid or PCA</font> (PubMed <a style=\"color:blue\" href=\"http://www.ncbi.nlm.nih.gov/pubmed?term=19647054\" target=\"pubmedpage\">19647054</a>)<br><font color=#27AF47>&bull; Co-Immunoprecipitation / Co-purification</font> (PubMed <a style=\"color:blue\" href=\"http://www.ncbi.nlm.nih.gov/pubmed?term=11160944\" target=\"pubmedpage\">11160944</a> <a style=\"color:blue\" href=\"http://www.ncbi.nlm.nih.gov/pubmed?term=2664468\" target=\"pubmedpage\">2664468</a> <a style=\"color:blue\" href=\"http://www.ncbi.nlm.nih.gov/pubmed?term=10913169\" target=\"pubmedpage\">10913169</a> <a style=\"color:blue\" href=\"http://www.ncbi.nlm.nih.gov/pubmed?term=10871279\" target=\"pubmedpage\">10871279</a> <a style=\"color:blue\" href=\"http://www.ncbi.nlm.nih.gov/pubmed?term=11527976\" target=\"pubmedpage\">11527976</a>)<br><font color=#27AF47>&bull; Yeast 2-Hybrid studies or PCA assay</font> (PubMed <a style=\"color:blue\" href=\"http://www.ncbi.nlm.nih.gov/pubmed?term=17634282\" target=\"pubmedpage\">17634282</a> <a style=\"color:blue\" href=\"http://www.ncbi.nlm.nih.gov/pubmed?term=11283351\" target=\"pubmedpage\">11283351</a>)</p>", "target": "YBR135W", "k": "41", "content": "CDC28 - CKS1", "source": "YBR160W", "is_directed": false, "id": "YBR160W-YBR135W", "name": "YBR160W-YBR135W"}}, {"data": {"directed": false, "popup": "<h><b>Confidence</b></h><p>0.57322</p><hr /><h><b>Sources and Types</b></h><p>BIOGRID<br><font color=#27AF47>&bull; Two-hybrid</font> (PubMed <a style=\"color:blue\" href=\"http://www.ncbi.nlm.nih.gov/pubmed?term=12697814\" target=\"pubmedpage\">12697814</a>)</p>", "target": "YLR182W", "k": "15", "content": "MSN5 - SWI6", "source": "YDR335W", "is_directed": false, "id": "YDR335W-YLR182W", "name": "YDR335W-YLR182W"}}, {"data": {"directed": false, "popup": "<h><b>Confidence</b></h><p>0.75000</p><hr /><h><b>Sources and Types</b></h><p>BIOGRID<br><font color=#27AF47>&bull; Affinity Capture-Western</font> (PubMed <a style=\"color:blue\" href=\"http://www.ncbi.nlm.nih.gov/pubmed?term=12456658\" target=\"pubmedpage\">12456658</a>)</p>", "target": "YGL003C", "k": "16", "content": "MSN5 - CDH1", "source": "YDR335W", "is_directed": false, "id": "YDR335W-YGL003C", "name": "YDR335W-YGL003C"}}, {"data": {"directed": false, "popup": "<h><b>Confidence</b></h><p>0.57322</p><hr /><h><b>Sources and Types</b></h><p>BIOGRID<br><font color=#27AF47>&bull; Two-hybrid</font> (PubMed <a style=\"color:blue\" href=\"http://www.ncbi.nlm.nih.gov/pubmed?term=10688190\" target=\"pubmedpage\">10688190</a> <a style=\"color:blue\" href=\"http://www.ncbi.nlm.nih.gov/pubmed?term=22374135\" target=\"pubmedpage\">22374135</a> <a style=\"color:blue\" href=\"http://www.ncbi.nlm.nih.gov/pubmed?term=18719252\" target=\"pubmedpage\">18719252</a>)</p>", "target": "YDR146C", "k": "23", "content": "MSN5 - SWI5", "source": "YDR335W", "is_directed": false, "id": "YDR335W-YDR146C", "name": "YDR335W-YDR146C"}}, {"data": {"directed": false, "popup": "<h><b>Confidence</b></h><p>0.68803</p><hr /><h><b>Sources and Types</b></h><p>KID<br><font color=#27AF47>&bull; Co-Immunoprecipitation / Co-purification</font> (PubMed <a style=\"color:blue\" href=\"http://www.ncbi.nlm.nih.gov/pubmed?term=11160944\" target=\"pubmedpage\">11160944</a>)</p>", "target": "YBR160W", "k": "43", "content": "PHO85 - CDC28", "source": "YPL031C", "is_directed": false, "id": "YPL031C-YBR160W", "name": "YPL031C-YBR160W"}}, {"data": {"directed": false, "popup": "<h><b>Confidence</b></h><p>0.36054</p><hr /><h><b>Sources and Types</b></h><p>BIOGRID<br><font color=#27AF47>&bull; Biochemical Activity</font> (PubMed <a style=\"color:blue\" href=\"http://www.ncbi.nlm.nih.gov/pubmed?term=9774429\" target=\"pubmedpage\">9774429</a>)</p>", "target": "YBR160W", "k": "44", "content": "STE20 - CDC28", "source": "YHL007C", "is_directed": false, "id": "YHL007C-YBR160W", "name": "YHL007C-YBR160W"}}, {"data": {"directed": false, "popup": "<h><b>Confidence</b></h><p>0.75000</p><hr /><h><b>Sources and Types</b></h><p>BIOGRID<br><font color=#27AF47>&bull; Affinity Capture-Western</font> (PubMed <a style=\"color:blue\" href=\"http://www.ncbi.nlm.nih.gov/pubmed?term=10359756\" target=\"pubmedpage\">10359756</a> <a style=\"color:blue\" href=\"http://www.ncbi.nlm.nih.gov/pubmed?term=21945277\" target=\"pubmedpage\">21945277</a>)<br><font color=#27AF47>&bull; Affinity Capture-MS</font> (PubMed <a style=\"color:blue\" href=\"http://www.ncbi.nlm.nih.gov/pubmed?term=10359756\" target=\"pubmedpage\">10359756</a> <a style=\"color:blue\" href=\"http://www.ncbi.nlm.nih.gov/pubmed?term=15200949\" target=\"pubmedpage\">15200949</a>)</p><p>KID<br><font color=#27AF47>&bull; Co-Immunoprecipitation / Co-purification</font> (PubMed <a style=\"color:blue\" href=\"http://www.ncbi.nlm.nih.gov/pubmed?term=15200949\" target=\"pubmedpage\">15200949</a>)</p>", "target": "YPL256C", "k": "47", "content": "STE20 - CLN2", "source": "YHL007C", "is_directed": false, "id": "YHL007C-YPL256C", "name": "YHL007C-YPL256C"}}, {"data": {"directed": false, "popup": "<h><b>Confidence</b></h><p>0.36054</p><hr /><h><b>Sources and Types</b></h><p>BIOGRID<br><font color=#27AF47>&bull; Biochemical Activity</font> (PubMed <a style=\"color:blue\" href=\"http://www.ncbi.nlm.nih.gov/pubmed?term=14574415\" target=\"pubmedpage\">14574415</a>)</p>", "target": "YBR160W", "k": "9", "content": "SRS2 - CDC28", "source": "YJL092W", "is_directed": false, "id": "YJL092W-YBR160W", "name": "YJL092W-YBR160W"}}, {"data": {"directed": false, "popup": "<h><b>Confidence</b></h><p>0.55388</p><hr /><h><b>Sources and Types</b></h><p>BIOGRID<br><font color=#27AF47>&bull; Affinity Capture-MS</font> (PubMed <a style=\"color:blue\" href=\"http://www.ncbi.nlm.nih.gov/pubmed?term=19536198\" target=\"pubmedpage\">19536198</a>)</p>", "target": "YDL229W", "k": "33", "content": "SRS2 - SSB1", "source": "YJL092W", "is_directed": false, "id": "YJL092W-YDL229W", "name": "YJL092W-YDL229W"}}, {"data": {"directed": false, "popup": "<h><b>Confidence</b></h><p>0.55388</p><hr /><h><b>Sources and Types</b></h><p>BIOGRID<br><font color=#27AF47>&bull; Affinity Capture-MS</font> (PubMed <a style=\"color:blue\" href=\"http://www.ncbi.nlm.nih.gov/pubmed?term=22189709\" target=\"pubmedpage\">22189709</a> <a style=\"color:blue\" href=\"http://www.ncbi.nlm.nih.gov/pubmed?term=11805837\" target=\"pubmedpage\">11805837</a>)</p>", "target": "YGL003C", "k": "17", "content": "UBP15 - CDH1", "source": "YMR304W", "is_directed": false, "id": "YMR304W-YGL003C", "name": "YMR304W-YGL003C"}}, {"data": {"directed": false, "popup": "<h><b>Confidence</b></h><p>0.55388</p><hr /><h><b>Sources and Types</b></h><p>BIOGRID<br><font color=#27AF47>&bull; Affinity Capture-MS</font> (PubMed <a style=\"color:blue\" href=\"http://www.ncbi.nlm.nih.gov/pubmed?term=20489023\" target=\"pubmedpage\">20489023</a> <a style=\"color:blue\" href=\"http://www.ncbi.nlm.nih.gov/pubmed?term=15200949\" target=\"pubmedpage\">15200949</a> <a style=\"color:blue\" href=\"http://www.ncbi.nlm.nih.gov/pubmed?term=11805837\" target=\"pubmedpage\">11805837</a>)</p>", "target": "YBR135W", "k": "46", "content": "CLB5 - CKS1", "source": "YPR120C", "is_directed": false, "id": "YPR120C-YBR135W", "name": "YPR120C-YBR135W"}}, {"data": {"directed": false, "popup": "<h><b>Confidence</b></h><p>0.75000</p><hr /><h><b>Sources and Types</b></h><p>BIOGRID<br><font color=#27AF47>&bull; Affinity Capture-Western</font> (PubMed <a style=\"color:blue\" href=\"http://www.ncbi.nlm.nih.gov/pubmed?term=11113154\" target=\"pubmedpage\">11113154</a>)<br><font color=#27AF47>&bull; Two-hybrid</font> (PubMed <a style=\"color:blue\" href=\"http://www.ncbi.nlm.nih.gov/pubmed?term=11489916\" target=\"pubmedpage\">11489916</a> <a style=\"color:blue\" href=\"http://www.ncbi.nlm.nih.gov/pubmed?term=11927541\" target=\"pubmedpage\">11927541</a> <a style=\"color:blue\" href=\"http://www.ncbi.nlm.nih.gov/pubmed?term=17090539\" target=\"pubmedpage\">17090539</a> <a style=\"color:blue\" href=\"http://www.ncbi.nlm.nih.gov/pubmed?term=9822386\" target=\"pubmedpage\">9822386</a>)<br><font color=#27AF47>&bull; Reconstituted Complex</font> (PubMed <a style=\"color:blue\" href=\"http://www.ncbi.nlm.nih.gov/pubmed?term=20410294\" target=\"pubmedpage\">20410294</a> <a style=\"color:blue\" href=\"http://www.ncbi.nlm.nih.gov/pubmed?term=11359919\" target=\"pubmedpage\">11359919</a> <a style=\"color:blue\" href=\"http://www.ncbi.nlm.nih.gov/pubmed?term=17090539\" target=\"pubmedpage\">17090539</a>)<br><font color=#27AF47>&bull; Co-fractionation</font> (PubMed <a style=\"color:blue\" href=\"http://www.ncbi.nlm.nih.gov/pubmed?term=16854988\" target=\"pubmedpage\">16854988</a>)</p>", "target": "YBR200W", "k": "30", "content": "CDC42 - BEM1", "source": "YLR229C", "is_directed": false, "id": "YLR229C-YBR200W", "name": "YLR229C-YBR200W"}}, {"data": {"directed": false, "popup": "<h><b>Confidence</b></h><p>0.36054</p><hr /><h><b>Sources and Types</b></h><p>BIOGRID<br><font color=#27AF47>&bull; Biochemical Activity</font> (PubMed <a style=\"color:blue\" href=\"http://www.ncbi.nlm.nih.gov/pubmed?term=10213692\" target=\"pubmedpage\">10213692</a>)</p>", "target": "YDR054C", "k": "39", "content": "CLN1 - CDC34", "source": "YMR199W", "is_directed": false, "id": "YMR199W-YDR054C", "name": "YMR199W-YDR054C"}}, {"data": {"directed": false, "popup": "<h><b>Confidence</b></h><p>0.55388</p><hr /><h><b>Sources and Types</b></h><p>BIOGRID<br><font color=#27AF47>&bull; Affinity Capture-MS</font> (PubMed <a style=\"color:blue\" href=\"http://www.ncbi.nlm.nih.gov/pubmed?term=11805837\" target=\"pubmedpage\">11805837</a>)</p>", "target": "YDR113C", "k": "38", "content": "SRP1 - PDS1", "source": "YNL189W", "is_directed": false, "id": "YNL189W-YDR113C", "name": "YNL189W-YDR113C"}}, {"data": {"directed": false, "popup": "<h><b>Confidence</b></h><p>0.75000</p><hr /><h><b>Sources and Types</b></h><p>BIOGRID<br><font color=#27AF47>&bull; Reconstituted Complex</font> (PubMed <a style=\"color:blue\" href=\"http://www.ncbi.nlm.nih.gov/pubmed?term=18485366\" target=\"pubmedpage\">18485366</a>)<br><font color=#27AF47>&bull; Protein-peptide</font> (PubMed <a style=\"color:blue\" href=\"http://www.ncbi.nlm.nih.gov/pubmed?term=18485366\" target=\"pubmedpage\">18485366</a>)</p>", "target": "YJL194W", "k": "29", "content": "SRP1 - CDC6", "source": "YNL189W", "is_directed": false, "id": "YNL189W-YJL194W", "name": "YNL189W-YJL194W"}}, {"data": {"directed": false, "popup": "<h><b>Confidence</b></h><p>0.55388</p><hr /><h><b>Sources and Types</b></h><p>BIOGRID<br><font color=#27AF47>&bull; Affinity Capture-MS</font> (PubMed <a style=\"color:blue\" href=\"http://www.ncbi.nlm.nih.gov/pubmed?term=20489023\" target=\"pubmedpage\">20489023</a>)</p>", "target": "YAL040C", "k": "12", "content": "SRP1 - CLN3", "source": "YNL189W", "is_directed": false, "id": "YNL189W-YAL040C", "name": "YNL189W-YAL040C"}}, {"data": {"directed": false, "popup": "<h><b>Confidence</b></h><p>0.75000</p><hr /><h><b>Sources and Types</b></h><p>BIOGRID<br><font color=#27AF47>&bull; Reconstituted Complex</font> (PubMed <a style=\"color:blue\" href=\"http://www.ncbi.nlm.nih.gov/pubmed?term=18485366\" target=\"pubmedpage\">18485366</a>)<br><font color=#27AF47>&bull; Affinity Capture-MS</font> (PubMed <a style=\"color:blue\" href=\"http://www.ncbi.nlm.nih.gov/pubmed?term=15200949\" target=\"pubmedpage\">15200949</a>)</p>", "target": "YPR119W", "k": "26", "content": "SRP1 - CLB2", "source": "YNL189W", "is_directed": false, "id": "YNL189W-YPR119W", "name": "YNL189W-YPR119W"}}, {"data": {"directed": false, "popup": "<h><b>Confidence</b></h><p>0.75000</p><hr /><h><b>Sources and Types</b></h><p>BIOGRID<br><font color=#27AF47>&bull; Reconstituted Complex</font> (PubMed <a style=\"color:blue\" href=\"http://www.ncbi.nlm.nih.gov/pubmed?term=18485366\" target=\"pubmedpage\">18485366</a>)</p>", "target": "YDR146C", "k": "28", "content": "SRP1 - SWI5", "source": "YNL189W", "is_directed": false, "id": "YNL189W-YDR146C", "name": "YNL189W-YDR146C"}}, {"data": {"directed": false, "popup": "<h><b>Confidence</b></h><p>0.55388</p><hr /><h><b>Sources and Types</b></h><p>BIOGRID<br><font color=#27AF47>&bull; Affinity Capture-MS</font> (PubMed <a style=\"color:blue\" href=\"http://www.ncbi.nlm.nih.gov/pubmed?term=19536198\" target=\"pubmedpage\">19536198</a>)</p>", "target": "YDL229W", "k": "36", "content": "RAD1 - SSB1", "source": "YPL022W", "is_directed": false, "id": "YPL022W-YDL229W", "name": "YPL022W-YDL229W"}}, {"data": {"directed": false, "popup": "<h><b>Confidence</b></h><p>0.55388</p><hr /><h><b>Sources and Types</b></h><p>BIOGRID<br><font color=#27AF47>&bull; Affinity Capture-MS</font> (PubMed <a style=\"color:blue\" href=\"http://www.ncbi.nlm.nih.gov/pubmed?term=11805837\" target=\"pubmedpage\">11805837</a>)</p>", "target": "YML064C", "k": "22", "content": "CLU1 - TEM1", "source": "YMR012W", "is_directed": false, "id": "YMR012W-YML064C", "name": "YMR012W-YML064C"}}, {"data": {"directed": false, "popup": "<h><b>Confidence</b></h><p>0.75000</p><hr /><h><b>Sources and Types</b></h><p>BIOGRID<br><font color=#27AF47>&bull; Affinity Capture-MS</font> (PubMed <a style=\"color:blue\" href=\"http://www.ncbi.nlm.nih.gov/pubmed?term=11805837\" target=\"pubmedpage\">11805837</a>)</p><p>KID<br><font color=#27AF47>&bull; Co-Immunoprecipitation by Mass Spec</font> (PubMed <a style=\"color:blue\" href=\"http://www.ncbi.nlm.nih.gov/pubmed?term=11805837\" target=\"pubmedpage\">11805837</a>)</p>", "target": "YBR160W", "k": "11", "content": "CLU1 - CDC28", "source": "YMR012W", "is_directed": false, "id": "YMR012W-YBR160W", "name": "YMR012W-YBR160W"}}, {"data": {"directed": false, "popup": "<h><b>Confidence</b></h><p>0.55388</p><hr /><h><b>Sources and Types</b></h><p>BIOGRID<br><font color=#27AF47>&bull; Affinity Capture-MS</font> (PubMed <a style=\"color:blue\" href=\"http://www.ncbi.nlm.nih.gov/pubmed?term=16554755\" target=\"pubmedpage\">16554755</a>)</p>", "target": "YML064C", "k": "19", "content": "CDC48 - TEM1", "source": "YDL126C", "is_directed": false, "id": "YDL126C-YML064C", "name": "YDL126C-YML064C"}}, {"data": {"directed": false, "popup": "<h><b>Confidence</b></h><p>0.75000</p><hr /><h><b>Sources and Types</b></h><p>BIOGRID<br><font color=#27AF47>&bull; Affinity Capture-Western</font> (PubMed <a style=\"color:blue\" href=\"http://www.ncbi.nlm.nih.gov/pubmed?term=15200949\" target=\"pubmedpage\">15200949</a>)<br><font color=#27AF47>&bull; Affinity Capture-MS</font> (PubMed <a style=\"color:blue\" href=\"http://www.ncbi.nlm.nih.gov/pubmed?term=15200949\" target=\"pubmedpage\">15200949</a>)</p>", "target": "YPL256C", "k": "8", "content": "CDC48 - CLN2", "source": "YDL126C", "is_directed": false, "id": "YDL126C-YPL256C", "name": "YDL126C-YPL256C"}}, {"data": {"directed": false, "popup": "<h><b>Confidence</b></h><p>0.75000</p><hr /><h><b>Sources and Types</b></h><p>BIOGRID<br><font color=#27AF47>&bull; Affinity Capture-Western</font> (PubMed <a style=\"color:blue\" href=\"http://www.ncbi.nlm.nih.gov/pubmed?term=10359756\" target=\"pubmedpage\">10359756</a> <a style=\"color:blue\" href=\"http://www.ncbi.nlm.nih.gov/pubmed?term=9428767\" target=\"pubmedpage\">9428767</a>)<br><font color=#27AF47>&bull; Reconstituted Complex</font> (PubMed <a style=\"color:blue\" href=\"http://www.ncbi.nlm.nih.gov/pubmed?term=9428767\" target=\"pubmedpage\">9428767</a>)</p>", "target": "YHL007C", "k": "44", "content": "STE4 - STE20", "source": "YOR212W", "is_directed": false, "id": "YOR212W-YHL007C", "name": "YOR212W-YHL007C"}}, {"data": {"directed": false, "popup": "<h><b>Confidence</b></h><p>0.36054</p><hr /><h><b>Sources and Types</b></h><p>BIOGRID<br><font color=#27AF47>&bull; Biochemical Activity</font> (PubMed <a style=\"color:blue\" href=\"http://www.ncbi.nlm.nih.gov/pubmed?term=7835341\" target=\"pubmedpage\">7835341</a>)</p>", "target": "YDR054C", "k": "40", "content": "CLN2 - CDC34", "source": "YPL256C", "is_directed": false, "id": "YPL256C-YDR054C", "name": "YPL256C-YDR054C"}}, {"data": {"directed": false, "popup": "<h><b>Confidence</b></h><p>0.75000</p><hr /><h><b>Sources and Types</b></h><p>BIOGRID<br><font color=#27AF47>&bull; Affinity Capture-Western</font> (PubMed <a style=\"color:blue\" href=\"http://www.ncbi.nlm.nih.gov/pubmed?term=10359756\" target=\"pubmedpage\">10359756</a> <a style=\"color:blue\" href=\"http://www.ncbi.nlm.nih.gov/pubmed?term=21945277\" target=\"pubmedpage\">21945277</a>)<br><font color=#27AF47>&bull; Affinity Capture-MS</font> (PubMed <a style=\"color:blue\" href=\"http://www.ncbi.nlm.nih.gov/pubmed?term=10359756\" target=\"pubmedpage\">10359756</a> <a style=\"color:blue\" href=\"http://www.ncbi.nlm.nih.gov/pubmed?term=15200949\" target=\"pubmedpage\">15200949</a>)</p><p>KID<br><font color=#27AF47>&bull; Co-Immunoprecipitation / Co-purification</font> (PubMed <a style=\"color:blue\" href=\"http://www.ncbi.nlm.nih.gov/pubmed?term=15200949\" target=\"pubmedpage\">15200949</a>)</p>", "target": "YHL007C", "k": "48", "content": "CLN2 - STE20", "source": "YPL256C", "is_directed": false, "id": "YPL256C-YHL007C", "name": "YPL256C-YHL007C"}}, {"data": {"directed": false, "popup": "<h><b>Confidence</b></h><p>0.75000</p><hr /><h><b>Sources and Types</b></h><p>BIOGRID<br><font color=#27AF47>&bull; Reconstituted Complex</font> (PubMed <a style=\"color:blue\" href=\"http://www.ncbi.nlm.nih.gov/pubmed?term=10913169\" target=\"pubmedpage\">10913169</a>)<br><font color=#27AF47>&bull; Affinity Capture-MS</font> (PubMed <a style=\"color:blue\" href=\"http://www.ncbi.nlm.nih.gov/pubmed?term=11805826\" target=\"pubmedpage\">11805826</a> <a style=\"color:blue\" href=\"http://www.ncbi.nlm.nih.gov/pubmed?term=20489023\" target=\"pubmedpage\">20489023</a> <a style=\"color:blue\" href=\"http://www.ncbi.nlm.nih.gov/pubmed?term=16429126\" target=\"pubmedpage\">16429126</a> <a style=\"color:blue\" href=\"http://www.ncbi.nlm.nih.gov/pubmed?term=17200106\" target=\"pubmedpage\">17200106</a> <a style=\"color:blue\" href=\"http://www.ncbi.nlm.nih.gov/pubmed?term=15200949\" target=\"pubmedpage\">15200949</a>)</p>", "target": "YBR135W", "k": "42", "content": "CLN2 - CKS1", "source": "YPL256C", "is_directed": false, "id": "YPL256C-YBR135W", "name": "YPL256C-YBR135W"}}, {"data": {"directed": false, "popup": "<h><b>Confidence</b></h><p>0.57322</p><hr /><h><b>Sources and Types</b></h><p>BIOGRID<br><font color=#27AF47>&bull; Two-hybrid</font> (PubMed <a style=\"color:blue\" href=\"http://www.ncbi.nlm.nih.gov/pubmed?term=9822386\" target=\"pubmedpage\">9822386</a>)</p>", "target": "YLR229C", "k": "30", "content": "FAR1 - CDC42", "source": "YJL157C", "is_directed": false, "id": "YJL157C-YLR229C", "name": "YJL157C-YLR229C"}}, {"data": {"directed": false, "popup": "<h><b>Confidence</b></h><p>0.75000</p><hr /><h><b>Sources and Types</b></h><p>BIOGRID<br><font color=#27AF47>&bull; Affinity Capture-Western</font> (PubMed <a style=\"color:blue\" href=\"http://www.ncbi.nlm.nih.gov/pubmed?term=10485850\" target=\"pubmedpage\">10485850</a>)</p>", "target": "YLR293C", "k": "34", "content": "FAR1 - GSP1", "source": "YJL157C", "is_directed": false, "id": "YJL157C-YLR293C", "name": "YJL157C-YLR293C"}}, {"data": {"directed": false, "popup": "<h><b>Confidence</b></h><p>0.75000</p><hr /><h><b>Sources and Types</b></h><p>BIOGRID<br><font color=#27AF47>&bull; Affinity Capture-Western</font> (PubMed <a style=\"color:blue\" href=\"http://www.ncbi.nlm.nih.gov/pubmed?term=8395009\" target=\"pubmedpage\">8395009</a>)</p>", "target": "YAL040C", "k": "4", "content": "FAR1 - CLN3", "source": "YJL157C", "is_directed": false, "id": "YJL157C-YAL040C", "name": "YJL157C-YAL040C"}}, {"data": {"directed": false, "popup": "<h><b>Confidence</b></h><p>0.55388</p><hr /><h><b>Sources and Types</b></h><p>BIOGRID<br><font color=#27AF47>&bull; Affinity Capture-MS</font> (PubMed <a style=\"color:blue\" href=\"http://www.ncbi.nlm.nih.gov/pubmed?term=11805837\" target=\"pubmedpage\">11805837</a>)</p>", "target": "YMR012W", "k": "11", "content": "FAR1 - CLU1", "source": "YJL157C", "is_directed": false, "id": "YJL157C-YMR012W", "name": "YJL157C-YMR012W"}}, {"data": {"directed": false, "popup": "<h><b>Confidence</b></h><p>0.75000</p><hr /><h><b>Sources and Types</b></h><p>BIOGRID<br><font color=#27AF47>&bull; Reconstituted Complex</font> (PubMed <a style=\"color:blue\" href=\"http://www.ncbi.nlm.nih.gov/pubmed?term=16364919\" target=\"pubmedpage\">16364919</a>)<br><font color=#27AF47>&bull; Biochemical Activity</font> (PubMed <a style=\"color:blue\" href=\"http://www.ncbi.nlm.nih.gov/pubmed?term=8334305\" target=\"pubmedpage\">8334305</a> <a style=\"color:blue\" href=\"http://www.ncbi.nlm.nih.gov/pubmed?term=11525741\" target=\"pubmedpage\">11525741</a> <a style=\"color:blue\" href=\"http://www.ncbi.nlm.nih.gov/pubmed?term=8500168\" target=\"pubmedpage\">8500168</a>)<br><font color=#27AF47>&bull; Co-crystal Structure</font> (PubMed <a style=\"color:blue\" href=\"http://www.ncbi.nlm.nih.gov/pubmed?term=16364919\" target=\"pubmedpage\">16364919</a>)</p><p>KID<br><font color=#27AF47>&bull; Physical interaction by Two-hybrid or PCA</font> (PubMed <a style=\"color:blue\" href=\"http://www.ncbi.nlm.nih.gov/pubmed?term=8334305\" target=\"pubmedpage\">8334305</a>)</p>", "target": "YBL016W", "k": "20", "content": "FAR1 - FUS3", "source": "YJL157C", "is_directed": false, "id": "YJL157C-YBL016W", "name": "YJL157C-YBL016W"}}, {"data": {"directed": false, "popup": "<h><b>Confidence</b></h><p>0.55388</p><hr /><h><b>Sources and Types</b></h><p>BIOGRID<br><font color=#27AF47>&bull; Affinity Capture-MS</font> (PubMed <a style=\"color:blue\" href=\"http://www.ncbi.nlm.nih.gov/pubmed?term=11805837\" target=\"pubmedpage\">11805837</a>)</p>", "target": "YPL022W", "k": "36", "content": "FAR1 - RAD1", "source": "YJL157C", "is_directed": false, "id": "YJL157C-YPL022W", "name": "YJL157C-YPL022W"}}, {"data": {"directed": false, "popup": "<h><b>Confidence</b></h><p>0.75000</p><hr /><h><b>Sources and Types</b></h><p>BIOGRID<br><font color=#27AF47>&bull; Affinity Capture-Western</font> (PubMed <a style=\"color:blue\" href=\"http://www.ncbi.nlm.nih.gov/pubmed?term=8395009\" target=\"pubmedpage\">8395009</a> <a style=\"color:blue\" href=\"http://www.ncbi.nlm.nih.gov/pubmed?term=8066461\" target=\"pubmedpage\">8066461</a>)<br><font color=#27AF47>&bull; Reconstituted Complex</font> (PubMed <a style=\"color:blue\" href=\"http://www.ncbi.nlm.nih.gov/pubmed?term=8395009\" target=\"pubmedpage\">8395009</a>)<br><font color=#27AF47>&bull; Biochemical Activity</font> (PubMed <a style=\"color:blue\" href=\"http://www.ncbi.nlm.nih.gov/pubmed?term=14574415\" target=\"pubmedpage\">14574415</a> <a style=\"color:blue\" href=\"http://www.ncbi.nlm.nih.gov/pubmed?term=9367986\" target=\"pubmedpage\">9367986</a> <a style=\"color:blue\" href=\"http://www.ncbi.nlm.nih.gov/pubmed?term=21658602\" target=\"pubmedpage\">21658602</a> <a style=\"color:blue\" href=\"http://www.ncbi.nlm.nih.gov/pubmed?term=8395009\" target=\"pubmedpage\">8395009</a> <a style=\"color:blue\" href=\"http://www.ncbi.nlm.nih.gov/pubmed?term=8500168\" target=\"pubmedpage\">8500168</a>)<br><font color=#27AF47>&bull; Affinity Capture-MS</font> (PubMed <a style=\"color:blue\" href=\"http://www.ncbi.nlm.nih.gov/pubmed?term=9632750\" target=\"pubmedpage\">9632750</a> <a style=\"color:blue\" href=\"http://www.ncbi.nlm.nih.gov/pubmed?term=8500168\" target=\"pubmedpage\">8500168</a>)</p><p>KID<br><font color=#27AF47>&bull; Co-Immunoprecipitation / Co-purification</font> (PubMed <a style=\"color:blue\" href=\"http://www.ncbi.nlm.nih.gov/pubmed?term=9632750\" target=\"pubmedpage\">9632750</a> <a style=\"color:blue\" href=\"http://www.ncbi.nlm.nih.gov/pubmed?term=8395009\" target=\"pubmedpage\">8395009</a> <a style=\"color:blue\" href=\"http://www.ncbi.nlm.nih.gov/pubmed?term=8500168\" target=\"pubmedpage\">8500168</a> <a style=\"color:blue\" href=\"http://www.ncbi.nlm.nih.gov/pubmed?term=8066461\" target=\"pubmedpage\">8066461</a>)</p>", "target": "YBR160W", "k": "1", "content": "FAR1 - CDC28", "source": "YJL157C", "is_directed": false, "id": "YJL157C-YBR160W", "name": "YJL157C-YBR160W"}}, {"data": {"directed": false, "popup": "<h><b>Confidence</b></h><p>0.75000</p><hr /><h><b>Sources and Types</b></h><p>BIOGRID<br><font color=#27AF47>&bull; Affinity Capture-Western</font> (PubMed <a style=\"color:blue\" href=\"http://www.ncbi.nlm.nih.gov/pubmed?term=14557244\" target=\"pubmedpage\">14557244</a>)</p>", "target": "YDL126C", "k": "8", "content": "FAR1 - CDC48", "source": "YJL157C", "is_directed": false, "id": "YJL157C-YDL126C", "name": "YJL157C-YDL126C"}}, {"data": {"directed": false, "popup": "<h><b>Confidence</b></h><p>0.75000</p><hr /><h><b>Sources and Types</b></h><p>BIOGRID<br><font color=#27AF47>&bull; Affinity Capture-Western</font> (PubMed <a style=\"color:blue\" href=\"http://www.ncbi.nlm.nih.gov/pubmed?term=9822386\" target=\"pubmedpage\">9822386</a>)<br><font color=#27AF47>&bull; Two-hybrid</font> (PubMed <a style=\"color:blue\" href=\"http://www.ncbi.nlm.nih.gov/pubmed?term=9822386\" target=\"pubmedpage\">9822386</a>)<br><font color=#27AF47>&bull; Reconstituted Complex</font> (PubMed <a style=\"color:blue\" href=\"http://www.ncbi.nlm.nih.gov/pubmed?term=10087263\" target=\"pubmedpage\">10087263</a>)</p>", "target": "YOR212W", "k": "44", "content": "FAR1 - STE4", "source": "YJL157C", "is_directed": false, "id": "YJL157C-YOR212W", "name": "YJL157C-YOR212W"}}, {"data": {"directed": false, "popup": "<h><b>Confidence</b></h><p>0.75000</p><hr /><h><b>Sources and Types</b></h><p>BIOGRID<br><font color=#27AF47>&bull; Affinity Capture-Western</font> (PubMed <a style=\"color:blue\" href=\"http://www.ncbi.nlm.nih.gov/pubmed?term=9632750\" target=\"pubmedpage\">9632750</a> <a style=\"color:blue\" href=\"http://www.ncbi.nlm.nih.gov/pubmed?term=15200949\" target=\"pubmedpage\">15200949</a> <a style=\"color:blue\" href=\"http://www.ncbi.nlm.nih.gov/pubmed?term=8066461\" target=\"pubmedpage\">8066461</a>)<br><font color=#27AF47>&bull; Reconstituted Complex</font> (PubMed <a style=\"color:blue\" href=\"http://www.ncbi.nlm.nih.gov/pubmed?term=8395009\" target=\"pubmedpage\">8395009</a>)<br><font color=#27AF47>&bull; Affinity Capture-MS</font> (PubMed <a style=\"color:blue\" href=\"http://www.ncbi.nlm.nih.gov/pubmed?term=20489023\" target=\"pubmedpage\">20489023</a> <a style=\"color:blue\" href=\"http://www.ncbi.nlm.nih.gov/pubmed?term=15200949\" target=\"pubmedpage\">15200949</a>)</p>", "target": "YPL256C", "k": "2", "content": "FAR1 - CLN2", "source": "YJL157C", "is_directed": false, "id": "YJL157C-YPL256C", "name": "YJL157C-YPL256C"}}, {"data": {"directed": false, "popup": "<h><b>Confidence</b></h><p>0.55388</p><hr /><h><b>Sources and Types</b></h><p>BIOGRID<br><font color=#27AF47>&bull; Affinity Capture-MS</font> (PubMed <a style=\"color:blue\" href=\"http://www.ncbi.nlm.nih.gov/pubmed?term=20489023\" target=\"pubmedpage\">20489023</a>)</p>", "target": "YGR109C", "k": "5", "content": "FAR1 - CLB6", "source": "YJL157C", "is_directed": false, "id": "YJL157C-YGR109C", "name": "YJL157C-YGR109C"}}, {"data": {"directed": false, "popup": "<h><b>Confidence</b></h><p>0.36054</p><hr /><h><b>Sources and Types</b></h><p>BIOGRID<br><font color=#27AF47>&bull; Biochemical Activity</font> (PubMed <a style=\"color:blue\" href=\"http://www.ncbi.nlm.nih.gov/pubmed?term=11080155\" target=\"pubmedpage\">11080155</a>)</p>", "target": "YDR054C", "k": "13", "content": "FAR1 - CDC34", "source": "YJL157C", "is_directed": false, "id": "YJL157C-YDR054C", "name": "YJL157C-YDR054C"}}, {"data": {"directed": false, "popup": "<h><b>Confidence</b></h><p>0.55388</p><hr /><h><b>Sources and Types</b></h><p>BIOGRID<br><font color=#27AF47>&bull; Affinity Capture-MS</font> (PubMed <a style=\"color:blue\" href=\"http://www.ncbi.nlm.nih.gov/pubmed?term=11805837\" target=\"pubmedpage\">11805837</a>)</p>", "target": "YMR304W", "k": "17", "content": "FAR1 - UBP15", "source": "YJL157C", "is_directed": false, "id": "YJL157C-YMR304W", "name": "YJL157C-YMR304W"}}, {"data": {"directed": false, "popup": "<h><b>Confidence</b></h><p>0.75000</p><hr /><h><b>Sources and Types</b></h><p>BIOGRID<br><font color=#27AF47>&bull; Affinity Capture-Western</font> (PubMed <a style=\"color:blue\" href=\"http://www.ncbi.nlm.nih.gov/pubmed?term=8754808\" target=\"pubmedpage\">8754808</a>)<br><font color=#27AF47>&bull; Two-hybrid</font> (PubMed <a style=\"color:blue\" href=\"http://www.ncbi.nlm.nih.gov/pubmed?term=11489916\" target=\"pubmedpage\">11489916</a> <a style=\"color:blue\" href=\"http://www.ncbi.nlm.nih.gov/pubmed?term=11927541\" target=\"pubmedpage\">11927541</a> <a style=\"color:blue\" href=\"http://www.ncbi.nlm.nih.gov/pubmed?term=8754808\" target=\"pubmedpage\">8754808</a> <a style=\"color:blue\" href=\"http://www.ncbi.nlm.nih.gov/pubmed?term=18719252\" target=\"pubmedpage\">18719252</a> <a style=\"color:blue\" href=\"http://www.ncbi.nlm.nih.gov/pubmed?term=9822386\" target=\"pubmedpage\">9822386</a>)<br><font color=#27AF47>&bull; Reconstituted Complex</font> (PubMed <a style=\"color:blue\" href=\"http://www.ncbi.nlm.nih.gov/pubmed?term=9822386\" target=\"pubmedpage\">9822386</a>)</p>", "target": "YBR200W", "k": "7", "content": "FAR1 - BEM1", "source": "YJL157C", "is_directed": false, "id": "YJL157C-YBR200W", "name": "YJL157C-YBR200W"}}, {"data": {"directed": false, "popup": "<h><b>Confidence</b></h><p>0.55388</p><hr /><h><b>Sources and Types</b></h><p>BIOGRID<br><font color=#27AF47>&bull; Affinity Capture-MS</font> (PubMed <a style=\"color:blue\" href=\"http://www.ncbi.nlm.nih.gov/pubmed?term=19536198\" target=\"pubmedpage\">19536198</a>)</p>", "target": "YDL229W", "k": "10", "content": "FAR1 - SSB1", "source": "YJL157C", "is_directed": false, "id": "YJL157C-YDL229W", "name": "YJL157C-YDL229W"}}, {"data": {"directed": false, "popup": "<h><b>Confidence</b></h><p>0.55388</p><hr /><h><b>Sources and Types</b></h><p>BIOGRID<br><font color=#27AF47>&bull; Affinity Capture-MS</font> (PubMed <a style=\"color:blue\" href=\"http://www.ncbi.nlm.nih.gov/pubmed?term=11805837\" target=\"pubmedpage\">11805837</a>)</p>", "target": "YNL189W", "k": "12", "content": "FAR1 - SRP1", "source": "YJL157C", "is_directed": false, "id": "YJL157C-YNL189W", "name": "YJL157C-YNL189W"}}, {"data": {"directed": false, "popup": "<h><b>Confidence</b></h><p>0.57322</p><hr /><h><b>Sources and Types</b></h><p>BIOGRID<br><font color=#27AF47>&bull; Two-hybrid</font> (PubMed <a style=\"color:blue\" href=\"http://www.ncbi.nlm.nih.gov/pubmed?term=15964827\" target=\"pubmedpage\">15964827</a>)</p>", "target": "YJL092W", "k": "9", "content": "FAR1 - SRS2", "source": "YJL157C", "is_directed": false, "id": "YJL157C-YJL092W", "name": "YJL157C-YJL092W"}}, {"data": {"directed": false, "popup": "<h><b>Confidence</b></h><p>0.75000</p><hr /><h><b>Sources and Types</b></h><p>BIOGRID<br><font color=#27AF47>&bull; Affinity Capture-Western</font> (PubMed <a style=\"color:blue\" href=\"http://www.ncbi.nlm.nih.gov/pubmed?term=10087263\" target=\"pubmedpage\">10087263</a> <a style=\"color:blue\" href=\"http://www.ncbi.nlm.nih.gov/pubmed?term=9822386\" target=\"pubmedpage\">9822386</a>)<br><font color=#27AF47>&bull; Two-hybrid</font> (PubMed <a style=\"color:blue\" href=\"http://www.ncbi.nlm.nih.gov/pubmed?term=14988726\" target=\"pubmedpage\">14988726</a> <a style=\"color:blue\" href=\"http://www.ncbi.nlm.nih.gov/pubmed?term=11489916\" target=\"pubmedpage\">11489916</a> <a style=\"color:blue\" href=\"http://www.ncbi.nlm.nih.gov/pubmed?term=14988725\" target=\"pubmedpage\">14988725</a> <a style=\"color:blue\" href=\"http://www.ncbi.nlm.nih.gov/pubmed?term=22117027\" target=\"pubmedpage\">22117027</a> <a style=\"color:blue\" href=\"http://www.ncbi.nlm.nih.gov/pubmed?term=9822386\" target=\"pubmedpage\">9822386</a>)<br><font color=#27AF47>&bull; Reconstituted Complex</font> (PubMed <a style=\"color:blue\" href=\"http://www.ncbi.nlm.nih.gov/pubmed?term=10087263\" target=\"pubmedpage\">10087263</a>)<br><font color=#27AF47>&bull; Affinity Capture-MS</font> (PubMed <a style=\"color:blue\" href=\"http://www.ncbi.nlm.nih.gov/pubmed?term=20489023\" target=\"pubmedpage\">20489023</a>)</p>", "target": "YAL041W", "k": "24", "content": "FAR1 - CDC24", "source": "YJL157C", "is_directed": false, "id": "YJL157C-YAL041W", "name": "YJL157C-YAL041W"}}, {"data": {"directed": false, "popup": "<h><b>Confidence</b></h><p>0.75000</p><hr /><h><b>Sources and Types</b></h><p>BIOGRID<br><font color=#27AF47>&bull; Affinity Capture-Western</font> (PubMed <a style=\"color:blue\" href=\"http://www.ncbi.nlm.nih.gov/pubmed?term=10485850\" target=\"pubmedpage\">10485850</a>)<br><font color=#27AF47>&bull; Two-hybrid</font> (PubMed <a style=\"color:blue\" href=\"http://www.ncbi.nlm.nih.gov/pubmed?term=10485850\" target=\"pubmedpage\">10485850</a>)</p>", "target": "YDR335W", "k": "15", "content": "FAR1 - MSN5", "source": "YJL157C", "is_directed": false, "id": "YJL157C-YDR335W", "name": "YJL157C-YDR335W"}}, {"data": {"directed": false, "popup": "<h><b>Confidence</b></h><p>0.75000</p><hr /><h><b>Sources and Types</b></h><p>BIOGRID<br><font color=#27AF47>&bull; Affinity Capture-Western</font> (PubMed <a style=\"color:blue\" href=\"http://www.ncbi.nlm.nih.gov/pubmed?term=15200949\" target=\"pubmedpage\">15200949</a>)<br><font color=#27AF47>&bull; Affinity Capture-MS</font> (PubMed <a style=\"color:blue\" href=\"http://www.ncbi.nlm.nih.gov/pubmed?term=20489023\" target=\"pubmedpage\">20489023</a> <a style=\"color:blue\" href=\"http://www.ncbi.nlm.nih.gov/pubmed?term=15200949\" target=\"pubmedpage\">15200949</a>)</p>", "target": "YPR120C", "k": "3", "content": "FAR1 - CLB5", "source": "YJL157C", "is_directed": false, "id": "YJL157C-YPR120C", "name": "YJL157C-YPR120C"}}, {"data": {"directed": false, "popup": "<h><b>Confidence</b></h><p>0.55388</p><hr /><h><b>Sources and Types</b></h><p>BIOGRID<br><font color=#27AF47>&bull; Affinity Capture-MS</font> (PubMed <a style=\"color:blue\" href=\"http://www.ncbi.nlm.nih.gov/pubmed?term=20489023\" target=\"pubmedpage\">20489023</a>)</p>", "target": "YMR199W", "k": "6", "content": "FAR1 - CLN1", "source": "YJL157C", "is_directed": false, "id": "YJL157C-YMR199W", "name": "YJL157C-YMR199W"}}, {"data": {"directed": false, "popup": "<h><b>Confidence</b></h><p>0.55388</p><hr /><h><b>Sources and Types</b></h><p>BIOGRID<br><font color=#27AF47>&bull; Affinity Capture-MS</font> (PubMed <a style=\"color:blue\" href=\"http://www.ncbi.nlm.nih.gov/pubmed?term=19536198\" target=\"pubmedpage\">19536198</a>)</p>", "target": "YJL092W", "k": "32", "content": "SSB1 - SRS2", "source": "YDL229W", "is_directed": false, "id": "YDL229W-YJL092W", "name": "YDL229W-YJL092W"}}, {"data": {"directed": false, "popup": "<h><b>Confidence</b></h><p>0.68803</p><hr /><h><b>Sources and Types</b></h><p>KID<br><font color=#27AF47>&bull; Co-Immunoprecipitation / Co-purification</font> (PubMed <a style=\"color:blue\" href=\"http://www.ncbi.nlm.nih.gov/pubmed?term=11160944\" target=\"pubmedpage\">11160944</a>)</p>", "target": "YBR160W", "k": "10", "content": "SSB1 - CDC28", "source": "YDL229W", "is_directed": false, "id": "YDL229W-YBR160W", "name": "YDL229W-YBR160W"}}, {"data": {"directed": false, "popup": "<h><b>Confidence</b></h><p>0.55388</p><hr /><h><b>Sources and Types</b></h><p>BIOGRID<br><font color=#27AF47>&bull; Affinity Capture-MS</font> (PubMed <a style=\"color:blue\" href=\"http://www.ncbi.nlm.nih.gov/pubmed?term=11160944\" target=\"pubmedpage\">11160944</a>)</p>", "target": "YPR119W", "k": "27", "content": "SSB1 - CLB2", "source": "YDL229W", "is_directed": false, "id": "YDL229W-YPR119W", "name": "YDL229W-YPR119W"}}]}, "data": {"layout": "radial", "name": "linker-q_0.5-query_FAR1-path_k_50", "tags": ["2013-jcb-linker", "FAR1"], "title": "graph_2017-04-14 01:15:56.789179", "paper_title": "Pathways on demand: automated reconstruction of human signaling networks.", "taxon_id": "559292", "pmid": "23641868", "organism": "Saccharomyces cerevisiae", "pubmed_authors": ["Christopher L. Poirel", "Richard R. Rodrigues", "Katherine C. Chen", "John J. Tyson", "T. M. Murali"], "description": "<br><img border=\"0\" src=\"../../../images/legend.png\" alt=\"Network Legend\" width=\"150px\" />"}}