{"elements": {"nodes": [{"data": {"popup": "<h><b>Systematic name</b><p>YBL024W</p><h><b>Query visitation probability</b></h><p>1.554e-03</p><hr /><h><b>Description (from <a style=\"color:blue\" href=\"http://www.yeastgenome.org/cgi-bin/locus.fpl?locus=YBL024W\" target=\"sgdpage\">SGD</a>)</b></h><p>S-adenosyl-L-methionine-dependent tRNA: m5C-methyltransferase, methylates cytosine to m5C at several positions in tRNAs and intron-containing pre-tRNAs; increases proportion of tRNALeu(CAA) with m5C at wobble position in response to hydrogen peroxide, causing selective translation of mRNA from genes enriched in TTG codon; loss of NCL1 confers hypersensitivity to oxidative stress; similar to Nop2p and human proliferation associated nucleolar protein p120\n</p>", "name": "YBL024W", "k": "21", "label": "NCL1", "id": "YBL024W", "aliases": []}}, {"data": {"popup": "<h><b>Systematic name</b><p>YMR165C</p><h><b>Query visitation probability</b></h><p>1.828e-03</p><hr /><h><b>Description (from <a style=\"color:blue\" href=\"http://www.yeastgenome.org/cgi-bin/locus.fpl?locus=YMR165C\" target=\"sgdpage\">SGD</a>)</b></h><p>Mg2+-dependent phosphatidate (PA) phosphatase; dephosphorylates PA to yield diacylglycerol; responsible for de novo lipid synthesis and formation of lipid droplets; phosphorylation by Pho80p-Pho85p decreases catalytic activity and alters Pah1p localization and abundance; phosphorylation by protein kinase A decreases catalytic efficiency; dephosphorylation by Nem1p-Spo7p anchors Pah1p to the membrane increasing substrate catalysis; homologous to mammalian lipins 1 and 2\n</p>", "name": "YMR165C", "k": "15", "label": "PAH1", "id": "YMR165C", "aliases": []}}, {"data": {"popup": "<h><b>Systematic name</b><p>YNL271C</p><h><b>Query visitation probability</b></h><p>1.129e-03</p><hr /><h><b>Description (from <a style=\"color:blue\" href=\"http://www.yeastgenome.org/cgi-bin/locus.fpl?locus=YNL271C\" target=\"sgdpage\">SGD</a>)</b></h><p>Formin, nucleates the formation of linear actin filaments, involved in cell processes such as budding and mitotic spindle orientation which require the formation of polarized actin cables, functionally redundant with BNR1\n</p>", "name": "YNL271C", "k": "30", "label": "BNI1", "id": "YNL271C", "aliases": []}}, {"data": {"popup": "<h><b>Systematic name</b><p>YNL161W</p><h><b>Query visitation probability</b></h><p>2.141e-03</p><hr /><h><b>Description (from <a style=\"color:blue\" href=\"http://www.yeastgenome.org/cgi-bin/locus.fpl?locus=YNL161W\" target=\"sgdpage\">SGD</a>)</b></h><p>Serine/threonine protein kinase of the the RAM signaling network; Ndr/LATS family member; binds regulatory subunit Mob2p; involved in regulation of cellular morphogenesis, polarized growth, and septum destruction; phosphorylation by Cbk1p regulates localization and activity of Ace2p transcription factor and Ssd1p translational repressor; Cbk1p activity is regulated by both phosphorylation and specific localization\n</p>", "name": "YNL161W", "k": "9", "label": "CBK1", "id": "YNL161W", "aliases": []}}, {"data": {"popup": "<h><b>Systematic name</b><p>YOL125W</p><h><b>Query visitation probability</b></h><p>1.496e-03</p><hr /><h><b>Description (from <a style=\"color:blue\" href=\"http://www.yeastgenome.org/cgi-bin/locus.fpl?locus=YOL125W\" target=\"sgdpage\">SGD</a>)</b></h><p>2'-O-methyltransferase responsible for modification of tRNA at position 4; C-terminal domain has similarity to Rossmann-fold (RFM) superfamily of RNA methyltransferases\n</p>", "name": "YOL125W", "k": "25", "label": "TRM13", "id": "YOL125W", "aliases": []}}, {"data": {"popup": "<h><b>Systematic name</b><p>YLR319C</p><h><b>Query visitation probability</b></h><p>1.701e-03</p><hr /><h><b>Description (from <a style=\"color:blue\" href=\"http://www.yeastgenome.org/cgi-bin/locus.fpl?locus=YLR319C\" target=\"sgdpage\">SGD</a>)</b></h><p>Actin- and formin-interacting protein; stimulates actin cable nucleation by recruiting actin monomers to Bni1p; involved in polarized cell growth; isolated as bipolar budding mutant; potential Cdc28p substrate\n</p>", "name": "YLR319C", "k": "16", "label": "BUD6", "id": "YLR319C", "aliases": []}}, {"data": {"popup": "<h><b>Systematic name</b><p>YER177W</p><h><b>Query visitation probability</b></h><p>1.928e-03</p><hr /><h><b>Description (from <a style=\"color:blue\" href=\"http://www.yeastgenome.org/cgi-bin/locus.fpl?locus=YER177W\" target=\"sgdpage\">SGD</a>)</b></h><p>14-3-3 protein, major isoform; controls proteome at post-transcriptional level, binds proteins and DNA, involved in regulation of many processes including exocytosis, vesicle transport, Ras/MAPK signaling, and rapamycin-sensitive signaling\n</p>", "name": "YER177W", "k": "39", "label": "BMH1", "id": "YER177W", "aliases": []}}, {"data": {"popup": "<h><b>Systematic name</b><p>YPL203W</p><h><b>Query visitation probability</b></h><p>1.981e-03</p><hr /><h><b>Description (from <a style=\"color:blue\" href=\"http://www.yeastgenome.org/cgi-bin/locus.fpl?locus=YPL203W\" target=\"sgdpage\">SGD</a>)</b></h><p>cAMP-dependent protein kinase catalytic subunit; promotes vegetative growth in response to nutrients via the Ras-cAMP signaling pathway; partially redundant with Tpk1p and Tpk3p; localizes to P-bodies during stationary phase\n</p>", "name": "YPL203W", "k": "12", "label": "TPK2", "id": "YPL203W", "aliases": []}}, {"data": {"popup": "<h><b>Systematic name</b><p>YJL187C</p><h><b>Query visitation probability</b></h><p>2.475e-03</p><hr /><h><b>Description (from <a style=\"color:blue\" href=\"http://www.yeastgenome.org/cgi-bin/locus.fpl?locus=YJL187C\" target=\"sgdpage\">SGD</a>)</b></h><p>Protein kinase that regulates the G2/M transition by inhibition of Cdc28p kinase activity; localizes to the nucleus and to the daughter side of the mother-bud neck; homolog of S. pombe Wee1p; potential Cdc28p substrate\n</p>", "name": "YJL187C", "k": "7", "label": "SWE1", "id": "YJL187C", "aliases": []}}, {"data": {"popup": "<h><b>Systematic name</b><p>YLL008W</p><h><b>Query visitation probability</b></h><p>1.573e-03</p><hr /><h><b>Description (from <a style=\"color:blue\" href=\"http://www.yeastgenome.org/cgi-bin/locus.fpl?locus=YLL008W\" target=\"sgdpage\">SGD</a>)</b></h><p>Nucleolar DEAD-box protein required for ribosome assembly and function, including synthesis of 60S ribosomal subunits; constituent of 66S pre-ribosomal particles\n</p>", "name": "YLL008W", "k": "20", "label": "DRS1", "id": "YLL008W", "aliases": []}}, {"data": {"popup": "<h><b>Systematic name</b><p>YDR348C</p><h><b>Query visitation probability</b></h><p>9.119e-04</p><hr /><h><b>Description (from <a style=\"color:blue\" href=\"http://www.yeastgenome.org/cgi-bin/locus.fpl?locus=YDR348C\" target=\"sgdpage\">SGD</a>)</b></h><p>Protein of unknown function thought to be involved in endocytosis; Pal1p physically interacts with Ede1p and is found at endocytic sites at the cell periphery during the early stages of endocytosis; green fluorescent protein (GFP)-fusion protein also localizes to the bud neck; potential Cdc28p substrate; similar to the S. pombe Pal1 protein\n</p>", "name": "YDR348C", "k": "44", "label": "PAL1", "id": "YDR348C", "aliases": []}}, {"data": {"popup": "<h><b>Systematic name</b><p>YNL272C</p><h><b>Query visitation probability</b></h><p>1.678e-03</p><hr /><h><b>Description (from <a style=\"color:blue\" href=\"http://www.yeastgenome.org/cgi-bin/locus.fpl?locus=YNL272C\" target=\"sgdpage\">SGD</a>)</b></h><p>Guanyl-nucleotide exchange factor for the small G-protein Sec4p; essential for post-Golgi vesicle transport and for autophagy; associates with the exocyst, via exocyst subunit Sec15p, on secretory vesicles\n</p>", "name": "YNL272C", "k": "17", "label": "SEC2", "id": "YNL272C", "aliases": []}}, {"data": {"popup": "<h><b>Systematic name</b><p>YJR141W</p><h><b>Query visitation probability</b></h><p>1.493e-03</p><hr /><h><b>Description (from <a style=\"color:blue\" href=\"http://www.yeastgenome.org/cgi-bin/locus.fpl?locus=YJR141W\" target=\"sgdpage\">SGD</a>)</b></h><p>Essential protein of unknown function\n</p>", "name": "YJR141W", "k": "26", "label": "YJR141W", "id": "YJR141W", "aliases": []}}, {"data": {"popup": "<h><b>Systematic name</b><p>YBR160W</p><h><b>Query visitation probability</b></h><p>3.651e-03</p><hr /><h><b>Description (from <a style=\"color:blue\" href=\"http://www.yeastgenome.org/cgi-bin/locus.fpl?locus=YBR160W\" target=\"sgdpage\">SGD</a>)</b></h><p>Catalytic subunit of the main cell cycle cyclin-dependent kinase (CDK); alternately associates with G1 cyclins (CLNs) and G2/M cyclins (CLBs) which direct the CDK to specific substrates; involved in modulating membrane trafficking dynamics\n</p>", "name": "YBR160W", "k": "1", "label": "CDC28", "id": "YBR160W", "aliases": []}}, {"data": {"popup": "<h><b>Systematic name</b><p>YIL135C</p><h><b>Query visitation probability</b></h><p>6.231e-04</p><hr /><h><b>Description (from <a style=\"color:blue\" href=\"http://www.yeastgenome.org/cgi-bin/locus.fpl?locus=YIL135C\" target=\"sgdpage\">SGD</a>)</b></h><p>Cytoplasmic protein of unknown function; identified as a high-copy suppressor of the synthetic lethality of a sis2 sit4 double mutant, suggesting a role in G1/S phase progression; similar to Mlf3p\n</p>", "name": "YIL135C", "k": "50", "label": "VHS2", "id": "YIL135C", "aliases": []}}, {"data": {"popup": "<h><b>Systematic name</b><p>YKL168C</p><h><b>Query visitation probability</b></h><p>6.487e-04</p><hr /><h><b>Description (from <a style=\"color:blue\" href=\"http://www.yeastgenome.org/cgi-bin/locus.fpl?locus=YKL168C\" target=\"sgdpage\">SGD</a>)</b></h><p>Putative serine/threonine protein kinase with unknown cellular role\n</p>", "name": "YKL168C", "k": "48", "label": "KKQ8", "id": "YKL168C", "aliases": []}}, {"data": {"popup": "<h><b>Systematic name</b><p>YNL278W</p><h><b>Query visitation probability</b></h><p>8.872e-04</p><hr /><h><b>Description (from <a style=\"color:blue\" href=\"http://www.yeastgenome.org/cgi-bin/locus.fpl?locus=YNL278W\" target=\"sgdpage\">SGD</a>)</b></h><p>Part of the evolutionarily-conserved CCR4-NOT transcriptional regulatory complex involved in controlling mRNA initiation, elongation, and degradation\n</p>", "name": "YNL278W", "k": "46", "label": "CAF120", "id": "YNL278W", "aliases": []}}, {"data": {"popup": "<h><b>Systematic name</b><p>YPL115C</p><h><b>Query visitation probability</b></h><p>9.699e-04</p><hr /><h><b>Description (from <a style=\"color:blue\" href=\"http://www.yeastgenome.org/cgi-bin/locus.fpl?locus=YPL115C\" target=\"sgdpage\">SGD</a>)</b></h><p>Rho GTPase activating protein (RhoGAP) involved in control of the cytoskeleton organization; targets the essential Rho-GTPase Cdc42p, which controls establishment and maintenance of cell polarity, including bud-site assembly\n</p>", "name": "YPL115C", "k": "41", "label": "BEM3", "id": "YPL115C", "aliases": []}}, {"data": {"popup": "<h><b>Systematic name</b><p>YCL014W</p><h><b>Query visitation probability</b></h><p>1.007e-03</p><hr /><h><b>Description (from <a style=\"color:blue\" href=\"http://www.yeastgenome.org/cgi-bin/locus.fpl?locus=YCL014W\" target=\"sgdpage\">SGD</a>)</b></h><p>Protein involved in bud-site selection and required for axial budding pattern; localizes with septins to bud neck in mitosis and may constitute an axial landmark for next round of budding\n</p>", "name": "YCL014W", "k": "35", "label": "BUD3", "id": "YCL014W", "aliases": []}}, {"data": {"popup": "<h><b>Systematic name</b><p>YLL024C</p><h><b>Query visitation probability</b></h><p>1.835e-03</p><hr /><h><b>Description (from <a style=\"color:blue\" href=\"http://www.yeastgenome.org/cgi-bin/locus.fpl?locus=YLL024C\" target=\"sgdpage\">SGD</a>)</b></h><p>ATP binding protein involved in protein folding and vacuolar import of proteins; member of heat shock protein 70 (HSP70) family; associated with the chaperonin-containing T-complex; present in the cytoplasm, vacuolar membrane and cell wall; 98% identical with Ssa1p, but subtle differences between the two proteins provide functional specificity with respect to propagation of yeast [URE3] prions and vacuolar-mediated degradations of gluconeogenesis enzymes\n</p>", "name": "YLL024C", "k": "14", "label": "SSA2", "id": "YLL024C", "aliases": []}}, {"data": {"popup": "<h><b>Systematic name</b><p>YOR127W</p><h><b>Query visitation probability</b></h><p>9.423e-04</p><hr /><h><b>Description (from <a style=\"color:blue\" href=\"http://www.yeastgenome.org/cgi-bin/locus.fpl?locus=YOR127W\" target=\"sgdpage\">SGD</a>)</b></h><p>GTPase-activating protein for the polarity-establishment protein Cdc42p; implicated in control of septin organization, pheromone response, and haploid invasive growth\n</p>", "name": "YOR127W", "k": "42", "label": "RGA1", "id": "YOR127W", "aliases": []}}, {"data": {"popup": "<h><b>Systematic name</b><p>YJR092W</p><h><b>Query visitation probability</b></h><p>1.091e-03</p><hr /><h><b>Description (from <a style=\"color:blue\" href=\"http://www.yeastgenome.org/cgi-bin/locus.fpl?locus=YJR092W\" target=\"sgdpage\">SGD</a>)</b></h><p>Anillin-like protein involved in bud-site selection; required for the axial budding pattern; localizes with septins to the bud neck in mitosis and may constitute an axial landmark for the next round of budding; required for the formation and disassembly of the double septin ring structure, and generally for septin organization; in vivo substrate of Cdc28p/Clb2p\n</p>", "name": "YJR092W", "k": "31", "label": "BUD4", "id": "YJR092W", "aliases": []}}, {"data": {"popup": "<h><b>Systematic name</b><p>YMR001C</p><h><b>Query visitation probability</b></h><p>3.153e-03</p><hr /><h><b>Description (from <a style=\"color:blue\" href=\"http://www.yeastgenome.org/cgi-bin/locus.fpl?locus=YMR001C\" target=\"sgdpage\">SGD</a>)</b></h><p>Polo-like kinase with multiple functions in mitosis and cytokinesis through substrate phosphorylation, also functions in adaptation to DNA damage during meiosis; has similarity to Xenopus Plx1 and S. pombe Plo1p; possible Cdc28p substrate\n</p>", "name": "YMR001C", "k": "4", "label": "CDC5", "id": "YMR001C", "aliases": []}}, {"data": {"popup": "<h><b>Systematic name</b><p>YDR099W</p><h><b>Query visitation probability</b></h><p>1.956e-03</p><hr /><h><b>Description (from <a style=\"color:blue\" href=\"http://www.yeastgenome.org/cgi-bin/locus.fpl?locus=YDR099W\" target=\"sgdpage\">SGD</a>)</b></h><p>14-3-3 protein, minor isoform; controls proteome at post-transcriptional level, binds proteins and DNA, involved in regulation of many processes including exocytosis, vesicle transport, Ras/MAPK signaling, and rapamycin-sensitive signaling\n</p>", "name": "YDR099W", "k": "38", "label": "BMH2", "id": "YDR099W", "aliases": []}}, {"data": {"popup": "<h><b>Systematic name</b><p>YDR034C-C</p><h><b>Query visitation probability</b></h><p>1.506e-03</p><hr /><h><b>Description (from <a style=\"color:blue\" href=\"http://www.yeastgenome.org/cgi-bin/locus.fpl?locus=YDR034C-C\" target=\"sgdpage\">SGD</a>)</b></h><p>Retrotransposon TYA Gag gene co-transcribed with TYB Pol; translated as TYA or TYA-TYB polyprotein; Gag is a nucleocapsid protein that is the structural constituent of virus-like particles (VLPs); similar to retroviral Gag\n</p>", "name": "YDR034C-C", "k": "24", "label": "YDR034C-C", "id": "YDR034C-C", "aliases": []}}, {"data": {"popup": "<h><b>Systematic name</b><p>YHR149C</p><h><b>Query visitation probability</b></h><p>9.246e-04</p><hr /><h><b>Description (from <a style=\"color:blue\" href=\"http://www.yeastgenome.org/cgi-bin/locus.fpl?locus=YHR149C\" target=\"sgdpage\">SGD</a>)</b></h><p>Integral membrane protein that localizes primarily to growing sites such as the bud tip or the cell periphery; potential Cdc28p substrate; Skg6p interacts with Zds1p and Zds2p\n</p>", "name": "YHR149C", "k": "43", "label": "SKG6", "id": "YHR149C", "aliases": []}}, {"data": {"popup": "<h><b>Systematic name</b><p>YKL101W</p><h><b>Query visitation probability</b></h><p>5.056e-01</p><hr /><h><b>Description (from <a style=\"color:blue\" href=\"http://www.yeastgenome.org/cgi-bin/locus.fpl?locus=YKL101W\" target=\"sgdpage\">SGD</a>)</b></h><p>Nim1p-related protein kinase that regulates the morphogenesis and septin checkpoints; associates with the assembled septin filament; required along with Hsl7p for bud neck recruitment, phosphorylation, and degradation of Swe1p\n</p>", "name": "YKL101W", "k": "1", "label": "HSL1", "id": "YKL101W", "aliases": []}}, {"data": {"popup": "<h><b>Systematic name</b><p>YMR155W</p><h><b>Query visitation probability</b></h><p>1.491e-03</p><hr /><h><b>Description (from <a style=\"color:blue\" href=\"http://www.yeastgenome.org/cgi-bin/locus.fpl?locus=YMR155W\" target=\"sgdpage\">SGD</a>)</b></h><p>Putative protein of unknown function; identified as interacting with Hsp82p in a high-throughput two-hybrid screen\n</p>", "name": "YMR155W", "k": "27", "label": "YMR155W", "id": "YMR155W", "aliases": []}}, {"data": {"popup": "<h><b>Systematic name</b><p>YGL116W</p><h><b>Query visitation probability</b></h><p>1.864e-03</p><hr /><h><b>Description (from <a style=\"color:blue\" href=\"http://www.yeastgenome.org/cgi-bin/locus.fpl?locus=YGL116W\" target=\"sgdpage\">SGD</a>)</b></h><p>Cell-cycle regulated activator of anaphase-promoting complex/cyclosome (APC/C), which is required for metaphase/anaphase transition; directs ubiquitination of mitotic cyclins, Pds1p, and other anaphase inhibitors; potential Cdc28p substrate\n</p>", "name": "YGL116W", "k": "2", "label": "CDC20", "id": "YGL116W", "aliases": []}}, {"data": {"popup": "<h><b>Systematic name</b><p>YOL070C</p><h><b>Query visitation probability</b></h><p>1.003e-03</p><hr /><h><b>Description (from <a style=\"color:blue\" href=\"http://www.yeastgenome.org/cgi-bin/locus.fpl?locus=YOL070C\" target=\"sgdpage\">SGD</a>)</b></h><p>Protein of unknown function, localizes to the bud neck and cytoplasm; interacts with Nap1p; may interact with ribosomes, based on co-purification experiments; potential Cdc28p substrate\n</p>", "name": "YOL070C", "k": "37", "label": "NBA1", "id": "YOL070C", "aliases": []}}, {"data": {"popup": "<h><b>Systematic name</b><p>YGR092W</p><h><b>Query visitation probability</b></h><p>2.769e-03</p><hr /><h><b>Description (from <a style=\"color:blue\" href=\"http://www.yeastgenome.org/cgi-bin/locus.fpl?locus=YGR092W\" target=\"sgdpage\">SGD</a>)</b></h><p>Ser/Thr kinase involved in transcription and stress response; functions as part of a network of genes in exit from mitosis; localization is cell cycle regulated; activated by Cdc15p during the exit from mitosis; also plays a role in regulating the stability of SWI5 and CLB2 mRNAs\n</p>", "name": "YGR092W", "k": "6", "label": "DBF2", "id": "YGR092W", "aliases": []}}, {"data": {"popup": "<h><b>Systematic name</b><p>YER098W</p><h><b>Query visitation probability</b></h><p>1.522e-03</p><hr /><h><b>Description (from <a style=\"color:blue\" href=\"http://www.yeastgenome.org/cgi-bin/locus.fpl?locus=YER098W\" target=\"sgdpage\">SGD</a>)</b></h><p>Ubiquitin carboxyl-terminal hydrolase; ubiquitin-specific protease that cleaves ubiquitin-protein fusions; UBP9 has a paralog, UBP13, that arose from the whole genome duplication\n</p>", "name": "YER098W", "k": "23", "label": "UBP9", "id": "YER098W", "aliases": []}}, {"data": {"popup": "<h><b>Systematic name</b><p>YIL106W</p><h><b>Query visitation probability</b></h><p>1.181e-03</p><hr /><h><b>Description (from <a style=\"color:blue\" href=\"http://www.yeastgenome.org/cgi-bin/locus.fpl?locus=YIL106W\" target=\"sgdpage\">SGD</a>)</b></h><p>Component of the mitotic exit network; associates with and is required for the activation and Cdc15p-dependent phosphorylation of the Dbf2p kinase; required for cytokinesis and cell separation; component of the CCR4 transcriptional complex\n</p>", "name": "YIL106W", "k": "29", "label": "MOB1", "id": "YIL106W", "aliases": []}}, {"data": {"popup": "<h><b>Systematic name</b><p>YCR030C</p><h><b>Query visitation probability</b></h><p>1.074e-03</p><hr /><h><b>Description (from <a style=\"color:blue\" href=\"http://www.yeastgenome.org/cgi-bin/locus.fpl?locus=YCR030C\" target=\"sgdpage\">SGD</a>)</b></h><p>Protein of unknown function that is involved in endocytic site formation; may regulate assembly and disassembly of the septin ring; colocalizes and interacts with septin subunits; potential role in actin cytoskeletal organization\n</p>", "name": "YCR030C", "k": "32", "label": "SYP1", "id": "YCR030C", "aliases": []}}, {"data": {"popup": "<h><b>Systematic name</b><p>YDR134C</p><h><b>Query visitation probability</b></h><p>8.691e-04</p><hr /><h><b>Description (from <a style=\"color:blue\" href=\"http://www.yeastgenome.org/cgi-bin/locus.fpl?locus=YDR134C\" target=\"sgdpage\">SGD</a>)</b></h><p>Hypothetical protein; YDR134C has a paralog, CCW12, that arose from the whole genome duplication\n</p>", "name": "YDR134C", "k": "47", "label": "YDR134C", "id": "YDR134C", "aliases": []}}, {"data": {"popup": "<h><b>Systematic name</b><p>YER032W</p><h><b>Query visitation probability</b></h><p>1.007e-03</p><hr /><h><b>Description (from <a style=\"color:blue\" href=\"http://www.yeastgenome.org/cgi-bin/locus.fpl?locus=YER032W\" target=\"sgdpage\">SGD</a>)</b></h><p>Protein involved in 3' mRNA processing, interacts with Ref2p; potential Cdc28p substrate\n</p>", "name": "YER032W", "k": "36", "label": "FIR1", "id": "YER032W", "aliases": []}}, {"data": {"popup": "<h><b>Systematic name</b><p>YKR048C</p><h><b>Query visitation probability</b></h><p>2.111e-03</p><hr /><h><b>Description (from <a style=\"color:blue\" href=\"http://www.yeastgenome.org/cgi-bin/locus.fpl?locus=YKR048C\" target=\"sgdpage\">SGD</a>)</b></h><p>Protein that interacts with mitotic cyclin Clb2p; required for the regulation of microtubule dynamics during mitosis; controls bud morphogenesis; involved in the transport of H2A and H2B histones to the nucleus; phosphorylated by CK2\n</p>", "name": "YKR048C", "k": "33", "label": "NAP1", "id": "YKR048C", "aliases": []}}, {"data": {"popup": "<h><b>Systematic name</b><p>YOL100W</p><h><b>Query visitation probability</b></h><p>6.342e-04</p><hr /><h><b>Description (from <a style=\"color:blue\" href=\"http://www.yeastgenome.org/cgi-bin/locus.fpl?locus=YOL100W\" target=\"sgdpage\">SGD</a>)</b></h><p>Serine/threonine protein kinase involved in sphingolipid-mediated signaling pathway that controls endocytosis; activates Ypk1p and Ykr2p, components of signaling cascade required for maintenance of cell wall integrity; redundant with Pkh1p\n</p>", "name": "YOL100W", "k": "49", "label": "PKH2", "id": "YOL100W", "aliases": []}}, {"data": {"popup": "<h><b>Systematic name</b><p>YJR076C</p><h><b>Query visitation probability</b></h><p>2.097e-03</p><hr /><h><b>Description (from <a style=\"color:blue\" href=\"http://www.yeastgenome.org/cgi-bin/locus.fpl?locus=YJR076C\" target=\"sgdpage\">SGD</a>)</b></h><p>Component of the septin ring that is required for cytokinesis; septins are GTP-binding proteins that assemble into rod-like hetero-oligomers that can associate with other rods to form filaments; septin rings at the mother-bud neck act as scaffolds for recruiting cell division factors and as barriers to prevent diffusion of specific proteins between mother and daughter cells\n</p>", "name": "YJR076C", "k": "10", "label": "CDC11", "id": "YJR076C", "aliases": []}}, {"data": {"popup": "<h><b>Systematic name</b><p>YKL048C</p><h><b>Query visitation probability</b></h><p>2.801e-03</p><hr /><h><b>Description (from <a style=\"color:blue\" href=\"http://www.yeastgenome.org/cgi-bin/locus.fpl?locus=YKL048C\" target=\"sgdpage\">SGD</a>)</b></h><p>Serine/threonine protein kinase that regulates cellular morphogenesis, septin behavior, and cytokinesis; required for the regulation of other kinases; forms part of the bud neck ring\n</p>", "name": "YKL048C", "k": "5", "label": "ELM1", "id": "YKL048C", "aliases": []}}, {"data": {"popup": "<h><b>Systematic name</b><p>YGL003C</p><h><b>Query visitation probability</b></h><p>1.845e-03</p><hr /><h><b>Description (from <a style=\"color:blue\" href=\"http://www.yeastgenome.org/cgi-bin/locus.fpl?locus=YGL003C\" target=\"sgdpage\">SGD</a>)</b></h><p>Cell-cycle regulated activator of the anaphase-promoting complex/cyclosome (APC/C), which directs ubiquitination of cyclins resulting in mitotic exit; targets the APC/C to specific substrates including Cdc20p, Ase1p, Cin8p and Fin1p\n</p>", "name": "YGL003C", "k": "3", "label": "CDH1", "id": "YGL003C", "aliases": []}}, {"data": {"popup": "<h><b>Systematic name</b><p>YGR276C</p><h><b>Query visitation probability</b></h><p>1.539e-03</p><hr /><h><b>Description (from <a style=\"color:blue\" href=\"http://www.yeastgenome.org/cgi-bin/locus.fpl?locus=YGR276C\" target=\"sgdpage\">SGD</a>)</b></h><p>3'-5' exoribonuclease; required for maturation of 3' ends of 5S rRNA and tRNA-Arg3 from dicistronic transcripts\n</p>", "name": "YGR276C", "k": "22", "label": "RNH70", "id": "YGR276C", "aliases": []}}, {"data": {"popup": "<h><b>Systematic name</b><p>YBR118W</p><h><b>Query visitation probability</b></h><p>1.640e-03</p><hr /><h><b>Description (from <a style=\"color:blue\" href=\"http://www.yeastgenome.org/cgi-bin/locus.fpl?locus=YBR118W\" target=\"sgdpage\">SGD</a>)</b></h><p>Translational elongation factor EF-1 alpha; also encoded by TEF1; functions in the binding reaction of aminoacyl-tRNA (AA-tRNA) to ribosomes; may also have a role in tRNA re-export from the nucleus\n</p>", "name": "YBR118W", "k": "18", "label": "TEF2", "id": "YBR118W", "aliases": []}}, {"data": {"popup": "<h><b>Systematic name</b><p>YDL225W</p><h><b>Query visitation probability</b></h><p>1.841e-03</p><hr /><h><b>Description (from <a style=\"color:blue\" href=\"http://www.yeastgenome.org/cgi-bin/locus.fpl?locus=YDL225W\" target=\"sgdpage\">SGD</a>)</b></h><p>Component of the septin ring that is required for cytokinesis; septins are GTP-binding proteins that assemble into rod-like hetero-oligomers that can associate with other rods to form filaments; septin rings at the mother-bud neck act as scaffolds for recruiting cell division factors and as barriers to prevent diffusion of specific proteins between mother and daughter cells; undergoes sumoylation and phosphorylation during mitosis\n</p>", "name": "YDL225W", "k": "13", "label": "SHS1", "id": "YDL225W", "aliases": []}}, {"data": {"popup": "<h><b>Systematic name</b><p>YLR314C</p><h><b>Query visitation probability</b></h><p>1.990e-03</p><hr /><h><b>Description (from <a style=\"color:blue\" href=\"http://www.yeastgenome.org/cgi-bin/locus.fpl?locus=YLR314C\" target=\"sgdpage\">SGD</a>)</b></h><p>Component of the septin ring that is required for cytokinesis; septins are GTP-binding proteins that assemble with other septins into rod-like complexes that can associate with other rods to form filament polymers; septin rings at the mother-bud neck act as scaffolds for recruiting factors needed for cell division and as barriers to prevent diffusion of specific proteins between mother and daughter cells\n</p>", "name": "YLR314C", "k": "11", "label": "CDC3", "id": "YLR314C", "aliases": []}}, {"data": {"popup": "<h><b>Systematic name</b><p>YER008C</p><h><b>Query visitation probability</b></h><p>9.730e-04</p><hr /><h><b>Description (from <a style=\"color:blue\" href=\"http://www.yeastgenome.org/cgi-bin/locus.fpl?locus=YER008C\" target=\"sgdpage\">SGD</a>)</b></h><p>Subunit of the exocyst complex (Sec3p, Sec5p, Sec6p, Sec8p, Sec10p, Sec15p, Exo70p, Exo84p) which mediates targeting of post-Golgi vesicles to sites of active exocytosis; Sec3p specifically is a spatial landmark for secretion\n</p>", "name": "YER008C", "k": "40", "label": "SEC3", "id": "YER008C", "aliases": []}}, {"data": {"popup": "<h><b>Systematic name</b><p>YDR507C</p><h><b>Query visitation probability</b></h><p>2.205e-03</p><hr /><h><b>Description (from <a style=\"color:blue\" href=\"http://www.yeastgenome.org/cgi-bin/locus.fpl?locus=YDR507C\" target=\"sgdpage\">SGD</a>)</b></h><p>Protein kinase involved in bud growth and assembly of the septin ring; proposed to have kinase-dependent and kinase-independent activities; undergoes autophosphorylation; similar to Hsl1p; GIN4 has a paralog, KCC4, that arose from the whole genome duplication\n</p>", "name": "YDR507C", "k": "8", "label": "GIN4", "id": "YDR507C", "aliases": []}}, {"data": {"popup": "<h><b>Systematic name</b><p>YOR188W</p><h><b>Query visitation probability</b></h><p>9.063e-04</p><hr /><h><b>Description (from <a style=\"color:blue\" href=\"http://www.yeastgenome.org/cgi-bin/locus.fpl?locus=YOR188W\" target=\"sgdpage\">SGD</a>)</b></h><p>Protein involved in positive regulation of both 1,3-beta-glucan synthesis and the Pkc1p-MAPK pathway, potential Cdc28p substrate; multicopy suppressor of temperature-sensitive mutations in CDC24 and CDC42, and of mutations in BEM4\n</p>", "name": "YOR188W", "k": "45", "label": "MSB1", "id": "YOR188W", "aliases": []}}], "edges": [{"data": {"directed": false, "popup": "<h><b>Confidence</b></h><p>0.36054</p><hr /><h><b>Sources and Types</b></h><p>BIOGRID<br><font color=#27AF47>&bull; Biochemical Activity</font> (PubMed <a style=\"color:blue\" href=\"http://www.ncbi.nlm.nih.gov/pubmed?term=16319894\" target=\"pubmedpage\">16319894</a>)</p>", "target": "YBR160W", "k": "21", "content": "NCL1 - CDC28", "source": "YBL024W", "is_directed": false, "id": "YBL024W-YBR160W", "name": "YBL024W-YBR160W"}}, {"data": {"directed": false, "popup": "<h><b>Confidence</b></h><p>0.36054</p><hr /><h><b>Sources and Types</b></h><p>BIOGRID<br><font color=#27AF47>&bull; Biochemical Activity</font> (PubMed <a style=\"color:blue\" href=\"http://www.ncbi.nlm.nih.gov/pubmed?term=21081492\" target=\"pubmedpage\">21081492</a> <a style=\"color:blue\" href=\"http://www.ncbi.nlm.nih.gov/pubmed?term=16319894\" target=\"pubmedpage\">16319894</a>)</p>", "target": "YBR160W", "k": "15", "content": "PAH1 - CDC28", "source": "YMR165C", "is_directed": false, "id": "YMR165C-YBR160W", "name": "YMR165C-YBR160W"}}, {"data": {"directed": false, "popup": "<h><b>Confidence</b></h><p>0.36054</p><hr /><h><b>Sources and Types</b></h><p>BIOGRID<br><font color=#27AF47>&bull; Biochemical Activity</font> (PubMed <a style=\"color:blue\" href=\"http://www.ncbi.nlm.nih.gov/pubmed?term=14574415\" target=\"pubmedpage\">14574415</a>)</p>", "target": "YBR160W", "k": "30", "content": "BNI1 - CDC28", "source": "YNL271C", "is_directed": false, "id": "YNL271C-YBR160W", "name": "YNL271C-YBR160W"}}, {"data": {"directed": false, "popup": "<h><b>Confidence</b></h><p>0.44737</p><hr /><h><b>Sources and Types</b></h><p>BIOGRID<br><font color=#27AF47>&bull; PCA</font> (PubMed <a style=\"color:blue\" href=\"http://www.ncbi.nlm.nih.gov/pubmed?term=21118957\" target=\"pubmedpage\">21118957</a>)</p>", "target": "YBR160W", "k": "9", "content": "CBK1 - CDC28", "source": "YNL161W", "is_directed": false, "id": "YNL161W-YBR160W", "name": "YNL161W-YBR160W"}}, {"data": {"directed": false, "popup": "<h><b>Confidence</b></h><p>0.36054</p><hr /><h><b>Sources and Types</b></h><p>BIOGRID<br><font color=#27AF47>&bull; Biochemical Activity</font> (PubMed <a style=\"color:blue\" href=\"http://www.ncbi.nlm.nih.gov/pubmed?term=16319894\" target=\"pubmedpage\">16319894</a>)</p>", "target": "YBR160W", "k": "25", "content": "TRM13 - CDC28", "source": "YOL125W", "is_directed": false, "id": "YOL125W-YBR160W", "name": "YOL125W-YBR160W"}}, {"data": {"directed": false, "popup": "<h><b>Confidence</b></h><p>0.36054</p><hr /><h><b>Sources and Types</b></h><p>BIOGRID<br><font color=#27AF47>&bull; Biochemical Activity</font> (PubMed <a style=\"color:blue\" href=\"http://www.ncbi.nlm.nih.gov/pubmed?term=14574415\" target=\"pubmedpage\">14574415</a>)</p>", "target": "YBR160W", "k": "16", "content": "BUD6 - CDC28", "source": "YLR319C", "is_directed": false, "id": "YLR319C-YBR160W", "name": "YLR319C-YBR160W"}}, {"data": {"directed": false, "popup": "<h><b>Confidence</b></h><p>0.75000</p><hr /><h><b>Sources and Types</b></h><p>BIOGRID<br><font color=#27AF47>&bull; Affinity Capture-Western</font> (PubMed <a style=\"color:blue\" href=\"http://www.ncbi.nlm.nih.gov/pubmed?term=17178718\" target=\"pubmedpage\">17178718</a>)<br><font color=#27AF47>&bull; Affinity Capture-MS</font> (PubMed <a style=\"color:blue\" href=\"http://www.ncbi.nlm.nih.gov/pubmed?term=18287090\" target=\"pubmedpage\">18287090</a> <a style=\"color:blue\" href=\"http://www.ncbi.nlm.nih.gov/pubmed?term=17178718\" target=\"pubmedpage\">17178718</a>)</p>", "target": "YGL003C", "k": "39", "content": "BMH1 - CDH1", "source": "YER177W", "is_directed": false, "id": "YER177W-YGL003C", "name": "YER177W-YGL003C"}}, {"data": {"directed": true, "popup": "<h><b>Confidence</b></h><p>0.75000</p><hr /><h><b>Sources and Types</b></h><p>BIOGRID<br><font color=#27AF47>&bull; Affinity Capture-Western</font> (PubMed <a style=\"color:blue\" href=\"http://www.ncbi.nlm.nih.gov/pubmed?term=14743219\" target=\"pubmedpage\">14743219</a>)</p><p>KID<br><font color=#F07406>&bull; In vivo site-directed mutagenesis in substrate showing same biological consequence as the kinase delete</font> (PubMed <a style=\"color:blue\" href=\"http://www.ncbi.nlm.nih.gov/pubmed?term=14743219\" target=\"pubmedpage\">14743219</a>)<br><font color=#F07406>&bull; Phosphorylation reduced or absent in kinase mutant (Phospho-shifts, Western blot using Phospho-specific antibody)</font> (PubMed <a style=\"color:blue\" href=\"http://www.ncbi.nlm.nih.gov/pubmed?term=14743219\" target=\"pubmedpage\">14743219</a>)<br><font color=#F07406>&bull; In vitro phosphorylation site mapping (Mass Spec, Phospho-specific antibodies by Western, in vitro site-directed mutagenesis)</font> (PubMed <a style=\"color:blue\" href=\"http://www.ncbi.nlm.nih.gov/pubmed?term=14743219\" target=\"pubmedpage\">14743219</a>)<br><font color=#27AF47>&bull; Co-Immunoprecipitation / Co-purification</font> (PubMed <a style=\"color:blue\" href=\"http://www.ncbi.nlm.nih.gov/pubmed?term=14743219\" target=\"pubmedpage\">14743219</a>)<br><font color=#F07406>&bull; LTP in vitro kinase assays</font> (PubMed <a style=\"color:blue\" href=\"http://www.ncbi.nlm.nih.gov/pubmed?term=14743219\" target=\"pubmedpage\">14743219</a>)</p>", "target": "YGL116W", "k": "34", "content": "TPK2 - CDC20", "source": "YPL203W", "is_directed": false, "id": "YPL203W-YGL116W", "name": "YPL203W-YGL116W"}}, {"data": {"directed": true, "popup": "<h><b>Confidence</b></h><p>0.75000</p><hr /><h><b>Sources and Types</b></h><p>Bodenmiller<br><font color=#F07406>&bull; phosphorylation</font> (PubMed <a style=\"color:blue\" href=\"http://www.ncbi.nlm.nih.gov/pubmed?term=21177495\" target=\"pubmedpage\">21177495</a>)</p><p>KID<br><font color=#F07406>&bull; Phosphorylation reduced or absent in kinase mutant (Phospho-shifts, Western blot using Phospho-specific antibody)</font> (PubMed <a style=\"color:blue\" href=\"http://www.ncbi.nlm.nih.gov/pubmed?term=19566963\" target=\"pubmedpage\">19566963</a>)<br><font color=#F07406>&bull; In vivo phosphorylation site mapping using phospho-specific antibodies (Western blot) or by phospho-peptide mapping</font> (PubMed <a style=\"color:blue\" href=\"http://www.ncbi.nlm.nih.gov/pubmed?term=19566963\" target=\"pubmedpage\">19566963</a>)</p>", "target": "YBR160W", "k": "12", "content": "TPK2 - CDC28", "source": "YPL203W", "is_directed": false, "id": "YPL203W-YBR160W", "name": "YPL203W-YBR160W"}}, {"data": {"directed": true, "popup": "<h><b>Confidence</b></h><p>0.75000</p><hr /><h><b>Sources and Types</b></h><p>BIOGRID<br><font color=#27AF47>&bull; Affinity Capture-Western</font> (PubMed <a style=\"color:blue\" href=\"http://www.ncbi.nlm.nih.gov/pubmed?term=16096060\" target=\"pubmedpage\">16096060</a>)<br><font color=#27AF47>&bull; Biochemical Activity</font> (PubMed <a style=\"color:blue\" href=\"http://www.ncbi.nlm.nih.gov/pubmed?term=16319894\" target=\"pubmedpage\">16319894</a> <a style=\"color:blue\" href=\"http://www.ncbi.nlm.nih.gov/pubmed?term=12388757\" target=\"pubmedpage\">12388757</a> <a style=\"color:blue\" href=\"http://www.ncbi.nlm.nih.gov/pubmed?term=14574415\" target=\"pubmedpage\">14574415</a> <a style=\"color:blue\" href=\"http://www.ncbi.nlm.nih.gov/pubmed?term=18558651\" target=\"pubmedpage\">18558651</a> <a style=\"color:blue\" href=\"http://www.ncbi.nlm.nih.gov/pubmed?term=15920482\" target=\"pubmedpage\">15920482</a> <a style=\"color:blue\" href=\"http://www.ncbi.nlm.nih.gov/pubmed?term=16096060\" target=\"pubmedpage\">16096060</a>)<br><font color=#27AF47>&bull; Affinity Capture-MS</font> (PubMed <a style=\"color:blue\" href=\"http://www.ncbi.nlm.nih.gov/pubmed?term=20489023\" target=\"pubmedpage\">20489023</a>)</p><p>KID<br><font color=#27AF47>&bull; Co-Immunoprecipitation by Mass Spec</font> (PubMed <a style=\"color:blue\" href=\"http://www.ncbi.nlm.nih.gov/pubmed?term=20489023\" target=\"pubmedpage\">20489023</a>)<br><font color=#F07406>&bull; Phosphorylation reduced or absent in kinase mutant (Phospho-shifts, Western blot using Phospho-specific antibody)</font> (PubMed <a style=\"color:blue\" href=\"http://www.ncbi.nlm.nih.gov/pubmed?term=12388757\" target=\"pubmedpage\">12388757</a> <a style=\"color:blue\" href=\"http://www.ncbi.nlm.nih.gov/pubmed?term=11160822\" target=\"pubmedpage\">11160822</a>)<br><font color=#F07406>&bull; In vitro phosphorylation site mapping (Mass Spec, Phospho-specific antibodies by Western, in vitro site-directed mutagenesis)</font> (PubMed <a style=\"color:blue\" href=\"http://www.ncbi.nlm.nih.gov/pubmed?term=8253069\" target=\"pubmedpage\">8253069</a>)<br><font color=#27AF47>&bull; Physical interaction by Two-hybrid or PCA</font> (PubMed <a style=\"color:blue\" href=\"http://www.ncbi.nlm.nih.gov/pubmed?term=12388757\" target=\"pubmedpage\">12388757</a>)<br><font color=#F07406>&bull; In vivo phosphorylation site mapping using phospho-specific antibodies (Western blot) or by phospho-peptide mapping</font> (PubMed <a style=\"color:blue\" href=\"http://www.ncbi.nlm.nih.gov/pubmed?term=12840070\" target=\"pubmedpage\">12840070</a> <a style=\"color:blue\" href=\"http://www.ncbi.nlm.nih.gov/pubmed?term=11160822\" target=\"pubmedpage\">11160822</a> <a style=\"color:blue\" href=\"http://www.ncbi.nlm.nih.gov/pubmed?term=19566963\" target=\"pubmedpage\">19566963</a>)<br><font color=#F07406>&bull; LTP in vitro kinase assays</font> (PubMed <a style=\"color:blue\" href=\"http://www.ncbi.nlm.nih.gov/pubmed?term=8253069\" target=\"pubmedpage\">8253069</a>)</p>", "target": "YBR160W", "k": "7", "content": "SWE1 - CDC28", "source": "YJL187C", "is_directed": false, "id": "YJL187C-YBR160W", "name": "YJL187C-YBR160W"}}, {"data": {"directed": false, "popup": "<h><b>Confidence</b></h><p>0.36054</p><hr /><h><b>Sources and Types</b></h><p>BIOGRID<br><font color=#27AF47>&bull; Biochemical Activity</font> (PubMed <a style=\"color:blue\" href=\"http://www.ncbi.nlm.nih.gov/pubmed?term=16319894\" target=\"pubmedpage\">16319894</a>)</p>", "target": "YBR160W", "k": "20", "content": "DRS1 - CDC28", "source": "YLL008W", "is_directed": false, "id": "YLL008W-YBR160W", "name": "YLL008W-YBR160W"}}, {"data": {"directed": false, "popup": "<h><b>Confidence</b></h><p>0.36054</p><hr /><h><b>Sources and Types</b></h><p>BIOGRID<br><font color=#27AF47>&bull; Biochemical Activity</font> (PubMed <a style=\"color:blue\" href=\"http://www.ncbi.nlm.nih.gov/pubmed?term=14574415\" target=\"pubmedpage\">14574415</a>)</p>", "target": "YBR160W", "k": "44", "content": "PAL1 - CDC28", "source": "YDR348C", "is_directed": false, "id": "YDR348C-YBR160W", "name": "YDR348C-YBR160W"}}, {"data": {"directed": false, "popup": "<h><b>Confidence</b></h><p>0.36054</p><hr /><h><b>Sources and Types</b></h><p>BIOGRID<br><font color=#27AF47>&bull; Biochemical Activity</font> (PubMed <a style=\"color:blue\" href=\"http://www.ncbi.nlm.nih.gov/pubmed?term=16319894\" target=\"pubmedpage\">16319894</a>)</p>", "target": "YBR160W", "k": "17", "content": "SEC2 - CDC28", "source": "YNL272C", "is_directed": false, "id": "YNL272C-YBR160W", "name": "YNL272C-YBR160W"}}, {"data": {"directed": false, "popup": "<h><b>Confidence</b></h><p>0.36054</p><hr /><h><b>Sources and Types</b></h><p>BIOGRID<br><font color=#27AF47>&bull; Biochemical Activity</font> (PubMed <a style=\"color:blue\" href=\"http://www.ncbi.nlm.nih.gov/pubmed?term=16319894\" target=\"pubmedpage\">16319894</a>)</p>", "target": "YBR160W", "k": "26", "content": "YJR141W - CDC28", "source": "YJR141W", "is_directed": false, "id": "YJR141W-YBR160W", "name": "YJR141W-YBR160W"}}, {"data": {"directed": false, "popup": "<h><b>Confidence</b></h><p>0.36054</p><hr /><h><b>Sources and Types</b></h><p>BIOGRID<br><font color=#27AF47>&bull; Biochemical Activity</font> (PubMed <a style=\"color:blue\" href=\"http://www.ncbi.nlm.nih.gov/pubmed?term=16319894\" target=\"pubmedpage\">16319894</a>)</p>", "target": "YBR160W", "k": "50", "content": "VHS2 - CDC28", "source": "YIL135C", "is_directed": false, "id": "YIL135C-YBR160W", "name": "YIL135C-YBR160W"}}, {"data": {"directed": false, "popup": "<h><b>Confidence</b></h><p>0.36054</p><hr /><h><b>Sources and Types</b></h><p>BIOGRID<br><font color=#27AF47>&bull; Biochemical Activity</font> (PubMed <a style=\"color:blue\" href=\"http://www.ncbi.nlm.nih.gov/pubmed?term=16319894\" target=\"pubmedpage\">16319894</a>)</p>", "target": "YBR160W", "k": "48", "content": "KKQ8 - CDC28", "source": "YKL168C", "is_directed": false, "id": "YKL168C-YBR160W", "name": "YKL168C-YBR160W"}}, {"data": {"directed": false, "popup": "<h><b>Confidence</b></h><p>0.36054</p><hr /><h><b>Sources and Types</b></h><p>BIOGRID<br><font color=#27AF47>&bull; Biochemical Activity</font> (PubMed <a style=\"color:blue\" href=\"http://www.ncbi.nlm.nih.gov/pubmed?term=14574415\" target=\"pubmedpage\">14574415</a>)</p>", "target": "YBR160W", "k": "46", "content": "CAF120 - CDC28", "source": "YNL278W", "is_directed": false, "id": "YNL278W-YBR160W", "name": "YNL278W-YBR160W"}}, {"data": {"directed": false, "popup": "<h><b>Confidence</b></h><p>0.36054</p><hr /><h><b>Sources and Types</b></h><p>BIOGRID<br><font color=#27AF47>&bull; Biochemical Activity</font> (PubMed <a style=\"color:blue\" href=\"http://www.ncbi.nlm.nih.gov/pubmed?term=14574415\" target=\"pubmedpage\">14574415</a>)</p>", "target": "YBR160W", "k": "41", "content": "BEM3 - CDC28", "source": "YPL115C", "is_directed": false, "id": "YPL115C-YBR160W", "name": "YPL115C-YBR160W"}}, {"data": {"directed": false, "popup": "<h><b>Confidence</b></h><p>0.36054</p><hr /><h><b>Sources and Types</b></h><p>BIOGRID<br><font color=#27AF47>&bull; Biochemical Activity</font> (PubMed <a style=\"color:blue\" href=\"http://www.ncbi.nlm.nih.gov/pubmed?term=14574415\" target=\"pubmedpage\">14574415</a>)</p>", "target": "YBR160W", "k": "35", "content": "BUD3 - CDC28", "source": "YCL014W", "is_directed": false, "id": "YCL014W-YBR160W", "name": "YCL014W-YBR160W"}}, {"data": {"directed": false, "popup": "<h><b>Confidence</b></h><p>0.68803</p><hr /><h><b>Sources and Types</b></h><p>KID<br><font color=#27AF47>&bull; Co-Immunoprecipitation / Co-purification</font> (PubMed <a style=\"color:blue\" href=\"http://www.ncbi.nlm.nih.gov/pubmed?term=11160944\" target=\"pubmedpage\">11160944</a>)</p>", "target": "YBR160W", "k": "14", "content": "SSA2 - CDC28", "source": "YLL024C", "is_directed": false, "id": "YLL024C-YBR160W", "name": "YLL024C-YBR160W"}}, {"data": {"directed": false, "popup": "<h><b>Confidence</b></h><p>0.36054</p><hr /><h><b>Sources and Types</b></h><p>BIOGRID<br><font color=#27AF47>&bull; Biochemical Activity</font> (PubMed <a style=\"color:blue\" href=\"http://www.ncbi.nlm.nih.gov/pubmed?term=14574415\" target=\"pubmedpage\">14574415</a>)</p>", "target": "YBR160W", "k": "42", "content": "RGA1 - CDC28", "source": "YOR127W", "is_directed": false, "id": "YOR127W-YBR160W", "name": "YOR127W-YBR160W"}}, {"data": {"directed": false, "popup": "<h><b>Confidence</b></h><p>0.36054</p><hr /><h><b>Sources and Types</b></h><p>BIOGRID<br><font color=#27AF47>&bull; Biochemical Activity</font> (PubMed <a style=\"color:blue\" href=\"http://www.ncbi.nlm.nih.gov/pubmed?term=16319894\" target=\"pubmedpage\">16319894</a> <a style=\"color:blue\" href=\"http://www.ncbi.nlm.nih.gov/pubmed?term=14574415\" target=\"pubmedpage\">14574415</a>)</p>", "target": "YBR160W", "k": "31", "content": "BUD4 - CDC28", "source": "YJR092W", "is_directed": false, "id": "YJR092W-YBR160W", "name": "YJR092W-YBR160W"}}, {"data": {"directed": false, "popup": "<h><b>Confidence</b></h><p>0.75000</p><hr /><h><b>Sources and Types</b></h><p>BIOGRID<br><font color=#27AF47>&bull; Two-hybrid</font> (PubMed <a style=\"color:blue\" href=\"http://www.ncbi.nlm.nih.gov/pubmed?term=12111552\" target=\"pubmedpage\">12111552</a>)<br><font color=#27AF47>&bull; Co-localization</font> (PubMed <a style=\"color:blue\" href=\"http://www.ncbi.nlm.nih.gov/pubmed?term=15920482\" target=\"pubmedpage\">15920482</a>)<br><font color=#27AF47>&bull; Biochemical Activity</font> (PubMed <a style=\"color:blue\" href=\"http://www.ncbi.nlm.nih.gov/pubmed?term=14574415\" target=\"pubmedpage\">14574415</a>)</p>", "target": "YBR160W", "k": "4", "content": "CDC5 - CDC28", "source": "YMR001C", "is_directed": false, "id": "YMR001C-YBR160W", "name": "YMR001C-YBR160W"}}, {"data": {"directed": true, "popup": "<h><b>Confidence</b></h><p>0.75000</p><hr /><h><b>Sources and Types</b></h><p>BIOGRID<br><font color=#27AF47>&bull; Affinity Capture-Western</font> (PubMed <a style=\"color:blue\" href=\"http://www.ncbi.nlm.nih.gov/pubmed?term=18500339\" target=\"pubmedpage\">18500339</a> <a style=\"color:blue\" href=\"http://www.ncbi.nlm.nih.gov/pubmed?term=11566880\" target=\"pubmedpage\">11566880</a>)<br><font color=#27AF47>&bull; Biochemical Activity</font> (PubMed <a style=\"color:blue\" href=\"http://www.ncbi.nlm.nih.gov/pubmed?term=18500339\" target=\"pubmedpage\">18500339</a>)</p><p>KID<br><font color=#F07406>&bull; Phosphorylation reduced or absent in kinase mutant (Phospho-shifts, Western blot using Phospho-specific antibody)</font> (PubMed <a style=\"color:blue\" href=\"http://www.ncbi.nlm.nih.gov/pubmed?term=18500339\" target=\"pubmedpage\">18500339</a> <a style=\"color:blue\" href=\"http://www.ncbi.nlm.nih.gov/pubmed?term=19853567\" target=\"pubmedpage\">19853567</a>)<br><font color=#F07406>&bull; In vitro phosphorylation site mapping (Mass Spec, Phospho-specific antibodies by Western, in vitro site-directed mutagenesis)</font> (PubMed <a style=\"color:blue\" href=\"http://www.ncbi.nlm.nih.gov/pubmed?term=18500339\" target=\"pubmedpage\">18500339</a>)<br><font color=#27AF47>&bull; Co-Immunoprecipitation / Co-purification</font> (PubMed <a style=\"color:blue\" href=\"http://www.ncbi.nlm.nih.gov/pubmed?term=18500339\" target=\"pubmedpage\">18500339</a> <a style=\"color:blue\" href=\"http://www.ncbi.nlm.nih.gov/pubmed?term=11566880\" target=\"pubmedpage\">11566880</a>)<br><font color=#F07406>&bull; LTP in vitro kinase assays</font> (PubMed <a style=\"color:blue\" href=\"http://www.ncbi.nlm.nih.gov/pubmed?term=18500339\" target=\"pubmedpage\">18500339</a>)</p>", "target": "YGL003C", "k": "19", "content": "CDC5 - CDH1", "source": "YMR001C", "is_directed": false, "id": "YMR001C-YGL003C", "name": "YMR001C-YGL003C"}}, {"data": {"directed": false, "popup": "<h><b>Confidence</b></h><p>0.55388</p><hr /><h><b>Sources and Types</b></h><p>BIOGRID<br><font color=#27AF47>&bull; Affinity Capture-MS</font> (PubMed <a style=\"color:blue\" href=\"http://www.ncbi.nlm.nih.gov/pubmed?term=18287090\" target=\"pubmedpage\">18287090</a> <a style=\"color:blue\" href=\"http://www.ncbi.nlm.nih.gov/pubmed?term=17178718\" target=\"pubmedpage\">17178718</a>)</p>", "target": "YGL003C", "k": "38", "content": "BMH2 - CDH1", "source": "YDR099W", "is_directed": false, "id": "YDR099W-YGL003C", "name": "YDR099W-YGL003C"}}, {"data": {"directed": false, "popup": "<h><b>Confidence</b></h><p>0.36054</p><hr /><h><b>Sources and Types</b></h><p>BIOGRID<br><font color=#27AF47>&bull; Biochemical Activity</font> (PubMed <a style=\"color:blue\" href=\"http://www.ncbi.nlm.nih.gov/pubmed?term=16319894\" target=\"pubmedpage\">16319894</a>)</p>", "target": "YBR160W", "k": "24", "content": "YDR034C-C - CDC28", "source": "YDR034C-C", "is_directed": false, "id": "YDR034C-C-YBR160W", "name": "YDR034C-C-YBR160W"}}, {"data": {"directed": false, "popup": "<h><b>Confidence</b></h><p>0.36054</p><hr /><h><b>Sources and Types</b></h><p>BIOGRID<br><font color=#27AF47>&bull; Biochemical Activity</font> (PubMed <a style=\"color:blue\" href=\"http://www.ncbi.nlm.nih.gov/pubmed?term=14574415\" target=\"pubmedpage\">14574415</a>)</p>", "target": "YBR160W", "k": "43", "content": "SKG6 - CDC28", "source": "YHR149C", "is_directed": false, "id": "YHR149C-YBR160W", "name": "YHR149C-YBR160W"}}, {"data": {"directed": true, "popup": "<h><b>Confidence</b></h><p>0.62420</p><hr /><h><b>Sources and Types</b></h><p>BIOGRID<br><font color=#27AF47>&bull; Biochemical Activity</font> (PubMed <a style=\"color:blue\" href=\"http://www.ncbi.nlm.nih.gov/pubmed?term=16319894\" target=\"pubmedpage\">16319894</a>)</p><p>KID<br><font color=#F07406>&bull; Protein Chip data for in vitro phosphorylated substrates</font> (PubMed <a style=\"color:blue\" href=\"http://www.ncbi.nlm.nih.gov/pubmed?term=16319894\" target=\"pubmedpage\">16319894</a>)</p>", "target": "YBL024W", "k": "21", "content": "HSL1 - NCL1", "source": "YKL101W", "is_directed": false, "id": "YKL101W-YBL024W", "name": "YKL101W-YBL024W"}}, {"data": {"directed": true, "popup": "<h><b>Confidence</b></h><p>0.75000</p><hr /><h><b>Sources and Types</b></h><p>Bodenmiller<br><font color=#F07406>&bull; phosphorylation</font> (PubMed <a style=\"color:blue\" href=\"http://www.ncbi.nlm.nih.gov/pubmed?term=21177495\" target=\"pubmedpage\">21177495</a>)</p><p>BIOGRID<br><font color=#27AF47>&bull; Biochemical Activity</font> (PubMed <a style=\"color:blue\" href=\"http://www.ncbi.nlm.nih.gov/pubmed?term=16319894\" target=\"pubmedpage\">16319894</a>)</p><p>KID<br><font color=#F07406>&bull; Protein Chip data for in vitro phosphorylated substrates</font> (PubMed <a style=\"color:blue\" href=\"http://www.ncbi.nlm.nih.gov/pubmed?term=16319894\" target=\"pubmedpage\">16319894</a>)</p>", "target": "YMR165C", "k": "15", "content": "HSL1 - PAH1", "source": "YKL101W", "is_directed": false, "id": "YKL101W-YMR165C", "name": "YKL101W-YMR165C"}}, {"data": {"directed": false, "popup": "<h><b>Confidence</b></h><p>0.36091</p><hr /><h><b>Sources and Types</b></h><p>KID<br><font color=#27AF47>&bull; Localized to same subcellular compartment</font> (PubMed <a style=\"color:blue\" href=\"http://www.ncbi.nlm.nih.gov/pubmed?term=14562095\" target=\"pubmedpage\">14562095</a>)</p>", "target": "YNL271C", "k": "30", "content": "HSL1 - BNI1", "source": "YKL101W", "is_directed": false, "id": "YKL101W-YNL271C", "name": "YKL101W-YNL271C"}}, {"data": {"directed": true, "popup": "<h><b>Confidence</b></h><p>0.75000</p><hr /><h><b>Sources and Types</b></h><p>BIOGRID<br><font color=#27AF47>&bull; PCA</font> (PubMed <a style=\"color:blue\" href=\"http://www.ncbi.nlm.nih.gov/pubmed?term=21118957\" target=\"pubmedpage\">21118957</a>)<br><font color=#27AF47>&bull; Biochemical Activity</font> (PubMed <a style=\"color:blue\" href=\"http://www.ncbi.nlm.nih.gov/pubmed?term=16319894\" target=\"pubmedpage\">16319894</a>)<br><font color=#27AF47>&bull; Affinity Capture-MS</font> (PubMed <a style=\"color:blue\" href=\"http://www.ncbi.nlm.nih.gov/pubmed?term=20489023\" target=\"pubmedpage\">20489023</a>)</p><p>KID<br><font color=#F07406>&bull; Protein Chip data for in vitro phosphorylated substrates</font> (PubMed <a style=\"color:blue\" href=\"http://www.ncbi.nlm.nih.gov/pubmed?term=16319894\" target=\"pubmedpage\">16319894</a>)<br><font color=#27AF47>&bull; Co-Immunoprecipitation by Mass Spec</font> (PubMed <a style=\"color:blue\" href=\"http://www.ncbi.nlm.nih.gov/pubmed?term=20489023\" target=\"pubmedpage\">20489023</a>)</p>", "target": "YKR048C", "k": "33", "content": "HSL1 - NAP1", "source": "YKL101W", "is_directed": false, "id": "YKL101W-YKR048C", "name": "YKL101W-YKR048C"}}, {"data": {"directed": false, "popup": "<h><b>Confidence</b></h><p>0.36091</p><hr /><h><b>Sources and Types</b></h><p>KID<br><font color=#27AF47>&bull; Localized to same subcellular compartment</font> (PubMed <a style=\"color:blue\" href=\"http://www.ncbi.nlm.nih.gov/pubmed?term=14562095\" target=\"pubmedpage\">14562095</a>)</p>", "target": "YNL161W", "k": "9", "content": "HSL1 - CBK1", "source": "YKL101W", "is_directed": false, "id": "YKL101W-YNL161W", "name": "YKL101W-YNL161W"}}, {"data": {"directed": true, "popup": "<h><b>Confidence</b></h><p>0.62420</p><hr /><h><b>Sources and Types</b></h><p>BIOGRID<br><font color=#27AF47>&bull; Biochemical Activity</font> (PubMed <a style=\"color:blue\" href=\"http://www.ncbi.nlm.nih.gov/pubmed?term=16319894\" target=\"pubmedpage\">16319894</a>)</p><p>KID<br><font color=#F07406>&bull; Protein Chip data for in vitro phosphorylated substrates</font> (PubMed <a style=\"color:blue\" href=\"http://www.ncbi.nlm.nih.gov/pubmed?term=16319894\" target=\"pubmedpage\">16319894</a>)</p>", "target": "YOL125W", "k": "25", "content": "HSL1 - TRM13", "source": "YKL101W", "is_directed": false, "id": "YKL101W-YOL125W", "name": "YKL101W-YOL125W"}}, {"data": {"directed": true, "popup": "<h><b>Confidence</b></h><p>0.63807</p><hr /><h><b>Sources and Types</b></h><p>Bodenmiller<br><font color=#F07406>&bull; phosphorylation</font> (PubMed <a style=\"color:blue\" href=\"http://www.ncbi.nlm.nih.gov/pubmed?term=21177495\" target=\"pubmedpage\">21177495</a>)</p><p>KID<br><font color=#27AF47>&bull; Localized to same subcellular compartment</font> (PubMed <a style=\"color:blue\" href=\"http://www.ncbi.nlm.nih.gov/pubmed?term=14562095\" target=\"pubmedpage\">14562095</a>)</p>", "target": "YLR319C", "k": "16", "content": "HSL1 - BUD6", "source": "YKL101W", "is_directed": false, "id": "YKL101W-YLR319C", "name": "YKL101W-YLR319C"}}, {"data": {"directed": false, "popup": "<h><b>Confidence</b></h><p>0.36091</p><hr /><h><b>Sources and Types</b></h><p>KID<br><font color=#27AF47>&bull; Localized to same subcellular compartment</font> (PubMed <a style=\"color:blue\" href=\"http://www.ncbi.nlm.nih.gov/pubmed?term=14562095\" target=\"pubmedpage\">14562095</a>)</p>", "target": "YER032W", "k": "36", "content": "HSL1 - FIR1", "source": "YKL101W", "is_directed": false, "id": "YKL101W-YER032W", "name": "YKL101W-YER032W"}}, {"data": {"directed": false, "popup": "<h><b>Confidence</b></h><p>0.75000</p><hr /><h><b>Sources and Types</b></h><p>BIOGRID<br><font color=#27AF47>&bull; Affinity Capture-MS</font> (PubMed <a style=\"color:blue\" href=\"http://www.ncbi.nlm.nih.gov/pubmed?term=16554755\" target=\"pubmedpage\">16554755</a>)</p><p>KID<br><font color=#27AF47>&bull; Co-Immunoprecipitation by Mass Spec</font> (PubMed <a style=\"color:blue\" href=\"http://www.ncbi.nlm.nih.gov/pubmed?term=16554755\" target=\"pubmedpage\">16554755</a>)</p>", "target": "YPL203W", "k": "12", "content": "HSL1 - TPK2", "source": "YKL101W", "is_directed": false, "id": "YKL101W-YPL203W", "name": "YKL101W-YPL203W"}}, {"data": {"directed": true, "popup": "<h><b>Confidence</b></h><p>0.75000</p><hr /><h><b>Sources and Types</b></h><p>KID<br><font color=#F07406>&bull; Phosphorylation reduced or absent in kinase mutant (Phospho-shifts, Western blot using Phospho-specific antibody)</font> (PubMed <a style=\"color:blue\" href=\"http://www.ncbi.nlm.nih.gov/pubmed?term=15920482\" target=\"pubmedpage\">15920482</a> <a style=\"color:blue\" href=\"http://www.ncbi.nlm.nih.gov/pubmed?term=18562688\" target=\"pubmedpage\">18562688</a>)<br><font color=#F07406>&bull; Phosphorylation or kinase-dependent change in localization</font> (PubMed <a style=\"color:blue\" href=\"http://www.ncbi.nlm.nih.gov/pubmed?term=12925763\" target=\"pubmedpage\">12925763</a> <a style=\"color:blue\" href=\"http://www.ncbi.nlm.nih.gov/pubmed?term=10490648\" target=\"pubmedpage\">10490648</a>)</p>", "target": "YJL187C", "k": "7", "content": "HSL1 - SWE1", "source": "YKL101W", "is_directed": false, "id": "YKL101W-YJL187C", "name": "YKL101W-YJL187C"}}, {"data": {"directed": true, "popup": "<h><b>Confidence</b></h><p>0.62420</p><hr /><h><b>Sources and Types</b></h><p>BIOGRID<br><font color=#27AF47>&bull; Biochemical Activity</font> (PubMed <a style=\"color:blue\" href=\"http://www.ncbi.nlm.nih.gov/pubmed?term=16319894\" target=\"pubmedpage\">16319894</a>)</p><p>KID<br><font color=#F07406>&bull; Protein Chip data for in vitro phosphorylated substrates</font> (PubMed <a style=\"color:blue\" href=\"http://www.ncbi.nlm.nih.gov/pubmed?term=16319894\" target=\"pubmedpage\">16319894</a>)</p>", "target": "YLL008W", "k": "20", "content": "HSL1 - DRS1", "source": "YKL101W", "is_directed": false, "id": "YKL101W-YLL008W", "name": "YKL101W-YLL008W"}}, {"data": {"directed": false, "popup": "<h><b>Confidence</b></h><p>0.36091</p><hr /><h><b>Sources and Types</b></h><p>KID<br><font color=#27AF47>&bull; Localized to same subcellular compartment</font> (PubMed <a style=\"color:blue\" href=\"http://www.ncbi.nlm.nih.gov/pubmed?term=14562095\" target=\"pubmedpage\">14562095</a>)</p>", "target": "YDR348C", "k": "44", "content": "HSL1 - PAL1", "source": "YKL101W", "is_directed": false, "id": "YKL101W-YDR348C", "name": "YKL101W-YDR348C"}}, {"data": {"directed": true, "popup": "<h><b>Confidence</b></h><p>0.62420</p><hr /><h><b>Sources and Types</b></h><p>BIOGRID<br><font color=#27AF47>&bull; Biochemical Activity</font> (PubMed <a style=\"color:blue\" href=\"http://www.ncbi.nlm.nih.gov/pubmed?term=16319894\" target=\"pubmedpage\">16319894</a>)</p><p>KID<br><font color=#F07406>&bull; Protein Chip data for in vitro phosphorylated substrates</font> (PubMed <a style=\"color:blue\" href=\"http://www.ncbi.nlm.nih.gov/pubmed?term=16319894\" target=\"pubmedpage\">16319894</a>)</p>", "target": "YNL272C", "k": "17", "content": "HSL1 - SEC2", "source": "YKL101W", "is_directed": false, "id": "YKL101W-YNL272C", "name": "YKL101W-YNL272C"}}, {"data": {"directed": true, "popup": "<h><b>Confidence</b></h><p>0.62420</p><hr /><h><b>Sources and Types</b></h><p>BIOGRID<br><font color=#27AF47>&bull; Biochemical Activity</font> (PubMed <a style=\"color:blue\" href=\"http://www.ncbi.nlm.nih.gov/pubmed?term=16319894\" target=\"pubmedpage\">16319894</a>)</p><p>KID<br><font color=#F07406>&bull; Protein Chip data for in vitro phosphorylated substrates</font> (PubMed <a style=\"color:blue\" href=\"http://www.ncbi.nlm.nih.gov/pubmed?term=16319894\" target=\"pubmedpage\">16319894</a>)</p>", "target": "YJR141W", "k": "26", "content": "HSL1 - YJR141W", "source": "YKL101W", "is_directed": false, "id": "YKL101W-YJR141W", "name": "YKL101W-YJR141W"}}, {"data": {"directed": true, "popup": "<h><b>Confidence</b></h><p>0.75000</p><hr /><h><b>Sources and Types</b></h><p>KID<br><font color=#F07406>&bull; Phosphorylation reduced or absent in kinase mutant (Phospho-shifts, Western blot using Phospho-specific antibody)</font> (PubMed <a style=\"color:blue\" href=\"http://www.ncbi.nlm.nih.gov/pubmed?term=12388757\" target=\"pubmedpage\">12388757</a> <a style=\"color:blue\" href=\"http://www.ncbi.nlm.nih.gov/pubmed?term=15920482\" target=\"pubmedpage\">15920482</a>)</p>", "target": "YBR160W", "k": "1", "content": "HSL1 - CDC28", "source": "YKL101W", "is_directed": false, "id": "YKL101W-YBR160W", "name": "YKL101W-YBR160W"}}, {"data": {"directed": false, "popup": "<h><b>Confidence</b></h><p>0.36091</p><hr /><h><b>Sources and Types</b></h><p>KID<br><font color=#27AF47>&bull; Localized to same subcellular compartment</font> (PubMed <a style=\"color:blue\" href=\"http://www.ncbi.nlm.nih.gov/pubmed?term=14562095\" target=\"pubmedpage\">14562095</a>)</p>", "target": "YOR188W", "k": "45", "content": "HSL1 - MSB1", "source": "YKL101W", "is_directed": false, "id": "YKL101W-YOR188W", "name": "YKL101W-YOR188W"}}, {"data": {"directed": true, "popup": "<h><b>Confidence</b></h><p>0.23223</p><hr /><h><b>Sources and Types</b></h><p>Bodenmiller<br><font color=#F07406>&bull; phosphorylation</font> (PubMed <a style=\"color:blue\" href=\"http://www.ncbi.nlm.nih.gov/pubmed?term=21177495\" target=\"pubmedpage\">21177495</a>)</p>", "target": "YKL168C", "k": "48", "content": "HSL1 - KKQ8", "source": "YKL101W", "is_directed": false, "id": "YKL101W-YKL168C", "name": "YKL101W-YKL168C"}}, {"data": {"directed": false, "popup": "<h><b>Confidence</b></h><p>0.36091</p><hr /><h><b>Sources and Types</b></h><p>KID<br><font color=#27AF47>&bull; Localized to same subcellular compartment</font> (PubMed <a style=\"color:blue\" href=\"http://www.ncbi.nlm.nih.gov/pubmed?term=14562095\" target=\"pubmedpage\">14562095</a>)</p>", "target": "YNL278W", "k": "46", "content": "HSL1 - CAF120", "source": "YKL101W", "is_directed": false, "id": "YKL101W-YNL278W", "name": "YKL101W-YNL278W"}}, {"data": {"directed": false, "popup": "<h><b>Confidence</b></h><p>0.36091</p><hr /><h><b>Sources and Types</b></h><p>KID<br><font color=#27AF47>&bull; Localized to same subcellular compartment</font> (PubMed <a style=\"color:blue\" href=\"http://www.ncbi.nlm.nih.gov/pubmed?term=14562095\" target=\"pubmedpage\">14562095</a>)</p>", "target": "YPL115C", "k": "41", "content": "HSL1 - BEM3", "source": "YKL101W", "is_directed": false, "id": "YKL101W-YPL115C", "name": "YKL101W-YPL115C"}}, {"data": {"directed": false, "popup": "<h><b>Confidence</b></h><p>0.36091</p><hr /><h><b>Sources and Types</b></h><p>KID<br><font color=#27AF47>&bull; Localized to same subcellular compartment</font> (PubMed <a style=\"color:blue\" href=\"http://www.ncbi.nlm.nih.gov/pubmed?term=14562095\" target=\"pubmedpage\">14562095</a>)</p>", "target": "YCL014W", "k": "35", "content": "HSL1 - BUD3", "source": "YKL101W", "is_directed": false, "id": "YKL101W-YCL014W", "name": "YKL101W-YCL014W"}}, {"data": {"directed": true, "popup": "<h><b>Confidence</b></h><p>0.62420</p><hr /><h><b>Sources and Types</b></h><p>BIOGRID<br><font color=#27AF47>&bull; Biochemical Activity</font> (PubMed <a style=\"color:blue\" href=\"http://www.ncbi.nlm.nih.gov/pubmed?term=16319894\" target=\"pubmedpage\">16319894</a>)</p><p>KID<br><font color=#F07406>&bull; Protein Chip data for in vitro phosphorylated substrates</font> (PubMed <a style=\"color:blue\" href=\"http://www.ncbi.nlm.nih.gov/pubmed?term=16319894\" target=\"pubmedpage\">16319894</a>)</p>", "target": "YLL024C", "k": "14", "content": "HSL1 - SSA2", "source": "YKL101W", "is_directed": false, "id": "YKL101W-YLL024C", "name": "YKL101W-YLL024C"}}, {"data": {"directed": false, "popup": "<h><b>Confidence</b></h><p>0.36091</p><hr /><h><b>Sources and Types</b></h><p>KID<br><font color=#27AF47>&bull; Localized to same subcellular compartment</font> (PubMed <a style=\"color:blue\" href=\"http://www.ncbi.nlm.nih.gov/pubmed?term=14562095\" target=\"pubmedpage\">14562095</a>)</p>", "target": "YJR092W", "k": "31", "content": "HSL1 - BUD4", "source": "YKL101W", "is_directed": false, "id": "YKL101W-YJR092W", "name": "YKL101W-YJR092W"}}, {"data": {"directed": true, "popup": "<h><b>Confidence</b></h><p>0.75000</p><hr /><h><b>Sources and Types</b></h><p>KID<br><font color=#27AF47>&bull; Localized to same subcellular compartment</font> (PubMed <a style=\"color:blue\" href=\"http://www.ncbi.nlm.nih.gov/pubmed?term=14562095\" target=\"pubmedpage\">14562095</a>)<br><font color=#F07406>&bull; Phosphorylation or kinase-dependent change in localization</font> (PubMed <a style=\"color:blue\" href=\"http://www.ncbi.nlm.nih.gov/pubmed?term=15920482\" target=\"pubmedpage\">15920482</a>)</p>", "target": "YMR001C", "k": "4", "content": "HSL1 - CDC5", "source": "YKL101W", "is_directed": false, "id": "YKL101W-YMR001C", "name": "YKL101W-YMR001C"}}, {"data": {"directed": false, "popup": "<h><b>Confidence</b></h><p>0.68803</p><hr /><h><b>Sources and Types</b></h><p>KID<br><font color=#27AF47>&bull; Co-Immunoprecipitation / Co-purification</font> (PubMed <a style=\"color:blue\" href=\"http://www.ncbi.nlm.nih.gov/pubmed?term=17559233\" target=\"pubmedpage\">17559233</a>)</p>", "target": "YDR099W", "k": "38", "content": "HSL1 - BMH2", "source": "YKL101W", "is_directed": false, "id": "YKL101W-YDR099W", "name": "YKL101W-YDR099W"}}, {"data": {"directed": true, "popup": "<h><b>Confidence</b></h><p>0.62420</p><hr /><h><b>Sources and Types</b></h><p>BIOGRID<br><font color=#27AF47>&bull; Biochemical Activity</font> (PubMed <a style=\"color:blue\" href=\"http://www.ncbi.nlm.nih.gov/pubmed?term=16319894\" target=\"pubmedpage\">16319894</a>)</p><p>KID<br><font color=#F07406>&bull; Protein Chip data for in vitro phosphorylated substrates</font> (PubMed <a style=\"color:blue\" href=\"http://www.ncbi.nlm.nih.gov/pubmed?term=16319894\" target=\"pubmedpage\">16319894</a>)</p>", "target": "YDR034C-C", "k": "24", "content": "HSL1 - YDR034C-C", "source": "YKL101W", "is_directed": false, "id": "YKL101W-YDR034C-C", "name": "YKL101W-YDR034C-C"}}, {"data": {"directed": false, "popup": "<h><b>Confidence</b></h><p>0.36091</p><hr /><h><b>Sources and Types</b></h><p>KID<br><font color=#27AF47>&bull; Localized to same subcellular compartment</font> (PubMed <a style=\"color:blue\" href=\"http://www.ncbi.nlm.nih.gov/pubmed?term=14562095\" target=\"pubmedpage\">14562095</a>)</p>", "target": "YOL070C", "k": "37", "content": "HSL1 - NBA1", "source": "YKL101W", "is_directed": false, "id": "YKL101W-YOL070C", "name": "YKL101W-YOL070C"}}, {"data": {"directed": true, "popup": "<h><b>Confidence</b></h><p>0.62420</p><hr /><h><b>Sources and Types</b></h><p>BIOGRID<br><font color=#27AF47>&bull; Biochemical Activity</font> (PubMed <a style=\"color:blue\" href=\"http://www.ncbi.nlm.nih.gov/pubmed?term=16319894\" target=\"pubmedpage\">16319894</a>)</p><p>KID<br><font color=#F07406>&bull; Protein Chip data for in vitro phosphorylated substrates</font> (PubMed <a style=\"color:blue\" href=\"http://www.ncbi.nlm.nih.gov/pubmed?term=16319894\" target=\"pubmedpage\">16319894</a>)</p>", "target": "YMR155W", "k": "27", "content": "HSL1 - YMR155W", "source": "YKL101W", "is_directed": false, "id": "YKL101W-YMR155W", "name": "YKL101W-YMR155W"}}, {"data": {"directed": false, "popup": "<h><b>Confidence</b></h><p>0.75000</p><hr /><h><b>Sources and Types</b></h><p>BIOGRID<br><font color=#27AF47>&bull; Affinity Capture-Western</font> (PubMed <a style=\"color:blue\" href=\"http://www.ncbi.nlm.nih.gov/pubmed?term=11562348\" target=\"pubmedpage\">11562348</a> <a style=\"color:blue\" href=\"http://www.ncbi.nlm.nih.gov/pubmed?term=10848588\" target=\"pubmedpage\">10848588</a> <a style=\"color:blue\" href=\"http://www.ncbi.nlm.nih.gov/pubmed?term=17369399\" target=\"pubmedpage\">17369399</a>)<br><font color=#27AF47>&bull; Two-hybrid</font> (PubMed <a style=\"color:blue\" href=\"http://www.ncbi.nlm.nih.gov/pubmed?term=10848588\" target=\"pubmedpage\">10848588</a>)<br><font color=#27AF47>&bull; Reconstituted Complex</font> (PubMed <a style=\"color:blue\" href=\"http://www.ncbi.nlm.nih.gov/pubmed?term=11562348\" target=\"pubmedpage\">11562348</a>)</p><p>KID<br><font color=#27AF47>&bull; Reconstituted complex</font> (PubMed <a style=\"color:blue\" href=\"http://www.ncbi.nlm.nih.gov/pubmed?term=11562348\" target=\"pubmedpage\">11562348</a>)<br><font color=#27AF47>&bull; Co-Immunoprecipitation / Co-purification</font> (PubMed <a style=\"color:blue\" href=\"http://www.ncbi.nlm.nih.gov/pubmed?term=11562348\" target=\"pubmedpage\">11562348</a> <a style=\"color:blue\" href=\"http://www.ncbi.nlm.nih.gov/pubmed?term=10848588\" target=\"pubmedpage\">10848588</a> <a style=\"color:blue\" href=\"http://www.ncbi.nlm.nih.gov/pubmed?term=17369399\" target=\"pubmedpage\">17369399</a>)</p>", "target": "YGL116W", "k": "2", "content": "HSL1 - CDC20", "source": "YKL101W", "is_directed": false, "id": "YKL101W-YGL116W", "name": "YKL101W-YGL116W"}}, {"data": {"directed": false, "popup": "<h><b>Confidence</b></h><p>0.36091</p><hr /><h><b>Sources and Types</b></h><p>KID<br><font color=#27AF47>&bull; Localized to same subcellular compartment</font> (PubMed <a style=\"color:blue\" href=\"http://www.ncbi.nlm.nih.gov/pubmed?term=14562095\" target=\"pubmedpage\">14562095</a>)</p>", "target": "YHR149C", "k": "43", "content": "HSL1 - SKG6", "source": "YKL101W", "is_directed": false, "id": "YKL101W-YHR149C", "name": "YKL101W-YHR149C"}}, {"data": {"directed": false, "popup": "<h><b>Confidence</b></h><p>0.36091</p><hr /><h><b>Sources and Types</b></h><p>KID<br><font color=#27AF47>&bull; Localized to same subcellular compartment</font> (PubMed <a style=\"color:blue\" href=\"http://www.ncbi.nlm.nih.gov/pubmed?term=14562095\" target=\"pubmedpage\">14562095</a>)</p>", "target": "YGR092W", "k": "6", "content": "HSL1 - DBF2", "source": "YKL101W", "is_directed": false, "id": "YKL101W-YGR092W", "name": "YKL101W-YGR092W"}}, {"data": {"directed": true, "popup": "<h><b>Confidence</b></h><p>0.62420</p><hr /><h><b>Sources and Types</b></h><p>BIOGRID<br><font color=#27AF47>&bull; Biochemical Activity</font> (PubMed <a style=\"color:blue\" href=\"http://www.ncbi.nlm.nih.gov/pubmed?term=16319894\" target=\"pubmedpage\">16319894</a>)</p><p>KID<br><font color=#F07406>&bull; Protein Chip data for in vitro phosphorylated substrates</font> (PubMed <a style=\"color:blue\" href=\"http://www.ncbi.nlm.nih.gov/pubmed?term=16319894\" target=\"pubmedpage\">16319894</a>)</p>", "target": "YER098W", "k": "23", "content": "HSL1 - UBP9", "source": "YKL101W", "is_directed": false, "id": "YKL101W-YER098W", "name": "YKL101W-YER098W"}}, {"data": {"directed": false, "popup": "<h><b>Confidence</b></h><p>0.44737</p><hr /><h><b>Sources and Types</b></h><p>BIOGRID<br><font color=#27AF47>&bull; PCA</font> (PubMed <a style=\"color:blue\" href=\"http://www.ncbi.nlm.nih.gov/pubmed?term=21118957\" target=\"pubmedpage\">21118957</a>)</p>", "target": "YIL106W", "k": "29", "content": "HSL1 - MOB1", "source": "YKL101W", "is_directed": false, "id": "YKL101W-YIL106W", "name": "YKL101W-YIL106W"}}, {"data": {"directed": false, "popup": "<h><b>Confidence</b></h><p>0.36091</p><hr /><h><b>Sources and Types</b></h><p>KID<br><font color=#27AF47>&bull; Localized to same subcellular compartment</font> (PubMed <a style=\"color:blue\" href=\"http://www.ncbi.nlm.nih.gov/pubmed?term=14562095\" target=\"pubmedpage\">14562095</a>)</p>", "target": "YCR030C", "k": "32", "content": "HSL1 - SYP1", "source": "YKL101W", "is_directed": false, "id": "YKL101W-YCR030C", "name": "YKL101W-YCR030C"}}, {"data": {"directed": false, "popup": "<h><b>Confidence</b></h><p>0.36054</p><hr /><h><b>Sources and Types</b></h><p>BIOGRID<br><font color=#27AF47>&bull; Biochemical Activity</font> (PubMed <a style=\"color:blue\" href=\"http://www.ncbi.nlm.nih.gov/pubmed?term=16319894\" target=\"pubmedpage\">16319894</a>)</p>", "target": "YDR134C", "k": "47", "content": "HSL1 - YDR134C", "source": "YKL101W", "is_directed": false, "id": "YKL101W-YDR134C", "name": "YKL101W-YDR134C"}}, {"data": {"directed": false, "popup": "<h><b>Confidence</b></h><p>0.68803</p><hr /><h><b>Sources and Types</b></h><p>KID<br><font color=#27AF47>&bull; Co-Immunoprecipitation / Co-purification</font> (PubMed <a style=\"color:blue\" href=\"http://www.ncbi.nlm.nih.gov/pubmed?term=17559233\" target=\"pubmedpage\">17559233</a>)</p>", "target": "YER177W", "k": "39", "content": "HSL1 - BMH1", "source": "YKL101W", "is_directed": false, "id": "YKL101W-YER177W", "name": "YKL101W-YER177W"}}, {"data": {"directed": false, "popup": "<h><b>Confidence</b></h><p>0.36091</p><hr /><h><b>Sources and Types</b></h><p>KID<br><font color=#27AF47>&bull; Localized to same subcellular compartment</font> (PubMed <a style=\"color:blue\" href=\"http://www.ncbi.nlm.nih.gov/pubmed?term=14562095\" target=\"pubmedpage\">14562095</a>)</p>", "target": "YOR127W", "k": "42", "content": "HSL1 - RGA1", "source": "YKL101W", "is_directed": false, "id": "YKL101W-YOR127W", "name": "YKL101W-YOR127W"}}, {"data": {"directed": true, "popup": "<h><b>Confidence</b></h><p>0.23223</p><hr /><h><b>Sources and Types</b></h><p>Bodenmiller<br><font color=#F07406>&bull; phosphorylation</font> (PubMed <a style=\"color:blue\" href=\"http://www.ncbi.nlm.nih.gov/pubmed?term=21177495\" target=\"pubmedpage\">21177495</a>)</p>", "target": "YOL100W", "k": "49", "content": "HSL1 - PKH2", "source": "YKL101W", "is_directed": false, "id": "YKL101W-YOL100W", "name": "YKL101W-YOL100W"}}, {"data": {"directed": false, "popup": "<h><b>Confidence</b></h><p>0.75000</p><hr /><h><b>Sources and Types</b></h><p>BIOGRID<br><font color=#27AF47>&bull; PCA</font> (PubMed <a style=\"color:blue\" href=\"http://www.ncbi.nlm.nih.gov/pubmed?term=21118957\" target=\"pubmedpage\">21118957</a>)<br><font color=#27AF47>&bull; Affinity Capture-MS</font> (PubMed <a style=\"color:blue\" href=\"http://www.ncbi.nlm.nih.gov/pubmed?term=20489023\" target=\"pubmedpage\">20489023</a>)</p><p>KID<br><font color=#27AF47>&bull; Co-Immunoprecipitation by Mass Spec</font> (PubMed <a style=\"color:blue\" href=\"http://www.ncbi.nlm.nih.gov/pubmed?term=20489023\" target=\"pubmedpage\">20489023</a>)<br><font color=#27AF47>&bull; LTP Co-localization</font> (PubMed <a style=\"color:blue\" href=\"http://www.ncbi.nlm.nih.gov/pubmed?term=9925642\" target=\"pubmedpage\">9925642</a>)</p>", "target": "YDR507C", "k": "8", "content": "HSL1 - GIN4", "source": "YKL101W", "is_directed": false, "id": "YKL101W-YDR507C", "name": "YKL101W-YDR507C"}}, {"data": {"directed": false, "popup": "<h><b>Confidence</b></h><p>0.75000</p><hr /><h><b>Sources and Types</b></h><p>BIOGRID<br><font color=#27AF47>&bull; Two-hybrid</font> (PubMed <a style=\"color:blue\" href=\"http://www.ncbi.nlm.nih.gov/pubmed?term=14527412\" target=\"pubmedpage\">14527412</a>)</p><p>KID<br><font color=#27AF47>&bull; Physical interaction by Two-hybrid or PCA</font> (PubMed <a style=\"color:blue\" href=\"http://www.ncbi.nlm.nih.gov/pubmed?term=14527412\" target=\"pubmedpage\">14527412</a>)<br><font color=#27AF47>&bull; Localized to same subcellular compartment</font> (PubMed <a style=\"color:blue\" href=\"http://www.ncbi.nlm.nih.gov/pubmed?term=14562095\" target=\"pubmedpage\">14562095</a>)</p>", "target": "YJR076C", "k": "10", "content": "HSL1 - CDC11", "source": "YKL101W", "is_directed": false, "id": "YKL101W-YJR076C", "name": "YKL101W-YJR076C"}}, {"data": {"directed": false, "popup": "<h><b>Confidence</b></h><p>0.36091</p><hr /><h><b>Sources and Types</b></h><p>KID<br><font color=#27AF47>&bull; Localized to same subcellular compartment</font> (PubMed <a style=\"color:blue\" href=\"http://www.ncbi.nlm.nih.gov/pubmed?term=14562095\" target=\"pubmedpage\">14562095</a>)</p>", "target": "YKL048C", "k": "5", "content": "HSL1 - ELM1", "source": "YKL101W", "is_directed": false, "id": "YKL101W-YKL048C", "name": "YKL101W-YKL048C"}}, {"data": {"directed": false, "popup": "<h><b>Confidence</b></h><p>0.75000</p><hr /><h><b>Sources and Types</b></h><p>BIOGRID<br><font color=#27AF47>&bull; Affinity Capture-Western</font> (PubMed <a style=\"color:blue\" href=\"http://www.ncbi.nlm.nih.gov/pubmed?term=21460798\" target=\"pubmedpage\">21460798</a> <a style=\"color:blue\" href=\"http://www.ncbi.nlm.nih.gov/pubmed?term=15916960\" target=\"pubmedpage\">15916960</a> <a style=\"color:blue\" href=\"http://www.ncbi.nlm.nih.gov/pubmed?term=18596038\" target=\"pubmedpage\">18596038</a> <a style=\"color:blue\" href=\"http://www.ncbi.nlm.nih.gov/pubmed?term=11562348\" target=\"pubmedpage\">11562348</a> <a style=\"color:blue\" href=\"http://www.ncbi.nlm.nih.gov/pubmed?term=10848588\" target=\"pubmedpage\">10848588</a>)<br><font color=#27AF47>&bull; Two-hybrid</font> (PubMed <a style=\"color:blue\" href=\"http://www.ncbi.nlm.nih.gov/pubmed?term=21460798\" target=\"pubmedpage\">21460798</a> <a style=\"color:blue\" href=\"http://www.ncbi.nlm.nih.gov/pubmed?term=21562221\" target=\"pubmedpage\">21562221</a> <a style=\"color:blue\" href=\"http://www.ncbi.nlm.nih.gov/pubmed?term=10848588\" target=\"pubmedpage\">10848588</a>)<br><font color=#27AF47>&bull; Reconstituted Complex</font> (PubMed <a style=\"color:blue\" href=\"http://www.ncbi.nlm.nih.gov/pubmed?term=18519589\" target=\"pubmedpage\">18519589</a> <a style=\"color:blue\" href=\"http://www.ncbi.nlm.nih.gov/pubmed?term=11562348\" target=\"pubmedpage\">11562348</a> <a style=\"color:blue\" href=\"http://www.ncbi.nlm.nih.gov/pubmed?term=21460040\" target=\"pubmedpage\">21460040</a>)<br><font color=#27AF47>&bull; Biochemical Activity</font> (PubMed <a style=\"color:blue\" href=\"http://www.ncbi.nlm.nih.gov/pubmed?term=21460798\" target=\"pubmedpage\">21460798</a> <a style=\"color:blue\" href=\"http://www.ncbi.nlm.nih.gov/pubmed?term=18519589\" target=\"pubmedpage\">18519589</a>)<br><font color=#27AF47>&bull; Protein-peptide</font> (PubMed <a style=\"color:blue\" href=\"http://www.ncbi.nlm.nih.gov/pubmed?term=15916960\" target=\"pubmedpage\">15916960</a>)</p><p>KID<br><font color=#27AF47>&bull; Reconstituted complex</font> (PubMed <a style=\"color:blue\" href=\"http://www.ncbi.nlm.nih.gov/pubmed?term=18519589\" target=\"pubmedpage\">18519589</a> <a style=\"color:blue\" href=\"http://www.ncbi.nlm.nih.gov/pubmed?term=11562348\" target=\"pubmedpage\">11562348</a>)<br><font color=#27AF47>&bull; Co-Immunoprecipitation / Co-purification</font> (PubMed <a style=\"color:blue\" href=\"http://www.ncbi.nlm.nih.gov/pubmed?term=15916960\" target=\"pubmedpage\">15916960</a> <a style=\"color:blue\" href=\"http://www.ncbi.nlm.nih.gov/pubmed?term=11562348\" target=\"pubmedpage\">11562348</a> <a style=\"color:blue\" href=\"http://www.ncbi.nlm.nih.gov/pubmed?term=10848588\" target=\"pubmedpage\">10848588</a>)<br><font color=#27AF47>&bull; HTP In vitro PPI</font> (PubMed <a style=\"color:blue\" href=\"http://www.ncbi.nlm.nih.gov/pubmed?term=21460040\" target=\"pubmedpage\">21460040</a>)</p>", "target": "YGL003C", "k": "3", "content": "HSL1 - CDH1", "source": "YKL101W", "is_directed": false, "id": "YKL101W-YGL003C", "name": "YKL101W-YGL003C"}}, {"data": {"directed": true, "popup": "<h><b>Confidence</b></h><p>0.62420</p><hr /><h><b>Sources and Types</b></h><p>BIOGRID<br><font color=#27AF47>&bull; Biochemical Activity</font> (PubMed <a style=\"color:blue\" href=\"http://www.ncbi.nlm.nih.gov/pubmed?term=16319894\" target=\"pubmedpage\">16319894</a>)</p><p>KID<br><font color=#F07406>&bull; Protein Chip data for in vitro phosphorylated substrates</font> (PubMed <a style=\"color:blue\" href=\"http://www.ncbi.nlm.nih.gov/pubmed?term=16319894\" target=\"pubmedpage\">16319894</a>)</p>", "target": "YGR276C", "k": "22", "content": "HSL1 - RNH70", "source": "YKL101W", "is_directed": false, "id": "YKL101W-YGR276C", "name": "YKL101W-YGR276C"}}, {"data": {"directed": true, "popup": "<h><b>Confidence</b></h><p>0.62420</p><hr /><h><b>Sources and Types</b></h><p>BIOGRID<br><font color=#27AF47>&bull; Biochemical Activity</font> (PubMed <a style=\"color:blue\" href=\"http://www.ncbi.nlm.nih.gov/pubmed?term=16319894\" target=\"pubmedpage\">16319894</a>)</p><p>KID<br><font color=#F07406>&bull; Protein Chip data for in vitro phosphorylated substrates</font> (PubMed <a style=\"color:blue\" href=\"http://www.ncbi.nlm.nih.gov/pubmed?term=16319894\" target=\"pubmedpage\">16319894</a>)</p>", "target": "YBR118W", "k": "18", "content": "HSL1 - TEF2", "source": "YKL101W", "is_directed": false, "id": "YKL101W-YBR118W", "name": "YKL101W-YBR118W"}}, {"data": {"directed": true, "popup": "<h><b>Confidence</b></h><p>0.63807</p><hr /><h><b>Sources and Types</b></h><p>Bodenmiller<br><font color=#F07406>&bull; phosphorylation</font> (PubMed <a style=\"color:blue\" href=\"http://www.ncbi.nlm.nih.gov/pubmed?term=21177495\" target=\"pubmedpage\">21177495</a>)</p><p>KID<br><font color=#27AF47>&bull; Localized to same subcellular compartment</font> (PubMed <a style=\"color:blue\" href=\"http://www.ncbi.nlm.nih.gov/pubmed?term=14562095\" target=\"pubmedpage\">14562095</a>)</p>", "target": "YDL225W", "k": "13", "content": "HSL1 - SHS1", "source": "YKL101W", "is_directed": false, "id": "YKL101W-YDL225W", "name": "YKL101W-YDL225W"}}, {"data": {"directed": false, "popup": "<h><b>Confidence</b></h><p>0.75000</p><hr /><h><b>Sources and Types</b></h><p>BIOGRID<br><font color=#27AF47>&bull; Affinity Capture-Western</font> (PubMed <a style=\"color:blue\" href=\"http://www.ncbi.nlm.nih.gov/pubmed?term=9925642\" target=\"pubmedpage\">9925642</a>)</p><p>KID<br><font color=#27AF47>&bull; Co-Immunoprecipitation / Co-purification</font> (PubMed <a style=\"color:blue\" href=\"http://www.ncbi.nlm.nih.gov/pubmed?term=9925642\" target=\"pubmedpage\">9925642</a>)<br><font color=#27AF47>&bull; LTP Co-localization</font> (PubMed <a style=\"color:blue\" href=\"http://www.ncbi.nlm.nih.gov/pubmed?term=9925642\" target=\"pubmedpage\">9925642</a>)</p>", "target": "YLR314C", "k": "11", "content": "HSL1 - CDC3", "source": "YKL101W", "is_directed": false, "id": "YKL101W-YLR314C", "name": "YKL101W-YLR314C"}}, {"data": {"directed": false, "popup": "<h><b>Confidence</b></h><p>0.36091</p><hr /><h><b>Sources and Types</b></h><p>KID<br><font color=#27AF47>&bull; Localized to same subcellular compartment</font> (PubMed <a style=\"color:blue\" href=\"http://www.ncbi.nlm.nih.gov/pubmed?term=14562095\" target=\"pubmedpage\">14562095</a>)</p>", "target": "YER008C", "k": "40", "content": "HSL1 - SEC3", "source": "YKL101W", "is_directed": false, "id": "YKL101W-YER008C", "name": "YKL101W-YER008C"}}, {"data": {"directed": true, "popup": "<h><b>Confidence</b></h><p>0.23223</p><hr /><h><b>Sources and Types</b></h><p>Bodenmiller<br><font color=#F07406>&bull; phosphorylation</font> (PubMed <a style=\"color:blue\" href=\"http://www.ncbi.nlm.nih.gov/pubmed?term=21177495\" target=\"pubmedpage\">21177495</a>)</p>", "target": "YIL135C", "k": "50", "content": "HSL1 - VHS2", "source": "YKL101W", "is_directed": false, "id": "YKL101W-YIL135C", "name": "YKL101W-YIL135C"}}, {"data": {"directed": false, "popup": "<h><b>Confidence</b></h><p>0.36054</p><hr /><h><b>Sources and Types</b></h><p>BIOGRID<br><font color=#27AF47>&bull; Biochemical Activity</font> (PubMed <a style=\"color:blue\" href=\"http://www.ncbi.nlm.nih.gov/pubmed?term=16319894\" target=\"pubmedpage\">16319894</a>)</p>", "target": "YBR160W", "k": "27", "content": "YMR155W - CDC28", "source": "YMR155W", "is_directed": false, "id": "YMR155W-YBR160W", "name": "YMR155W-YBR160W"}}, {"data": {"directed": false, "popup": "<h><b>Confidence</b></h><p>0.36054</p><hr /><h><b>Sources and Types</b></h><p>BIOGRID<br><font color=#27AF47>&bull; Biochemical Activity</font> (PubMed <a style=\"color:blue\" href=\"http://www.ncbi.nlm.nih.gov/pubmed?term=14574415\" target=\"pubmedpage\">14574415</a>)</p>", "target": "YBR160W", "k": "37", "content": "NBA1 - CDC28", "source": "YOL070C", "is_directed": false, "id": "YOL070C-YBR160W", "name": "YOL070C-YBR160W"}}, {"data": {"directed": false, "popup": "<h><b>Confidence</b></h><p>0.75000</p><hr /><h><b>Sources and Types</b></h><p>BIOGRID<br><font color=#27AF47>&bull; Co-localization</font> (PubMed <a style=\"color:blue\" href=\"http://www.ncbi.nlm.nih.gov/pubmed?term=11598184\" target=\"pubmedpage\">11598184</a>)</p>", "target": "YGL116W", "k": "28", "content": "DBF2 - CDC20", "source": "YGR092W", "is_directed": false, "id": "YGR092W-YGL116W", "name": "YGR092W-YGL116W"}}, {"data": {"directed": false, "popup": "<h><b>Confidence</b></h><p>0.36054</p><hr /><h><b>Sources and Types</b></h><p>BIOGRID<br><font color=#27AF47>&bull; Biochemical Activity</font> (PubMed <a style=\"color:blue\" href=\"http://www.ncbi.nlm.nih.gov/pubmed?term=14574415\" target=\"pubmedpage\">14574415</a>)</p>", "target": "YBR160W", "k": "6", "content": "DBF2 - CDC28", "source": "YGR092W", "is_directed": false, "id": "YGR092W-YBR160W", "name": "YGR092W-YBR160W"}}, {"data": {"directed": false, "popup": "<h><b>Confidence</b></h><p>0.36054</p><hr /><h><b>Sources and Types</b></h><p>BIOGRID<br><font color=#27AF47>&bull; Biochemical Activity</font> (PubMed <a style=\"color:blue\" href=\"http://www.ncbi.nlm.nih.gov/pubmed?term=16319894\" target=\"pubmedpage\">16319894</a>)</p>", "target": "YBR160W", "k": "23", "content": "UBP9 - CDC28", "source": "YER098W", "is_directed": false, "id": "YER098W-YBR160W", "name": "YER098W-YBR160W"}}, {"data": {"directed": false, "popup": "<h><b>Confidence</b></h><p>0.36054</p><hr /><h><b>Sources and Types</b></h><p>BIOGRID<br><font color=#27AF47>&bull; Biochemical Activity</font> (PubMed <a style=\"color:blue\" href=\"http://www.ncbi.nlm.nih.gov/pubmed?term=14574415\" target=\"pubmedpage\">14574415</a> <a style=\"color:blue\" href=\"http://www.ncbi.nlm.nih.gov/pubmed?term=20123997\" target=\"pubmedpage\">20123997</a>)</p>", "target": "YBR160W", "k": "29", "content": "MOB1 - CDC28", "source": "YIL106W", "is_directed": false, "id": "YIL106W-YBR160W", "name": "YIL106W-YBR160W"}}, {"data": {"directed": false, "popup": "<h><b>Confidence</b></h><p>0.68803</p><hr /><h><b>Sources and Types</b></h><p>KID<br><font color=#27AF47>&bull; Co-Immunoprecipitation / Co-purification</font> (PubMed <a style=\"color:blue\" href=\"http://www.ncbi.nlm.nih.gov/pubmed?term=11160944\" target=\"pubmedpage\">11160944</a>)</p>", "target": "YBR160W", "k": "32", "content": "SYP1 - CDC28", "source": "YCR030C", "is_directed": false, "id": "YCR030C-YBR160W", "name": "YCR030C-YBR160W"}}, {"data": {"directed": false, "popup": "<h><b>Confidence</b></h><p>0.36054</p><hr /><h><b>Sources and Types</b></h><p>BIOGRID<br><font color=#27AF47>&bull; Biochemical Activity</font> (PubMed <a style=\"color:blue\" href=\"http://www.ncbi.nlm.nih.gov/pubmed?term=16319894\" target=\"pubmedpage\">16319894</a>)</p>", "target": "YBR160W", "k": "47", "content": "YDR134C - CDC28", "source": "YDR134C", "is_directed": false, "id": "YDR134C-YBR160W", "name": "YDR134C-YBR160W"}}, {"data": {"directed": false, "popup": "<h><b>Confidence</b></h><p>0.36054</p><hr /><h><b>Sources and Types</b></h><p>BIOGRID<br><font color=#27AF47>&bull; Biochemical Activity</font> (PubMed <a style=\"color:blue\" href=\"http://www.ncbi.nlm.nih.gov/pubmed?term=14574415\" target=\"pubmedpage\">14574415</a> <a style=\"color:blue\" href=\"http://www.ncbi.nlm.nih.gov/pubmed?term=21658602\" target=\"pubmedpage\">21658602</a>)</p>", "target": "YBR160W", "k": "36", "content": "FIR1 - CDC28", "source": "YER032W", "is_directed": false, "id": "YER032W-YBR160W", "name": "YER032W-YBR160W"}}, {"data": {"directed": false, "popup": "<h><b>Confidence</b></h><p>0.55388</p><hr /><h><b>Sources and Types</b></h><p>BIOGRID<br><font color=#27AF47>&bull; Affinity Capture-MS</font> (PubMed <a style=\"color:blue\" href=\"http://www.ncbi.nlm.nih.gov/pubmed?term=22189709\" target=\"pubmedpage\">22189709</a> <a style=\"color:blue\" href=\"http://www.ncbi.nlm.nih.gov/pubmed?term=11805837\" target=\"pubmedpage\">11805837</a>)</p>", "target": "YGL003C", "k": "33", "content": "NAP1 - CDH1", "source": "YKR048C", "is_directed": false, "id": "YKR048C-YGL003C", "name": "YKR048C-YGL003C"}}, {"data": {"directed": false, "popup": "<h><b>Confidence</b></h><p>0.36054</p><hr /><h><b>Sources and Types</b></h><p>BIOGRID<br><font color=#27AF47>&bull; Biochemical Activity</font> (PubMed <a style=\"color:blue\" href=\"http://www.ncbi.nlm.nih.gov/pubmed?term=14574415\" target=\"pubmedpage\">14574415</a>)</p>", "target": "YBR160W", "k": "49", "content": "PKH2 - CDC28", "source": "YOL100W", "is_directed": false, "id": "YOL100W-YBR160W", "name": "YOL100W-YBR160W"}}, {"data": {"directed": false, "popup": "<h><b>Confidence</b></h><p>0.75000</p><hr /><h><b>Sources and Types</b></h><p>BIOGRID<br><font color=#27AF47>&bull; Affinity Capture-Western</font> (PubMed <a style=\"color:blue\" href=\"http://www.ncbi.nlm.nih.gov/pubmed?term=17765684\" target=\"pubmedpage\">17765684</a>)</p>", "target": "YBR160W", "k": "10", "content": "CDC11 - CDC28", "source": "YJR076C", "is_directed": false, "id": "YJR076C-YBR160W", "name": "YJR076C-YBR160W"}}, {"data": {"directed": true, "popup": "<h><b>Confidence</b></h><p>0.75000</p><hr /><h><b>Sources and Types</b></h><p>Bodenmiller<br><font color=#F07406>&bull; phosphorylation</font> (PubMed <a style=\"color:blue\" href=\"http://www.ncbi.nlm.nih.gov/pubmed?term=21177495\" target=\"pubmedpage\">21177495</a>)</p><p>BIOGRID<br><font color=#27AF47>&bull; Two-hybrid</font> (PubMed <a style=\"color:blue\" href=\"http://www.ncbi.nlm.nih.gov/pubmed?term=18231587\" target=\"pubmedpage\">18231587</a>)<br><font color=#27AF47>&bull; Biochemical Activity</font> (PubMed <a style=\"color:blue\" href=\"http://www.ncbi.nlm.nih.gov/pubmed?term=14574415\" target=\"pubmedpage\">14574415</a>)</p><p>KID<br><font color=#27AF47>&bull; Yeast 2-Hybrid studies or PCA assay</font> (PubMed <a style=\"color:blue\" href=\"http://www.ncbi.nlm.nih.gov/pubmed?term=18231587\" target=\"pubmedpage\">18231587</a>)</p>", "target": "YBR160W", "k": "5", "content": "ELM1 - CDC28", "source": "YKL048C", "is_directed": false, "id": "YKL048C-YBR160W", "name": "YKL048C-YBR160W"}}, {"data": {"directed": false, "popup": "<h><b>Confidence</b></h><p>0.36054</p><hr /><h><b>Sources and Types</b></h><p>BIOGRID<br><font color=#27AF47>&bull; Biochemical Activity</font> (PubMed <a style=\"color:blue\" href=\"http://www.ncbi.nlm.nih.gov/pubmed?term=16319894\" target=\"pubmedpage\">16319894</a>)</p>", "target": "YBR160W", "k": "22", "content": "RNH70 - CDC28", "source": "YGR276C", "is_directed": false, "id": "YGR276C-YBR160W", "name": "YGR276C-YBR160W"}}, {"data": {"directed": false, "popup": "<h><b>Confidence</b></h><p>0.68803</p><hr /><h><b>Sources and Types</b></h><p>KID<br><font color=#27AF47>&bull; Co-Immunoprecipitation / Co-purification</font> (PubMed <a style=\"color:blue\" href=\"http://www.ncbi.nlm.nih.gov/pubmed?term=11160944\" target=\"pubmedpage\">11160944</a>)</p>", "target": "YBR160W", "k": "18", "content": "TEF2 - CDC28", "source": "YBR118W", "is_directed": false, "id": "YBR118W-YBR160W", "name": "YBR118W-YBR160W"}}, {"data": {"directed": false, "popup": "<h><b>Confidence</b></h><p>0.36054</p><hr /><h><b>Sources and Types</b></h><p>BIOGRID<br><font color=#27AF47>&bull; Biochemical Activity</font> (PubMed <a style=\"color:blue\" href=\"http://www.ncbi.nlm.nih.gov/pubmed?term=18431499\" target=\"pubmedpage\">18431499</a>)</p>", "target": "YBR160W", "k": "13", "content": "SHS1 - CDC28", "source": "YDL225W", "is_directed": false, "id": "YDL225W-YBR160W", "name": "YDL225W-YBR160W"}}, {"data": {"directed": false, "popup": "<h><b>Confidence</b></h><p>0.36054</p><hr /><h><b>Sources and Types</b></h><p>BIOGRID<br><font color=#27AF47>&bull; Biochemical Activity</font> (PubMed <a style=\"color:blue\" href=\"http://www.ncbi.nlm.nih.gov/pubmed?term=12429908\" target=\"pubmedpage\">12429908</a>)</p>", "target": "YBR160W", "k": "11", "content": "CDC3 - CDC28", "source": "YLR314C", "is_directed": false, "id": "YLR314C-YBR160W", "name": "YLR314C-YBR160W"}}, {"data": {"directed": false, "popup": "<h><b>Confidence</b></h><p>0.36054</p><hr /><h><b>Sources and Types</b></h><p>BIOGRID<br><font color=#27AF47>&bull; Biochemical Activity</font> (PubMed <a style=\"color:blue\" href=\"http://www.ncbi.nlm.nih.gov/pubmed?term=14574415\" target=\"pubmedpage\">14574415</a>)</p>", "target": "YBR160W", "k": "40", "content": "SEC3 - CDC28", "source": "YER008C", "is_directed": false, "id": "YER008C-YBR160W", "name": "YER008C-YBR160W"}}, {"data": {"directed": false, "popup": "<h><b>Confidence</b></h><p>0.75000</p><hr /><h><b>Sources and Types</b></h><p>BIOGRID<br><font color=#27AF47>&bull; Affinity Capture-Western</font> (PubMed <a style=\"color:blue\" href=\"http://www.ncbi.nlm.nih.gov/pubmed?term=9544703\" target=\"pubmedpage\">9544703</a>)<br><font color=#27AF47>&bull; Biochemical Activity</font> (PubMed <a style=\"color:blue\" href=\"http://www.ncbi.nlm.nih.gov/pubmed?term=14574415\" target=\"pubmedpage\">14574415</a>)</p>", "target": "YBR160W", "k": "8", "content": "GIN4 - CDC28", "source": "YDR507C", "is_directed": false, "id": "YDR507C-YBR160W", "name": "YDR507C-YBR160W"}}, {"data": {"directed": false, "popup": "<h><b>Confidence</b></h><p>0.36054</p><hr /><h><b>Sources and Types</b></h><p>BIOGRID<br><font color=#27AF47>&bull; Biochemical Activity</font> (PubMed <a style=\"color:blue\" href=\"http://www.ncbi.nlm.nih.gov/pubmed?term=14574415\" target=\"pubmedpage\">14574415</a>)</p>", "target": "YBR160W", "k": "45", "content": "MSB1 - CDC28", "source": "YOR188W", "is_directed": false, "id": "YOR188W-YBR160W", "name": "YOR188W-YBR160W"}}]}, "data": {"layout": "radial", "name": "linker-q_0.5-query_HSL1-path_k_50", "tags": ["HSL1", "2013-jcb-linker"], "title": "graph_2017-04-14 01:15:59.739556", "paper_title": "Pathways on demand: automated reconstruction of human signaling networks.", "taxon_id": "559292", "pmid": "23641868", "organism": "Saccharomyces cerevisiae", "pubmed_authors": ["Christopher L. Poirel", "Richard R. Rodrigues", "Katherine C. Chen", "John J. Tyson", "T. M. Murali"], "description": "<br><img border=\"0\" src=\"../../../images/legend.png\" alt=\"Network Legend\" width=\"150px\" />"}}