{"elements": {"nodes": [{"data": {"popup": "<h><b>Systematic name</b><p>YML064C</p><h><b>Query visitation probability</b></h><p>2.691e-04</p><hr /><h><b>Description (from <a style=\"color:blue\" href=\"http://www.yeastgenome.org/cgi-bin/locus.fpl?locus=YML064C\" target=\"sgdpage\">SGD</a>)</b></h><p>GTP-binding protein of the ras superfamily involved in termination of M-phase; controls actomyosin and septin dynamics during cytokinesis\n</p>", "name": "YML064C", "k": "24", "label": "TEM1", "id": "YML064C", "aliases": []}}, {"data": {"popup": "<h><b>Systematic name</b><p>YLR079W</p><h><b>Query visitation probability</b></h><p>6.832e-05</p><hr /><h><b>Description (from <a style=\"color:blue\" href=\"http://www.yeastgenome.org/cgi-bin/locus.fpl?locus=YLR079W\" target=\"sgdpage\">SGD</a>)</b></h><p>Cyclin-dependent kinase inhibitor (CKI); inhibitor of Cdc28-Clb kinase complexes that controls G1/S phase transition, preventing premature S phase and ensuring genomic integrity; phosphorylation targets Sic1p for SCF(CDC4)-dependent turnover; functional homolog of mammalian Kip1\n</p>", "name": "YLR079W", "k": "36", "label": "SIC1", "id": "YLR079W", "aliases": []}}, {"data": {"popup": "<h><b>Systematic name</b><p>YJL030W</p><h><b>Query visitation probability</b></h><p>1.164e-04</p><hr /><h><b>Description (from <a style=\"color:blue\" href=\"http://www.yeastgenome.org/cgi-bin/locus.fpl?locus=YJL030W\" target=\"sgdpage\">SGD</a>)</b></h><p>Component of the spindle-assembly checkpoint complex; delays the onset of anaphase in cells with defects in mitotic spindle assembly; forms a complex with Mad1p; regulates APC/C activity during prometaphase and metaphase of meiosis I\n</p>", "name": "YJL030W", "k": "38", "label": "MAD2", "id": "YJL030W", "aliases": []}}, {"data": {"popup": "<h><b>Systematic name</b><p>YNL161W</p><h><b>Query visitation probability</b></h><p>1.073e-02</p><hr /><h><b>Description (from <a style=\"color:blue\" href=\"http://www.yeastgenome.org/cgi-bin/locus.fpl?locus=YNL161W\" target=\"sgdpage\">SGD</a>)</b></h><p>Serine/threonine protein kinase of the the RAM signaling network; Ndr/LATS family member; binds regulatory subunit Mob2p; involved in regulation of cellular morphogenesis, polarized growth, and septum destruction; phosphorylation by Cbk1p regulates localization and activity of Ace2p transcription factor and Ssd1p translational repressor; Cbk1p activity is regulated by both phosphorylation and specific localization\n</p>", "name": "YNL161W", "k": "8", "label": "CBK1", "id": "YNL161W", "aliases": []}}, {"data": {"popup": "<h><b>Systematic name</b><p>YJL076W</p><h><b>Query visitation probability</b></h><p>1.543e-04</p><hr /><h><b>Description (from <a style=\"color:blue\" href=\"http://www.yeastgenome.org/cgi-bin/locus.fpl?locus=YJL076W\" target=\"sgdpage\">SGD</a>)</b></h><p>Core subunit of the RENT complex, which is a complex involved in nucleolar silencing and telophase exit; stimulates transcription by RNA polymerase I and regulates nucleolar structure\n</p>", "name": "YJL076W", "k": "30", "label": "NET1", "id": "YJL076W", "aliases": []}}, {"data": {"popup": "<h><b>Systematic name</b><p>YDR146C</p><h><b>Query visitation probability</b></h><p>6.052e-05</p><hr /><h><b>Description (from <a style=\"color:blue\" href=\"http://www.yeastgenome.org/cgi-bin/locus.fpl?locus=YDR146C\" target=\"sgdpage\">SGD</a>)</b></h><p>Transcription factor that recruits the Mediator and Swi/Snf complexes; activates transcription of genes expressed at the M/G1 phase boundary and in G1 phase; required for expression of the HO gene controlling mating type switching; localization to the nucleus occurs during G1 and appears to be regulated by phosphorylation by Cdc28p kinase\n</p>", "name": "YDR146C", "k": "39", "label": "SWI5", "id": "YDR146C", "aliases": []}}, {"data": {"popup": "<h><b>Systematic name</b><p>YJL187C</p><h><b>Query visitation probability</b></h><p>2.190e-02</p><hr /><h><b>Description (from <a style=\"color:blue\" href=\"http://www.yeastgenome.org/cgi-bin/locus.fpl?locus=YJL187C\" target=\"sgdpage\">SGD</a>)</b></h><p>Protein kinase that regulates the G2/M transition by inhibition of Cdc28p kinase activity; localizes to the nucleus and to the daughter side of the mother-bud neck; homolog of S. pombe Wee1p; potential Cdc28p substrate\n</p>", "name": "YJL187C", "k": "1", "label": "SWE1", "id": "YJL187C", "aliases": []}}, {"data": {"popup": "<h><b>Systematic name</b><p>YAR019C</p><h><b>Query visitation probability</b></h><p>3.328e-04</p><hr /><h><b>Description (from <a style=\"color:blue\" href=\"http://www.yeastgenome.org/cgi-bin/locus.fpl?locus=YAR019C\" target=\"sgdpage\">SGD</a>)</b></h><p>Protein kinase of the Mitotic Exit Network that is localized to the spindle pole bodies at late anaphase; promotes mitotic exit by directly switching on the kinase activity of Dbf2p; required for spindle disassembly after meiosis II\n</p>", "name": "YAR019C", "k": "12", "label": "CDC15", "id": "YAR019C", "aliases": []}}, {"data": {"popup": "<h><b>Systematic name</b><p>YBR160W</p><h><b>Query visitation probability</b></h><p>1.384e-03</p><hr /><h><b>Description (from <a style=\"color:blue\" href=\"http://www.yeastgenome.org/cgi-bin/locus.fpl?locus=YBR160W\" target=\"sgdpage\">SGD</a>)</b></h><p>Catalytic subunit of the main cell cycle cyclin-dependent kinase (CDK); alternately associates with G1 cyclins (CLNs) and G2/M cyclins (CLBs) which direct the CDK to specific substrates; involved in modulating membrane trafficking dynamics\n</p>", "name": "YBR160W", "k": "1", "label": "CDC28", "id": "YBR160W", "aliases": []}}, {"data": {"popup": "<h><b>Systematic name</b><p>YPL031C</p><h><b>Query visitation probability</b></h><p>1.892e-02</p><hr /><h><b>Description (from <a style=\"color:blue\" href=\"http://www.yeastgenome.org/cgi-bin/locus.fpl?locus=YPL031C\" target=\"sgdpage\">SGD</a>)</b></h><p>Cyclin-dependent kinase, with ten cyclin partners; involved in regulating the cellular response to nutrient levels and environmental conditions and progression through the cell cycle\n</p>", "name": "YPL031C", "k": "5", "label": "PHO85", "id": "YPL031C", "aliases": []}}, {"data": {"popup": "<h><b>Systematic name</b><p>YHL007C</p><h><b>Query visitation probability</b></h><p>2.139e-02</p><hr /><h><b>Description (from <a style=\"color:blue\" href=\"http://www.yeastgenome.org/cgi-bin/locus.fpl?locus=YHL007C\" target=\"sgdpage\">SGD</a>)</b></h><p>Cdc42p-activated signal transducing kinase of the PAK (p21-activated kinase) family; involved in pheromone response, pseudohyphal/invasive growth, vacuole inheritance, down-regulation of sterol uptake; GBB motif binds Ste4p\n</p>", "name": "YHL007C", "k": "4", "label": "STE20", "id": "YHL007C", "aliases": []}}, {"data": {"popup": "<h><b>Systematic name</b><p>YMR001C</p><h><b>Query visitation probability</b></h><p>1.092e-02</p><hr /><h><b>Description (from <a style=\"color:blue\" href=\"http://www.yeastgenome.org/cgi-bin/locus.fpl?locus=YMR001C\" target=\"sgdpage\">SGD</a>)</b></h><p>Polo-like kinase with multiple functions in mitosis and cytokinesis through substrate phosphorylation, also functions in adaptation to DNA damage during meiosis; has similarity to Xenopus Plx1 and S. pombe Plo1p; possible Cdc28p substrate\n</p>", "name": "YMR001C", "k": "6", "label": "CDC5", "id": "YMR001C", "aliases": []}}, {"data": {"popup": "<h><b>Systematic name</b><p>YBR133C</p><h><b>Query visitation probability</b></h><p>5.026e-01</p><hr /><h><b>Description (from <a style=\"color:blue\" href=\"http://www.yeastgenome.org/cgi-bin/locus.fpl?locus=YBR133C\" target=\"sgdpage\">SGD</a>)</b></h><p>Protein arginine N-methyltransferase that exhibits septin and Hsl1p-dependent bud neck localization and periodic Hsl1p-dependent phosphorylation; required along with Hsl1p for bud neck recruitment, phosphorylation, and degradation of Swe1p\n</p>", "name": "YBR133C", "k": "1", "label": "HSL7", "id": "YBR133C", "aliases": []}}, {"data": {"popup": "<h><b>Systematic name</b><p>YGR108W</p><h><b>Query visitation probability</b></h><p>1.026e-04</p><hr /><h><b>Description (from <a style=\"color:blue\" href=\"http://www.yeastgenome.org/cgi-bin/locus.fpl?locus=YGR108W\" target=\"sgdpage\">SGD</a>)</b></h><p>B-type cyclin involved in cell cycle progression; activates Cdc28p to promote the transition from G2 to M phase; accumulates during G2 and M, then targeted via a destruction box motif for ubiquitin-mediated degradation by the proteasome\n</p>", "name": "YGR108W", "k": "28", "label": "CLB1", "id": "YGR108W", "aliases": []}}, {"data": {"popup": "<h><b>Systematic name</b><p>YDL042C</p><h><b>Query visitation probability</b></h><p>1.265e-04</p><hr /><h><b>Description (from <a style=\"color:blue\" href=\"http://www.yeastgenome.org/cgi-bin/locus.fpl?locus=YDL042C\" target=\"sgdpage\">SGD</a>)</b></h><p>Conserved NAD+ dependent histone deacetylase of the Sirtuin family; involved in regulation of lifespan; plays roles in silencing at HML, HMR, telomeres, and the rDNA locus; negatively regulates initiation of DNA replication; functions as a regulator of autophagy like mammalian homolog SIRT1, and also of mitophagy\n</p>", "name": "YDL042C", "k": "35", "label": "SIR2", "id": "YDL042C", "aliases": []}}, {"data": {"popup": "<h><b>Systematic name</b><p>YPR120C</p><h><b>Query visitation probability</b></h><p>5.863e-05</p><hr /><h><b>Description (from <a style=\"color:blue\" href=\"http://www.yeastgenome.org/cgi-bin/locus.fpl?locus=YPR120C\" target=\"sgdpage\">SGD</a>)</b></h><p>B-type cyclin involved in DNA replication during S phase; activates Cdc28p to promote initiation of DNA synthesis; functions in formation of mitotic spindles along with Clb3p and Clb4p; most abundant during late G1 phase\n</p>", "name": "YPR120C", "k": "37", "label": "CLB5", "id": "YPR120C", "aliases": []}}, {"data": {"popup": "<h><b>Systematic name</b><p>YKL101W</p><h><b>Query visitation probability</b></h><p>2.168e-02</p><hr /><h><b>Description (from <a style=\"color:blue\" href=\"http://www.yeastgenome.org/cgi-bin/locus.fpl?locus=YKL101W\" target=\"sgdpage\">SGD</a>)</b></h><p>Nim1p-related protein kinase that regulates the morphogenesis and septin checkpoints; associates with the assembled septin filament; required along with Hsl7p for bud neck recruitment, phosphorylation, and degradation of Swe1p\n</p>", "name": "YKL101W", "k": "2", "label": "HSL1", "id": "YKL101W", "aliases": []}}, {"data": {"popup": "<h><b>Systematic name</b><p>YMR199W</p><h><b>Query visitation probability</b></h><p>3.650e-05</p><hr /><h><b>Description (from <a style=\"color:blue\" href=\"http://www.yeastgenome.org/cgi-bin/locus.fpl?locus=YMR199W\" target=\"sgdpage\">SGD</a>)</b></h><p>G1 cyclin involved in regulation of the cell cycle; activates Cdc28p kinase to promote the G1 to S phase transition; late G1 specific expression depends on transcription factor complexes, MBF (Swi6p-Mbp1p) and SBF (Swi6p-Swi4p)\n</p>", "name": "YMR199W", "k": "42", "label": "CLN1", "id": "YMR199W", "aliases": []}}, {"data": {"popup": "<h><b>Systematic name</b><p>YPR119W</p><h><b>Query visitation probability</b></h><p>2.122e-04</p><hr /><h><b>Description (from <a style=\"color:blue\" href=\"http://www.yeastgenome.org/cgi-bin/locus.fpl?locus=YPR119W\" target=\"sgdpage\">SGD</a>)</b></h><p>B-type cyclin involved in cell cycle progression; activates Cdc28p to promote the transition from G2 to M phase; accumulates during G2 and M, then targeted via a destruction box motif for ubiquitin-mediated degradation by the proteasome\n</p>", "name": "YPR119W", "k": "16", "label": "CLB2", "id": "YPR119W", "aliases": []}}, {"data": {"popup": "<h><b>Systematic name</b><p>YGL116W</p><h><b>Query visitation probability</b></h><p>1.839e-04</p><hr /><h><b>Description (from <a style=\"color:blue\" href=\"http://www.yeastgenome.org/cgi-bin/locus.fpl?locus=YGL116W\" target=\"sgdpage\">SGD</a>)</b></h><p>Cell-cycle regulated activator of anaphase-promoting complex/cyclosome (APC/C), which is required for metaphase/anaphase transition; directs ubiquitination of mitotic cyclins, Pds1p, and other anaphase inhibitors; potential Cdc28p substrate\n</p>", "name": "YGL116W", "k": "18", "label": "CDC20", "id": "YGL116W", "aliases": []}}, {"data": {"popup": "<h><b>Systematic name</b><p>YMR055C</p><h><b>Query visitation probability</b></h><p>8.374e-05</p><hr /><h><b>Description (from <a style=\"color:blue\" href=\"http://www.yeastgenome.org/cgi-bin/locus.fpl?locus=YMR055C\" target=\"sgdpage\">SGD</a>)</b></h><p>Mitotic exit network regulator, forms GTPase-activating Bfa1p-Bub2p complex that binds Tem1p and spindle pole bodies, blocks cell cycle progression before anaphase in response to spindle and kinetochore damage\n</p>", "name": "YMR055C", "k": "41", "label": "BUB2", "id": "YMR055C", "aliases": []}}, {"data": {"popup": "<h><b>Systematic name</b><p>YFR028C</p><h><b>Query visitation probability</b></h><p>5.061e-04</p><hr /><h><b>Description (from <a style=\"color:blue\" href=\"http://www.yeastgenome.org/cgi-bin/locus.fpl?locus=YFR028C\" target=\"sgdpage\">SGD</a>)</b></h><p>Protein phosphatase required for mitotic exit; located in the nucleolus until liberated by the FEAR and Mitotic Exit Network in anaphase, enabling it to act on key substrates to effect a decrease in CDK/B-cyclin activity and mitotic exit; required for meiosis I spindle disassembly; released from nucleolus upon entry into anaphase I of meiosis, resequestered in metaphase II, then released again upon entry into anaphase II; maintained in nucleolus by Cdc55p in early meiosis\n</p>", "name": "YFR028C", "k": "10", "label": "CDC14", "id": "YFR028C", "aliases": []}}, {"data": {"popup": "<h><b>Systematic name</b><p>YGR092W</p><h><b>Query visitation probability</b></h><p>1.080e-02</p><hr /><h><b>Description (from <a style=\"color:blue\" href=\"http://www.yeastgenome.org/cgi-bin/locus.fpl?locus=YGR092W\" target=\"sgdpage\">SGD</a>)</b></h><p>Ser/Thr kinase involved in transcription and stress response; functions as part of a network of genes in exit from mitosis; localization is cell cycle regulated; activated by Cdc15p during the exit from mitosis; also plays a role in regulating the stability of SWI5 and CLB2 mRNAs\n</p>", "name": "YGR092W", "k": "7", "label": "DBF2", "id": "YGR092W", "aliases": []}}, {"data": {"popup": "<h><b>Systematic name</b><p>YDL028C</p><h><b>Query visitation probability</b></h><p>1.065e-02</p><hr /><h><b>Description (from <a style=\"color:blue\" href=\"http://www.yeastgenome.org/cgi-bin/locus.fpl?locus=YDL028C\" target=\"sgdpage\">SGD</a>)</b></h><p>Dual-specificity kinase required for spindle pole body (SPB) duplication and spindle checkpoint function; substrates include SPB proteins Spc42p, Spc110p, and Spc98p, mitotic exit network protein Mob1p, and checkpoint protein Mad1p\n</p>", "name": "YDL028C", "k": "22", "label": "MPS1", "id": "YDL028C", "aliases": []}}, {"data": {"popup": "<h><b>Systematic name</b><p>YNL094W</p><h><b>Query visitation probability</b></h><p>1.667e-02</p><hr /><h><b>Description (from <a style=\"color:blue\" href=\"http://www.yeastgenome.org/cgi-bin/locus.fpl?locus=YNL094W\" target=\"sgdpage\">SGD</a>)</b></h><p>Phosphatidate phosphatase, converts phosphatidate to diacylglycerol; App1p, Pah1p, Dpp1p, and Lpp1p are responsible for all the phosphatidate phosphatase activity; component of cortical actin patches; interacts with components of endocytic pathway\n</p>", "name": "YNL094W", "k": "45", "label": "APP1", "id": "YNL094W", "aliases": []}}, {"data": {"popup": "<h><b>Systematic name</b><p>YDR113C</p><h><b>Query visitation probability</b></h><p>5.705e-05</p><hr /><h><b>Description (from <a style=\"color:blue\" href=\"http://www.yeastgenome.org/cgi-bin/locus.fpl?locus=YDR113C\" target=\"sgdpage\">SGD</a>)</b></h><p>Securin, inhibits anaphase by binding separin Esp1p; blocks cyclin destruction and mitotic exit, essential for meiotic progression and mitotic cell cycle arrest; localization is cell-cycle dependent and regulated by Cdc28p phosphorylation\n</p>", "name": "YDR113C", "k": "40", "label": "PDS1", "id": "YDR113C", "aliases": []}}, {"data": {"popup": "<h><b>Systematic name</b><p>YGR098C</p><h><b>Query visitation probability</b></h><p>5.053e-05</p><hr /><h><b>Description (from <a style=\"color:blue\" href=\"http://www.yeastgenome.org/cgi-bin/locus.fpl?locus=YGR098C\" target=\"sgdpage\">SGD</a>)</b></h><p>Separase, a caspase-like cysteine protease that promotes sister chromatid separation by mediating dissociation of the cohesin Scc1p from chromatin; inhibits protein phosphatase 2A-Cdc55p to promote mitotic exit; inhibited by Pds1p\n</p>", "name": "YGR098C", "k": "44", "label": "ESP1", "id": "YGR098C", "aliases": []}}, {"data": {"popup": "<h><b>Systematic name</b><p>YKL048C</p><h><b>Query visitation probability</b></h><p>1.053e-02</p><hr /><h><b>Description (from <a style=\"color:blue\" href=\"http://www.yeastgenome.org/cgi-bin/locus.fpl?locus=YKL048C\" target=\"sgdpage\">SGD</a>)</b></h><p>Serine/threonine protein kinase that regulates cellular morphogenesis, septin behavior, and cytokinesis; required for the regulation of other kinases; forms part of the bud neck ring\n</p>", "name": "YKL048C", "k": "9", "label": "ELM1", "id": "YKL048C", "aliases": []}}, {"data": {"popup": "<h><b>Systematic name</b><p>YGL003C</p><h><b>Query visitation probability</b></h><p>1.534e-04</p><hr /><h><b>Description (from <a style=\"color:blue\" href=\"http://www.yeastgenome.org/cgi-bin/locus.fpl?locus=YGL003C\" target=\"sgdpage\">SGD</a>)</b></h><p>Cell-cycle regulated activator of the anaphase-promoting complex/cyclosome (APC/C), which directs ubiquitination of cyclins resulting in mitotic exit; targets the APC/C to specific substrates including Cdc20p, Ase1p, Cin8p and Fin1p\n</p>", "name": "YGL003C", "k": "23", "label": "CDH1", "id": "YGL003C", "aliases": []}}, {"data": {"popup": "<h><b>Systematic name</b><p>YPL209C</p><h><b>Query visitation probability</b></h><p>2.139e-02</p><hr /><h><b>Description (from <a style=\"color:blue\" href=\"http://www.yeastgenome.org/cgi-bin/locus.fpl?locus=YPL209C\" target=\"sgdpage\">SGD</a>)</b></h><p>Aurora kinase subunit of the conserved chromosomal passenger complex (CPC; Ipl1p-Sli15p-Bir1p-Nbl1p), involved in regulating kinetochore-microtubule attachments; helps maintain condensed chromosomes during anaphase and early telophase; required for SPB cohesion and prevention of multipolar spindle formation\n</p>", "name": "YPL209C", "k": "3", "label": "IPL1", "id": "YPL209C", "aliases": []}}, {"data": {"popup": "<h><b>Systematic name</b><p>YBR059C</p><h><b>Query visitation probability</b></h><p>1.085e-02</p><hr /><h><b>Description (from <a style=\"color:blue\" href=\"http://www.yeastgenome.org/cgi-bin/locus.fpl?locus=YBR059C\" target=\"sgdpage\">SGD</a>)</b></h><p>Ser-Thr protein kinase, member (with Ark1p and Prk1p) of the Ark kinase family; involved in endocytosis and actin cytoskeleton organization\n</p>", "name": "YBR059C", "k": "50", "label": "AKL1", "id": "YBR059C", "aliases": []}}, {"data": {"popup": "<h><b>Systematic name</b><p>YPL256C</p><h><b>Query visitation probability</b></h><p>1.741e-04</p><hr /><h><b>Description (from <a style=\"color:blue\" href=\"http://www.yeastgenome.org/cgi-bin/locus.fpl?locus=YPL256C\" target=\"sgdpage\">SGD</a>)</b></h><p>G1 cyclin involved in regulation of the cell cycle; activates Cdc28p kinase to promote the G1 to S phase transition; late G1 specific expression depends on transcription factor complexes, MBF (Swi6p-Mbp1p) and SBF (Swi6p-Swi4p)\n</p>", "name": "YPL256C", "k": "19", "label": "CLN2", "id": "YPL256C", "aliases": []}}, {"data": {"popup": "<h><b>Systematic name</b><p>YDR225W</p><h><b>Query visitation probability</b></h><p>1.029e-02</p><hr /><h><b>Description (from <a style=\"color:blue\" href=\"http://www.yeastgenome.org/cgi-bin/locus.fpl?locus=YDR225W\" target=\"sgdpage\">SGD</a>)</b></h><p>Histone H2A, core histone protein required for chromatin assembly and chromosome function; one of two nearly identical subtypes (see also HTA2); DNA damage-dependent phosphorylation by Mec1p facilitates DNA repair; acetylated by Nat4p\n</p>", "name": "YDR225W", "k": "35", "label": "HTA1", "id": "YDR225W", "aliases": []}}, {"data": {"popup": "<h><b>Systematic name</b><p>YAL024C</p><h><b>Query visitation probability</b></h><p>1.425e-04</p><hr /><h><b>Description (from <a style=\"color:blue\" href=\"http://www.yeastgenome.org/cgi-bin/locus.fpl?locus=YAL024C\" target=\"sgdpage\">SGD</a>)</b></h><p>Protein similar to GDP/GTP exchange factors but without detectable GEF activity; required for asymmetric localization of Bfa1p at daughter-directed spindle pole bodies and for mitotic exit at low temperatures\n</p>", "name": "YAL024C", "k": "34", "label": "LTE1", "id": "YAL024C", "aliases": []}}], "edges": [{"data": {"directed": false, "popup": "<h><b>Confidence</b></h><p>0.44737</p><hr /><h><b>Sources and Types</b></h><p>BIOGRID<br><font color=#27AF47>&bull; PCA</font> (PubMed <a style=\"color:blue\" href=\"http://www.ncbi.nlm.nih.gov/pubmed?term=21118957\" target=\"pubmedpage\">21118957</a>)</p>", "target": "YBR160W", "k": "8", "content": "CBK1 - CDC28", "source": "YNL161W", "is_directed": false, "id": "YNL161W-YBR160W", "name": "YNL161W-YBR160W"}}, {"data": {"directed": false, "popup": "<h><b>Confidence</b></h><p>0.75000</p><hr /><h><b>Sources and Types</b></h><p>BIOGRID<br><font color=#27AF47>&bull; Affinity Capture-Western</font> (PubMed <a style=\"color:blue\" href=\"http://www.ncbi.nlm.nih.gov/pubmed?term=20489023\" target=\"pubmedpage\">20489023</a>)<br><font color=#27AF47>&bull; Affinity Capture-MS</font> (PubMed <a style=\"color:blue\" href=\"http://www.ncbi.nlm.nih.gov/pubmed?term=20489023\" target=\"pubmedpage\">20489023</a>)</p><p>KID<br><font color=#27AF47>&bull; Co-Immunoprecipitation by Mass Spec</font> (PubMed <a style=\"color:blue\" href=\"http://www.ncbi.nlm.nih.gov/pubmed?term=20489023\" target=\"pubmedpage\">20489023</a>)</p>", "target": "YFR028C", "k": "15", "content": "CBK1 - CDC14", "source": "YNL161W", "is_directed": false, "id": "YNL161W-YFR028C", "name": "YNL161W-YFR028C"}}, {"data": {"directed": true, "popup": "<h><b>Confidence</b></h><p>0.75000</p><hr /><h><b>Sources and Types</b></h><p>BIOGRID<br><font color=#27AF47>&bull; Affinity Capture-Western</font> (PubMed <a style=\"color:blue\" href=\"http://www.ncbi.nlm.nih.gov/pubmed?term=16096060\" target=\"pubmedpage\">16096060</a>)<br><font color=#27AF47>&bull; Biochemical Activity</font> (PubMed <a style=\"color:blue\" href=\"http://www.ncbi.nlm.nih.gov/pubmed?term=16319894\" target=\"pubmedpage\">16319894</a> <a style=\"color:blue\" href=\"http://www.ncbi.nlm.nih.gov/pubmed?term=12388757\" target=\"pubmedpage\">12388757</a> <a style=\"color:blue\" href=\"http://www.ncbi.nlm.nih.gov/pubmed?term=14574415\" target=\"pubmedpage\">14574415</a> <a style=\"color:blue\" href=\"http://www.ncbi.nlm.nih.gov/pubmed?term=18558651\" target=\"pubmedpage\">18558651</a> <a style=\"color:blue\" href=\"http://www.ncbi.nlm.nih.gov/pubmed?term=15920482\" target=\"pubmedpage\">15920482</a> <a style=\"color:blue\" href=\"http://www.ncbi.nlm.nih.gov/pubmed?term=16096060\" target=\"pubmedpage\">16096060</a>)<br><font color=#27AF47>&bull; Affinity Capture-MS</font> (PubMed <a style=\"color:blue\" href=\"http://www.ncbi.nlm.nih.gov/pubmed?term=20489023\" target=\"pubmedpage\">20489023</a>)</p><p>KID<br><font color=#27AF47>&bull; Co-Immunoprecipitation by Mass Spec</font> (PubMed <a style=\"color:blue\" href=\"http://www.ncbi.nlm.nih.gov/pubmed?term=20489023\" target=\"pubmedpage\">20489023</a>)<br><font color=#F07406>&bull; Phosphorylation reduced or absent in kinase mutant (Phospho-shifts, Western blot using Phospho-specific antibody)</font> (PubMed <a style=\"color:blue\" href=\"http://www.ncbi.nlm.nih.gov/pubmed?term=12388757\" target=\"pubmedpage\">12388757</a> <a style=\"color:blue\" href=\"http://www.ncbi.nlm.nih.gov/pubmed?term=11160822\" target=\"pubmedpage\">11160822</a>)<br><font color=#F07406>&bull; In vitro phosphorylation site mapping (Mass Spec, Phospho-specific antibodies by Western, in vitro site-directed mutagenesis)</font> (PubMed <a style=\"color:blue\" href=\"http://www.ncbi.nlm.nih.gov/pubmed?term=8253069\" target=\"pubmedpage\">8253069</a>)<br><font color=#27AF47>&bull; Physical interaction by Two-hybrid or PCA</font> (PubMed <a style=\"color:blue\" href=\"http://www.ncbi.nlm.nih.gov/pubmed?term=12388757\" target=\"pubmedpage\">12388757</a>)<br><font color=#F07406>&bull; In vivo phosphorylation site mapping using phospho-specific antibodies (Western blot) or by phospho-peptide mapping</font> (PubMed <a style=\"color:blue\" href=\"http://www.ncbi.nlm.nih.gov/pubmed?term=12840070\" target=\"pubmedpage\">12840070</a> <a style=\"color:blue\" href=\"http://www.ncbi.nlm.nih.gov/pubmed?term=11160822\" target=\"pubmedpage\">11160822</a> <a style=\"color:blue\" href=\"http://www.ncbi.nlm.nih.gov/pubmed?term=19566963\" target=\"pubmedpage\">19566963</a>)<br><font color=#F07406>&bull; LTP in vitro kinase assays</font> (PubMed <a style=\"color:blue\" href=\"http://www.ncbi.nlm.nih.gov/pubmed?term=8253069\" target=\"pubmedpage\">8253069</a>)</p>", "target": "YBR160W", "k": "1", "content": "SWE1 - CDC28", "source": "YJL187C", "is_directed": false, "id": "YJL187C-YBR160W", "name": "YJL187C-YBR160W"}}, {"data": {"directed": false, "popup": "<h><b>Confidence</b></h><p>0.75000</p><hr /><h><b>Sources and Types</b></h><p>BIOGRID<br><font color=#27AF47>&bull; Affinity Capture-Western</font> (PubMed <a style=\"color:blue\" href=\"http://www.ncbi.nlm.nih.gov/pubmed?term=20489023\" target=\"pubmedpage\">20489023</a>)<br><font color=#27AF47>&bull; Affinity Capture-MS</font> (PubMed <a style=\"color:blue\" href=\"http://www.ncbi.nlm.nih.gov/pubmed?term=20489023\" target=\"pubmedpage\">20489023</a>)</p><p>KID<br><font color=#27AF47>&bull; Co-Immunoprecipitation by Mass Spec</font> (PubMed <a style=\"color:blue\" href=\"http://www.ncbi.nlm.nih.gov/pubmed?term=20489023\" target=\"pubmedpage\">20489023</a>)</p>", "target": "YFR028C", "k": "10", "content": "SWE1 - CDC14", "source": "YJL187C", "is_directed": false, "id": "YJL187C-YFR028C", "name": "YJL187C-YFR028C"}}, {"data": {"directed": false, "popup": "<h><b>Confidence</b></h><p>0.75000</p><hr /><h><b>Sources and Types</b></h><p>BIOGRID<br><font color=#27AF47>&bull; Affinity Capture-Western</font> (PubMed <a style=\"color:blue\" href=\"http://www.ncbi.nlm.nih.gov/pubmed?term=20714223\" target=\"pubmedpage\">20714223</a> <a style=\"color:blue\" href=\"http://www.ncbi.nlm.nih.gov/pubmed?term=18558651\" target=\"pubmedpage\">18558651</a>)<br><font color=#27AF47>&bull; Two-hybrid</font> (PubMed <a style=\"color:blue\" href=\"http://www.ncbi.nlm.nih.gov/pubmed?term=12388757\" target=\"pubmedpage\">12388757</a>)<br><font color=#27AF47>&bull; Affinity Capture-MS</font> (PubMed <a style=\"color:blue\" href=\"http://www.ncbi.nlm.nih.gov/pubmed?term=20489023\" target=\"pubmedpage\">20489023</a> <a style=\"color:blue\" href=\"http://www.ncbi.nlm.nih.gov/pubmed?term=11805837\" target=\"pubmedpage\">11805837</a>)</p><p>KID<br><font color=#27AF47>&bull; Co-Immunoprecipitation by Mass Spec</font> (PubMed <a style=\"color:blue\" href=\"http://www.ncbi.nlm.nih.gov/pubmed?term=20489023\" target=\"pubmedpage\">20489023</a> <a style=\"color:blue\" href=\"http://www.ncbi.nlm.nih.gov/pubmed?term=11805837\" target=\"pubmedpage\">11805837</a>)<br><font color=#27AF47>&bull; Co-Immunoprecipitation / Co-purification</font> (PubMed <a style=\"color:blue\" href=\"http://www.ncbi.nlm.nih.gov/pubmed?term=18558651\" target=\"pubmedpage\">18558651</a>)</p>", "target": "YPR119W", "k": "16", "content": "SWE1 - CLB2", "source": "YJL187C", "is_directed": false, "id": "YJL187C-YPR119W", "name": "YJL187C-YPR119W"}}, {"data": {"directed": true, "popup": "<h><b>Confidence</b></h><p>0.22204</p><hr /><h><b>Sources and Types</b></h><p>KID<br><font color=#F07406>&bull; Protein Chip data for in vitro phosphorylated substrates</font> (PubMed <a style=\"color:blue\" href=\"http://www.ncbi.nlm.nih.gov/pubmed?term=16319894\" target=\"pubmedpage\">16319894</a>)</p>", "target": "YPR120C", "k": "37", "content": "SWE1 - CLB5", "source": "YJL187C", "is_directed": false, "id": "YJL187C-YPR120C", "name": "YJL187C-YPR120C"}}, {"data": {"directed": false, "popup": "<h><b>Confidence</b></h><p>0.75000</p><hr /><h><b>Sources and Types</b></h><p>BIOGRID<br><font color=#27AF47>&bull; Affinity Capture-Western</font> (PubMed <a style=\"color:blue\" href=\"http://www.ncbi.nlm.nih.gov/pubmed?term=11438652\" target=\"pubmedpage\">11438652</a>)<br><font color=#27AF47>&bull; Two-hybrid</font> (PubMed <a style=\"color:blue\" href=\"http://www.ncbi.nlm.nih.gov/pubmed?term=12388757\" target=\"pubmedpage\">12388757</a> <a style=\"color:blue\" href=\"http://www.ncbi.nlm.nih.gov/pubmed?term=20098491\" target=\"pubmedpage\">20098491</a> <a style=\"color:blue\" href=\"http://www.ncbi.nlm.nih.gov/pubmed?term=11438652\" target=\"pubmedpage\">11438652</a> <a style=\"color:blue\" href=\"http://www.ncbi.nlm.nih.gov/pubmed?term=18719252\" target=\"pubmedpage\">18719252</a>)<br><font color=#27AF47>&bull; Co-localization</font> (PubMed <a style=\"color:blue\" href=\"http://www.ncbi.nlm.nih.gov/pubmed?term=15920482\" target=\"pubmedpage\">15920482</a>)<br><font color=#27AF47>&bull; Biochemical Activity</font> (PubMed <a style=\"color:blue\" href=\"http://www.ncbi.nlm.nih.gov/pubmed?term=15920482\" target=\"pubmedpage\">15920482</a> <a style=\"color:blue\" href=\"http://www.ncbi.nlm.nih.gov/pubmed?term=15037762\" target=\"pubmedpage\">15037762</a>)</p><p>KID<br><font color=#27AF47>&bull; Physical interaction by Two-hybrid or PCA</font> (PubMed <a style=\"color:blue\" href=\"http://www.ncbi.nlm.nih.gov/pubmed?term=11438652\" target=\"pubmedpage\">11438652</a>)<br><font color=#27AF47>&bull; Co-Immunoprecipitation / Co-purification</font> (PubMed <a style=\"color:blue\" href=\"http://www.ncbi.nlm.nih.gov/pubmed?term=11438652\" target=\"pubmedpage\">11438652</a> <a style=\"color:blue\" href=\"http://www.ncbi.nlm.nih.gov/pubmed?term=15920482\" target=\"pubmedpage\">15920482</a>)<br><font color=#27AF47>&bull; Yeast 2-Hybrid studies or PCA assay</font> (PubMed <a style=\"color:blue\" href=\"http://www.ncbi.nlm.nih.gov/pubmed?term=18719252\" target=\"pubmedpage\">18719252</a>)</p>", "target": "YMR001C", "k": "46", "content": "SWE1 - CDC5", "source": "YJL187C", "is_directed": false, "id": "YJL187C-YMR001C", "name": "YJL187C-YMR001C"}}, {"data": {"directed": true, "popup": "<h><b>Confidence</b></h><p>0.62420</p><hr /><h><b>Sources and Types</b></h><p>BIOGRID<br><font color=#27AF47>&bull; Biochemical Activity</font> (PubMed <a style=\"color:blue\" href=\"http://www.ncbi.nlm.nih.gov/pubmed?term=16319894\" target=\"pubmedpage\">16319894</a>)</p><p>KID<br><font color=#F07406>&bull; Protein Chip data for in vitro phosphorylated substrates</font> (PubMed <a style=\"color:blue\" href=\"http://www.ncbi.nlm.nih.gov/pubmed?term=16319894\" target=\"pubmedpage\">16319894</a>)</p>", "target": "YDR113C", "k": "40", "content": "PHO85 - PDS1", "source": "YPL031C", "is_directed": false, "id": "YPL031C-YDR113C", "name": "YPL031C-YDR113C"}}, {"data": {"directed": true, "popup": "<h><b>Confidence</b></h><p>0.75000</p><hr /><h><b>Sources and Types</b></h><p>BIOGRID<br><font color=#27AF47>&bull; Biochemical Activity</font> (PubMed <a style=\"color:blue\" href=\"http://www.ncbi.nlm.nih.gov/pubmed?term=9725902\" target=\"pubmedpage\">9725902</a>)</p><p>KID<br><font color=#F07406>&bull; LTP in vitro kinase assays</font> (PubMed <a style=\"color:blue\" href=\"http://www.ncbi.nlm.nih.gov/pubmed?term=9725902\" target=\"pubmedpage\">9725902</a> <a style=\"color:blue\" href=\"http://www.ncbi.nlm.nih.gov/pubmed?term=20417603\" target=\"pubmedpage\">20417603</a>)</p>", "target": "YLR079W", "k": "36", "content": "PHO85 - SIC1", "source": "YPL031C", "is_directed": false, "id": "YPL031C-YLR079W", "name": "YPL031C-YLR079W"}}, {"data": {"directed": false, "popup": "<h><b>Confidence</b></h><p>0.75000</p><hr /><h><b>Sources and Types</b></h><p>BIOGRID<br><font color=#27AF47>&bull; Two-hybrid</font> (PubMed <a style=\"color:blue\" href=\"http://www.ncbi.nlm.nih.gov/pubmed?term=9032248\" target=\"pubmedpage\">9032248</a>)<br><font color=#27AF47>&bull; Reconstituted Complex</font> (PubMed <a style=\"color:blue\" href=\"http://www.ncbi.nlm.nih.gov/pubmed?term=9032248\" target=\"pubmedpage\">9032248</a>)</p><p>KID<br><font color=#27AF47>&bull; Physical interaction by Two-hybrid or PCA</font> (PubMed <a style=\"color:blue\" href=\"http://www.ncbi.nlm.nih.gov/pubmed?term=9032248\" target=\"pubmedpage\">9032248</a>)</p>", "target": "YMR199W", "k": "42", "content": "PHO85 - CLN1", "source": "YPL031C", "is_directed": false, "id": "YPL031C-YMR199W", "name": "YPL031C-YMR199W"}}, {"data": {"directed": false, "popup": "<h><b>Confidence</b></h><p>0.55388</p><hr /><h><b>Sources and Types</b></h><p>BIOGRID<br><font color=#27AF47>&bull; Affinity Capture-MS</font> (PubMed <a style=\"color:blue\" href=\"http://www.ncbi.nlm.nih.gov/pubmed?term=11160944\" target=\"pubmedpage\">11160944</a>)</p>", "target": "YPR119W", "k": "17", "content": "PHO85 - CLB2", "source": "YPL031C", "is_directed": false, "id": "YPL031C-YPR119W", "name": "YPL031C-YPR119W"}}, {"data": {"directed": false, "popup": "<h><b>Confidence</b></h><p>0.68803</p><hr /><h><b>Sources and Types</b></h><p>KID<br><font color=#27AF47>&bull; Co-Immunoprecipitation / Co-purification</font> (PubMed <a style=\"color:blue\" href=\"http://www.ncbi.nlm.nih.gov/pubmed?term=11160944\" target=\"pubmedpage\">11160944</a>)</p>", "target": "YBR160W", "k": "5", "content": "PHO85 - CDC28", "source": "YPL031C", "is_directed": false, "id": "YPL031C-YBR160W", "name": "YPL031C-YBR160W"}}, {"data": {"directed": true, "popup": "<h><b>Confidence</b></h><p>0.75000</p><hr /><h><b>Sources and Types</b></h><p>BIOGRID<br><font color=#27AF47>&bull; Biochemical Activity</font> (PubMed <a style=\"color:blue\" href=\"http://www.ncbi.nlm.nih.gov/pubmed?term=10692159\" target=\"pubmedpage\">10692159</a>)</p><p>KID<br><font color=#27AF47>&bull; Reconstituted complex</font> (PubMed <a style=\"color:blue\" href=\"http://www.ncbi.nlm.nih.gov/pubmed?term=10692159\" target=\"pubmedpage\">10692159</a>)<br><font color=#27AF47>&bull; Physical interaction by Two-hybrid or PCA</font> (PubMed <a style=\"color:blue\" href=\"http://www.ncbi.nlm.nih.gov/pubmed?term=10692159\" target=\"pubmedpage\">10692159</a>)<br><font color=#F07406>&bull; LTP in vitro kinase assays</font> (PubMed <a style=\"color:blue\" href=\"http://www.ncbi.nlm.nih.gov/pubmed?term=10692159\" target=\"pubmedpage\">10692159</a>)</p>", "target": "YDR146C", "k": "39", "content": "PHO85 - SWI5", "source": "YPL031C", "is_directed": false, "id": "YPL031C-YDR146C", "name": "YPL031C-YDR146C"}}, {"data": {"directed": false, "popup": "<h><b>Confidence</b></h><p>0.36054</p><hr /><h><b>Sources and Types</b></h><p>BIOGRID<br><font color=#27AF47>&bull; Biochemical Activity</font> (PubMed <a style=\"color:blue\" href=\"http://www.ncbi.nlm.nih.gov/pubmed?term=9774429\" target=\"pubmedpage\">9774429</a>)</p>", "target": "YBR160W", "k": "4", "content": "STE20 - CDC28", "source": "YHL007C", "is_directed": false, "id": "YHL007C-YBR160W", "name": "YHL007C-YBR160W"}}, {"data": {"directed": true, "popup": "<h><b>Confidence</b></h><p>0.62420</p><hr /><h><b>Sources and Types</b></h><p>BIOGRID<br><font color=#27AF47>&bull; Biochemical Activity</font> (PubMed <a style=\"color:blue\" href=\"http://www.ncbi.nlm.nih.gov/pubmed?term=16319894\" target=\"pubmedpage\">16319894</a>)</p><p>KID<br><font color=#F07406>&bull; Protein Chip data for in vitro phosphorylated substrates</font> (PubMed <a style=\"color:blue\" href=\"http://www.ncbi.nlm.nih.gov/pubmed?term=16319894\" target=\"pubmedpage\">16319894</a>)</p>", "target": "YGR108W", "k": "28", "content": "STE20 - CLB1", "source": "YHL007C", "is_directed": false, "id": "YHL007C-YGR108W", "name": "YHL007C-YGR108W"}}, {"data": {"directed": false, "popup": "<h><b>Confidence</b></h><p>0.75000</p><hr /><h><b>Sources and Types</b></h><p>BIOGRID<br><font color=#27AF47>&bull; Affinity Capture-Western</font> (PubMed <a style=\"color:blue\" href=\"http://www.ncbi.nlm.nih.gov/pubmed?term=10359756\" target=\"pubmedpage\">10359756</a> <a style=\"color:blue\" href=\"http://www.ncbi.nlm.nih.gov/pubmed?term=21945277\" target=\"pubmedpage\">21945277</a>)<br><font color=#27AF47>&bull; Affinity Capture-MS</font> (PubMed <a style=\"color:blue\" href=\"http://www.ncbi.nlm.nih.gov/pubmed?term=10359756\" target=\"pubmedpage\">10359756</a> <a style=\"color:blue\" href=\"http://www.ncbi.nlm.nih.gov/pubmed?term=15200949\" target=\"pubmedpage\">15200949</a>)</p><p>KID<br><font color=#27AF47>&bull; Co-Immunoprecipitation / Co-purification</font> (PubMed <a style=\"color:blue\" href=\"http://www.ncbi.nlm.nih.gov/pubmed?term=15200949\" target=\"pubmedpage\">15200949</a>)</p>", "target": "YPL256C", "k": "19", "content": "STE20 - CLN2", "source": "YHL007C", "is_directed": false, "id": "YHL007C-YPL256C", "name": "YHL007C-YPL256C"}}, {"data": {"directed": false, "popup": "<h><b>Confidence</b></h><p>0.75000</p><hr /><h><b>Sources and Types</b></h><p>BIOGRID<br><font color=#27AF47>&bull; Affinity Capture-Western</font> (PubMed <a style=\"color:blue\" href=\"http://www.ncbi.nlm.nih.gov/pubmed?term=11959999\" target=\"pubmedpage\">11959999</a>)</p>", "target": "YML064C", "k": "24", "content": "CDC5 - TEM1", "source": "YMR001C", "is_directed": false, "id": "YMR001C-YML064C", "name": "YMR001C-YML064C"}}, {"data": {"directed": false, "popup": "<h><b>Confidence</b></h><p>0.36091</p><hr /><h><b>Sources and Types</b></h><p>KID<br><font color=#27AF47>&bull; Localized to same subcellular compartment</font> (PubMed <a style=\"color:blue\" href=\"http://www.ncbi.nlm.nih.gov/pubmed?term=14562095\" target=\"pubmedpage\">14562095</a>)</p>", "target": "YKL101W", "k": "48", "content": "CDC5 - HSL1", "source": "YMR001C", "is_directed": false, "id": "YMR001C-YKL101W", "name": "YMR001C-YKL101W"}}, {"data": {"directed": true, "popup": "<h><b>Confidence</b></h><p>0.75000</p><hr /><h><b>Sources and Types</b></h><p>BIOGRID<br><font color=#27AF47>&bull; Affinity Capture-Western</font> (PubMed <a style=\"color:blue\" href=\"http://www.ncbi.nlm.nih.gov/pubmed?term=18500339\" target=\"pubmedpage\">18500339</a> <a style=\"color:blue\" href=\"http://www.ncbi.nlm.nih.gov/pubmed?term=11566880\" target=\"pubmedpage\">11566880</a>)<br><font color=#27AF47>&bull; Biochemical Activity</font> (PubMed <a style=\"color:blue\" href=\"http://www.ncbi.nlm.nih.gov/pubmed?term=18500339\" target=\"pubmedpage\">18500339</a>)</p><p>KID<br><font color=#F07406>&bull; Phosphorylation reduced or absent in kinase mutant (Phospho-shifts, Western blot using Phospho-specific antibody)</font> (PubMed <a style=\"color:blue\" href=\"http://www.ncbi.nlm.nih.gov/pubmed?term=18500339\" target=\"pubmedpage\">18500339</a> <a style=\"color:blue\" href=\"http://www.ncbi.nlm.nih.gov/pubmed?term=19853567\" target=\"pubmedpage\">19853567</a>)<br><font color=#F07406>&bull; In vitro phosphorylation site mapping (Mass Spec, Phospho-specific antibodies by Western, in vitro site-directed mutagenesis)</font> (PubMed <a style=\"color:blue\" href=\"http://www.ncbi.nlm.nih.gov/pubmed?term=18500339\" target=\"pubmedpage\">18500339</a>)<br><font color=#27AF47>&bull; Co-Immunoprecipitation / Co-purification</font> (PubMed <a style=\"color:blue\" href=\"http://www.ncbi.nlm.nih.gov/pubmed?term=18500339\" target=\"pubmedpage\">18500339</a> <a style=\"color:blue\" href=\"http://www.ncbi.nlm.nih.gov/pubmed?term=11566880\" target=\"pubmedpage\">11566880</a>)<br><font color=#F07406>&bull; LTP in vitro kinase assays</font> (PubMed <a style=\"color:blue\" href=\"http://www.ncbi.nlm.nih.gov/pubmed?term=18500339\" target=\"pubmedpage\">18500339</a>)</p>", "target": "YGL003C", "k": "31", "content": "CDC5 - CDH1", "source": "YMR001C", "is_directed": false, "id": "YMR001C-YGL003C", "name": "YMR001C-YGL003C"}}, {"data": {"directed": false, "popup": "<h><b>Confidence</b></h><p>0.75000</p><hr /><h><b>Sources and Types</b></h><p>BIOGRID<br><font color=#27AF47>&bull; Two-hybrid</font> (PubMed <a style=\"color:blue\" href=\"http://www.ncbi.nlm.nih.gov/pubmed?term=12111552\" target=\"pubmedpage\">12111552</a>)<br><font color=#27AF47>&bull; Co-localization</font> (PubMed <a style=\"color:blue\" href=\"http://www.ncbi.nlm.nih.gov/pubmed?term=15920482\" target=\"pubmedpage\">15920482</a>)<br><font color=#27AF47>&bull; Biochemical Activity</font> (PubMed <a style=\"color:blue\" href=\"http://www.ncbi.nlm.nih.gov/pubmed?term=14574415\" target=\"pubmedpage\">14574415</a>)</p>", "target": "YBR160W", "k": "6", "content": "CDC5 - CDC28", "source": "YMR001C", "is_directed": false, "id": "YMR001C-YBR160W", "name": "YMR001C-YBR160W"}}, {"data": {"directed": true, "popup": "<h><b>Confidence</b></h><p>0.75000</p><hr /><h><b>Sources and Types</b></h><p>BIOGRID<br><font color=#27AF47>&bull; Affinity Capture-Western</font> (PubMed <a style=\"color:blue\" href=\"http://www.ncbi.nlm.nih.gov/pubmed?term=18022565\" target=\"pubmedpage\">18022565</a>)</p><p>KID<br><font color=#F07406>&bull; Phosphorylation reduced or absent in kinase mutant (Phospho-shifts, Western blot using Phospho-specific antibody)</font> (PubMed <a style=\"color:blue\" href=\"http://www.ncbi.nlm.nih.gov/pubmed?term=12461298\" target=\"pubmedpage\">12461298</a>)<br><font color=#27AF47>&bull; Co-Immunoprecipitation / Co-purification</font> (PubMed <a style=\"color:blue\" href=\"http://www.ncbi.nlm.nih.gov/pubmed?term=18022565\" target=\"pubmedpage\">18022565</a>)</p>", "target": "YMR055C", "k": "41", "content": "CDC5 - BUB2", "source": "YMR001C", "is_directed": false, "id": "YMR001C-YMR055C", "name": "YMR001C-YMR055C"}}, {"data": {"directed": true, "popup": "<h><b>Confidence</b></h><p>0.75000</p><hr /><h><b>Sources and Types</b></h><p>BIOGRID<br><font color=#27AF47>&bull; Affinity Capture-Western</font> (PubMed <a style=\"color:blue\" href=\"http://www.ncbi.nlm.nih.gov/pubmed?term=18022565\" target=\"pubmedpage\">18022565</a> <a style=\"color:blue\" href=\"http://www.ncbi.nlm.nih.gov/pubmed?term=18927509\" target=\"pubmedpage\">18927509</a>)<br><font color=#27AF47>&bull; Reconstituted Complex</font> (PubMed <a style=\"color:blue\" href=\"http://www.ncbi.nlm.nih.gov/pubmed?term=18927509\" target=\"pubmedpage\">18927509</a>)<br><font color=#27AF47>&bull; Biochemical Activity</font> (PubMed <a style=\"color:blue\" href=\"http://www.ncbi.nlm.nih.gov/pubmed?term=11960554\" target=\"pubmedpage\">11960554</a>)</p><p>KID<br><font color=#27AF47>&bull; Co-Immunoprecipitation / Co-purification</font> (PubMed <a style=\"color:blue\" href=\"http://www.ncbi.nlm.nih.gov/pubmed?term=18022565\" target=\"pubmedpage\">18022565</a> <a style=\"color:blue\" href=\"http://www.ncbi.nlm.nih.gov/pubmed?term=18927509\" target=\"pubmedpage\">18927509</a>)<br><font color=#F07406>&bull; Phosphorylation or kinase-dependent change in localization</font> (PubMed <a style=\"color:blue\" href=\"http://www.ncbi.nlm.nih.gov/pubmed?term=12056824\" target=\"pubmedpage\">12056824</a> <a style=\"color:blue\" href=\"http://www.ncbi.nlm.nih.gov/pubmed?term=11960554\" target=\"pubmedpage\">11960554</a> <a style=\"color:blue\" href=\"http://www.ncbi.nlm.nih.gov/pubmed?term=14551257\" target=\"pubmedpage\">14551257</a> <a style=\"color:blue\" href=\"http://www.ncbi.nlm.nih.gov/pubmed?term=11832211\" target=\"pubmedpage\">11832211</a>)</p>", "target": "YFR028C", "k": "13", "content": "CDC5 - CDC14", "source": "YMR001C", "is_directed": false, "id": "YMR001C-YFR028C", "name": "YMR001C-YFR028C"}}, {"data": {"directed": true, "popup": "<h><b>Confidence</b></h><p>0.75000</p><hr /><h><b>Sources and Types</b></h><p>BIOGRID<br><font color=#27AF47>&bull; Biochemical Activity</font> (PubMed <a style=\"color:blue\" href=\"http://www.ncbi.nlm.nih.gov/pubmed?term=11960554\" target=\"pubmedpage\">11960554</a>)</p><p>KID<br><font color=#F07406>&bull; Phosphorylation reduced or absent in kinase mutant (Phospho-shifts, Western blot using Phospho-specific antibody)</font> (PubMed <a style=\"color:blue\" href=\"http://www.ncbi.nlm.nih.gov/pubmed?term=12056824\" target=\"pubmedpage\">12056824</a> <a style=\"color:blue\" href=\"http://www.ncbi.nlm.nih.gov/pubmed?term=11960554\" target=\"pubmedpage\">11960554</a> <a style=\"color:blue\" href=\"http://www.ncbi.nlm.nih.gov/pubmed?term=15273393\" target=\"pubmedpage\">15273393</a> <a style=\"color:blue\" href=\"http://www.ncbi.nlm.nih.gov/pubmed?term=19570916\" target=\"pubmedpage\">19570916</a>)<br><font color=#F07406>&bull; In vitro phosphorylation site mapping (Mass Spec, Phospho-specific antibodies by Western, in vitro site-directed mutagenesis)</font> (PubMed <a style=\"color:blue\" href=\"http://www.ncbi.nlm.nih.gov/pubmed?term=12096118\" target=\"pubmedpage\">12096118</a>)<br><font color=#27AF47>&bull; LTP Co-localization</font> (PubMed <a style=\"color:blue\" href=\"http://www.ncbi.nlm.nih.gov/pubmed?term=12056824\" target=\"pubmedpage\">12056824</a>)</p>", "target": "YJL076W", "k": "30", "content": "CDC5 - NET1", "source": "YMR001C", "is_directed": false, "id": "YMR001C-YJL076W", "name": "YMR001C-YJL076W"}}, {"data": {"directed": true, "popup": "<h><b>Confidence</b></h><p>0.75000</p><hr /><h><b>Sources and Types</b></h><p>KID<br><font color=#F07406>&bull; Phosphorylation reduced or absent in kinase mutant (Phospho-shifts, Western blot using Phospho-specific antibody)</font> (PubMed <a style=\"color:blue\" href=\"http://www.ncbi.nlm.nih.gov/pubmed?term=11493673\" target=\"pubmedpage\">11493673</a>)</p>", "target": "YAL024C", "k": "34", "content": "CDC5 - LTE1", "source": "YMR001C", "is_directed": false, "id": "YMR001C-YAL024C", "name": "YMR001C-YAL024C"}}, {"data": {"directed": false, "popup": "<h><b>Confidence</b></h><p>0.75000</p><hr /><h><b>Sources and Types</b></h><p>BIOGRID<br><font color=#27AF47>&bull; Affinity Capture-Western</font> (PubMed <a style=\"color:blue\" href=\"http://www.ncbi.nlm.nih.gov/pubmed?term=18927509\" target=\"pubmedpage\">18927509</a>)</p><p>KID<br><font color=#27AF47>&bull; Co-Immunoprecipitation / Co-purification</font> (PubMed <a style=\"color:blue\" href=\"http://www.ncbi.nlm.nih.gov/pubmed?term=18927509\" target=\"pubmedpage\">18927509</a>)</p>", "target": "YGR098C", "k": "44", "content": "CDC5 - ESP1", "source": "YMR001C", "is_directed": false, "id": "YMR001C-YGR098C", "name": "YMR001C-YGR098C"}}, {"data": {"directed": true, "popup": "<h><b>Confidence</b></h><p>0.75000</p><hr /><h><b>Sources and Types</b></h><p>BIOGRID<br><font color=#27AF47>&bull; Affinity Capture-Western</font> (PubMed <a style=\"color:blue\" href=\"http://www.ncbi.nlm.nih.gov/pubmed?term=11438652\" target=\"pubmedpage\">11438652</a>)<br><font color=#27AF47>&bull; Two-hybrid</font> (PubMed <a style=\"color:blue\" href=\"http://www.ncbi.nlm.nih.gov/pubmed?term=12388757\" target=\"pubmedpage\">12388757</a> <a style=\"color:blue\" href=\"http://www.ncbi.nlm.nih.gov/pubmed?term=20098491\" target=\"pubmedpage\">20098491</a> <a style=\"color:blue\" href=\"http://www.ncbi.nlm.nih.gov/pubmed?term=11438652\" target=\"pubmedpage\">11438652</a> <a style=\"color:blue\" href=\"http://www.ncbi.nlm.nih.gov/pubmed?term=18719252\" target=\"pubmedpage\">18719252</a>)<br><font color=#27AF47>&bull; Co-localization</font> (PubMed <a style=\"color:blue\" href=\"http://www.ncbi.nlm.nih.gov/pubmed?term=15920482\" target=\"pubmedpage\">15920482</a>)<br><font color=#27AF47>&bull; Biochemical Activity</font> (PubMed <a style=\"color:blue\" href=\"http://www.ncbi.nlm.nih.gov/pubmed?term=15920482\" target=\"pubmedpage\">15920482</a> <a style=\"color:blue\" href=\"http://www.ncbi.nlm.nih.gov/pubmed?term=15037762\" target=\"pubmedpage\">15037762</a>)</p><p>KID<br><font color=#F07406>&bull; In vivo site-directed mutagenesis in substrate showing same biological consequence as the kinase delete</font> (PubMed <a style=\"color:blue\" href=\"http://www.ncbi.nlm.nih.gov/pubmed?term=15037762\" target=\"pubmedpage\">15037762</a>)<br><font color=#F07406>&bull; Phosphorylation reduced or absent in kinase mutant (Phospho-shifts, Western blot using Phospho-specific antibody)</font> (PubMed <a style=\"color:blue\" href=\"http://www.ncbi.nlm.nih.gov/pubmed?term=11438652\" target=\"pubmedpage\">11438652</a> <a style=\"color:blue\" href=\"http://www.ncbi.nlm.nih.gov/pubmed?term=15920482\" target=\"pubmedpage\">15920482</a> <a style=\"color:blue\" href=\"http://www.ncbi.nlm.nih.gov/pubmed?term=15037762\" target=\"pubmedpage\">15037762</a>)<br><font color=#27AF47>&bull; Physical interaction by Two-hybrid or PCA</font> (PubMed <a style=\"color:blue\" href=\"http://www.ncbi.nlm.nih.gov/pubmed?term=11438652\" target=\"pubmedpage\">11438652</a>)<br><font color=#27AF47>&bull; Co-Immunoprecipitation / Co-purification</font> (PubMed <a style=\"color:blue\" href=\"http://www.ncbi.nlm.nih.gov/pubmed?term=11438652\" target=\"pubmedpage\">11438652</a> <a style=\"color:blue\" href=\"http://www.ncbi.nlm.nih.gov/pubmed?term=15920482\" target=\"pubmedpage\">15920482</a>)<br><font color=#27AF47>&bull; Yeast 2-Hybrid studies or PCA assay</font> (PubMed <a style=\"color:blue\" href=\"http://www.ncbi.nlm.nih.gov/pubmed?term=18719252\" target=\"pubmedpage\">18719252</a>)<br><font color=#F07406>&bull; LTP in vitro kinase assays</font> (PubMed <a style=\"color:blue\" href=\"http://www.ncbi.nlm.nih.gov/pubmed?term=15920482\" target=\"pubmedpage\">15920482</a> <a style=\"color:blue\" href=\"http://www.ncbi.nlm.nih.gov/pubmed?term=15037762\" target=\"pubmedpage\">15037762</a>)<br><font color=#F07406>&bull; Phosphorylation or kinase-dependent change in localization</font> (PubMed <a style=\"color:blue\" href=\"http://www.ncbi.nlm.nih.gov/pubmed?term=11438652\" target=\"pubmedpage\">11438652</a>)</p>", "target": "YJL187C", "k": "47", "content": "CDC5 - SWE1", "source": "YMR001C", "is_directed": false, "id": "YMR001C-YJL187C", "name": "YMR001C-YJL187C"}}, {"data": {"directed": true, "popup": "<h><b>Confidence</b></h><p>0.62420</p><hr /><h><b>Sources and Types</b></h><p>BIOGRID<br><font color=#27AF47>&bull; Biochemical Activity</font> (PubMed <a style=\"color:blue\" href=\"http://www.ncbi.nlm.nih.gov/pubmed?term=16319894\" target=\"pubmedpage\">16319894</a>)</p><p>KID<br><font color=#F07406>&bull; Protein Chip data for in vitro phosphorylated substrates</font> (PubMed <a style=\"color:blue\" href=\"http://www.ncbi.nlm.nih.gov/pubmed?term=16319894\" target=\"pubmedpage\">16319894</a>)</p>", "target": "YAR019C", "k": "20", "content": "CDC5 - CDC15", "source": "YMR001C", "is_directed": false, "id": "YMR001C-YAR019C", "name": "YMR001C-YAR019C"}}, {"data": {"directed": false, "popup": "<h><b>Confidence</b></h><p>0.36091</p><hr /><h><b>Sources and Types</b></h><p>KID<br><font color=#27AF47>&bull; Localized to same subcellular compartment</font> (PubMed <a style=\"color:blue\" href=\"http://www.ncbi.nlm.nih.gov/pubmed?term=14562095\" target=\"pubmedpage\">14562095</a>)</p>", "target": "YKL048C", "k": "9", "content": "HSL7 - ELM1", "source": "YBR133C", "is_directed": false, "id": "YBR133C-YKL048C", "name": "YBR133C-YKL048C"}}, {"data": {"directed": false, "popup": "<h><b>Confidence</b></h><p>0.36091</p><hr /><h><b>Sources and Types</b></h><p>KID<br><font color=#27AF47>&bull; Localized to same subcellular compartment</font> (PubMed <a style=\"color:blue\" href=\"http://www.ncbi.nlm.nih.gov/pubmed?term=14562095\" target=\"pubmedpage\">14562095</a>)</p>", "target": "YNL161W", "k": "8", "content": "HSL7 - CBK1", "source": "YBR133C", "is_directed": false, "id": "YBR133C-YNL161W", "name": "YBR133C-YNL161W"}}, {"data": {"directed": false, "popup": "<h><b>Confidence</b></h><p>0.75000</p><hr /><h><b>Sources and Types</b></h><p>BIOGRID<br><font color=#27AF47>&bull; Two-hybrid</font> (PubMed <a style=\"color:blue\" href=\"http://www.ncbi.nlm.nih.gov/pubmed?term=17634282\" target=\"pubmedpage\">17634282</a>)</p><p>KID<br><font color=#27AF47>&bull; Yeast 2-Hybrid studies or PCA assay</font> (PubMed <a style=\"color:blue\" href=\"http://www.ncbi.nlm.nih.gov/pubmed?term=17634282\" target=\"pubmedpage\">17634282</a>)</p>", "target": "YPL209C", "k": "3", "content": "HSL7 - IPL1", "source": "YBR133C", "is_directed": false, "id": "YBR133C-YPL209C", "name": "YBR133C-YPL209C"}}, {"data": {"directed": false, "popup": "<h><b>Confidence</b></h><p>0.36054</p><hr /><h><b>Sources and Types</b></h><p>BIOGRID<br><font color=#27AF47>&bull; Biochemical Activity</font> (PubMed <a style=\"color:blue\" href=\"http://www.ncbi.nlm.nih.gov/pubmed?term=16319894\" target=\"pubmedpage\">16319894</a>)</p>", "target": "YPL031C", "k": "5", "content": "HSL7 - PHO85", "source": "YBR133C", "is_directed": false, "id": "YBR133C-YPL031C", "name": "YBR133C-YPL031C"}}, {"data": {"directed": false, "popup": "<h><b>Confidence</b></h><p>0.36091</p><hr /><h><b>Sources and Types</b></h><p>KID<br><font color=#27AF47>&bull; Localized to same subcellular compartment</font> (PubMed <a style=\"color:blue\" href=\"http://www.ncbi.nlm.nih.gov/pubmed?term=14562095\" target=\"pubmedpage\">14562095</a>)</p>", "target": "YBR059C", "k": "50", "content": "HSL7 - AKL1", "source": "YBR133C", "is_directed": false, "id": "YBR133C-YBR059C", "name": "YBR133C-YBR059C"}}, {"data": {"directed": false, "popup": "<h><b>Confidence</b></h><p>0.36091</p><hr /><h><b>Sources and Types</b></h><p>KID<br><font color=#27AF47>&bull; Localized to same subcellular compartment</font> (PubMed <a style=\"color:blue\" href=\"http://www.ncbi.nlm.nih.gov/pubmed?term=14562095\" target=\"pubmedpage\">14562095</a>)</p>", "target": "YGR092W", "k": "7", "content": "HSL7 - DBF2", "source": "YBR133C", "is_directed": false, "id": "YBR133C-YGR092W", "name": "YBR133C-YGR092W"}}, {"data": {"directed": false, "popup": "<h><b>Confidence</b></h><p>0.36091</p><hr /><h><b>Sources and Types</b></h><p>KID<br><font color=#27AF47>&bull; Localized to same subcellular compartment</font> (PubMed <a style=\"color:blue\" href=\"http://www.ncbi.nlm.nih.gov/pubmed?term=14562095\" target=\"pubmedpage\">14562095</a>)</p>", "target": "YDL028C", "k": "22", "content": "HSL7 - MPS1", "source": "YBR133C", "is_directed": false, "id": "YBR133C-YDL028C", "name": "YBR133C-YDL028C"}}, {"data": {"directed": false, "popup": "<h><b>Confidence</b></h><p>0.36054</p><hr /><h><b>Sources and Types</b></h><p>BIOGRID<br><font color=#27AF47>&bull; Biochemical Activity</font> (PubMed <a style=\"color:blue\" href=\"http://www.ncbi.nlm.nih.gov/pubmed?term=12925763\" target=\"pubmedpage\">12925763</a>)</p>", "target": "YDR225W", "k": "35", "content": "HSL7 - HTA1", "source": "YBR133C", "is_directed": false, "id": "YBR133C-YDR225W", "name": "YBR133C-YDR225W"}}, {"data": {"directed": false, "popup": "<h><b>Confidence</b></h><p>0.75000</p><hr /><h><b>Sources and Types</b></h><p>BIOGRID<br><font color=#27AF47>&bull; Affinity Capture-Western</font> (PubMed <a style=\"color:blue\" href=\"http://www.ncbi.nlm.nih.gov/pubmed?term=10411908\" target=\"pubmedpage\">10411908</a>)<br><font color=#27AF47>&bull; Two-hybrid</font> (PubMed <a style=\"color:blue\" href=\"http://www.ncbi.nlm.nih.gov/pubmed?term=10411908\" target=\"pubmedpage\">10411908</a>)</p>", "target": "YHL007C", "k": "4", "content": "HSL7 - STE20", "source": "YBR133C", "is_directed": false, "id": "YBR133C-YHL007C", "name": "YBR133C-YHL007C"}}, {"data": {"directed": false, "popup": "<h><b>Confidence</b></h><p>0.57322</p><hr /><h><b>Sources and Types</b></h><p>BIOGRID<br><font color=#27AF47>&bull; Two-hybrid</font> (PubMed <a style=\"color:blue\" href=\"http://www.ncbi.nlm.nih.gov/pubmed?term=11489916\" target=\"pubmedpage\">11489916</a>)</p>", "target": "YNL094W", "k": "45", "content": "HSL7 - APP1", "source": "YBR133C", "is_directed": false, "id": "YBR133C-YNL094W", "name": "YBR133C-YNL094W"}}, {"data": {"directed": false, "popup": "<h><b>Confidence</b></h><p>0.36091</p><hr /><h><b>Sources and Types</b></h><p>KID<br><font color=#27AF47>&bull; Localized to same subcellular compartment</font> (PubMed <a style=\"color:blue\" href=\"http://www.ncbi.nlm.nih.gov/pubmed?term=14562095\" target=\"pubmedpage\">14562095</a>)</p>", "target": "YMR001C", "k": "6", "content": "HSL7 - CDC5", "source": "YBR133C", "is_directed": false, "id": "YBR133C-YMR001C", "name": "YBR133C-YMR001C"}}, {"data": {"directed": false, "popup": "<h><b>Confidence</b></h><p>0.75000</p><hr /><h><b>Sources and Types</b></h><p>BIOGRID<br><font color=#27AF47>&bull; Affinity Capture-Western</font> (PubMed <a style=\"color:blue\" href=\"http://www.ncbi.nlm.nih.gov/pubmed?term=19211841\" target=\"pubmedpage\">19211841</a> <a style=\"color:blue\" href=\"http://www.ncbi.nlm.nih.gov/pubmed?term=10490648\" target=\"pubmedpage\">10490648</a> <a style=\"color:blue\" href=\"http://www.ncbi.nlm.nih.gov/pubmed?term=11408575\" target=\"pubmedpage\">11408575</a>)<br><font color=#27AF47>&bull; Two-hybrid</font> (PubMed <a style=\"color:blue\" href=\"http://www.ncbi.nlm.nih.gov/pubmed?term=10490648\" target=\"pubmedpage\">10490648</a> <a style=\"color:blue\" href=\"http://www.ncbi.nlm.nih.gov/pubmed?term=11408575\" target=\"pubmedpage\">11408575</a>)<br><font color=#27AF47>&bull; Reconstituted Complex</font> (PubMed <a style=\"color:blue\" href=\"http://www.ncbi.nlm.nih.gov/pubmed?term=11408575\" target=\"pubmedpage\">11408575</a>)<br><font color=#27AF47>&bull; Co-localization</font> (PubMed <a style=\"color:blue\" href=\"http://www.ncbi.nlm.nih.gov/pubmed?term=19211841\" target=\"pubmedpage\">19211841</a>)<br><font color=#27AF47>&bull; Biochemical Activity</font> (PubMed <a style=\"color:blue\" href=\"http://www.ncbi.nlm.nih.gov/pubmed?term=19211841\" target=\"pubmedpage\">19211841</a> <a style=\"color:blue\" href=\"http://www.ncbi.nlm.nih.gov/pubmed?term=11408575\" target=\"pubmedpage\">11408575</a>)</p><p>KID<br><font color=#27AF47>&bull; Reconstituted complex</font> (PubMed <a style=\"color:blue\" href=\"http://www.ncbi.nlm.nih.gov/pubmed?term=11408575\" target=\"pubmedpage\">11408575</a>)<br><font color=#27AF47>&bull; Localized to same subcellular compartment</font> (PubMed <a style=\"color:blue\" href=\"http://www.ncbi.nlm.nih.gov/pubmed?term=14562095\" target=\"pubmedpage\">14562095</a>)<br><font color=#27AF47>&bull; Physical interaction by Two-hybrid or PCA</font> (PubMed <a style=\"color:blue\" href=\"http://www.ncbi.nlm.nih.gov/pubmed?term=16688223\" target=\"pubmedpage\">16688223</a> <a style=\"color:blue\" href=\"http://www.ncbi.nlm.nih.gov/pubmed?term=10490648\" target=\"pubmedpage\">10490648</a> <a style=\"color:blue\" href=\"http://www.ncbi.nlm.nih.gov/pubmed?term=11408575\" target=\"pubmedpage\">11408575</a>)<br><font color=#27AF47>&bull; Co-Immunoprecipitation / Co-purification</font> (PubMed <a style=\"color:blue\" href=\"http://www.ncbi.nlm.nih.gov/pubmed?term=19211841\" target=\"pubmedpage\">19211841</a> <a style=\"color:blue\" href=\"http://www.ncbi.nlm.nih.gov/pubmed?term=10490648\" target=\"pubmedpage\">10490648</a>)<br><font color=#27AF47>&bull; LTP Co-localization</font> (PubMed <a style=\"color:blue\" href=\"http://www.ncbi.nlm.nih.gov/pubmed?term=19211841\" target=\"pubmedpage\">19211841</a>)</p>", "target": "YKL101W", "k": "2", "content": "HSL7 - HSL1", "source": "YBR133C", "is_directed": false, "id": "YBR133C-YKL101W", "name": "YBR133C-YKL101W"}}, {"data": {"directed": false, "popup": "<h><b>Confidence</b></h><p>0.75000</p><hr /><h><b>Sources and Types</b></h><p>BIOGRID<br><font color=#27AF47>&bull; Affinity Capture-Western</font> (PubMed <a style=\"color:blue\" href=\"http://www.ncbi.nlm.nih.gov/pubmed?term=12388757\" target=\"pubmedpage\">12388757</a> <a style=\"color:blue\" href=\"http://www.ncbi.nlm.nih.gov/pubmed?term=10490648\" target=\"pubmedpage\">10490648</a> <a style=\"color:blue\" href=\"http://www.ncbi.nlm.nih.gov/pubmed?term=10490630\" target=\"pubmedpage\">10490630</a>)<br><font color=#27AF47>&bull; Two-hybrid</font> (PubMed <a style=\"color:blue\" href=\"http://www.ncbi.nlm.nih.gov/pubmed?term=10490648\" target=\"pubmedpage\">10490648</a> <a style=\"color:blue\" href=\"http://www.ncbi.nlm.nih.gov/pubmed?term=11408575\" target=\"pubmedpage\">11408575</a>)<br><font color=#27AF47>&bull; Reconstituted Complex</font> (PubMed <a style=\"color:blue\" href=\"http://www.ncbi.nlm.nih.gov/pubmed?term=11408575\" target=\"pubmedpage\">11408575</a>)<br><font color=#27AF47>&bull; Affinity Capture-MS</font> (PubMed <a style=\"color:blue\" href=\"http://www.ncbi.nlm.nih.gov/pubmed?term=20489023\" target=\"pubmedpage\">20489023</a> <a style=\"color:blue\" href=\"http://www.ncbi.nlm.nih.gov/pubmed?term=11805837\" target=\"pubmedpage\">11805837</a>)</p><p>KID<br><font color=#27AF47>&bull; Reconstituted complex</font> (PubMed <a style=\"color:blue\" href=\"http://www.ncbi.nlm.nih.gov/pubmed?term=11408575\" target=\"pubmedpage\">11408575</a>)<br><font color=#27AF47>&bull; Co-Immunoprecipitation by Mass Spec</font> (PubMed <a style=\"color:blue\" href=\"http://www.ncbi.nlm.nih.gov/pubmed?term=20489023\" target=\"pubmedpage\">20489023</a> <a style=\"color:blue\" href=\"http://www.ncbi.nlm.nih.gov/pubmed?term=11805837\" target=\"pubmedpage\">11805837</a>)<br><font color=#27AF47>&bull; Physical interaction by Two-hybrid or PCA</font> (PubMed <a style=\"color:blue\" href=\"http://www.ncbi.nlm.nih.gov/pubmed?term=10490648\" target=\"pubmedpage\">10490648</a> <a style=\"color:blue\" href=\"http://www.ncbi.nlm.nih.gov/pubmed?term=11408575\" target=\"pubmedpage\">11408575</a>)<br><font color=#27AF47>&bull; Co-Immunoprecipitation / Co-purification</font> (PubMed <a style=\"color:blue\" href=\"http://www.ncbi.nlm.nih.gov/pubmed?term=12388757\" target=\"pubmedpage\">12388757</a> <a style=\"color:blue\" href=\"http://www.ncbi.nlm.nih.gov/pubmed?term=10490648\" target=\"pubmedpage\">10490648</a> <a style=\"color:blue\" href=\"http://www.ncbi.nlm.nih.gov/pubmed?term=10490630\" target=\"pubmedpage\">10490630</a>)</p>", "target": "YJL187C", "k": "1", "content": "HSL7 - SWE1", "source": "YBR133C", "is_directed": false, "id": "YBR133C-YJL187C", "name": "YBR133C-YJL187C"}}, {"data": {"directed": false, "popup": "<h><b>Confidence</b></h><p>0.75000</p><hr /><h><b>Sources and Types</b></h><p>BIOGRID<br><font color=#27AF47>&bull; Affinity Capture-Western</font> (PubMed <a style=\"color:blue\" href=\"http://www.ncbi.nlm.nih.gov/pubmed?term=11562348\" target=\"pubmedpage\">11562348</a> <a style=\"color:blue\" href=\"http://www.ncbi.nlm.nih.gov/pubmed?term=10848588\" target=\"pubmedpage\">10848588</a> <a style=\"color:blue\" href=\"http://www.ncbi.nlm.nih.gov/pubmed?term=17369399\" target=\"pubmedpage\">17369399</a>)<br><font color=#27AF47>&bull; Two-hybrid</font> (PubMed <a style=\"color:blue\" href=\"http://www.ncbi.nlm.nih.gov/pubmed?term=10848588\" target=\"pubmedpage\">10848588</a>)<br><font color=#27AF47>&bull; Reconstituted Complex</font> (PubMed <a style=\"color:blue\" href=\"http://www.ncbi.nlm.nih.gov/pubmed?term=11562348\" target=\"pubmedpage\">11562348</a>)</p><p>KID<br><font color=#27AF47>&bull; Reconstituted complex</font> (PubMed <a style=\"color:blue\" href=\"http://www.ncbi.nlm.nih.gov/pubmed?term=11562348\" target=\"pubmedpage\">11562348</a>)<br><font color=#27AF47>&bull; Co-Immunoprecipitation / Co-purification</font> (PubMed <a style=\"color:blue\" href=\"http://www.ncbi.nlm.nih.gov/pubmed?term=11562348\" target=\"pubmedpage\">11562348</a> <a style=\"color:blue\" href=\"http://www.ncbi.nlm.nih.gov/pubmed?term=10848588\" target=\"pubmedpage\">10848588</a> <a style=\"color:blue\" href=\"http://www.ncbi.nlm.nih.gov/pubmed?term=17369399\" target=\"pubmedpage\">17369399</a>)</p>", "target": "YGL116W", "k": "18", "content": "HSL1 - CDC20", "source": "YKL101W", "is_directed": false, "id": "YKL101W-YGL116W", "name": "YKL101W-YGL116W"}}, {"data": {"directed": true, "popup": "<h><b>Confidence</b></h><p>0.75000</p><hr /><h><b>Sources and Types</b></h><p>KID<br><font color=#F07406>&bull; Phosphorylation reduced or absent in kinase mutant (Phospho-shifts, Western blot using Phospho-specific antibody)</font> (PubMed <a style=\"color:blue\" href=\"http://www.ncbi.nlm.nih.gov/pubmed?term=12388757\" target=\"pubmedpage\">12388757</a> <a style=\"color:blue\" href=\"http://www.ncbi.nlm.nih.gov/pubmed?term=15920482\" target=\"pubmedpage\">15920482</a>)</p>", "target": "YBR160W", "k": "2", "content": "HSL1 - CDC28", "source": "YKL101W", "is_directed": false, "id": "YKL101W-YBR160W", "name": "YKL101W-YBR160W"}}, {"data": {"directed": true, "popup": "<h><b>Confidence</b></h><p>0.75000</p><hr /><h><b>Sources and Types</b></h><p>KID<br><font color=#27AF47>&bull; Localized to same subcellular compartment</font> (PubMed <a style=\"color:blue\" href=\"http://www.ncbi.nlm.nih.gov/pubmed?term=14562095\" target=\"pubmedpage\">14562095</a>)<br><font color=#F07406>&bull; Phosphorylation or kinase-dependent change in localization</font> (PubMed <a style=\"color:blue\" href=\"http://www.ncbi.nlm.nih.gov/pubmed?term=15920482\" target=\"pubmedpage\">15920482</a>)</p>", "target": "YMR001C", "k": "49", "content": "HSL1 - CDC5", "source": "YKL101W", "is_directed": false, "id": "YKL101W-YMR001C", "name": "YKL101W-YMR001C"}}, {"data": {"directed": false, "popup": "<h><b>Confidence</b></h><p>0.75000</p><hr /><h><b>Sources and Types</b></h><p>BIOGRID<br><font color=#27AF47>&bull; Affinity Capture-Western</font> (PubMed <a style=\"color:blue\" href=\"http://www.ncbi.nlm.nih.gov/pubmed?term=21460798\" target=\"pubmedpage\">21460798</a> <a style=\"color:blue\" href=\"http://www.ncbi.nlm.nih.gov/pubmed?term=15916960\" target=\"pubmedpage\">15916960</a> <a style=\"color:blue\" href=\"http://www.ncbi.nlm.nih.gov/pubmed?term=18596038\" target=\"pubmedpage\">18596038</a> <a style=\"color:blue\" href=\"http://www.ncbi.nlm.nih.gov/pubmed?term=11562348\" target=\"pubmedpage\">11562348</a> <a style=\"color:blue\" href=\"http://www.ncbi.nlm.nih.gov/pubmed?term=10848588\" target=\"pubmedpage\">10848588</a>)<br><font color=#27AF47>&bull; Two-hybrid</font> (PubMed <a style=\"color:blue\" href=\"http://www.ncbi.nlm.nih.gov/pubmed?term=21460798\" target=\"pubmedpage\">21460798</a> <a style=\"color:blue\" href=\"http://www.ncbi.nlm.nih.gov/pubmed?term=21562221\" target=\"pubmedpage\">21562221</a> <a style=\"color:blue\" href=\"http://www.ncbi.nlm.nih.gov/pubmed?term=10848588\" target=\"pubmedpage\">10848588</a>)<br><font color=#27AF47>&bull; Reconstituted Complex</font> (PubMed <a style=\"color:blue\" href=\"http://www.ncbi.nlm.nih.gov/pubmed?term=18519589\" target=\"pubmedpage\">18519589</a> <a style=\"color:blue\" href=\"http://www.ncbi.nlm.nih.gov/pubmed?term=11562348\" target=\"pubmedpage\">11562348</a> <a style=\"color:blue\" href=\"http://www.ncbi.nlm.nih.gov/pubmed?term=21460040\" target=\"pubmedpage\">21460040</a>)<br><font color=#27AF47>&bull; Biochemical Activity</font> (PubMed <a style=\"color:blue\" href=\"http://www.ncbi.nlm.nih.gov/pubmed?term=21460798\" target=\"pubmedpage\">21460798</a> <a style=\"color:blue\" href=\"http://www.ncbi.nlm.nih.gov/pubmed?term=18519589\" target=\"pubmedpage\">18519589</a>)<br><font color=#27AF47>&bull; Protein-peptide</font> (PubMed <a style=\"color:blue\" href=\"http://www.ncbi.nlm.nih.gov/pubmed?term=15916960\" target=\"pubmedpage\">15916960</a>)</p><p>KID<br><font color=#27AF47>&bull; Reconstituted complex</font> (PubMed <a style=\"color:blue\" href=\"http://www.ncbi.nlm.nih.gov/pubmed?term=18519589\" target=\"pubmedpage\">18519589</a> <a style=\"color:blue\" href=\"http://www.ncbi.nlm.nih.gov/pubmed?term=11562348\" target=\"pubmedpage\">11562348</a>)<br><font color=#27AF47>&bull; Co-Immunoprecipitation / Co-purification</font> (PubMed <a style=\"color:blue\" href=\"http://www.ncbi.nlm.nih.gov/pubmed?term=15916960\" target=\"pubmedpage\">15916960</a> <a style=\"color:blue\" href=\"http://www.ncbi.nlm.nih.gov/pubmed?term=11562348\" target=\"pubmedpage\">11562348</a> <a style=\"color:blue\" href=\"http://www.ncbi.nlm.nih.gov/pubmed?term=10848588\" target=\"pubmedpage\">10848588</a>)<br><font color=#27AF47>&bull; HTP In vitro PPI</font> (PubMed <a style=\"color:blue\" href=\"http://www.ncbi.nlm.nih.gov/pubmed?term=21460040\" target=\"pubmedpage\">21460040</a>)</p>", "target": "YGL003C", "k": "23", "content": "HSL1 - CDH1", "source": "YKL101W", "is_directed": false, "id": "YKL101W-YGL003C", "name": "YKL101W-YGL003C"}}, {"data": {"directed": true, "popup": "<h><b>Confidence</b></h><p>0.75000</p><hr /><h><b>Sources and Types</b></h><p>KID<br><font color=#F07406>&bull; Phosphorylation reduced or absent in kinase mutant (Phospho-shifts, Western blot using Phospho-specific antibody)</font> (PubMed <a style=\"color:blue\" href=\"http://www.ncbi.nlm.nih.gov/pubmed?term=15920482\" target=\"pubmedpage\">15920482</a> <a style=\"color:blue\" href=\"http://www.ncbi.nlm.nih.gov/pubmed?term=18562688\" target=\"pubmedpage\">18562688</a>)<br><font color=#F07406>&bull; Phosphorylation or kinase-dependent change in localization</font> (PubMed <a style=\"color:blue\" href=\"http://www.ncbi.nlm.nih.gov/pubmed?term=12925763\" target=\"pubmedpage\">12925763</a> <a style=\"color:blue\" href=\"http://www.ncbi.nlm.nih.gov/pubmed?term=10490648\" target=\"pubmedpage\">10490648</a>)</p>", "target": "YJL187C", "k": "43", "content": "HSL1 - SWE1", "source": "YKL101W", "is_directed": false, "id": "YKL101W-YJL187C", "name": "YKL101W-YJL187C"}}, {"data": {"directed": false, "popup": "<h><b>Confidence</b></h><p>0.75000</p><hr /><h><b>Sources and Types</b></h><p>BIOGRID<br><font color=#27AF47>&bull; Co-localization</font> (PubMed <a style=\"color:blue\" href=\"http://www.ncbi.nlm.nih.gov/pubmed?term=11598184\" target=\"pubmedpage\">11598184</a>)</p>", "target": "YML064C", "k": "25", "content": "DBF2 - TEM1", "source": "YGR092W", "is_directed": false, "id": "YGR092W-YML064C", "name": "YGR092W-YML064C"}}, {"data": {"directed": false, "popup": "<h><b>Confidence</b></h><p>0.75000</p><hr /><h><b>Sources and Types</b></h><p>BIOGRID<br><font color=#27AF47>&bull; Affinity Capture-Western</font> (PubMed <a style=\"color:blue\" href=\"http://www.ncbi.nlm.nih.gov/pubmed?term=15200949\" target=\"pubmedpage\">15200949</a>)</p>", "target": "YPR119W", "k": "27", "content": "DBF2 - CLB2", "source": "YGR092W", "is_directed": false, "id": "YGR092W-YPR119W", "name": "YGR092W-YPR119W"}}, {"data": {"directed": false, "popup": "<h><b>Confidence</b></h><p>0.75000</p><hr /><h><b>Sources and Types</b></h><p>BIOGRID<br><font color=#27AF47>&bull; Co-localization</font> (PubMed <a style=\"color:blue\" href=\"http://www.ncbi.nlm.nih.gov/pubmed?term=11598184\" target=\"pubmedpage\">11598184</a>)</p>", "target": "YGL116W", "k": "29", "content": "DBF2 - CDC20", "source": "YGR092W", "is_directed": false, "id": "YGR092W-YGL116W", "name": "YGR092W-YGL116W"}}, {"data": {"directed": false, "popup": "<h><b>Confidence</b></h><p>0.75000</p><hr /><h><b>Sources and Types</b></h><p>BIOGRID<br><font color=#27AF47>&bull; Co-localization</font> (PubMed <a style=\"color:blue\" href=\"http://www.ncbi.nlm.nih.gov/pubmed?term=10984431\" target=\"pubmedpage\">10984431</a>)<br><font color=#27AF47>&bull; Biochemical Activity</font> (PubMed <a style=\"color:blue\" href=\"http://www.ncbi.nlm.nih.gov/pubmed?term=19221193\" target=\"pubmedpage\">19221193</a> <a style=\"color:blue\" href=\"http://www.ncbi.nlm.nih.gov/pubmed?term=20123997\" target=\"pubmedpage\">20123997</a>)<br><font color=#27AF47>&bull; Affinity Capture-MS</font> (PubMed <a style=\"color:blue\" href=\"http://www.ncbi.nlm.nih.gov/pubmed?term=20489023\" target=\"pubmedpage\">20489023</a>)</p><p>KID<br><font color=#27AF47>&bull; Co-Immunoprecipitation by Mass Spec</font> (PubMed <a style=\"color:blue\" href=\"http://www.ncbi.nlm.nih.gov/pubmed?term=20489023\" target=\"pubmedpage\">20489023</a>)</p>", "target": "YFR028C", "k": "14", "content": "DBF2 - CDC14", "source": "YGR092W", "is_directed": false, "id": "YGR092W-YFR028C", "name": "YGR092W-YFR028C"}}, {"data": {"directed": false, "popup": "<h><b>Confidence</b></h><p>0.36054</p><hr /><h><b>Sources and Types</b></h><p>BIOGRID<br><font color=#27AF47>&bull; Biochemical Activity</font> (PubMed <a style=\"color:blue\" href=\"http://www.ncbi.nlm.nih.gov/pubmed?term=14574415\" target=\"pubmedpage\">14574415</a>)</p>", "target": "YBR160W", "k": "7", "content": "DBF2 - CDC28", "source": "YGR092W", "is_directed": false, "id": "YGR092W-YBR160W", "name": "YGR092W-YBR160W"}}, {"data": {"directed": true, "popup": "<h><b>Confidence</b></h><p>0.75000</p><hr /><h><b>Sources and Types</b></h><p>BIOGRID<br><font color=#27AF47>&bull; Biochemical Activity</font> (PubMed <a style=\"color:blue\" href=\"http://www.ncbi.nlm.nih.gov/pubmed?term=16319894\" target=\"pubmedpage\">16319894</a> <a style=\"color:blue\" href=\"http://www.ncbi.nlm.nih.gov/pubmed?term=16242037\" target=\"pubmedpage\">16242037</a>)<br><font color=#27AF47>&bull; Affinity Capture-MS</font> (PubMed <a style=\"color:blue\" href=\"http://www.ncbi.nlm.nih.gov/pubmed?term=20489023\" target=\"pubmedpage\">20489023</a>)</p><p>KID<br><font color=#F07406>&bull; Protein Chip data for in vitro phosphorylated substrates</font> (PubMed <a style=\"color:blue\" href=\"http://www.ncbi.nlm.nih.gov/pubmed?term=16319894\" target=\"pubmedpage\">16319894</a>)<br><font color=#27AF47>&bull; Co-Immunoprecipitation by Mass Spec</font> (PubMed <a style=\"color:blue\" href=\"http://www.ncbi.nlm.nih.gov/pubmed?term=20489023\" target=\"pubmedpage\">20489023</a>)</p>", "target": "YJL076W", "k": "32", "content": "DBF2 - NET1", "source": "YGR092W", "is_directed": false, "id": "YGR092W-YJL076W", "name": "YGR092W-YJL076W"}}, {"data": {"directed": false, "popup": "<h><b>Confidence</b></h><p>0.75000</p><hr /><h><b>Sources and Types</b></h><p>BIOGRID<br><font color=#27AF47>&bull; Co-localization</font> (PubMed <a style=\"color:blue\" href=\"http://www.ncbi.nlm.nih.gov/pubmed?term=10984431\" target=\"pubmedpage\">10984431</a> <a style=\"color:blue\" href=\"http://www.ncbi.nlm.nih.gov/pubmed?term=11598184\" target=\"pubmedpage\">11598184</a>)<br><font color=#27AF47>&bull; Biochemical Activity</font> (PubMed <a style=\"color:blue\" href=\"http://www.ncbi.nlm.nih.gov/pubmed?term=11404483\" target=\"pubmedpage\">11404483</a>)</p>", "target": "YAR019C", "k": "21", "content": "DBF2 - CDC15", "source": "YGR092W", "is_directed": false, "id": "YGR092W-YAR019C", "name": "YGR092W-YAR019C"}}, {"data": {"directed": true, "popup": "<h><b>Confidence</b></h><p>0.23223</p><hr /><h><b>Sources and Types</b></h><p>Bodenmiller<br><font color=#F07406>&bull; phosphorylation</font> (PubMed <a style=\"color:blue\" href=\"http://www.ncbi.nlm.nih.gov/pubmed?term=21177495\" target=\"pubmedpage\">21177495</a>)</p>", "target": "YJL076W", "k": "33", "content": "MPS1 - NET1", "source": "YDL028C", "is_directed": false, "id": "YDL028C-YJL076W", "name": "YDL028C-YJL076W"}}, {"data": {"directed": true, "popup": "<h><b>Confidence</b></h><p>0.75000</p><hr /><h><b>Sources and Types</b></h><p>KID<br><font color=#F07406>&bull; Phosphorylation or kinase-dependent change in localization</font> (PubMed <a style=\"color:blue\" href=\"http://www.ncbi.nlm.nih.gov/pubmed?term=20383151\" target=\"pubmedpage\">20383151</a>)</p>", "target": "YJL030W", "k": "38", "content": "MPS1 - MAD2", "source": "YDL028C", "is_directed": false, "id": "YDL028C-YJL030W", "name": "YDL028C-YJL030W"}}, {"data": {"directed": true, "popup": "<h><b>Confidence</b></h><p>0.62420</p><hr /><h><b>Sources and Types</b></h><p>BIOGRID<br><font color=#27AF47>&bull; Biochemical Activity</font> (PubMed <a style=\"color:blue\" href=\"http://www.ncbi.nlm.nih.gov/pubmed?term=16319894\" target=\"pubmedpage\">16319894</a>)</p><p>KID<br><font color=#F07406>&bull; Protein Chip data for in vitro phosphorylated substrates</font> (PubMed <a style=\"color:blue\" href=\"http://www.ncbi.nlm.nih.gov/pubmed?term=16319894\" target=\"pubmedpage\">16319894</a>)</p>", "target": "YAR019C", "k": "22", "content": "MPS1 - CDC15", "source": "YDL028C", "is_directed": false, "id": "YDL028C-YAR019C", "name": "YDL028C-YAR019C"}}, {"data": {"directed": false, "popup": "<h><b>Confidence</b></h><p>0.75000</p><hr /><h><b>Sources and Types</b></h><p>BIOGRID<br><font color=#27AF47>&bull; Two-hybrid</font> (PubMed <a style=\"color:blue\" href=\"http://www.ncbi.nlm.nih.gov/pubmed?term=11489916\" target=\"pubmedpage\">11489916</a>)</p><p>KID<br><font color=#27AF47>&bull; Yeast 2-Hybrid studies or PCA assay</font> (PubMed <a style=\"color:blue\" href=\"http://www.ncbi.nlm.nih.gov/pubmed?term=11489916\" target=\"pubmedpage\">11489916</a>)</p>", "target": "YJL187C", "k": "45", "content": "APP1 - SWE1", "source": "YNL094W", "is_directed": false, "id": "YNL094W-YJL187C", "name": "YNL094W-YJL187C"}}, {"data": {"directed": false, "popup": "<h><b>Confidence</b></h><p>0.44737</p><hr /><h><b>Sources and Types</b></h><p>BIOGRID<br><font color=#27AF47>&bull; PCA</font> (PubMed <a style=\"color:blue\" href=\"http://www.ncbi.nlm.nih.gov/pubmed?term=21118957\" target=\"pubmedpage\">21118957</a>)</p>", "target": "YML064C", "k": "26", "content": "ELM1 - TEM1", "source": "YKL048C", "is_directed": false, "id": "YKL048C-YML064C", "name": "YKL048C-YML064C"}}, {"data": {"directed": true, "popup": "<h><b>Confidence</b></h><p>0.75000</p><hr /><h><b>Sources and Types</b></h><p>Bodenmiller<br><font color=#F07406>&bull; phosphorylation</font> (PubMed <a style=\"color:blue\" href=\"http://www.ncbi.nlm.nih.gov/pubmed?term=21177495\" target=\"pubmedpage\">21177495</a>)</p><p>BIOGRID<br><font color=#27AF47>&bull; Two-hybrid</font> (PubMed <a style=\"color:blue\" href=\"http://www.ncbi.nlm.nih.gov/pubmed?term=18231587\" target=\"pubmedpage\">18231587</a>)<br><font color=#27AF47>&bull; Biochemical Activity</font> (PubMed <a style=\"color:blue\" href=\"http://www.ncbi.nlm.nih.gov/pubmed?term=14574415\" target=\"pubmedpage\">14574415</a>)</p><p>KID<br><font color=#27AF47>&bull; Yeast 2-Hybrid studies or PCA assay</font> (PubMed <a style=\"color:blue\" href=\"http://www.ncbi.nlm.nih.gov/pubmed?term=18231587\" target=\"pubmedpage\">18231587</a>)</p>", "target": "YBR160W", "k": "9", "content": "ELM1 - CDC28", "source": "YKL048C", "is_directed": false, "id": "YKL048C-YBR160W", "name": "YKL048C-YBR160W"}}, {"data": {"directed": false, "popup": "<h><b>Confidence</b></h><p>0.36054</p><hr /><h><b>Sources and Types</b></h><p>BIOGRID<br><font color=#27AF47>&bull; Biochemical Activity</font> (PubMed <a style=\"color:blue\" href=\"http://www.ncbi.nlm.nih.gov/pubmed?term=14574415\" target=\"pubmedpage\">14574415</a>)</p>", "target": "YBR160W", "k": "3", "content": "IPL1 - CDC28", "source": "YPL209C", "is_directed": false, "id": "YPL209C-YBR160W", "name": "YPL209C-YBR160W"}}, {"data": {"directed": false, "popup": "<h><b>Confidence</b></h><p>0.75000</p><hr /><h><b>Sources and Types</b></h><p>BIOGRID<br><font color=#27AF47>&bull; Co-localization</font> (PubMed <a style=\"color:blue\" href=\"http://www.ncbi.nlm.nih.gov/pubmed?term=16176976\" target=\"pubmedpage\">16176976</a>)</p>", "target": "YFR028C", "k": "11", "content": "IPL1 - CDC14", "source": "YPL209C", "is_directed": false, "id": "YPL209C-YFR028C", "name": "YPL209C-YFR028C"}}, {"data": {"directed": false, "popup": "<h><b>Confidence</b></h><p>0.75000</p><hr /><h><b>Sources and Types</b></h><p>BIOGRID<br><font color=#27AF47>&bull; Co-localization</font> (PubMed <a style=\"color:blue\" href=\"http://www.ncbi.nlm.nih.gov/pubmed?term=16176976\" target=\"pubmedpage\">16176976</a>)</p>", "target": "YAR019C", "k": "12", "content": "IPL1 - CDC15", "source": "YPL209C", "is_directed": false, "id": "YPL209C-YAR019C", "name": "YPL209C-YAR019C"}}, {"data": {"directed": false, "popup": "<h><b>Confidence</b></h><p>0.36091</p><hr /><h><b>Sources and Types</b></h><p>KID<br><font color=#27AF47>&bull; Localized to same subcellular compartment</font> (PubMed <a style=\"color:blue\" href=\"http://www.ncbi.nlm.nih.gov/pubmed?term=14562095\" target=\"pubmedpage\">14562095</a>)</p>", "target": "YKL101W", "k": "50", "content": "AKL1 - HSL1", "source": "YBR059C", "is_directed": false, "id": "YBR059C-YKL101W", "name": "YBR059C-YKL101W"}}, {"data": {"directed": false, "popup": "<h><b>Confidence</b></h><p>0.75000</p><hr /><h><b>Sources and Types</b></h><p>BIOGRID<br><font color=#27AF47>&bull; Affinity Capture-Western</font> (PubMed <a style=\"color:blue\" href=\"http://www.ncbi.nlm.nih.gov/pubmed?term=19217406\" target=\"pubmedpage\">19217406</a>)</p>", "target": "YDL042C", "k": "35", "content": "HTA1 - SIR2", "source": "YDR225W", "is_directed": false, "id": "YDR225W-YDL042C", "name": "YDR225W-YDL042C"}}]}, "data": {"layout": "radial", "name": "linker-q_0.5-query_HSL7-path_k_50", "tags": ["2013-jcb-linker", "HSL7"], "title": "graph_2017-04-14 01:15:59.749017", "paper_title": "Pathways on demand: automated reconstruction of human signaling networks.", "taxon_id": "559292", "pmid": "23641868", "organism": "Saccharomyces cerevisiae", "pubmed_authors": ["Christopher L. Poirel", "Richard R. Rodrigues", "Katherine C. Chen", "John J. Tyson", "T. M. Murali"], "description": "<br><img border=\"0\" src=\"../../../images/legend.png\" alt=\"Network Legend\" width=\"150px\" />"}}