{"elements": {"nodes": [{"data": {"name": "read_270", "aliases": [], "id": "read_270", "label": "read_270"}}, {"data": {"name": "read_259", "aliases": [], "id": "read_259", "label": "read_259"}}, {"data": {"name": "read_264", "aliases": [], "id": "read_264", "label": "read_264"}}, {"data": {"name": "read_254", "aliases": [], "id": "read_254", "label": "read_254"}}, {"data": {"name": "read_255", "aliases": [], "id": "read_255", "label": "read_255"}}, {"data": {"name": "read_187", "aliases": [], "id": "read_187", "label": "read_187"}}, {"data": {"name": "read_251", "aliases": [], "id": "read_251", "label": "read_251"}}, {"data": {"name": "read_252", "aliases": [], "id": "read_252", "label": "read_252"}}, {"data": {"name": "read_329", "aliases": [], "id": "read_329", "label": "read_329"}}, {"data": {"name": "read_236", "aliases": [], "id": "read_236", "label": "read_236"}}, {"data": {"name": "read_192", "aliases": [], "id": "read_192", "label": "read_192"}}, {"data": {"name": "read_212", "aliases": [], "id": "read_212", "label": "read_212"}}, {"data": {"name": "read_213", "aliases": [], "id": "read_213", "label": "read_213"}}, {"data": {"name": "read_197", "aliases": [], "id": "read_197", "label": "read_197"}}, {"data": {"name": "read_178", "aliases": [], "id": "read_178", "label": "read_178"}}, {"data": {"name": "read_216", "aliases": [], "id": "read_216", "label": "read_216"}}, {"data": {"name": "read_314", "aliases": [], "id": "read_314", "label": "read_314"}}, {"data": {"name": "read_218", "aliases": [], "id": "read_218", "label": "read_218"}}, {"data": {"name": "read_219", "aliases": [], "id": "read_219", "label": "read_219"}}, {"data": {"name": "read_177", "aliases": [], "id": "read_177", "label": "read_177"}}, {"data": {"name": "read_316", "aliases": [], "id": "read_316", "label": "read_316"}}, {"data": {"name": "read_171", "aliases": [], "id": "read_171", "label": "read_171"}}, {"data": {"name": "read_170", "aliases": [], "id": "read_170", "label": "read_170"}}, {"data": {"name": "read_172", "aliases": [], "id": "read_172", "label": "read_172"}}, {"data": {"name": "read_299", "aliases": [], "id": "read_299", "label": "read_299"}}, {"data": {"name": "read_332", "aliases": [], "id": "read_332", "label": "read_332"}}, {"data": {"name": "read_331", "aliases": [], "id": "read_331", "label": "read_331"}}, {"data": {"name": "read_306", "aliases": [], "id": "read_306", "label": "read_306"}}, {"data": {"name": "read_310", "aliases": [], "id": "read_310", "label": "read_310"}}, {"data": {"name": "read_302", "aliases": [], "id": "read_302", "label": "read_302"}}, {"data": {"name": "read_247", "aliases": [], "id": "read_247", "label": "read_247"}}, {"data": {"name": "read_228", "aliases": [], "id": "read_228", "label": "read_228"}}, {"data": {"name": "read_315", "aliases": [], "id": "read_315", "label": "read_315"}}, {"data": {"name": "read_221", "aliases": [], "id": "read_221", "label": "read_221"}}, {"data": {"name": "read_246", "aliases": [], "id": "read_246", "label": "read_246"}}, {"data": {"name": "read_245", "aliases": [], "id": "read_245", "label": "read_245"}}, {"data": {"name": "read_244", "aliases": [], "id": "read_244", "label": "read_244"}}, {"data": {"name": "read_243", "aliases": [], "id": "read_243", "label": "read_243"}}, {"data": {"name": "read_227", "aliases": [], "id": "read_227", "label": "read_227"}}, {"data": {"name": "read_240", "aliases": [], "id": "read_240", "label": "read_240"}}, {"data": {"name": "read_203", "aliases": [], "id": "read_203", "label": "read_203"}}, {"data": {"name": "read_202", "aliases": [], "id": "read_202", "label": "read_202"}}, {"data": {"name": "read_201", "aliases": [], "id": "read_201", "label": "read_201"}}, {"data": {"name": "read_169", "aliases": [], "id": "read_169", "label": "read_169"}}, {"data": {"name": "read_186", "aliases": [], "id": "read_186", "label": "read_186"}}, {"data": {"name": "read_204", "aliases": [], "id": "read_204", "label": "read_204"}}, {"data": {"name": "read_162", "aliases": [], "id": "read_162", "label": "read_162"}}, {"data": {"name": "read_163", "aliases": [], "id": "read_163", "label": "read_163"}}, {"data": {"name": "read_300", "aliases": [], "id": "read_300", "label": "read_300"}}, {"data": {"name": "read_161", "aliases": [], "id": "read_161", "label": "read_161"}}, {"data": {"name": "read_166", "aliases": [], "id": "read_166", "label": "read_166"}}, {"data": {"name": "read_307", "aliases": [], "id": "read_307", "label": "read_307"}}, {"data": {"name": "read_164", "aliases": [], "id": "read_164", "label": "read_164"}}, {"data": {"name": "read_165", "aliases": [], "id": "read_165", "label": "read_165"}}, {"data": {"name": "read_324", "aliases": [], "id": "read_324", "label": "read_324"}}, {"data": {"name": "read_289", "aliases": [], "id": "read_289", "label": "read_289"}}, {"data": {"name": "read_346", "aliases": [], "id": "read_346", "label": "read_346"}}, {"data": {"name": "read_345", "aliases": [], "id": "read_345", "label": "read_345"}}, {"data": {"name": "read_168", "aliases": [], "id": "read_168", "label": "read_168"}}, {"data": {"name": "read_225", "aliases": [], "id": "read_225", "label": "read_225"}}, {"data": {"name": "read_200", "aliases": [], "id": "read_200", "label": "read_200"}}, {"data": {"name": "read_303", "aliases": [], "id": "read_303", "label": "read_303"}}, {"data": {"name": "read_318", "aliases": [], "id": "read_318", "label": "read_318"}}], "edges": [{"data": {"directed": "false", "source": "read_254", "is_directed": false, "target": "read_255", "id": "read_254-read_255", "name": "read_254-read_255"}}, {"data": {"directed": "false", "source": "read_255", "is_directed": false, "target": "read_264", "id": "read_255-read_264", "name": "read_255-read_264"}}, {"data": {"directed": "false", "source": "read_255", "is_directed": false, "target": "read_270", "id": "read_255-read_270", "name": "read_255-read_270"}}, {"data": {"directed": "false", "source": "read_255", "is_directed": false, "target": "read_259", "id": "read_255-read_259", "name": "read_255-read_259"}}, {"data": {"directed": "false", "source": "read_251", "is_directed": false, "target": "read_254", "id": "read_251-read_254", "name": "read_251-read_254"}}, {"data": {"directed": "false", "source": "read_251", "is_directed": false, "target": "read_255", "id": "read_251-read_255", "name": "read_251-read_255"}}, {"data": {"directed": "false", "source": "read_251", "is_directed": false, "target": "read_270", "id": "read_251-read_270", "name": "read_251-read_270"}}, {"data": {"directed": "false", "source": "read_252", "is_directed": false, "target": "read_255", "id": "read_252-read_255", "name": "read_252-read_255"}}, {"data": {"directed": "false", "source": "read_329", "is_directed": false, "target": "read_346", "id": "read_329-read_346", "name": "read_329-read_346"}}, {"data": {"directed": "false", "source": "read_329", "is_directed": false, "target": "read_345", "id": "read_329-read_345", "name": "read_329-read_345"}}, {"data": {"directed": "false", "source": "read_329", "is_directed": false, "target": "read_332", "id": "read_329-read_332", "name": "read_329-read_332"}}, {"data": {"directed": "false", "source": "read_329", "is_directed": false, "target": "read_331", "id": "read_329-read_331", "name": "read_329-read_331"}}, {"data": {"directed": "false", "source": "read_236", "is_directed": false, "target": "read_254", "id": "read_236-read_254", "name": "read_236-read_254"}}, {"data": {"directed": "false", "source": "read_236", "is_directed": false, "target": "read_255", "id": "read_236-read_255", "name": "read_236-read_255"}}, {"data": {"directed": "false", "source": "read_236", "is_directed": false, "target": "read_245", "id": "read_236-read_245", "name": "read_236-read_245"}}, {"data": {"directed": "false", "source": "read_236", "is_directed": false, "target": "read_243", "id": "read_236-read_243", "name": "read_236-read_243"}}, {"data": {"directed": "false", "source": "read_236", "is_directed": false, "target": "read_251", "id": "read_236-read_251", "name": "read_236-read_251"}}, {"data": {"directed": "false", "source": "read_236", "is_directed": false, "target": "read_252", "id": "read_236-read_252", "name": "read_236-read_252"}}, {"data": {"directed": "false", "source": "read_236", "is_directed": false, "target": "read_240", "id": "read_236-read_240", "name": "read_236-read_240"}}, {"data": {"directed": "false", "source": "read_236", "is_directed": false, "target": "read_247", "id": "read_236-read_247", "name": "read_236-read_247"}}, {"data": {"directed": "false", "source": "read_236", "is_directed": false, "target": "read_246", "id": "read_236-read_246", "name": "read_236-read_246"}}, {"data": {"directed": "false", "source": "read_192", "is_directed": false, "target": "read_221", "id": "read_192-read_221", "name": "read_192-read_221"}}, {"data": {"directed": "false", "source": "read_192", "is_directed": false, "target": "read_203", "id": "read_192-read_203", "name": "read_192-read_203"}}, {"data": {"directed": "false", "source": "read_192", "is_directed": false, "target": "read_202", "id": "read_192-read_202", "name": "read_192-read_202"}}, {"data": {"directed": "false", "source": "read_192", "is_directed": false, "target": "read_247", "id": "read_192-read_247", "name": "read_192-read_247"}}, {"data": {"directed": "false", "source": "read_192", "is_directed": false, "target": "read_243", "id": "read_192-read_243", "name": "read_192-read_243"}}, {"data": {"directed": "false", "source": "read_192", "is_directed": false, "target": "read_245", "id": "read_192-read_245", "name": "read_192-read_245"}}, {"data": {"directed": "false", "source": "read_192", "is_directed": false, "target": "read_244", "id": "read_192-read_244", "name": "read_192-read_244"}}, {"data": {"directed": "false", "source": "read_192", "is_directed": false, "target": "read_225", "id": "read_192-read_225", "name": "read_192-read_225"}}, {"data": {"directed": "false", "source": "read_192", "is_directed": false, "target": "read_212", "id": "read_192-read_212", "name": "read_192-read_212"}}, {"data": {"directed": "false", "source": "read_192", "is_directed": false, "target": "read_240", "id": "read_192-read_240", "name": "read_192-read_240"}}, {"data": {"directed": "false", "source": "read_192", "is_directed": false, "target": "read_236", "id": "read_192-read_236", "name": "read_192-read_236"}}, {"data": {"directed": "false", "source": "read_192", "is_directed": false, "target": "read_254", "id": "read_192-read_254", "name": "read_192-read_254"}}, {"data": {"directed": "false", "source": "read_192", "is_directed": false, "target": "read_201", "id": "read_192-read_201", "name": "read_192-read_201"}}, {"data": {"directed": "false", "source": "read_192", "is_directed": false, "target": "read_197", "id": "read_192-read_197", "name": "read_192-read_197"}}, {"data": {"directed": "false", "source": "read_192", "is_directed": false, "target": "read_216", "id": "read_192-read_216", "name": "read_192-read_216"}}, {"data": {"directed": "false", "source": "read_192", "is_directed": false, "target": "read_246", "id": "read_192-read_246", "name": "read_192-read_246"}}, {"data": {"directed": "false", "source": "read_192", "is_directed": false, "target": "read_218", "id": "read_192-read_218", "name": "read_192-read_218"}}, {"data": {"directed": "false", "source": "read_192", "is_directed": false, "target": "read_219", "id": "read_192-read_219", "name": "read_192-read_219"}}, {"data": {"directed": "false", "source": "read_192", "is_directed": false, "target": "read_204", "id": "read_192-read_204", "name": "read_192-read_204"}}, {"data": {"directed": "false", "source": "read_212", "is_directed": false, "target": "read_228", "id": "read_212-read_228", "name": "read_212-read_228"}}, {"data": {"directed": "false", "source": "read_212", "is_directed": false, "target": "read_247", "id": "read_212-read_247", "name": "read_212-read_247"}}, {"data": {"directed": "false", "source": "read_212", "is_directed": false, "target": "read_243", "id": "read_212-read_243", "name": "read_212-read_243"}}, {"data": {"directed": "false", "source": "read_212", "is_directed": false, "target": "read_245", "id": "read_212-read_245", "name": "read_212-read_245"}}, {"data": {"directed": "false", "source": "read_212", "is_directed": false, "target": "read_244", "id": "read_212-read_244", "name": "read_212-read_244"}}, {"data": {"directed": "false", "source": "read_212", "is_directed": false, "target": "read_225", "id": "read_212-read_225", "name": "read_212-read_225"}}, {"data": {"directed": "false", "source": "read_212", "is_directed": false, "target": "read_252", "id": "read_212-read_252", "name": "read_212-read_252"}}, {"data": {"directed": "false", "source": "read_212", "is_directed": false, "target": "read_240", "id": "read_212-read_240", "name": "read_212-read_240"}}, {"data": {"directed": "false", "source": "read_212", "is_directed": false, "target": "read_236", "id": "read_212-read_236", "name": "read_212-read_236"}}, {"data": {"directed": "false", "source": "read_212", "is_directed": false, "target": "read_221", "id": "read_212-read_221", "name": "read_212-read_221"}}, {"data": {"directed": "false", "source": "read_212", "is_directed": false, "target": "read_227", "id": "read_212-read_227", "name": "read_212-read_227"}}, {"data": {"directed": "false", "source": "read_212", "is_directed": false, "target": "read_216", "id": "read_212-read_216", "name": "read_212-read_216"}}, {"data": {"directed": "false", "source": "read_212", "is_directed": false, "target": "read_246", "id": "read_212-read_246", "name": "read_212-read_246"}}, {"data": {"directed": "false", "source": "read_212", "is_directed": false, "target": "read_218", "id": "read_212-read_218", "name": "read_212-read_218"}}, {"data": {"directed": "false", "source": "read_213", "is_directed": false, "target": "read_213", "id": "read_213-read_213", "name": "read_213-read_213"}}, {"data": {"directed": "false", "source": "read_197", "is_directed": false, "target": "read_228", "id": "read_197-read_228", "name": "read_197-read_228"}}, {"data": {"directed": "false", "source": "read_197", "is_directed": false, "target": "read_254", "id": "read_197-read_254", "name": "read_197-read_254"}}, {"data": {"directed": "false", "source": "read_197", "is_directed": false, "target": "read_202", "id": "read_197-read_202", "name": "read_197-read_202"}}, {"data": {"directed": "false", "source": "read_197", "is_directed": false, "target": "read_247", "id": "read_197-read_247", "name": "read_197-read_247"}}, {"data": {"directed": "false", "source": "read_197", "is_directed": false, "target": "read_246", "id": "read_197-read_246", "name": "read_197-read_246"}}, {"data": {"directed": "false", "source": "read_197", "is_directed": false, "target": "read_245", "id": "read_197-read_245", "name": "read_197-read_245"}}, {"data": {"directed": "false", "source": "read_197", "is_directed": false, "target": "read_244", "id": "read_197-read_244", "name": "read_197-read_244"}}, {"data": {"directed": "false", "source": "read_197", "is_directed": false, "target": "read_225", "id": "read_197-read_225", "name": "read_197-read_225"}}, {"data": {"directed": "false", "source": "read_197", "is_directed": false, "target": "read_201", "id": "read_197-read_201", "name": "read_197-read_201"}}, {"data": {"directed": "false", "source": "read_197", "is_directed": false, "target": "read_240", "id": "read_197-read_240", "name": "read_197-read_240"}}, {"data": {"directed": "false", "source": "read_197", "is_directed": false, "target": "read_236", "id": "read_197-read_236", "name": "read_197-read_236"}}, {"data": {"directed": "false", "source": "read_197", "is_directed": false, "target": "read_221", "id": "read_197-read_221", "name": "read_197-read_221"}}, {"data": {"directed": "false", "source": "read_197", "is_directed": false, "target": "read_212", "id": "read_197-read_212", "name": "read_197-read_212"}}, {"data": {"directed": "false", "source": "read_197", "is_directed": false, "target": "read_203", "id": "read_197-read_203", "name": "read_197-read_203"}}, {"data": {"directed": "false", "source": "read_197", "is_directed": false, "target": "read_216", "id": "read_197-read_216", "name": "read_197-read_216"}}, {"data": {"directed": "false", "source": "read_197", "is_directed": false, "target": "read_255", "id": "read_197-read_255", "name": "read_197-read_255"}}, {"data": {"directed": "false", "source": "read_197", "is_directed": false, "target": "read_218", "id": "read_197-read_218", "name": "read_197-read_218"}}, {"data": {"directed": "false", "source": "read_197", "is_directed": false, "target": "read_219", "id": "read_197-read_219", "name": "read_197-read_219"}}, {"data": {"directed": "false", "source": "read_197", "is_directed": false, "target": "read_243", "id": "read_197-read_243", "name": "read_197-read_243"}}, {"data": {"directed": "false", "source": "read_197", "is_directed": false, "target": "read_204", "id": "read_197-read_204", "name": "read_197-read_204"}}, {"data": {"directed": "false", "source": "read_178", "is_directed": false, "target": "read_192", "id": "read_178-read_192", "name": "read_178-read_192"}}, {"data": {"directed": "false", "source": "read_178", "is_directed": false, "target": "read_204", "id": "read_178-read_204", "name": "read_178-read_204"}}, {"data": {"directed": "false", "source": "read_178", "is_directed": false, "target": "read_212", "id": "read_178-read_212", "name": "read_178-read_212"}}, {"data": {"directed": "false", "source": "read_178", "is_directed": false, "target": "read_203", "id": "read_178-read_203", "name": "read_178-read_203"}}, {"data": {"directed": "false", "source": "read_178", "is_directed": false, "target": "read_202", "id": "read_178-read_202", "name": "read_178-read_202"}}, {"data": {"directed": "false", "source": "read_178", "is_directed": false, "target": "read_201", "id": "read_178-read_201", "name": "read_178-read_201"}}, {"data": {"directed": "false", "source": "read_178", "is_directed": false, "target": "read_197", "id": "read_178-read_197", "name": "read_178-read_197"}}, {"data": {"directed": "false", "source": "read_178", "is_directed": false, "target": "read_186", "id": "read_178-read_186", "name": "read_178-read_186"}}, {"data": {"directed": "false", "source": "read_178", "is_directed": false, "target": "read_187", "id": "read_178-read_187", "name": "read_178-read_187"}}, {"data": {"directed": "false", "source": "read_216", "is_directed": false, "target": "read_228", "id": "read_216-read_228", "name": "read_216-read_228"}}, {"data": {"directed": "false", "source": "read_216", "is_directed": false, "target": "read_270", "id": "read_216-read_270", "name": "read_216-read_270"}}, {"data": {"directed": "false", "source": "read_216", "is_directed": false, "target": "read_247", "id": "read_216-read_247", "name": "read_216-read_247"}}, {"data": {"directed": "false", "source": "read_216", "is_directed": false, "target": "read_246", "id": "read_216-read_246", "name": "read_216-read_246"}}, {"data": {"directed": "false", "source": "read_216", "is_directed": false, "target": "read_245", "id": "read_216-read_245", "name": "read_216-read_245"}}, {"data": {"directed": "false", "source": "read_216", "is_directed": false, "target": "read_244", "id": "read_216-read_244", "name": "read_216-read_244"}}, {"data": {"directed": "false", "source": "read_216", "is_directed": false, "target": "read_243", "id": "read_216-read_243", "name": "read_216-read_243"}}, {"data": {"directed": "false", "source": "read_216", "is_directed": false, "target": "read_251", "id": "read_216-read_251", "name": "read_216-read_251"}}, {"data": {"directed": "false", "source": "read_216", "is_directed": false, "target": "read_252", "id": "read_216-read_252", "name": "read_216-read_252"}}, {"data": {"directed": "false", "source": "read_216", "is_directed": false, "target": "read_240", "id": "read_216-read_240", "name": "read_216-read_240"}}, {"data": {"directed": "false", "source": "read_216", "is_directed": false, "target": "read_236", "id": "read_216-read_236", "name": "read_216-read_236"}}, {"data": {"directed": "false", "source": "read_216", "is_directed": false, "target": "read_221", "id": "read_216-read_221", "name": "read_216-read_221"}}, {"data": {"directed": "false", "source": "read_216", "is_directed": false, "target": "read_254", "id": "read_216-read_254", "name": "read_216-read_254"}}, {"data": {"directed": "false", "source": "read_216", "is_directed": false, "target": "read_255", "id": "read_216-read_255", "name": "read_216-read_255"}}, {"data": {"directed": "false", "source": "read_216", "is_directed": false, "target": "read_225", "id": "read_216-read_225", "name": "read_216-read_225"}}, {"data": {"directed": "false", "source": "read_216", "is_directed": false, "target": "read_219", "id": "read_216-read_219", "name": "read_216-read_219"}}, {"data": {"directed": "false", "source": "read_216", "is_directed": false, "target": "read_218", "id": "read_216-read_218", "name": "read_216-read_218"}}, {"data": {"directed": "false", "source": "read_314", "is_directed": false, "target": "read_324", "id": "read_314-read_324", "name": "read_314-read_324"}}, {"data": {"directed": "false", "source": "read_314", "is_directed": false, "target": "read_332", "id": "read_314-read_332", "name": "read_314-read_332"}}, {"data": {"directed": "false", "source": "read_314", "is_directed": false, "target": "read_331", "id": "read_314-read_331", "name": "read_314-read_331"}}, {"data": {"directed": "false", "source": "read_314", "is_directed": false, "target": "read_346", "id": "read_314-read_346", "name": "read_314-read_346"}}, {"data": {"directed": "false", "source": "read_314", "is_directed": false, "target": "read_345", "id": "read_314-read_345", "name": "read_314-read_345"}}, {"data": {"directed": "false", "source": "read_314", "is_directed": false, "target": "read_329", "id": "read_314-read_329", "name": "read_314-read_329"}}, {"data": {"directed": "false", "source": "read_314", "is_directed": false, "target": "read_318", "id": "read_314-read_318", "name": "read_314-read_318"}}, {"data": {"directed": "false", "source": "read_314", "is_directed": false, "target": "read_316", "id": "read_314-read_316", "name": "read_314-read_316"}}, {"data": {"directed": "false", "source": "read_218", "is_directed": false, "target": "read_221", "id": "read_218-read_221", "name": "read_218-read_221"}}, {"data": {"directed": "false", "source": "read_218", "is_directed": false, "target": "read_255", "id": "read_218-read_255", "name": "read_218-read_255"}}, {"data": {"directed": "false", "source": "read_218", "is_directed": false, "target": "read_225", "id": "read_218-read_225", "name": "read_218-read_225"}}, {"data": {"directed": "false", "source": "read_218", "is_directed": false, "target": "read_240", "id": "read_218-read_240", "name": "read_218-read_240"}}, {"data": {"directed": "false", "source": "read_218", "is_directed": false, "target": "read_247", "id": "read_218-read_247", "name": "read_218-read_247"}}, {"data": {"directed": "false", "source": "read_218", "is_directed": false, "target": "read_243", "id": "read_218-read_243", "name": "read_218-read_243"}}, {"data": {"directed": "false", "source": "read_219", "is_directed": false, "target": "read_221", "id": "read_219-read_221", "name": "read_219-read_221"}}, {"data": {"directed": "false", "source": "read_219", "is_directed": false, "target": "read_225", "id": "read_219-read_225", "name": "read_219-read_225"}}, {"data": {"directed": "false", "source": "read_219", "is_directed": false, "target": "read_243", "id": "read_219-read_243", "name": "read_219-read_243"}}, {"data": {"directed": "false", "source": "read_219", "is_directed": false, "target": "read_252", "id": "read_219-read_252", "name": "read_219-read_252"}}, {"data": {"directed": "false", "source": "read_177", "is_directed": false, "target": "read_192", "id": "read_177-read_192", "name": "read_177-read_192"}}, {"data": {"directed": "false", "source": "read_177", "is_directed": false, "target": "read_204", "id": "read_177-read_204", "name": "read_177-read_204"}}, {"data": {"directed": "false", "source": "read_177", "is_directed": false, "target": "read_203", "id": "read_177-read_203", "name": "read_177-read_203"}}, {"data": {"directed": "false", "source": "read_177", "is_directed": false, "target": "read_202", "id": "read_177-read_202", "name": "read_177-read_202"}}, {"data": {"directed": "false", "source": "read_177", "is_directed": false, "target": "read_201", "id": "read_177-read_201", "name": "read_177-read_201"}}, {"data": {"directed": "false", "source": "read_177", "is_directed": false, "target": "read_197", "id": "read_177-read_197", "name": "read_177-read_197"}}, {"data": {"directed": "false", "source": "read_177", "is_directed": false, "target": "read_178", "id": "read_177-read_178", "name": "read_177-read_178"}}, {"data": {"directed": "false", "source": "read_177", "is_directed": false, "target": "read_186", "id": "read_177-read_186", "name": "read_177-read_186"}}, {"data": {"directed": "false", "source": "read_177", "is_directed": false, "target": "read_187", "id": "read_177-read_187", "name": "read_177-read_187"}}, {"data": {"directed": "false", "source": "read_316", "is_directed": false, "target": "read_324", "id": "read_316-read_324", "name": "read_316-read_324"}}, {"data": {"directed": "false", "source": "read_316", "is_directed": false, "target": "read_318", "id": "read_316-read_318", "name": "read_316-read_318"}}, {"data": {"directed": "false", "source": "read_172", "is_directed": false, "target": "read_172", "id": "read_172-read_172", "name": "read_172-read_172"}}, {"data": {"directed": "false", "source": "read_299", "is_directed": false, "target": "read_324", "id": "read_299-read_324", "name": "read_299-read_324"}}, {"data": {"directed": "false", "source": "read_299", "is_directed": false, "target": "read_332", "id": "read_299-read_332", "name": "read_299-read_332"}}, {"data": {"directed": "false", "source": "read_299", "is_directed": false, "target": "read_331", "id": "read_299-read_331", "name": "read_299-read_331"}}, {"data": {"directed": "false", "source": "read_299", "is_directed": false, "target": "read_346", "id": "read_299-read_346", "name": "read_299-read_346"}}, {"data": {"directed": "false", "source": "read_299", "is_directed": false, "target": "read_345", "id": "read_299-read_345", "name": "read_299-read_345"}}, {"data": {"directed": "false", "source": "read_299", "is_directed": false, "target": "read_329", "id": "read_299-read_329", "name": "read_299-read_329"}}, {"data": {"directed": "false", "source": "read_299", "is_directed": false, "target": "read_303", "id": "read_299-read_303", "name": "read_299-read_303"}}, {"data": {"directed": "false", "source": "read_299", "is_directed": false, "target": "read_302", "id": "read_299-read_302", "name": "read_299-read_302"}}, {"data": {"directed": "false", "source": "read_299", "is_directed": false, "target": "read_314", "id": "read_299-read_314", "name": "read_299-read_314"}}, {"data": {"directed": "false", "source": "read_299", "is_directed": false, "target": "read_300", "id": "read_299-read_300", "name": "read_299-read_300"}}, {"data": {"directed": "false", "source": "read_299", "is_directed": false, "target": "read_316", "id": "read_299-read_316", "name": "read_299-read_316"}}, {"data": {"directed": "false", "source": "read_299", "is_directed": false, "target": "read_306", "id": "read_299-read_306", "name": "read_299-read_306"}}, {"data": {"directed": "false", "source": "read_299", "is_directed": false, "target": "read_310", "id": "read_299-read_310", "name": "read_299-read_310"}}, {"data": {"directed": "false", "source": "read_332", "is_directed": false, "target": "read_345", "id": "read_332-read_345", "name": "read_332-read_345"}}, {"data": {"directed": "false", "source": "read_331", "is_directed": false, "target": "read_346", "id": "read_331-read_346", "name": "read_331-read_346"}}, {"data": {"directed": "false", "source": "read_331", "is_directed": false, "target": "read_345", "id": "read_331-read_345", "name": "read_331-read_345"}}, {"data": {"directed": "false", "source": "read_331", "is_directed": false, "target": "read_332", "id": "read_331-read_332", "name": "read_331-read_332"}}, {"data": {"directed": "false", "source": "read_302", "is_directed": false, "target": "read_303", "id": "read_302-read_303", "name": "read_302-read_303"}}, {"data": {"directed": "false", "source": "read_302", "is_directed": false, "target": "read_306", "id": "read_302-read_306", "name": "read_302-read_306"}}, {"data": {"directed": "false", "source": "read_302", "is_directed": false, "target": "read_318", "id": "read_302-read_318", "name": "read_302-read_318"}}, {"data": {"directed": "false", "source": "read_315", "is_directed": false, "target": "read_324", "id": "read_315-read_324", "name": "read_315-read_324"}}, {"data": {"directed": "false", "source": "read_315", "is_directed": false, "target": "read_318", "id": "read_315-read_318", "name": "read_315-read_318"}}, {"data": {"directed": "false", "source": "read_221", "is_directed": false, "target": "read_270", "id": "read_221-read_270", "name": "read_221-read_270"}}, {"data": {"directed": "false", "source": "read_221", "is_directed": false, "target": "read_254", "id": "read_221-read_254", "name": "read_221-read_254"}}, {"data": {"directed": "false", "source": "read_221", "is_directed": false, "target": "read_255", "id": "read_221-read_255", "name": "read_221-read_255"}}, {"data": {"directed": "false", "source": "read_221", "is_directed": false, "target": "read_251", "id": "read_221-read_251", "name": "read_221-read_251"}}, {"data": {"directed": "false", "source": "read_221", "is_directed": false, "target": "read_236", "id": "read_221-read_236", "name": "read_221-read_236"}}, {"data": {"directed": "false", "source": "read_221", "is_directed": false, "target": "read_318", "id": "read_221-read_318", "name": "read_221-read_318"}}, {"data": {"directed": "false", "source": "read_221", "is_directed": false, "target": "read_314", "id": "read_221-read_314", "name": "read_221-read_314"}}, {"data": {"directed": "false", "source": "read_221", "is_directed": false, "target": "read_316", "id": "read_221-read_316", "name": "read_221-read_316"}}, {"data": {"directed": "false", "source": "read_221", "is_directed": false, "target": "read_310", "id": "read_221-read_310", "name": "read_221-read_310"}}, {"data": {"directed": "false", "source": "read_221", "is_directed": false, "target": "read_299", "id": "read_221-read_299", "name": "read_221-read_299"}}, {"data": {"directed": "false", "source": "read_221", "is_directed": false, "target": "read_228", "id": "read_221-read_228", "name": "read_221-read_228"}}, {"data": {"directed": "false", "source": "read_221", "is_directed": false, "target": "read_247", "id": "read_221-read_247", "name": "read_221-read_247"}}, {"data": {"directed": "false", "source": "read_221", "is_directed": false, "target": "read_246", "id": "read_221-read_246", "name": "read_221-read_246"}}, {"data": {"directed": "false", "source": "read_221", "is_directed": false, "target": "read_245", "id": "read_221-read_245", "name": "read_221-read_245"}}, {"data": {"directed": "false", "source": "read_221", "is_directed": false, "target": "read_244", "id": "read_221-read_244", "name": "read_221-read_244"}}, {"data": {"directed": "false", "source": "read_221", "is_directed": false, "target": "read_225", "id": "read_221-read_225", "name": "read_221-read_225"}}, {"data": {"directed": "false", "source": "read_221", "is_directed": false, "target": "read_227", "id": "read_221-read_227", "name": "read_221-read_227"}}, {"data": {"directed": "false", "source": "read_221", "is_directed": false, "target": "read_240", "id": "read_221-read_240", "name": "read_221-read_240"}}, {"data": {"directed": "false", "source": "read_221", "is_directed": false, "target": "read_302", "id": "read_221-read_302", "name": "read_221-read_302"}}, {"data": {"directed": "false", "source": "read_221", "is_directed": false, "target": "read_303", "id": "read_221-read_303", "name": "read_221-read_303"}}, {"data": {"directed": "false", "source": "read_221", "is_directed": false, "target": "read_300", "id": "read_221-read_300", "name": "read_221-read_300"}}, {"data": {"directed": "false", "source": "read_221", "is_directed": false, "target": "read_306", "id": "read_221-read_306", "name": "read_221-read_306"}}, {"data": {"directed": "false", "source": "read_221", "is_directed": false, "target": "read_324", "id": "read_221-read_324", "name": "read_221-read_324"}}, {"data": {"directed": "false", "source": "read_221", "is_directed": false, "target": "read_289", "id": "read_221-read_289", "name": "read_221-read_289"}}, {"data": {"directed": "false", "source": "read_221", "is_directed": false, "target": "read_243", "id": "read_221-read_243", "name": "read_221-read_243"}}, {"data": {"directed": "false", "source": "read_246", "is_directed": false, "target": "read_247", "id": "read_246-read_247", "name": "read_246-read_247"}}, {"data": {"directed": "false", "source": "read_245", "is_directed": false, "target": "read_247", "id": "read_245-read_247", "name": "read_245-read_247"}}, {"data": {"directed": "false", "source": "read_245", "is_directed": false, "target": "read_246", "id": "read_245-read_246", "name": "read_245-read_246"}}, {"data": {"directed": "false", "source": "read_244", "is_directed": false, "target": "read_247", "id": "read_244-read_247", "name": "read_244-read_247"}}, {"data": {"directed": "false", "source": "read_244", "is_directed": false, "target": "read_246", "id": "read_244-read_246", "name": "read_244-read_246"}}, {"data": {"directed": "false", "source": "read_244", "is_directed": false, "target": "read_245", "id": "read_244-read_245", "name": "read_244-read_245"}}, {"data": {"directed": "false", "source": "read_243", "is_directed": false, "target": "read_247", "id": "read_243-read_247", "name": "read_243-read_247"}}, {"data": {"directed": "false", "source": "read_243", "is_directed": false, "target": "read_246", "id": "read_243-read_246", "name": "read_243-read_246"}}, {"data": {"directed": "false", "source": "read_243", "is_directed": false, "target": "read_245", "id": "read_243-read_245", "name": "read_243-read_245"}}, {"data": {"directed": "false", "source": "read_243", "is_directed": false, "target": "read_244", "id": "read_243-read_244", "name": "read_243-read_244"}}, {"data": {"directed": "false", "source": "read_243", "is_directed": false, "target": "read_251", "id": "read_243-read_251", "name": "read_243-read_251"}}, {"data": {"directed": "false", "source": "read_243", "is_directed": false, "target": "read_252", "id": "read_243-read_252", "name": "read_243-read_252"}}, {"data": {"directed": "false", "source": "read_243", "is_directed": false, "target": "read_254", "id": "read_243-read_254", "name": "read_243-read_254"}}, {"data": {"directed": "false", "source": "read_243", "is_directed": false, "target": "read_255", "id": "read_243-read_255", "name": "read_243-read_255"}}, {"data": {"directed": "false", "source": "read_227", "is_directed": false, "target": "read_243", "id": "read_227-read_243", "name": "read_227-read_243"}}, {"data": {"directed": "false", "source": "read_240", "is_directed": false, "target": "read_270", "id": "read_240-read_270", "name": "read_240-read_270"}}, {"data": {"directed": "false", "source": "read_240", "is_directed": false, "target": "read_254", "id": "read_240-read_254", "name": "read_240-read_254"}}, {"data": {"directed": "false", "source": "read_240", "is_directed": false, "target": "read_255", "id": "read_240-read_255", "name": "read_240-read_255"}}, {"data": {"directed": "false", "source": "read_240", "is_directed": false, "target": "read_243", "id": "read_240-read_243", "name": "read_240-read_243"}}, {"data": {"directed": "false", "source": "read_240", "is_directed": false, "target": "read_251", "id": "read_240-read_251", "name": "read_240-read_251"}}, {"data": {"directed": "false", "source": "read_240", "is_directed": false, "target": "read_252", "id": "read_240-read_252", "name": "read_240-read_252"}}, {"data": {"directed": "false", "source": "read_240", "is_directed": false, "target": "read_247", "id": "read_240-read_247", "name": "read_240-read_247"}}, {"data": {"directed": "false", "source": "read_240", "is_directed": false, "target": "read_302", "id": "read_240-read_302", "name": "read_240-read_302"}}, {"data": {"directed": "false", "source": "read_240", "is_directed": false, "target": "read_303", "id": "read_240-read_303", "name": "read_240-read_303"}}, {"data": {"directed": "false", "source": "read_203", "is_directed": false, "target": "read_221", "id": "read_203-read_221", "name": "read_203-read_221"}}, {"data": {"directed": "false", "source": "read_203", "is_directed": false, "target": "read_225", "id": "read_203-read_225", "name": "read_203-read_225"}}, {"data": {"directed": "false", "source": "read_203", "is_directed": false, "target": "read_212", "id": "read_203-read_212", "name": "read_203-read_212"}}, {"data": {"directed": "false", "source": "read_203", "is_directed": false, "target": "read_216", "id": "read_203-read_216", "name": "read_203-read_216"}}, {"data": {"directed": "false", "source": "read_203", "is_directed": false, "target": "read_204", "id": "read_203-read_204", "name": "read_203-read_204"}}, {"data": {"directed": "false", "source": "read_203", "is_directed": false, "target": "read_218", "id": "read_203-read_218", "name": "read_203-read_218"}}, {"data": {"directed": "false", "source": "read_203", "is_directed": false, "target": "read_219", "id": "read_203-read_219", "name": "read_203-read_219"}}, {"data": {"directed": "false", "source": "read_202", "is_directed": false, "target": "read_221", "id": "read_202-read_221", "name": "read_202-read_221"}}, {"data": {"directed": "false", "source": "read_202", "is_directed": false, "target": "read_225", "id": "read_202-read_225", "name": "read_202-read_225"}}, {"data": {"directed": "false", "source": "read_202", "is_directed": false, "target": "read_203", "id": "read_202-read_203", "name": "read_202-read_203"}}, {"data": {"directed": "false", "source": "read_202", "is_directed": false, "target": "read_212", "id": "read_202-read_212", "name": "read_202-read_212"}}, {"data": {"directed": "false", "source": "read_202", "is_directed": false, "target": "read_216", "id": "read_202-read_216", "name": "read_202-read_216"}}, {"data": {"directed": "false", "source": "read_202", "is_directed": false, "target": "read_204", "id": "read_202-read_204", "name": "read_202-read_204"}}, {"data": {"directed": "false", "source": "read_202", "is_directed": false, "target": "read_218", "id": "read_202-read_218", "name": "read_202-read_218"}}, {"data": {"directed": "false", "source": "read_202", "is_directed": false, "target": "read_219", "id": "read_202-read_219", "name": "read_202-read_219"}}, {"data": {"directed": "false", "source": "read_201", "is_directed": false, "target": "read_228", "id": "read_201-read_228", "name": "read_201-read_228"}}, {"data": {"directed": "false", "source": "read_201", "is_directed": false, "target": "read_202", "id": "read_201-read_202", "name": "read_201-read_202"}}, {"data": {"directed": "false", "source": "read_201", "is_directed": false, "target": "read_247", "id": "read_201-read_247", "name": "read_201-read_247"}}, {"data": {"directed": "false", "source": "read_201", "is_directed": false, "target": "read_246", "id": "read_201-read_246", "name": "read_201-read_246"}}, {"data": {"directed": "false", "source": "read_201", "is_directed": false, "target": "read_245", "id": "read_201-read_245", "name": "read_201-read_245"}}, {"data": {"directed": "false", "source": "read_201", "is_directed": false, "target": "read_244", "id": "read_201-read_244", "name": "read_201-read_244"}}, {"data": {"directed": "false", "source": "read_201", "is_directed": false, "target": "read_225", "id": "read_201-read_225", "name": "read_201-read_225"}}, {"data": {"directed": "false", "source": "read_201", "is_directed": false, "target": "read_240", "id": "read_201-read_240", "name": "read_201-read_240"}}, {"data": {"directed": "false", "source": "read_201", "is_directed": false, "target": "read_203", "id": "read_201-read_203", "name": "read_201-read_203"}}, {"data": {"directed": "false", "source": "read_201", "is_directed": false, "target": "read_221", "id": "read_201-read_221", "name": "read_201-read_221"}}, {"data": {"directed": "false", "source": "read_201", "is_directed": false, "target": "read_212", "id": "read_201-read_212", "name": "read_201-read_212"}}, {"data": {"directed": "false", "source": "read_201", "is_directed": false, "target": "read_216", "id": "read_201-read_216", "name": "read_201-read_216"}}, {"data": {"directed": "false", "source": "read_201", "is_directed": false, "target": "read_204", "id": "read_201-read_204", "name": "read_201-read_204"}}, {"data": {"directed": "false", "source": "read_201", "is_directed": false, "target": "read_218", "id": "read_201-read_218", "name": "read_201-read_218"}}, {"data": {"directed": "false", "source": "read_201", "is_directed": false, "target": "read_219", "id": "read_201-read_219", "name": "read_201-read_219"}}, {"data": {"directed": "false", "source": "read_201", "is_directed": false, "target": "read_243", "id": "read_201-read_243", "name": "read_201-read_243"}}, {"data": {"directed": "false", "source": "read_201", "is_directed": false, "target": "read_236", "id": "read_201-read_236", "name": "read_201-read_236"}}, {"data": {"directed": "false", "source": "read_169", "is_directed": false, "target": "read_171", "id": "read_169-read_171", "name": "read_169-read_171"}}, {"data": {"directed": "false", "source": "read_186", "is_directed": false, "target": "read_187", "id": "read_186-read_187", "name": "read_186-read_187"}}, {"data": {"directed": "false", "source": "read_204", "is_directed": false, "target": "read_228", "id": "read_204-read_228", "name": "read_204-read_228"}}, {"data": {"directed": "false", "source": "read_204", "is_directed": false, "target": "read_247", "id": "read_204-read_247", "name": "read_204-read_247"}}, {"data": {"directed": "false", "source": "read_204", "is_directed": false, "target": "read_243", "id": "read_204-read_243", "name": "read_204-read_243"}}, {"data": {"directed": "false", "source": "read_204", "is_directed": false, "target": "read_245", "id": "read_204-read_245", "name": "read_204-read_245"}}, {"data": {"directed": "false", "source": "read_204", "is_directed": false, "target": "read_244", "id": "read_204-read_244", "name": "read_204-read_244"}}, {"data": {"directed": "false", "source": "read_204", "is_directed": false, "target": "read_225", "id": "read_204-read_225", "name": "read_204-read_225"}}, {"data": {"directed": "false", "source": "read_204", "is_directed": false, "target": "read_252", "id": "read_204-read_252", "name": "read_204-read_252"}}, {"data": {"directed": "false", "source": "read_204", "is_directed": false, "target": "read_240", "id": "read_204-read_240", "name": "read_204-read_240"}}, {"data": {"directed": "false", "source": "read_204", "is_directed": false, "target": "read_236", "id": "read_204-read_236", "name": "read_204-read_236"}}, {"data": {"directed": "false", "source": "read_204", "is_directed": false, "target": "read_221", "id": "read_204-read_221", "name": "read_204-read_221"}}, {"data": {"directed": "false", "source": "read_204", "is_directed": false, "target": "read_212", "id": "read_204-read_212", "name": "read_204-read_212"}}, {"data": {"directed": "false", "source": "read_204", "is_directed": false, "target": "read_227", "id": "read_204-read_227", "name": "read_204-read_227"}}, {"data": {"directed": "false", "source": "read_204", "is_directed": false, "target": "read_216", "id": "read_204-read_216", "name": "read_204-read_216"}}, {"data": {"directed": "false", "source": "read_204", "is_directed": false, "target": "read_246", "id": "read_204-read_246", "name": "read_204-read_246"}}, {"data": {"directed": "false", "source": "read_162", "is_directed": false, "target": "read_171", "id": "read_162-read_171", "name": "read_162-read_171"}}, {"data": {"directed": "false", "source": "read_162", "is_directed": false, "target": "read_178", "id": "read_162-read_178", "name": "read_162-read_178"}}, {"data": {"directed": "false", "source": "read_162", "is_directed": false, "target": "read_163", "id": "read_162-read_163", "name": "read_162-read_163"}}, {"data": {"directed": "false", "source": "read_162", "is_directed": false, "target": "read_177", "id": "read_162-read_177", "name": "read_162-read_177"}}, {"data": {"directed": "false", "source": "read_162", "is_directed": false, "target": "read_166", "id": "read_162-read_166", "name": "read_162-read_166"}}, {"data": {"directed": "false", "source": "read_162", "is_directed": false, "target": "read_164", "id": "read_162-read_164", "name": "read_162-read_164"}}, {"data": {"directed": "false", "source": "read_162", "is_directed": false, "target": "read_165", "id": "read_162-read_165", "name": "read_162-read_165"}}, {"data": {"directed": "false", "source": "read_163", "is_directed": false, "target": "read_171", "id": "read_163-read_171", "name": "read_163-read_171"}}, {"data": {"directed": "false", "source": "read_163", "is_directed": false, "target": "read_169", "id": "read_163-read_169", "name": "read_163-read_169"}}, {"data": {"directed": "false", "source": "read_163", "is_directed": false, "target": "read_166", "id": "read_163-read_166", "name": "read_163-read_166"}}, {"data": {"directed": "false", "source": "read_163", "is_directed": false, "target": "read_164", "id": "read_163-read_164", "name": "read_163-read_164"}}, {"data": {"directed": "false", "source": "read_163", "is_directed": false, "target": "read_165", "id": "read_163-read_165", "name": "read_163-read_165"}}, {"data": {"directed": "false", "source": "read_300", "is_directed": false, "target": "read_324", "id": "read_300-read_324", "name": "read_300-read_324"}}, {"data": {"directed": "false", "source": "read_300", "is_directed": false, "target": "read_332", "id": "read_300-read_332", "name": "read_300-read_332"}}, {"data": {"directed": "false", "source": "read_300", "is_directed": false, "target": "read_331", "id": "read_300-read_331", "name": "read_300-read_331"}}, {"data": {"directed": "false", "source": "read_300", "is_directed": false, "target": "read_346", "id": "read_300-read_346", "name": "read_300-read_346"}}, {"data": {"directed": "false", "source": "read_300", "is_directed": false, "target": "read_345", "id": "read_300-read_345", "name": "read_300-read_345"}}, {"data": {"directed": "false", "source": "read_300", "is_directed": false, "target": "read_329", "id": "read_300-read_329", "name": "read_300-read_329"}}, {"data": {"directed": "false", "source": "read_300", "is_directed": false, "target": "read_318", "id": "read_300-read_318", "name": "read_300-read_318"}}, {"data": {"directed": "false", "source": "read_300", "is_directed": false, "target": "read_303", "id": "read_300-read_303", "name": "read_300-read_303"}}, {"data": {"directed": "false", "source": "read_300", "is_directed": false, "target": "read_302", "id": "read_300-read_302", "name": "read_300-read_302"}}, {"data": {"directed": "false", "source": "read_300", "is_directed": false, "target": "read_314", "id": "read_300-read_314", "name": "read_300-read_314"}}, {"data": {"directed": "false", "source": "read_300", "is_directed": false, "target": "read_316", "id": "read_300-read_316", "name": "read_300-read_316"}}, {"data": {"directed": "false", "source": "read_300", "is_directed": false, "target": "read_306", "id": "read_300-read_306", "name": "read_300-read_306"}}, {"data": {"directed": "false", "source": "read_161", "is_directed": false, "target": "read_162", "id": "read_161-read_162", "name": "read_161-read_162"}}, {"data": {"directed": "false", "source": "read_161", "is_directed": false, "target": "read_163", "id": "read_161-read_163", "name": "read_161-read_163"}}, {"data": {"directed": "false", "source": "read_161", "is_directed": false, "target": "read_164", "id": "read_161-read_164", "name": "read_161-read_164"}}, {"data": {"directed": "false", "source": "read_161", "is_directed": false, "target": "read_165", "id": "read_161-read_165", "name": "read_161-read_165"}}, {"data": {"directed": "false", "source": "read_166", "is_directed": false, "target": "read_169", "id": "read_166-read_169", "name": "read_166-read_169"}}, {"data": {"directed": "false", "source": "read_166", "is_directed": false, "target": "read_171", "id": "read_166-read_171", "name": "read_166-read_171"}}, {"data": {"directed": "false", "source": "read_307", "is_directed": false, "target": "read_310", "id": "read_307-read_310", "name": "read_307-read_310"}}, {"data": {"directed": "false", "source": "read_164", "is_directed": false, "target": "read_171", "id": "read_164-read_171", "name": "read_164-read_171"}}, {"data": {"directed": "false", "source": "read_164", "is_directed": false, "target": "read_168", "id": "read_164-read_168", "name": "read_164-read_168"}}, {"data": {"directed": "false", "source": "read_164", "is_directed": false, "target": "read_169", "id": "read_164-read_169", "name": "read_164-read_169"}}, {"data": {"directed": "false", "source": "read_164", "is_directed": false, "target": "read_166", "id": "read_164-read_166", "name": "read_164-read_166"}}, {"data": {"directed": "false", "source": "read_164", "is_directed": false, "target": "read_170", "id": "read_164-read_170", "name": "read_164-read_170"}}, {"data": {"directed": "false", "source": "read_164", "is_directed": false, "target": "read_165", "id": "read_164-read_165", "name": "read_164-read_165"}}, {"data": {"directed": "false", "source": "read_165", "is_directed": false, "target": "read_166", "id": "read_165-read_166", "name": "read_165-read_166"}}, {"data": {"directed": "false", "source": "read_324", "is_directed": false, "target": "read_332", "id": "read_324-read_332", "name": "read_324-read_332"}}, {"data": {"directed": "false", "source": "read_324", "is_directed": false, "target": "read_331", "id": "read_324-read_331", "name": "read_324-read_331"}}, {"data": {"directed": "false", "source": "read_324", "is_directed": false, "target": "read_329", "id": "read_324-read_329", "name": "read_324-read_329"}}, {"data": {"directed": "false", "source": "read_289", "is_directed": false, "target": "read_299", "id": "read_289-read_299", "name": "read_289-read_299"}}, {"data": {"directed": "false", "source": "read_289", "is_directed": false, "target": "read_289", "id": "read_289-read_289", "name": "read_289-read_289"}}, {"data": {"directed": "false", "source": "read_225", "is_directed": false, "target": "read_228", "id": "read_225-read_228", "name": "read_225-read_228"}}, {"data": {"directed": "false", "source": "read_225", "is_directed": false, "target": "read_247", "id": "read_225-read_247", "name": "read_225-read_247"}}, {"data": {"directed": "false", "source": "read_225", "is_directed": false, "target": "read_246", "id": "read_225-read_246", "name": "read_225-read_246"}}, {"data": {"directed": "false", "source": "read_225", "is_directed": false, "target": "read_245", "id": "read_225-read_245", "name": "read_225-read_245"}}, {"data": {"directed": "false", "source": "read_225", "is_directed": false, "target": "read_244", "id": "read_225-read_244", "name": "read_225-read_244"}}, {"data": {"directed": "false", "source": "read_225", "is_directed": false, "target": "read_243", "id": "read_225-read_243", "name": "read_225-read_243"}}, {"data": {"directed": "false", "source": "read_225", "is_directed": false, "target": "read_227", "id": "read_225-read_227", "name": "read_225-read_227"}}, {"data": {"directed": "false", "source": "read_225", "is_directed": false, "target": "read_240", "id": "read_225-read_240", "name": "read_225-read_240"}}, {"data": {"directed": "false", "source": "read_225", "is_directed": false, "target": "read_236", "id": "read_225-read_236", "name": "read_225-read_236"}}, {"data": {"directed": "false", "source": "read_200", "is_directed": false, "target": "read_200", "id": "read_200-read_200", "name": "read_200-read_200"}}, {"data": {"directed": "false", "source": "read_303", "is_directed": false, "target": "read_324", "id": "read_303-read_324", "name": "read_303-read_324"}}, {"data": {"directed": "false", "source": "read_303", "is_directed": false, "target": "read_332", "id": "read_303-read_332", "name": "read_303-read_332"}}, {"data": {"directed": "false", "source": "read_303", "is_directed": false, "target": "read_331", "id": "read_303-read_331", "name": "read_303-read_331"}}, {"data": {"directed": "false", "source": "read_303", "is_directed": false, "target": "read_346", "id": "read_303-read_346", "name": "read_303-read_346"}}, {"data": {"directed": "false", "source": "read_303", "is_directed": false, "target": "read_329", "id": "read_303-read_329", "name": "read_303-read_329"}}, {"data": {"directed": "false", "source": "read_303", "is_directed": false, "target": "read_315", "id": "read_303-read_315", "name": "read_303-read_315"}}, {"data": {"directed": "false", "source": "read_303", "is_directed": false, "target": "read_314", "id": "read_303-read_314", "name": "read_303-read_314"}}, {"data": {"directed": "false", "source": "read_303", "is_directed": false, "target": "read_310", "id": "read_303-read_310", "name": "read_303-read_310"}}, {"data": {"directed": "false", "source": "read_318", "is_directed": false, "target": "read_324", "id": "read_318-read_324", "name": "read_318-read_324"}}]}, "data": {"name": "overlap-graph-185-10000", "tags": [], "title": "overlap-graph-185-10000", "description": "example1"}}