{"elements": {"nodes": [{"data": {"name": "read_395", "aliases": [], "id": "read_395", "label": "read_395"}}, {"data": {"name": "read_394", "aliases": [], "id": "read_394", "label": "read_394"}}, {"data": {"name": "read_410", "aliases": [], "id": "read_410", "label": "read_410"}}, {"data": {"name": "read_411", "aliases": [], "id": "read_411", "label": "read_411"}}, {"data": {"name": "read_417", "aliases": [], "id": "read_417", "label": "read_417"}}, {"data": {"name": "read_415", "aliases": [], "id": "read_415", "label": "read_415"}}, {"data": {"name": "read_399", "aliases": [], "id": "read_399", "label": "read_399"}}, {"data": {"name": "read_397", "aliases": [], "id": "read_397", "label": "read_397"}}, {"data": {"name": "read_350", "aliases": [], "id": "read_350", "label": "read_350"}}, {"data": {"name": "read_353", "aliases": [], "id": "read_353", "label": "read_353"}}, {"data": {"name": "read_352", "aliases": [], "id": "read_352", "label": "read_352"}}, {"data": {"name": "read_354", "aliases": [], "id": "read_354", "label": "read_354"}}, {"data": {"name": "read_356", "aliases": [], "id": "read_356", "label": "read_356"}}, {"data": {"name": "read_359", "aliases": [], "id": "read_359", "label": "read_359"}}, {"data": {"name": "read_375", "aliases": [], "id": "read_375", "label": "read_375"}}, {"data": {"name": "read_413", "aliases": [], "id": "read_413", "label": "read_413"}}, {"data": {"name": "read_382", "aliases": [], "id": "read_382", "label": "read_382"}}, {"data": {"name": "read_402", "aliases": [], "id": "read_402", "label": "read_402"}}, {"data": {"name": "read_409", "aliases": [], "id": "read_409", "label": "read_409"}}, {"data": {"name": "read_349", "aliases": [], "id": "read_349", "label": "read_349"}}, {"data": {"name": "read_347", "aliases": [], "id": "read_347", "label": "read_347"}}, {"data": {"name": "read_363", "aliases": [], "id": "read_363", "label": "read_363"}}, {"data": {"name": "read_365", "aliases": [], "id": "read_365", "label": "read_365"}}], "edges": [{"data": {"directed": "false", "source": "read_395", "is_directed": false, "target": "read_417", "id": "read_395-read_417", "name": "read_395-read_417"}}, {"data": {"directed": "false", "source": "read_394", "is_directed": false, "target": "read_402", "id": "read_394-read_402", "name": "read_394-read_402"}}, {"data": {"directed": "false", "source": "read_410", "is_directed": false, "target": "read_413", "id": "read_410-read_413", "name": "read_410-read_413"}}, {"data": {"directed": "false", "source": "read_410", "is_directed": false, "target": "read_411", "id": "read_410-read_411", "name": "read_410-read_411"}}, {"data": {"directed": "false", "source": "read_410", "is_directed": false, "target": "read_417", "id": "read_410-read_417", "name": "read_410-read_417"}}, {"data": {"directed": "false", "source": "read_410", "is_directed": false, "target": "read_415", "id": "read_410-read_415", "name": "read_410-read_415"}}, {"data": {"directed": "false", "source": "read_411", "is_directed": false, "target": "read_413", "id": "read_411-read_413", "name": "read_411-read_413"}}, {"data": {"directed": "false", "source": "read_411", "is_directed": false, "target": "read_417", "id": "read_411-read_417", "name": "read_411-read_417"}}, {"data": {"directed": "false", "source": "read_411", "is_directed": false, "target": "read_415", "id": "read_411-read_415", "name": "read_411-read_415"}}, {"data": {"directed": "false", "source": "read_415", "is_directed": false, "target": "read_417", "id": "read_415-read_417", "name": "read_415-read_417"}}, {"data": {"directed": "false", "source": "read_397", "is_directed": false, "target": "read_399", "id": "read_397-read_399", "name": "read_397-read_399"}}, {"data": {"directed": "false", "source": "read_350", "is_directed": false, "target": "read_353", "id": "read_350-read_353", "name": "read_350-read_353"}}, {"data": {"directed": "false", "source": "read_350", "is_directed": false, "target": "read_352", "id": "read_350-read_352", "name": "read_350-read_352"}}, {"data": {"directed": "false", "source": "read_350", "is_directed": false, "target": "read_354", "id": "read_350-read_354", "name": "read_350-read_354"}}, {"data": {"directed": "false", "source": "read_350", "is_directed": false, "target": "read_356", "id": "read_350-read_356", "name": "read_350-read_356"}}, {"data": {"directed": "false", "source": "read_353", "is_directed": false, "target": "read_359", "id": "read_353-read_359", "name": "read_353-read_359"}}, {"data": {"directed": "false", "source": "read_353", "is_directed": false, "target": "read_354", "id": "read_353-read_354", "name": "read_353-read_354"}}, {"data": {"directed": "false", "source": "read_353", "is_directed": false, "target": "read_356", "id": "read_353-read_356", "name": "read_353-read_356"}}, {"data": {"directed": "false", "source": "read_352", "is_directed": false, "target": "read_353", "id": "read_352-read_353", "name": "read_352-read_353"}}, {"data": {"directed": "false", "source": "read_352", "is_directed": false, "target": "read_354", "id": "read_352-read_354", "name": "read_352-read_354"}}, {"data": {"directed": "false", "source": "read_352", "is_directed": false, "target": "read_356", "id": "read_352-read_356", "name": "read_352-read_356"}}, {"data": {"directed": "false", "source": "read_354", "is_directed": false, "target": "read_382", "id": "read_354-read_382", "name": "read_354-read_382"}}, {"data": {"directed": "false", "source": "read_354", "is_directed": false, "target": "read_394", "id": "read_354-read_394", "name": "read_354-read_394"}}, {"data": {"directed": "false", "source": "read_354", "is_directed": false, "target": "read_397", "id": "read_354-read_397", "name": "read_354-read_397"}}, {"data": {"directed": "false", "source": "read_354", "is_directed": false, "target": "read_356", "id": "read_354-read_356", "name": "read_354-read_356"}}, {"data": {"directed": "false", "source": "read_354", "is_directed": false, "target": "read_359", "id": "read_354-read_359", "name": "read_354-read_359"}}, {"data": {"directed": "false", "source": "read_354", "is_directed": false, "target": "read_363", "id": "read_354-read_363", "name": "read_354-read_363"}}, {"data": {"directed": "false", "source": "read_354", "is_directed": false, "target": "read_409", "id": "read_354-read_409", "name": "read_354-read_409"}}, {"data": {"directed": "false", "source": "read_354", "is_directed": false, "target": "read_365", "id": "read_354-read_365", "name": "read_354-read_365"}}, {"data": {"directed": "false", "source": "read_354", "is_directed": false, "target": "read_375", "id": "read_354-read_375", "name": "read_354-read_375"}}, {"data": {"directed": "false", "source": "read_354", "is_directed": false, "target": "read_402", "id": "read_354-read_402", "name": "read_354-read_402"}}, {"data": {"directed": "false", "source": "read_356", "is_directed": false, "target": "read_359", "id": "read_356-read_359", "name": "read_356-read_359"}}, {"data": {"directed": "false", "source": "read_356", "is_directed": false, "target": "read_363", "id": "read_356-read_363", "name": "read_356-read_363"}}, {"data": {"directed": "false", "source": "read_356", "is_directed": false, "target": "read_365", "id": "read_356-read_365", "name": "read_356-read_365"}}, {"data": {"directed": "false", "source": "read_356", "is_directed": false, "target": "read_375", "id": "read_356-read_375", "name": "read_356-read_375"}}, {"data": {"directed": "false", "source": "read_359", "is_directed": false, "target": "read_382", "id": "read_359-read_382", "name": "read_359-read_382"}}, {"data": {"directed": "false", "source": "read_359", "is_directed": false, "target": "read_363", "id": "read_359-read_363", "name": "read_359-read_363"}}, {"data": {"directed": "false", "source": "read_359", "is_directed": false, "target": "read_365", "id": "read_359-read_365", "name": "read_359-read_365"}}, {"data": {"directed": "false", "source": "read_359", "is_directed": false, "target": "read_375", "id": "read_359-read_375", "name": "read_359-read_375"}}, {"data": {"directed": "false", "source": "read_375", "is_directed": false, "target": "read_382", "id": "read_375-read_382", "name": "read_375-read_382"}}, {"data": {"directed": "false", "source": "read_413", "is_directed": false, "target": "read_417", "id": "read_413-read_417", "name": "read_413-read_417"}}, {"data": {"directed": "false", "source": "read_413", "is_directed": false, "target": "read_415", "id": "read_413-read_415", "name": "read_413-read_415"}}, {"data": {"directed": "false", "source": "read_349", "is_directed": false, "target": "read_353", "id": "read_349-read_353", "name": "read_349-read_353"}}, {"data": {"directed": "false", "source": "read_349", "is_directed": false, "target": "read_363", "id": "read_349-read_363", "name": "read_349-read_363"}}, {"data": {"directed": "false", "source": "read_349", "is_directed": false, "target": "read_354", "id": "read_349-read_354", "name": "read_349-read_354"}}, {"data": {"directed": "false", "source": "read_347", "is_directed": false, "target": "read_350", "id": "read_347-read_350", "name": "read_347-read_350"}}, {"data": {"directed": "false", "source": "read_347", "is_directed": false, "target": "read_353", "id": "read_347-read_353", "name": "read_347-read_353"}}, {"data": {"directed": "false", "source": "read_347", "is_directed": false, "target": "read_352", "id": "read_347-read_352", "name": "read_347-read_352"}}, {"data": {"directed": "false", "source": "read_347", "is_directed": false, "target": "read_354", "id": "read_347-read_354", "name": "read_347-read_354"}}, {"data": {"directed": "false", "source": "read_347", "is_directed": false, "target": "read_349", "id": "read_347-read_349", "name": "read_347-read_349"}}, {"data": {"directed": "false", "source": "read_347", "is_directed": false, "target": "read_356", "id": "read_347-read_356", "name": "read_347-read_356"}}, {"data": {"directed": "false", "source": "read_363", "is_directed": false, "target": "read_365", "id": "read_363-read_365", "name": "read_363-read_365"}}, {"data": {"directed": "false", "source": "read_363", "is_directed": false, "target": "read_375", "id": "read_363-read_375", "name": "read_363-read_375"}}, {"data": {"directed": "false", "source": "read_365", "is_directed": false, "target": "read_382", "id": "read_365-read_382", "name": "read_365-read_382"}}, {"data": {"directed": "false", "source": "read_365", "is_directed": false, "target": "read_375", "id": "read_365-read_375", "name": "read_365-read_375"}}]}, "data": {"name": "overlap-graph-60-10000", "tags": [], "title": "overlap-graph-60-10000", "description": "example1"}}