{"elements": {"nodes": [{"data": {"name": "11", "aliases": [], "id": "11", "label": "11"}}, {"data": {"name": "10", "aliases": [], "id": "10", "label": "10"}}, {"data": {"name": "1", "aliases": [], "id": "1", "label": "1"}}, {"data": {"name": "0", "aliases": [], "id": "0", "label": "0"}}, {"data": {"name": "3", "aliases": [], "id": "3", "label": "3"}}, {"data": {"name": "2", "aliases": [], "id": "2", "label": "2"}}, {"data": {"name": "5", "aliases": [], "id": "5", "label": "5"}}, {"data": {"name": "4", "aliases": [], "id": "4", "label": "4"}}, {"data": {"name": "7", "aliases": [], "id": "7", "label": "7"}}, {"data": {"name": "6", "aliases": [], "id": "6", "label": "6"}}, {"data": {"name": "9", "aliases": [], "id": "9", "label": "9"}}, {"data": {"name": "8", "aliases": [], "id": "8", "label": "8"}}], "edges": [{"data": {"directed": "false", "source": "10", "is_directed": true, "target": "4", "id": "10-4", "name": "10-4"}}, {"data": {"directed": "false", "source": "1", "is_directed": true, "target": "11", "id": "1-11", "name": "1-11"}}, {"data": {"directed": "false", "source": "0", "is_directed": true, "target": "2", "id": "0-2", "name": "0-2"}}, {"data": {"directed": "false", "source": "0", "is_directed": true, "target": "5", "id": "0-5", "name": "0-5"}}, {"data": {"directed": "false", "source": "2", "is_directed": true, "target": "11", "id": "2-11", "name": "2-11"}}, {"data": {"directed": "false", "source": "2", "is_directed": true, "target": "0", "id": "2-0", "name": "2-0"}}, {"data": {"directed": "false", "source": "5", "is_directed": true, "target": "2", "id": "5-2", "name": "5-2"}}, {"data": {"directed": "false", "source": "5", "is_directed": true, "target": "7", "id": "5-7", "name": "5-7"}}, {"data": {"directed": "false", "source": "4", "is_directed": true, "target": "9", "id": "4-9", "name": "4-9"}}, {"data": {"directed": "false", "source": "4", "is_directed": true, "target": "5", "id": "4-5", "name": "4-5"}}, {"data": {"directed": "false", "source": "7", "is_directed": true, "target": "9", "id": "7-9", "name": "7-9"}}, {"data": {"directed": "false", "source": "7", "is_directed": true, "target": "0", "id": "7-0", "name": "7-0"}}, {"data": {"directed": "false", "source": "7", "is_directed": true, "target": "6", "id": "7-6", "name": "7-6"}}, {"data": {"directed": "false", "source": "6", "is_directed": true, "target": "0", "id": "6-0", "name": "6-0"}}, {"data": {"directed": "false", "source": "6", "is_directed": true, "target": "6", "id": "6-6", "name": "6-6"}}, {"data": {"directed": "false", "source": "9", "is_directed": true, "target": "4", "id": "9-4", "name": "9-4"}}, {"data": {"directed": "false", "source": "8", "is_directed": true, "target": "3", "id": "8-3", "name": "8-3"}}, {"data": {"directed": "false", "source": "8", "is_directed": true, "target": "7", "id": "8-7", "name": "8-7"}}, {"data": {"directed": "false", "source": "8", "is_directed": true, "target": "6", "id": "8-6", "name": "8-6"}}]}, "data": {"name": "NodeShapes", "tags": ["AttributeGallery"], "title": "", "description": ""}}