{"elements": {"nodes": [{"data": {"name": "1", "k": 2, "aliases": [], "id": "1", "label": "1"}}, {"data": {"name": "0", "k": 1, "aliases": [], "id": "0", "label": "0"}}, {"data": {"name": "3", "k": 4, "aliases": [], "id": "3", "label": "3"}}, {"data": {"name": "2", "k": 3, "aliases": [], "id": "2", "label": "2"}}, {"data": {"name": "5", "k": 6, "aliases": [], "id": "5", "label": "5"}}, {"data": {"name": "4", "k": 5, "aliases": [], "id": "4", "label": "4"}}, {"data": {"name": "7", "k": 8, "aliases": [], "id": "7", "label": "7"}}, {"data": {"name": "6", "k": 7, "aliases": [], "id": "6", "label": "6"}}, {"data": {"name": "9", "k": 10, "aliases": [], "id": "9", "label": "9"}}, {"data": {"name": "8", "k": 9, "aliases": [], "id": "8", "label": "8"}}], "edges": [{"data": {"directed": "true", "source": "1", "is_directed": true, "target": "2", "k": 3, "id": "1-2", "name": "1-2"}}, {"data": {"directed": "true", "source": "0", "is_directed": true, "target": "1", "k": 2, "id": "0-1", "name": "0-1"}}, {"data": {"directed": "true", "source": "3", "is_directed": true, "target": "4", "k": 5, "id": "3-4", "name": "3-4"}}, {"data": {"directed": "true", "source": "2", "is_directed": true, "target": "3", "k": 4, "id": "2-3", "name": "2-3"}}, {"data": {"directed": "true", "source": "5", "is_directed": true, "target": "6", "k": 7, "id": "5-6", "name": "5-6"}}, {"data": {"directed": "true", "source": "4", "is_directed": true, "target": "5", "k": 6, "id": "4-5", "name": "4-5"}}, {"data": {"directed": "true", "source": "7", "is_directed": true, "target": "8", "k": 9, "id": "7-8", "name": "7-8"}}, {"data": {"directed": "true", "source": "6", "is_directed": true, "target": "7", "k": 8, "id": "6-7", "name": "6-7"}}, {"data": {"directed": "true", "source": "8", "is_directed": true, "target": "9", "k": 10, "id": "8-9", "name": "8-9"}}]}, "data": {"name": "FilteringByK", "tags": ["AttributeGallery"], "title": "", "description": ""}}