{"elements": {"nodes": [{"data": {"popup": "</h3>Any HTML can go here</h3> Need a break? Try this website: <br> <a color=\"blue\" target=\"_blank\" href=\"http://xkcd.com/\">http://xkcd.com/</a>", "name": "Click Me", "aliases": [], "id": "Click Me", "label": "Click Me"}}, {"data": {"popup": "This is a white node.", "name": "ID2", "aliases": [], "id": "ID2", "label": "Click the Solid Edge"}}, {"data": {"popup": "This is a white node.", "name": "ID1", "aliases": [], "id": "ID1", "label": "Click the Solid Edge"}}], "edges": [{"data": {"directed": "false", "source": "Click Me", "popup": "This is a dashed edge.", "is_directed": true, "target": "ID2", "id": "Click Me-ID2", "name": "Click Me-ID2"}}, {"data": {"directed": "false", "source": "Click Me", "popup": "This is a dashed edge.", "is_directed": true, "target": "ID1", "id": "Click Me-ID1", "name": "Click Me-ID1"}}, {"data": {"directed": "true", "source": "ID1", "popup": "</h3>Note that the Node IDs are shown at the top.</h3> Need <it>another</it> break? Try this website: <br> <a color=\"blue\" target=\"_blank\" href=\"http://phdcomics.com\">ttp://phdcomics.com</a>", "is_directed": true, "target": "ID2", "id": "ID1-ID2", "name": "ID1-ID2"}}]}, "data": {"name": "Popups", "tags": ["AttributeGallery"], "title": "", "description": ""}}