{"elements": {"nodes": [{"data": {"name": "skinny\ndouble", "aliases": [], "id": "skinny\ndouble", "label": "skinny\ndouble"}}, {"data": {"name": "skinny\nsolid", "aliases": [], "id": "skinny\nsolid", "label": "skinny\nsolid"}}, {"data": {"name": "skinny\ndashed", "aliases": [], "id": "skinny\ndashed", "label": "skinny\ndashed"}}, {"data": {"name": "skinny\ndotted", "aliases": [], "id": "skinny\ndotted", "label": "skinny\ndotted"}}, {"data": {"name": "thick\ndashed", "aliases": [], "id": "thick\ndashed", "label": "thick\ndashed"}}, {"data": {"name": "thick\ndotted", "aliases": [], "id": "thick\ndotted", "label": "thick\ndotted"}}, {"data": {"name": "thick\ndouble", "aliases": [], "id": "thick\ndouble", "label": "thick\ndouble"}}, {"data": {"name": "thick\nsolid", "aliases": [], "id": "thick\nsolid", "label": "thick\nsolid"}}, {"data": {"name": "bubble\neffect", "aliases": [], "id": "bubble\neffect", "label": "bubble\neffect"}}], "edges": [{"data": {"directed": "false", "source": "skinny\ndouble", "is_directed": true, "target": "skinny\ndouble", "id": "skinny\ndouble-skinny\ndouble", "name": "skinny\ndouble-skinny\ndouble"}}, {"data": {"directed": "false", "source": "skinny\ndouble", "is_directed": true, "target": "skinny\ndashed", "id": "skinny\ndouble-skinny\ndashed", "name": "skinny\ndouble-skinny\ndashed"}}, {"data": {"directed": "false", "source": "skinny\ndouble", "is_directed": true, "target": "thick\ndouble", "id": "skinny\ndouble-thick\ndouble", "name": "skinny\ndouble-thick\ndouble"}}, {"data": {"directed": "false", "source": "skinny\nsolid", "is_directed": true, "target": "skinny\ndouble", "id": "skinny\nsolid-skinny\ndouble", "name": "skinny\nsolid-skinny\ndouble"}}, {"data": {"directed": "false", "source": "skinny\ndashed", "is_directed": true, "target": "thick\ndashed", "id": "skinny\ndashed-thick\ndashed", "name": "skinny\ndashed-thick\ndashed"}}, {"data": {"directed": "false", "source": "skinny\ndashed", "is_directed": true, "target": "skinny\nsolid", "id": "skinny\ndashed-skinny\nsolid", "name": "skinny\ndashed-skinny\nsolid"}}, {"data": {"directed": "false", "source": "skinny\ndashed", "is_directed": true, "target": "skinny\ndotted", "id": "skinny\ndashed-skinny\ndotted", "name": "skinny\ndashed-skinny\ndotted"}}, {"data": {"directed": "false", "source": "skinny\ndotted", "is_directed": true, "target": "skinny\nsolid", "id": "skinny\ndotted-skinny\nsolid", "name": "skinny\ndotted-skinny\nsolid"}}, {"data": {"directed": "false", "source": "thick\ndashed", "is_directed": true, "target": "thick\ndouble", "id": "thick\ndashed-thick\ndouble", "name": "thick\ndashed-thick\ndouble"}}, {"data": {"directed": "false", "source": "thick\ndashed", "is_directed": true, "target": "skinny\ndotted", "id": "thick\ndashed-skinny\ndotted", "name": "thick\ndashed-skinny\ndotted"}}, {"data": {"directed": "false", "source": "thick\ndotted", "is_directed": true, "target": "skinny\ndashed", "id": "thick\ndotted-skinny\ndashed", "name": "thick\ndotted-skinny\ndashed"}}, {"data": {"directed": "false", "source": "thick\ndotted", "is_directed": true, "target": "thick\nsolid", "id": "thick\ndotted-thick\nsolid", "name": "thick\ndotted-thick\nsolid"}}, {"data": {"directed": "false", "source": "thick\ndouble", "is_directed": true, "target": "skinny\ndashed", "id": "thick\ndouble-skinny\ndashed", "name": "thick\ndouble-skinny\ndashed"}}, {"data": {"directed": "false", "source": "thick\ndouble", "is_directed": true, "target": "thick\ndouble", "id": "thick\ndouble-thick\ndouble", "name": "thick\ndouble-thick\ndouble"}}, {"data": {"directed": "false", "source": "thick\ndouble", "is_directed": true, "target": "thick\nsolid", "id": "thick\ndouble-thick\nsolid", "name": "thick\ndouble-thick\nsolid"}}, {"data": {"directed": "false", "source": "thick\nsolid", "is_directed": true, "target": "thick\ndotted", "id": "thick\nsolid-thick\ndotted", "name": "thick\nsolid-thick\ndotted"}}, {"data": {"directed": "false", "source": "thick\nsolid", "is_directed": true, "target": "skinny\ndotted", "id": "thick\nsolid-skinny\ndotted", "name": "thick\nsolid-skinny\ndotted"}}, {"data": {"directed": "false", "source": "bubble\neffect", "is_directed": true, "target": "thick\ndotted", "id": "bubble\neffect-thick\ndotted", "name": "bubble\neffect-thick\ndotted"}}, {"data": {"directed": "false", "source": "bubble\neffect", "is_directed": true, "target": "thick\nsolid", "id": "bubble\neffect-thick\nsolid", "name": "bubble\neffect-thick\nsolid"}}]}, "data": {"name": "BorderStyles", "tags": ["AttributeGallery"], "title": "", "description": ""}}