{"elements": {"nodes": [{"data": {"name": "11", "aliases": [], "id": "11", "label": "11"}}, {"data": {"name": "10", "aliases": [], "id": "10", "label": "10"}}, {"data": {"name": "13", "aliases": [], "id": "13", "label": "13"}}, {"data": {"name": "12", "aliases": [], "id": "12", "label": "12"}}, {"data": {"name": "15", "aliases": [], "id": "15", "label": "15"}}, {"data": {"name": "14", "aliases": [], "id": "14", "label": "14"}}, {"data": {"name": "17", "aliases": [], "id": "17", "label": "17"}}, {"data": {"name": "16", "aliases": [], "id": "16", "label": "16"}}, {"data": {"name": "19", "aliases": [], "id": "19", "label": "19"}}, {"data": {"name": "18", "aliases": [], "id": "18", "label": "18"}}, {"data": {"name": "1", "aliases": [], "id": "1", "label": "1"}}, {"data": {"name": "0", "aliases": [], "id": "0", "label": "0"}}, {"data": {"name": "3", "aliases": [], "id": "3", "label": "3"}}, {"data": {"name": "2", "aliases": [], "id": "2", "label": "2"}}, {"data": {"name": "5", "aliases": [], "id": "5", "label": "5"}}, {"data": {"name": "4", "aliases": [], "id": "4", "label": "4"}}, {"data": {"name": "7", "aliases": [], "id": "7", "label": "7"}}, {"data": {"name": "6", "aliases": [], "id": "6", "label": "6"}}, {"data": {"name": "9", "aliases": [], "id": "9", "label": "9"}}, {"data": {"name": "8", "aliases": [], "id": "8", "label": "8"}}], "edges": [{"data": {"directed": "true", "source": "11", "is_directed": true, "target": "0", "id": "11-0", "name": "11-0"}}, {"data": {"directed": "true", "source": "11", "is_directed": true, "target": "3", "id": "11-3", "name": "11-3"}}, {"data": {"directed": "true", "source": "11", "is_directed": true, "target": "8", "id": "11-8", "name": "11-8"}}, {"data": {"directed": "true", "source": "10", "is_directed": true, "target": "1", "id": "10-1", "name": "10-1"}}, {"data": {"directed": "true", "source": "10", "is_directed": true, "target": "10", "id": "10-10", "name": "10-10"}}, {"data": {"directed": "true", "source": "10", "is_directed": false, "target": "14", "id": "10-14", "name": "10-14"}}, {"data": {"directed": "true", "source": "10", "is_directed": true, "target": "6", "id": "10-6", "name": "10-6"}}, {"data": {"directed": "true", "source": "13", "is_directed": true, "target": "11", "id": "13-11", "name": "13-11"}}, {"data": {"directed": "true", "source": "12", "is_directed": true, "target": "1", "id": "12-1", "name": "12-1"}}, {"data": {"directed": "true", "source": "12", "is_directed": true, "target": "18", "id": "12-18", "name": "12-18"}}, {"data": {"directed": "true", "source": "12", "is_directed": true, "target": "9", "id": "12-9", "name": "12-9"}}, {"data": {"directed": "true", "source": "15", "is_directed": true, "target": "9", "id": "15-9", "name": "15-9"}}, {"data": {"directed": "true", "source": "15", "is_directed": true, "target": "0", "id": "15-0", "name": "15-0"}}, {"data": {"directed": "true", "source": "15", "is_directed": true, "target": "7", "id": "15-7", "name": "15-7"}}, {"data": {"directed": "true", "source": "15", "is_directed": true, "target": "10", "id": "15-10", "name": "15-10"}}, {"data": {"directed": "true", "source": "14", "is_directed": true, "target": "8", "id": "14-8", "name": "14-8"}}, {"data": {"directed": "true", "source": "14", "is_directed": true, "target": "4", "id": "14-4", "name": "14-4"}}, {"data": {"directed": "true", "source": "14", "is_directed": true, "target": "6", "id": "14-6", "name": "14-6"}}, {"data": {"directed": "true", "source": "17", "is_directed": true, "target": "18", "id": "17-18", "name": "17-18"}}, {"data": {"directed": "true", "source": "17", "is_directed": true, "target": "4", "id": "17-4", "name": "17-4"}}, {"data": {"directed": "true", "source": "16", "is_directed": true, "target": "14", "id": "16-14", "name": "16-14"}}, {"data": {"directed": "true", "source": "18", "is_directed": false, "target": "0", "id": "18-0", "name": "18-0"}}, {"data": {"directed": "true", "source": "18", "is_directed": false, "target": "6", "id": "18-6", "name": "18-6"}}, {"data": {"directed": "true", "source": "0", "is_directed": true, "target": "1", "id": "0-1", "name": "0-1"}}, {"data": {"directed": "true", "source": "0", "is_directed": true, "target": "8", "id": "0-8", "name": "0-8"}}, {"data": {"directed": "true", "source": "0", "is_directed": true, "target": "6", "id": "0-6", "name": "0-6"}}, {"data": {"directed": "true", "source": "0", "is_directed": true, "target": "16", "id": "0-16", "name": "0-16"}}, {"data": {"directed": "true", "source": "3", "is_directed": true, "target": "9", "id": "3-9", "name": "3-9"}}, {"data": {"directed": "true", "source": "3", "is_directed": false, "target": "13", "id": "3-13", "name": "3-13"}}, {"data": {"directed": "true", "source": "3", "is_directed": true, "target": "7", "id": "3-7", "name": "3-7"}}, {"data": {"directed": "true", "source": "2", "is_directed": true, "target": "12", "id": "2-12", "name": "2-12"}}, {"data": {"directed": "true", "source": "2", "is_directed": true, "target": "7", "id": "2-7", "name": "2-7"}}, {"data": {"directed": "true", "source": "5", "is_directed": true, "target": "13", "id": "5-13", "name": "5-13"}}, {"data": {"directed": "true", "source": "5", "is_directed": true, "target": "2", "id": "5-2", "name": "5-2"}}, {"data": {"directed": "true", "source": "4", "is_directed": true, "target": "6", "id": "4-6", "name": "4-6"}}, {"data": {"directed": "true", "source": "7", "is_directed": true, "target": "1", "id": "7-1", "name": "7-1"}}, {"data": {"directed": "true", "source": "7", "is_directed": false, "target": "7", "id": "7-7", "name": "7-7"}}, {"data": {"directed": "true", "source": "7", "is_directed": true, "target": "16", "id": "7-16", "name": "7-16"}}, {"data": {"directed": "true", "source": "9", "is_directed": true, "target": "1", "id": "9-1", "name": "9-1"}}, {"data": {"directed": "true", "source": "9", "is_directed": false, "target": "5", "id": "9-5", "name": "9-5"}}, {"data": {"directed": "true", "source": "9", "is_directed": true, "target": "3", "id": "9-3", "name": "9-3"}}, {"data": {"directed": "true", "source": "9", "is_directed": true, "target": "15", "id": "9-15", "name": "9-15"}}, {"data": {"directed": "true", "source": "8", "is_directed": true, "target": "1", "id": "8-1", "name": "8-1"}}, {"data": {"directed": "true", "source": "8", "is_directed": true, "target": "8", "id": "8-8", "name": "8-8"}}, {"data": {"directed": "true", "source": "8", "is_directed": true, "target": "12", "id": "8-12", "name": "8-12"}}]}, "data": {"name": "EdgeStyles", "tags": ["AttributeGallery"], "title": "", "description": ""}}