{"elements": {"nodes": [{"data": {"name": "vertical bottom\nhorizontal left", "aliases": [], "id": "vertical bottom\nhorizontal left", "label": "vertical bottom\nhorizontal left"}}, {"data": {"name": "vertical bottom\nhorizontal center", "aliases": [], "id": "vertical bottom\nhorizontal center", "label": "vertical bottom\nhorizontal center"}}, {"data": {"name": "vertical top\nhorizontal right", "aliases": [], "id": "vertical top\nhorizontal right", "label": "vertical top\nhorizontal right"}}, {"data": {"name": "vertical top\nhorizontal center", "aliases": [], "id": "vertical top\nhorizontal center", "label": "vertical top\nhorizontal center"}}, {"data": {"name": "vertical center\nhorizontal center", "aliases": [], "id": "vertical center\nhorizontal center", "label": "vertical center\nhorizontal center"}}, {"data": {"name": "vertical center\nhorizontal left", "aliases": [], "id": "vertical center\nhorizontal left", "label": "vertical center\nhorizontal left"}}, {"data": {"name": "vertical center\nhorizontal right", "aliases": [], "id": "vertical center\nhorizontal right", "label": "vertical center\nhorizontal right"}}, {"data": {"name": "vertical bottom\nhorizontal right", "aliases": [], "id": "vertical bottom\nhorizontal right", "label": "vertical bottom\nhorizontal right"}}, {"data": {"name": "vertical top\nhorizontal left", "aliases": [], "id": "vertical top\nhorizontal left", "label": "vertical top\nhorizontal left"}}], "edges": [{"data": {"directed": "false", "source": "vertical bottom\nhorizontal left", "is_directed": true, "target": "vertical top\nhorizontal center", "id": "vertical bottom\nhorizontal left-vertical top\nhorizontal center", "name": "vertical bottom\nhorizontal left-vertical top\nhorizontal center"}}, {"data": {"directed": "false", "source": "vertical bottom\nhorizontal left", "is_directed": true, "target": "vertical center\nhorizontal right", "id": "vertical bottom\nhorizontal left-vertical center\nhorizontal right", "name": "vertical bottom\nhorizontal left-vertical center\nhorizontal right"}}, {"data": {"directed": "false", "source": "vertical bottom\nhorizontal center", "is_directed": true, "target": "vertical top\nhorizontal center", "id": "vertical bottom\nhorizontal center-vertical top\nhorizontal center", "name": "vertical bottom\nhorizontal center-vertical top\nhorizontal center"}}, {"data": {"directed": "false", "source": "vertical bottom\nhorizontal center", "is_directed": true, "target": "vertical bottom\nhorizontal center", "id": "vertical bottom\nhorizontal center-vertical bottom\nhorizontal center", "name": "vertical bottom\nhorizontal center-vertical bottom\nhorizontal center"}}, {"data": {"directed": "false", "source": "vertical bottom\nhorizontal center", "is_directed": true, "target": "vertical top\nhorizontal left", "id": "vertical bottom\nhorizontal center-vertical top\nhorizontal left", "name": "vertical bottom\nhorizontal center-vertical top\nhorizontal left"}}, {"data": {"directed": "false", "source": "vertical top\nhorizontal right", "is_directed": true, "target": "vertical top\nhorizontal center", "id": "vertical top\nhorizontal right-vertical top\nhorizontal center", "name": "vertical top\nhorizontal right-vertical top\nhorizontal center"}}, {"data": {"directed": "false", "source": "vertical center\nhorizontal center", "is_directed": true, "target": "vertical bottom\nhorizontal center", "id": "vertical center\nhorizontal center-vertical bottom\nhorizontal center", "name": "vertical center\nhorizontal center-vertical bottom\nhorizontal center"}}, {"data": {"directed": "false", "source": "vertical center\nhorizontal center", "is_directed": true, "target": "vertical center\nhorizontal right", "id": "vertical center\nhorizontal center-vertical center\nhorizontal right", "name": "vertical center\nhorizontal center-vertical center\nhorizontal right"}}, {"data": {"directed": "false", "source": "vertical center\nhorizontal left", "is_directed": true, "target": "vertical top\nhorizontal center", "id": "vertical center\nhorizontal left-vertical top\nhorizontal center", "name": "vertical center\nhorizontal left-vertical top\nhorizontal center"}}, {"data": {"directed": "false", "source": "vertical center\nhorizontal left", "is_directed": true, "target": "vertical bottom\nhorizontal left", "id": "vertical center\nhorizontal left-vertical bottom\nhorizontal left", "name": "vertical center\nhorizontal left-vertical bottom\nhorizontal left"}}, {"data": {"directed": "false", "source": "vertical center\nhorizontal left", "is_directed": true, "target": "vertical center\nhorizontal left", "id": "vertical center\nhorizontal left-vertical center\nhorizontal left", "name": "vertical center\nhorizontal left-vertical center\nhorizontal left"}}, {"data": {"directed": "false", "source": "vertical center\nhorizontal left", "is_directed": true, "target": "vertical center\nhorizontal right", "id": "vertical center\nhorizontal left-vertical center\nhorizontal right", "name": "vertical center\nhorizontal left-vertical center\nhorizontal right"}}, {"data": {"directed": "false", "source": "vertical center\nhorizontal right", "is_directed": true, "target": "vertical center\nhorizontal left", "id": "vertical center\nhorizontal right-vertical center\nhorizontal left", "name": "vertical center\nhorizontal right-vertical center\nhorizontal left"}}, {"data": {"directed": "false", "source": "vertical center\nhorizontal right", "is_directed": true, "target": "vertical bottom\nhorizontal right", "id": "vertical center\nhorizontal right-vertical bottom\nhorizontal right", "name": "vertical center\nhorizontal right-vertical bottom\nhorizontal right"}}, {"data": {"directed": "false", "source": "vertical bottom\nhorizontal right", "is_directed": true, "target": "vertical center\nhorizontal right", "id": "vertical bottom\nhorizontal right-vertical center\nhorizontal right", "name": "vertical bottom\nhorizontal right-vertical center\nhorizontal right"}}, {"data": {"directed": "false", "source": "vertical top\nhorizontal left", "is_directed": true, "target": "vertical center\nhorizontal center", "id": "vertical top\nhorizontal left-vertical center\nhorizontal center", "name": "vertical top\nhorizontal left-vertical center\nhorizontal center"}}, {"data": {"directed": "false", "source": "vertical top\nhorizontal left", "is_directed": true, "target": "vertical top\nhorizontal right", "id": "vertical top\nhorizontal left-vertical top\nhorizontal right", "name": "vertical top\nhorizontal left-vertical top\nhorizontal right"}}, {"data": {"directed": "false", "source": "vertical top\nhorizontal left", "is_directed": true, "target": "vertical bottom\nhorizontal right", "id": "vertical top\nhorizontal left-vertical bottom\nhorizontal right", "name": "vertical top\nhorizontal left-vertical bottom\nhorizontal right"}}]}, "data": {"name": "LabelPlacement", "tags": ["AttributeGallery"], "title": "", "description": ""}}