{"elements": {"nodes": [{"position": {"y": 399.39453125, "x": -160.45587158203125}, "data": {"Stress": 0, "selected": false, "NeighborhoodConnectivity": 5.857142857142857, "EdgeCount": 7, "SUID": 115, "Indegree": 0, "AverageShortestPathLength": 1.0, "IsSingleNode": false, "Outdegree": 7, "label": "", "PartnerOfMultiEdgedNodePairs": 0, "SelfLoops": 0, "ClosenessCentrality": 1.0, "Eccentricity": 1, "BetweennessCentrality": 0.0, "shared_name": "Mean platelet (thrombocyte) volume", "id": "115", "ClusteringCoefficient": 0.0, "name": "115"}}, {"position": {"y": 492.56903076171875, "x": 806.9948522731293}, "data": {"Stress": 0, "selected": false, "NeighborhoodConnectivity": 3.4285714285714284, "EdgeCount": 14, "SUID": 114, "Indegree": 14, "AverageShortestPathLength": 0.0, "IsSingleNode": false, "Outdegree": 0, "label": "", "PartnerOfMultiEdgedNodePairs": 0, "SelfLoops": 0, "ClosenessCentrality": 0.0, "Eccentricity": 0, "BetweennessCentrality": 0.0, "shared_name": "GCKR", "id": "114", "ClusteringCoefficient": 0.0, "name": "114"}}, {"position": {"y": -364.0071716308594, "x": -506.8026928275086}, "data": {"Stress": 0, "selected": false, "NeighborhoodConnectivity": 8.0, "EdgeCount": 1, "SUID": 88, "Indegree": 1, "AverageShortestPathLength": 0.0, "IsSingleNode": false, "Outdegree": 0, "label": "", "PartnerOfMultiEdgedNodePairs": 0, "SelfLoops": 0, "ClosenessCentrality": 0.0, "Eccentricity": 0, "BetweennessCentrality": 0.0, "shared_name": "PRODH", "id": "88", "ClusteringCoefficient": 0.0, "name": "88"}}, {"position": {"y": 332.89167093484843, "x": 410.8449930475301}, "data": {"Stress": 0, "selected": false, "NeighborhoodConnectivity": 5.0, "EdgeCount": 9, "SUID": 89, "Indegree": 9, "AverageShortestPathLength": 0.0, "IsSingleNode": false, "Outdegree": 0, "label": "", "PartnerOfMultiEdgedNodePairs": 0, "SelfLoops": 0, "ClosenessCentrality": 0.0, "Eccentricity": 0, "BetweennessCentrality": 0.0, "shared_name": "APOA5", "id": "89", "ClusteringCoefficient": 0.0, "name": "89"}}, {"position": {"y": -82.64641340576487, "x": 1186.3996537685566}, "data": {"Stress": 0, "selected": false, "NeighborhoodConnectivity": 8.0, "EdgeCount": 3, "SUID": 111, "Indegree": 0, "AverageShortestPathLength": 1.0, "IsSingleNode": false, "Outdegree": 3, "label": "", "PartnerOfMultiEdgedNodePairs": 0, "SelfLoops": 0, "ClosenessCentrality": 1.0, "Eccentricity": 1, "BetweennessCentrality": 0.0, "shared_name": "High light scatter reticulocyte count", "id": "111", "ClusteringCoefficient": 0.0, "name": "111"}}, {"position": {"y": -304.9676067903713, "x": 872.133455209548}, "data": {"Stress": 0, "selected": false, "NeighborhoodConnectivity": 6.333333333333333, "EdgeCount": 3, "SUID": 110, "Indegree": 3, "AverageShortestPathLength": 0.0, "IsSingleNode": false, "Outdegree": 0, "label": "", "PartnerOfMultiEdgedNodePairs": 0, "SelfLoops": 0, "ClosenessCentrality": 0.0, "Eccentricity": 0, "BetweennessCentrality": 0.0, "shared_name": "SLC22A16 SLC16A10", "id": "110", "ClusteringCoefficient": 0.0, "name": "110"}}, {"position": {"y": 28.895360946655273, "x": 588.48388671875}, "data": {"Stress": 0, "selected": false, "NeighborhoodConnectivity": 7.833333333333333, "EdgeCount": 6, "SUID": 113, "Indegree": 0, "AverageShortestPathLength": 1.0, "IsSingleNode": false, "Outdegree": 6, "label": "", "PartnerOfMultiEdgedNodePairs": 0, "SelfLoops": 0, "ClosenessCentrality": 1.0, "Eccentricity": 1, "BetweennessCentrality": 0.0, "shared_name": "Mean reticulocyte volume", "id": "113", "ClusteringCoefficient": 0.0, "name": "113"}}, {"position": {"y": -439.16603208334004, "x": 702.9247760103292}, "data": {"Stress": 0, "selected": false, "NeighborhoodConnectivity": 6.6, "EdgeCount": 5, "SUID": 112, "Indegree": 5, "AverageShortestPathLength": 0.0, "IsSingleNode": false, "Outdegree": 0, "label": "", "PartnerOfMultiEdgedNodePairs": 0, "SelfLoops": 0, "ClosenessCentrality": 0.0, "Eccentricity": 0, "BetweennessCentrality": 0.0, "shared_name": "APOA4", "id": "112", "ClusteringCoefficient": 0.0, "name": "112"}}, {"position": {"y": -7.427262552090042, "x": 387.3651255891866}, "data": {"Stress": 0, "selected": false, "NeighborhoodConnectivity": 8.5, "EdgeCount": 2, "SUID": 82, "Indegree": 2, "AverageShortestPathLength": 0.0, "IsSingleNode": false, "Outdegree": 0, "label": "", "PartnerOfMultiEdgedNodePairs": 0, "SelfLoops": 0, "ClosenessCentrality": 0.0, "Eccentricity": 0, "BetweennessCentrality": 0.0, "shared_name": "MFSD2A", "id": "82", "ClusteringCoefficient": 0.0, "name": "82"}}, {"position": {"y": -1.8954676031584494, "x": 869.6412353515625}, "data": {"Stress": 0, "selected": false, "NeighborhoodConnectivity": 9.2, "EdgeCount": 5, "SUID": 83, "Indegree": 0, "AverageShortestPathLength": 1.0, "IsSingleNode": false, "Outdegree": 5, "label": "", "PartnerOfMultiEdgedNodePairs": 0, "SelfLoops": 0, "ClosenessCentrality": 1.0, "Eccentricity": 1, "BetweennessCentrality": 0.0, "shared_name": "Mean sphered cell volume", "id": "83", "ClusteringCoefficient": 0.0, "name": "83"}}, {"position": {"y": -665.3955493599914, "x": 423.6484680175781}, "data": {"Stress": 0, "selected": false, "NeighborhoodConnectivity": 8.5, "EdgeCount": 2, "SUID": 80, "Indegree": 2, "AverageShortestPathLength": 0.0, "IsSingleNode": false, "Outdegree": 0, "label": "", "PartnerOfMultiEdgedNodePairs": 0, "SelfLoops": 0, "ClosenessCentrality": 0.0, "Eccentricity": 0, "BetweennessCentrality": 0.0, "shared_name": "ARG1", "id": "80", "ClusteringCoefficient": 0.0, "name": "80"}}, {"position": {"y": 441.66583251953125, "x": 1120.6099853515625}, "data": {"Stress": 0, "selected": false, "NeighborhoodConnectivity": 14.0, "EdgeCount": 1, "SUID": 81, "Indegree": 0, "AverageShortestPathLength": 1.0, "IsSingleNode": false, "Outdegree": 1, "label": "", "PartnerOfMultiEdgedNodePairs": 0, "SelfLoops": 0, "ClosenessCentrality": 1.0, "Eccentricity": 1, "BetweennessCentrality": 0.0, "shared_name": "White blood cell (leukocyte) count", "id": "81", "ClusteringCoefficient": 0.0, "name": "81"}}, {"position": {"y": 806.5287996188025, "x": 420.70140300057284}, "data": {"Stress": 0, "selected": false, "NeighborhoodConnectivity": 11.333333333333334, "EdgeCount": 3, "SUID": 86, "Indegree": 0, "AverageShortestPathLength": 1.0, "IsSingleNode": false, "Outdegree": 3, "label": "", "PartnerOfMultiEdgedNodePairs": 0, "SelfLoops": 0, "ClosenessCentrality": 1.0, "Eccentricity": 1, "BetweennessCentrality": 0.0, "shared_name": "Monocyte percentage", "id": "86", "ClusteringCoefficient": 0.0, "name": "86"}}, {"position": {"y": -124.88688659667969, "x": 563.675048828125}, "data": {"Stress": 0, "selected": false, "NeighborhoodConnectivity": 6.166666666666667, "EdgeCount": 6, "SUID": 93, "Indegree": 6, "AverageShortestPathLength": 0.0, "IsSingleNode": false, "Outdegree": 0, "label": "", "PartnerOfMultiEdgedNodePairs": 0, "SelfLoops": 0, "ClosenessCentrality": 0.0, "Eccentricity": 0, "BetweennessCentrality": 0.0, "shared_name": "APOC3", "id": "93", "ClusteringCoefficient": 0.0, "name": "93"}}, {"position": {"y": 52.505654424308474, "x": 143.65470341743244}, "data": {"Stress": 0, "selected": false, "NeighborhoodConnectivity": 8.25, "EdgeCount": 4, "SUID": 84, "Indegree": 0, "AverageShortestPathLength": 1.0, "IsSingleNode": false, "Outdegree": 4, "label": "", "PartnerOfMultiEdgedNodePairs": 0, "SelfLoops": 0, "ClosenessCentrality": 1.0, "Eccentricity": 1, "BetweennessCentrality": 0.0, "shared_name": "Nucleated red blood cell count", "id": "84", "ClusteringCoefficient": 0.0, "name": "84"}}, {"position": {"y": 1067.68798828125, "x": 215.37878962455974}, "data": {"Stress": 0, "selected": false, "NeighborhoodConnectivity": 3.625, "EdgeCount": 8, "SUID": 85, "Indegree": 8, "AverageShortestPathLength": 0.0, "IsSingleNode": false, "Outdegree": 0, "label": "", "PartnerOfMultiEdgedNodePairs": 0, "SelfLoops": 0, "ClosenessCentrality": 0.0, "Eccentricity": 0, "BetweennessCentrality": 0.0, "shared_name": "FADS1-3", "id": "85", "ClusteringCoefficient": 0.0, "name": "85"}}, {"position": {"y": 816.999134618068, "x": -472.4766791254403}, "data": {"Stress": 0, "selected": false, "NeighborhoodConnectivity": 7.0, "EdgeCount": 1, "SUID": 92, "Indegree": 1, "AverageShortestPathLength": 0.0, "IsSingleNode": false, "Outdegree": 0, "label": "", "PartnerOfMultiEdgedNodePairs": 0, "SelfLoops": 0, "ClosenessCentrality": 0.0, "Eccentricity": 0, "BetweennessCentrality": 0.0, "shared_name": "ACSL1", "id": "92", "ClusteringCoefficient": 0.0, "name": "92"}}, {"position": {"y": 782.0459594726562, "x": 647.5831909179688}, "data": {"Stress": 0, "selected": false, "NeighborhoodConnectivity": 9.666666666666666, "EdgeCount": 3, "SUID": 79, "Indegree": 0, "AverageShortestPathLength": 1.0, "IsSingleNode": false, "Outdegree": 3, "label": "", "PartnerOfMultiEdgedNodePairs": 0, "SelfLoops": 0, "ClosenessCentrality": 1.0, "Eccentricity": 1, "BetweennessCentrality": 0.0, "shared_name": "Platelet crit", "id": "79", "ClusteringCoefficient": 0.0, "name": "79"}}, {"position": {"y": 222.90036010742188, "x": 280.752197265625}, "data": {"Stress": 0, "selected": false, "NeighborhoodConnectivity": 6.8, "EdgeCount": 5, "SUID": 106, "Indegree": 0, "AverageShortestPathLength": 1.0, "IsSingleNode": false, "Outdegree": 5, "label": "", "PartnerOfMultiEdgedNodePairs": 0, "SelfLoops": 0, "ClosenessCentrality": 1.0, "Eccentricity": 1, "BetweennessCentrality": 0.0, "shared_name": "Platelet distribution width", "id": "106", "ClusteringCoefficient": 0.0, "name": "106"}}, {"position": {"y": -581.3352661132812, "x": 45.910789489746094}, "data": {"Stress": 0, "selected": false, "NeighborhoodConnectivity": 8.5, "EdgeCount": 2, "SUID": 107, "Indegree": 2, "AverageShortestPathLength": 0.0, "IsSingleNode": false, "Outdegree": 0, "label": "", "PartnerOfMultiEdgedNodePairs": 0, "SelfLoops": 0, "ClosenessCentrality": 0.0, "Eccentricity": 0, "BetweennessCentrality": 0.0, "shared_name": "AGPS", "id": "107", "ClusteringCoefficient": 0.0, "name": "107"}}, {"position": {"y": 579.46142578125, "x": 360.0622863769531}, "data": {"Stress": 0, "selected": false, "NeighborhoodConnectivity": 8.2, "EdgeCount": 5, "SUID": 104, "Indegree": 0, "AverageShortestPathLength": 1.0, "IsSingleNode": false, "Outdegree": 5, "label": "", "PartnerOfMultiEdgedNodePairs": 0, "SelfLoops": 0, "ClosenessCentrality": 1.0, "Eccentricity": 1, "BetweennessCentrality": 0.0, "shared_name": "Red blood cell (erythrocyte) distribution width", "id": "104", "ClusteringCoefficient": 0.0, "name": "104"}}, {"position": {"y": -59.23703384399414, "x": -429.7164306640625}, "data": {"Stress": 0, "selected": false, "NeighborhoodConnectivity": 6.0, "EdgeCount": 2, "SUID": 105, "Indegree": 2, "AverageShortestPathLength": 0.0, "IsSingleNode": false, "Outdegree": 0, "label": "", "PartnerOfMultiEdgedNodePairs": 0, "SelfLoops": 0, "ClosenessCentrality": 0.0, "Eccentricity": 0, "BetweennessCentrality": 0.0, "shared_name": "GLS2", "id": "105", "ClusteringCoefficient": 0.0, "name": "105"}}, {"position": {"y": 191.3329620361328, "x": 940.8082885742188}, "data": {"Stress": 0, "selected": false, "NeighborhoodConnectivity": 11.5, "EdgeCount": 2, "SUID": 87, "Indegree": 0, "AverageShortestPathLength": 1.0, "IsSingleNode": false, "Outdegree": 2, "label": "", "PartnerOfMultiEdgedNodePairs": 0, "SelfLoops": 0, "ClosenessCentrality": 1.0, "Eccentricity": 1, "BetweennessCentrality": 0.0, "shared_name": "Eosinophill percentage", "id": "87", "ClusteringCoefficient": 0.0, "name": "87"}}, {"position": {"y": 1231.6468505859375, "x": 86.39185877739179}, "data": {"Stress": 0, "selected": false, "NeighborhoodConnectivity": 8.0, "EdgeCount": 1, "SUID": 78, "Indegree": 0, "AverageShortestPathLength": 1.0, "IsSingleNode": false, "Outdegree": 1, "label": "", "PartnerOfMultiEdgedNodePairs": 0, "SelfLoops": 0, "ClosenessCentrality": 1.0, "Eccentricity": 1, "BetweennessCentrality": 0.0, "shared_name": "Haemoglobin concentration", "id": "78", "ClusteringCoefficient": 0.0, "name": "78"}}, {"position": {"y": 592.0204608365818, "x": 1008.2553424165792}, "data": {"Stress": 0, "selected": false, "NeighborhoodConnectivity": 14.0, "EdgeCount": 1, "SUID": 99, "Indegree": 0, "AverageShortestPathLength": 1.0, "IsSingleNode": false, "Outdegree": 1, "label": "", "PartnerOfMultiEdgedNodePairs": 0, "SelfLoops": 0, "ClosenessCentrality": 1.0, "Eccentricity": 1, "BetweennessCentrality": 0.0, "shared_name": "Neutrophill percentage", "id": "99", "ClusteringCoefficient": 0.0, "name": "99"}}, {"position": {"y": 829.3238179627564, "x": -128.83370971679688}, "data": {"Stress": 0, "selected": false, "NeighborhoodConnectivity": 4.0, "EdgeCount": 3, "SUID": 98, "Indegree": 0, "AverageShortestPathLength": 1.0, "IsSingleNode": false, "Outdegree": 3, "label": "", "PartnerOfMultiEdgedNodePairs": 0, "SelfLoops": 0, "ClosenessCentrality": 1.0, "Eccentricity": 1, "BetweennessCentrality": 0.0, "shared_name": "Red blood cell (erythrocyte) count", "id": "98", "ClusteringCoefficient": 0.0, "name": "98"}}, {"position": {"y": -282.7193047612785, "x": 365.8982402115699}, "data": {"Stress": 0, "selected": false, "NeighborhoodConnectivity": 4.0, "EdgeCount": 9, "SUID": 108, "Indegree": 0, "AverageShortestPathLength": 1.0, "IsSingleNode": false, "Outdegree": 9, "label": "", "PartnerOfMultiEdgedNodePairs": 0, "SelfLoops": 0, "ClosenessCentrality": 1.0, "Eccentricity": 1, "BetweennessCentrality": 0.0, "shared_name": "Mean corpuscular volume", "id": "108", "ClusteringCoefficient": 0.0, "name": "108"}}, {"position": {"y": 1184.5847004622583, "x": 805.455999097216}, "data": {"Stress": 0, "selected": false, "NeighborhoodConnectivity": 11.0, "EdgeCount": 2, "SUID": 109, "Indegree": 0, "AverageShortestPathLength": 1.0, "IsSingleNode": false, "Outdegree": 2, "label": "", "PartnerOfMultiEdgedNodePairs": 0, "SelfLoops": 0, "ClosenessCentrality": 1.0, "Eccentricity": 1, "BetweennessCentrality": 0.0, "shared_name": "Haematocrit percentage", "id": "109", "ClusteringCoefficient": 0.0, "name": "109"}}, {"position": {"y": 551.803955078125, "x": -678.1245062738777}, "data": {"Stress": 0, "selected": false, "NeighborhoodConnectivity": 2.0, "EdgeCount": 1, "SUID": 73, "Indegree": 1, "AverageShortestPathLength": 0.0, "IsSingleNode": false, "Outdegree": 0, "label": "", "PartnerOfMultiEdgedNodePairs": 0, "SelfLoops": 0, "ClosenessCentrality": 0.0, "Eccentricity": 0, "BetweennessCentrality": 0.0, "shared_name": "PSPH", "id": "73", "ClusteringCoefficient": 0.0, "name": "73"}}, {"position": {"y": 242.77936664824534, "x": -467.33506236988495}, "data": {"Stress": 0, "selected": false, "NeighborhoodConnectivity": 4.0, "EdgeCount": 1, "SUID": 72, "Indegree": 1, "AverageShortestPathLength": 0.0, "IsSingleNode": false, "Outdegree": 0, "label": "", "PartnerOfMultiEdgedNodePairs": 0, "SelfLoops": 0, "ClosenessCentrality": 0.0, "Eccentricity": 0, "BetweennessCentrality": 0.0, "shared_name": "PAH", "id": "72", "ClusteringCoefficient": 0.0, "name": "72"}}, {"position": {"y": 792.7994307485674, "x": 970.7781142859808}, "data": {"Stress": 0, "selected": false, "NeighborhoodConnectivity": 7.833333333333333, "EdgeCount": 6, "SUID": 102, "Indegree": 0, "AverageShortestPathLength": 1.0, "IsSingleNode": false, "Outdegree": 6, "label": "", "PartnerOfMultiEdgedNodePairs": 0, "SelfLoops": 0, "ClosenessCentrality": 1.0, "Eccentricity": 1, "BetweennessCentrality": 0.0, "shared_name": "Platelet count", "id": "102", "ClusteringCoefficient": 0.0, "name": "102"}}, {"position": {"y": -65.76741147787129, "x": -256.92599303263955}, "data": {"Stress": 0, "selected": false, "NeighborhoodConnectivity": 7.25, "EdgeCount": 4, "SUID": 103, "Indegree": 4, "AverageShortestPathLength": 0.0, "IsSingleNode": false, "Outdegree": 0, "label": "", "PartnerOfMultiEdgedNodePairs": 0, "SelfLoops": 0, "ClosenessCentrality": 0.0, "Eccentricity": 0, "BetweennessCentrality": 0.0, "shared_name": "SCD", "id": "103", "ClusteringCoefficient": 0.0, "name": "103"}}, {"position": {"y": -624.8264935091213, "x": 864.0113543794698}, "data": {"Stress": 0, "selected": false, "NeighborhoodConnectivity": 6.0, "EdgeCount": 1, "SUID": 100, "Indegree": 1, "AverageShortestPathLength": 0.0, "IsSingleNode": false, "Outdegree": 0, "label": "", "PartnerOfMultiEdgedNodePairs": 0, "SelfLoops": 0, "ClosenessCentrality": 0.0, "Eccentricity": 0, "BetweennessCentrality": 0.0, "shared_name": "TMEM229B", "id": "100", "ClusteringCoefficient": 0.0, "name": "100"}}, {"position": {"y": 863.5980170160652, "x": 1217.8978434830542}, "data": {"Stress": 0, "selected": false, "NeighborhoodConnectivity": 6.0, "EdgeCount": 1, "SUID": 101, "Indegree": 1, "AverageShortestPathLength": 0.0, "IsSingleNode": false, "Outdegree": 0, "label": "", "PartnerOfMultiEdgedNodePairs": 0, "SelfLoops": 0, "ClosenessCentrality": 0.0, "Eccentricity": 0, "BetweennessCentrality": 0.0, "shared_name": "APOA1", "id": "101", "ClusteringCoefficient": 0.0, "name": "101"}}, {"position": {"y": -335.3937683105469, "x": -86.6744100734223}, "data": {"Stress": 0, "selected": false, "NeighborhoodConnectivity": 3.125, "EdgeCount": 8, "SUID": 95, "Indegree": 0, "AverageShortestPathLength": 1.0, "IsSingleNode": false, "Outdegree": 8, "label": "", "PartnerOfMultiEdgedNodePairs": 0, "SelfLoops": 0, "ClosenessCentrality": 1.0, "Eccentricity": 1, "BetweennessCentrality": 0.0, "shared_name": "Mean corpuscular haemoglobin", "id": "95", "ClusteringCoefficient": 0.0, "name": "95"}}, {"position": {"y": 987.3374633789062, "x": -277.45267268120034}, "data": {"Stress": 0, "selected": false, "NeighborhoodConnectivity": 3.0, "EdgeCount": 1, "SUID": 94, "Indegree": 1, "AverageShortestPathLength": 0.0, "IsSingleNode": false, "Outdegree": 0, "label": "", "PartnerOfMultiEdgedNodePairs": 0, "SelfLoops": 0, "ClosenessCentrality": 0.0, "Eccentricity": 0, "BetweennessCentrality": 0.0, "shared_name": "PHGDH", "id": "94", "ClusteringCoefficient": 0.0, "name": "94"}}, {"position": {"y": -82.73668670654297, "x": 230.98060607910156}, "data": {"Stress": 0, "selected": false, "NeighborhoodConnectivity": 6.666666666666667, "EdgeCount": 3, "SUID": 97, "Indegree": 3, "AverageShortestPathLength": 0.0, "IsSingleNode": false, "Outdegree": 0, "label": "", "PartnerOfMultiEdgedNodePairs": 0, "SelfLoops": 0, "ClosenessCentrality": 0.0, "Eccentricity": 0, "BetweennessCentrality": 0.0, "shared_name": "ACADM", "id": "97", "ClusteringCoefficient": 0.0, "name": "97"}}, {"position": {"y": 1004.3169773896478, "x": 681.1436157226562}, "data": {"Stress": 0, "selected": false, "NeighborhoodConnectivity": 4.666666666666667, "EdgeCount": 3, "SUID": 96, "Indegree": 3, "AverageShortestPathLength": 0.0, "IsSingleNode": false, "Outdegree": 0, "label": "", "PartnerOfMultiEdgedNodePairs": 0, "SelfLoops": 0, "ClosenessCentrality": 0.0, "Eccentricity": 0, "BetweennessCentrality": 0.0, "shared_name": "GATAD2A", "id": "96", "ClusteringCoefficient": 0.0, "name": "96"}}, {"position": {"y": 426.3007604762543, "x": 524.066732199527}, "data": {"Stress": 0, "selected": false, "NeighborhoodConnectivity": 3.75, "EdgeCount": 12, "SUID": 91, "Indegree": 12, "AverageShortestPathLength": 0.0, "IsSingleNode": false, "Outdegree": 0, "label": "", "PartnerOfMultiEdgedNodePairs": 0, "SelfLoops": 0, "ClosenessCentrality": 0.0, "Eccentricity": 0, "BetweennessCentrality": 0.0, "shared_name": "APOE", "id": "91", "ClusteringCoefficient": 0.0, "name": "91"}}, {"position": {"y": 1005.634505026035, "x": 846.4803485200948}, "data": {"Stress": 0, "selected": false, "NeighborhoodConnectivity": 12.0, "EdgeCount": 1, "SUID": 77, "Indegree": 0, "AverageShortestPathLength": 1.0, "IsSingleNode": false, "Outdegree": 1, "label": "", "PartnerOfMultiEdgedNodePairs": 0, "SelfLoops": 0, "ClosenessCentrality": 1.0, "Eccentricity": 1, "BetweennessCentrality": 0.0, "shared_name": "Immature reticulocyte fraction", "id": "77", "ClusteringCoefficient": 0.0, "name": "77"}}, {"position": {"y": 586.1780745558331, "x": 1259.1604264207294}, "data": {"Stress": 0, "selected": false, "NeighborhoodConnectivity": 14.0, "EdgeCount": 1, "SUID": 76, "Indegree": 0, "AverageShortestPathLength": 1.0, "IsSingleNode": false, "Outdegree": 1, "label": "", "PartnerOfMultiEdgedNodePairs": 0, "SelfLoops": 0, "ClosenessCentrality": 1.0, "Eccentricity": 1, "BetweennessCentrality": 0.0, "shared_name": "Neutrophill count", "id": "76", "ClusteringCoefficient": 0.0, "name": "76"}}, {"position": {"y": 98.1224594116211, "x": 1294.8758544921875}, "data": {"Stress": 0, "selected": false, "NeighborhoodConnectivity": 13.0, "EdgeCount": 2, "SUID": 75, "Indegree": 0, "AverageShortestPathLength": 1.0, "IsSingleNode": false, "Outdegree": 2, "label": "", "PartnerOfMultiEdgedNodePairs": 0, "SelfLoops": 0, "ClosenessCentrality": 1.0, "Eccentricity": 1, "BetweennessCentrality": 0.0, "shared_name": "Nucleated red blood cell percentage", "id": "75", "ClusteringCoefficient": 0.0, "name": "75"}}, {"position": {"y": 493.7967183533813, "x": -421.2300109863281}, "data": {"Stress": 0, "selected": false, "NeighborhoodConnectivity": 6.5, "EdgeCount": 2, "SUID": 74, "Indegree": 0, "AverageShortestPathLength": 1.0, "IsSingleNode": false, "Outdegree": 2, "label": "", "PartnerOfMultiEdgedNodePairs": 0, "SelfLoops": 0, "ClosenessCentrality": 1.0, "Eccentricity": 1, "BetweennessCentrality": 0.0, "shared_name": "Monocyte count", "id": "74", "ClusteringCoefficient": 0.0, "name": "74"}}, {"position": {"y": 713.8224017545506, "x": 228.9195269868917}, "data": {"Stress": 0, "selected": false, "NeighborhoodConnectivity": 8.5, "EdgeCount": 2, "SUID": 90, "Indegree": 0, "AverageShortestPathLength": 1.0, "IsSingleNode": false, "Outdegree": 2, "label": "", "PartnerOfMultiEdgedNodePairs": 0, "SelfLoops": 0, "ClosenessCentrality": 1.0, "Eccentricity": 1, "BetweennessCentrality": 0.0, "shared_name": "Eosinophill count", "id": "90", "ClusteringCoefficient": 0.0, "name": "90"}}], "edges": [{"data": {"interaction": "pm", "target": "105", "SUID": 196, "Icd10": "f.30100.0.0", "selected": false, "source": "115", "Association_Count": 0, "shared_interaction": "pm", "is_directed": false, "EdgeBetweenness": 1.0, "shared_name": "Mean platelet (thrombocyte) volume (pm) GLS2", "id": "196", "log10Qval": 5.194092282, "name": "115-105"}}, {"data": {"interaction": "pm", "target": "114", "SUID": 197, "Icd10": "f.30100.0.0", "selected": false, "source": "115", "Association_Count": 0, "shared_interaction": "pm", "is_directed": false, "EdgeBetweenness": 1.0, "shared_name": "Mean platelet (thrombocyte) volume (pm) GCKR", "id": "197", "log10Qval": 5.002989411, "name": "115-114"}}, {"data": {"interaction": "pm", "target": "89", "SUID": 193, "Icd10": "f.30100.0.0", "selected": false, "source": "115", "Association_Count": 1, "shared_interaction": "pm", "is_directed": false, "EdgeBetweenness": 1.0, "shared_name": "Mean platelet (thrombocyte) volume (pm) APOA5", "id": "193", "log10Qval": 10.287866206, "name": "115-89"}}, {"data": {"interaction": "pm", "target": "110", "SUID": 194, "Icd10": "f.30100.0.0", "selected": false, "source": "115", "Association_Count": 1, "shared_interaction": "pm", "is_directed": false, "EdgeBetweenness": 1.0, "shared_name": "Mean platelet (thrombocyte) volume (pm) SLC22A16 SLC16A10", "id": "194", "log10Qval": 9.267083464, "name": "115-110"}}, {"data": {"interaction": "pm", "target": "103", "SUID": 191, "Icd10": "f.30100.0.0", "selected": false, "source": "115", "Association_Count": 4, "shared_interaction": "pm", "is_directed": false, "EdgeBetweenness": 1.0, "shared_name": "Mean platelet (thrombocyte) volume (pm) SCD", "id": "191", "log10Qval": 25.008277593, "name": "115-103"}}, {"data": {"interaction": "pm", "target": "92", "SUID": 195, "Icd10": "f.30100.0.0", "selected": false, "source": "115", "Association_Count": 0, "shared_interaction": "pm", "is_directed": false, "EdgeBetweenness": 1.0, "shared_name": "Mean platelet (thrombocyte) volume (pm) ACSL1", "id": "195", "log10Qval": 6.034698024, "name": "115-92"}}, {"data": {"interaction": "pm", "target": "85", "SUID": 192, "Icd10": "f.30100.0.0", "selected": false, "source": "115", "Association_Count": 1, "shared_interaction": "pm", "is_directed": false, "EdgeBetweenness": 1.0, "shared_name": "Mean platelet (thrombocyte) volume (pm) FADS1-3", "id": "192", "log10Qval": 23.896453142, "name": "115-85"}}, {"data": {"interaction": "pm", "target": "91", "SUID": 182, "Icd10": "f.30300.0.0", "selected": false, "source": "111", "Association_Count": 1, "shared_interaction": "pm", "is_directed": false, "EdgeBetweenness": 1.0, "shared_name": "High light scatter reticulocyte count (pm) APOE", "id": "182", "log10Qval": 9.521166667, "name": "111-91"}}, {"data": {"interaction": "pm", "target": "89", "SUID": 183, "Icd10": "f.30300.0.0", "selected": false, "source": "111", "Association_Count": 0, "shared_interaction": "pm", "is_directed": false, "EdgeBetweenness": 1.0, "shared_name": "High light scatter reticulocyte count (pm) APOA5", "id": "183", "log10Qval": 6.347819536, "name": "111-89"}}, {"data": {"interaction": "pm", "target": "110", "SUID": 184, "Icd10": "f.30300.0.0", "selected": false, "source": "111", "Association_Count": 0, "shared_interaction": "pm", "is_directed": false, "EdgeBetweenness": 1.0, "shared_name": "High light scatter reticulocyte count (pm) SLC22A16 SLC16A10", "id": "184", "log10Qval": 5.086342185, "name": "111-110"}}, {"data": {"interaction": "pm", "target": "114", "SUID": 187, "Icd10": "f.30260.0.0", "selected": false, "source": "113", "Association_Count": 0, "shared_interaction": "pm", "is_directed": false, "EdgeBetweenness": 1.0, "shared_name": "Mean reticulocyte volume (pm) GCKR", "id": "187", "log10Qval": 6.472916808, "name": "113-114"}}, {"data": {"interaction": "pm", "target": "89", "SUID": 185, "Icd10": "f.30260.0.0", "selected": false, "source": "113", "Association_Count": 5, "shared_interaction": "pm", "is_directed": false, "EdgeBetweenness": 1.0, "shared_name": "Mean reticulocyte volume (pm) APOA5", "id": "185", "log10Qval": 15.284623263, "name": "113-89"}}, {"data": {"interaction": "pm", "target": "112", "SUID": 190, "Icd10": "f.30260.0.0", "selected": false, "source": "113", "Association_Count": 0, "shared_interaction": "pm", "is_directed": false, "EdgeBetweenness": 1.0, "shared_name": "Mean reticulocyte volume (pm) APOA4", "id": "190", "log10Qval": 5.007687586, "name": "113-112"}}, {"data": {"interaction": "pm", "target": "91", "SUID": 188, "Icd10": "f.30260.0.0", "selected": false, "source": "113", "Association_Count": 0, "shared_interaction": "pm", "is_directed": false, "EdgeBetweenness": 1.0, "shared_name": "Mean reticulocyte volume (pm) APOE", "id": "188", "log10Qval": 6.065517819, "name": "113-91"}}, {"data": {"interaction": "pm", "target": "100", "SUID": 189, "Icd10": "f.30260.0.0", "selected": false, "source": "113", "Association_Count": 0, "shared_interaction": "pm", "is_directed": false, "EdgeBetweenness": 1.0, "shared_name": "Mean reticulocyte volume (pm) TMEM229B", "id": "189", "log10Qval": 5.538742092, "name": "113-100"}}, {"data": {"interaction": "pm", "target": "93", "SUID": 186, "Icd10": "f.30260.0.0", "selected": false, "source": "113", "Association_Count": 0, "shared_interaction": "pm", "is_directed": false, "EdgeBetweenness": 1.0, "shared_name": "Mean reticulocyte volume (pm) APOC3", "id": "186", "log10Qval": 6.693221112, "name": "113-93"}}, {"data": {"interaction": "pm", "target": "91", "SUID": 130, "Icd10": "f.30270.0.0", "selected": false, "source": "83", "Association_Count": 1, "shared_interaction": "pm", "is_directed": false, "EdgeBetweenness": 1.0, "shared_name": "Mean sphered cell volume (pm) APOE", "id": "130", "log10Qval": 8.195042851, "name": "83-91"}}, {"data": {"interaction": "pm", "target": "114", "SUID": 131, "Icd10": "f.30270.0.0", "selected": false, "source": "83", "Association_Count": 4, "shared_interaction": "pm", "is_directed": false, "EdgeBetweenness": 1.0, "shared_name": "Mean sphered cell volume (pm) GCKR", "id": "131", "log10Qval": 8.151853827, "name": "83-114"}}, {"data": {"interaction": "pm", "target": "93", "SUID": 128, "Icd10": "f.30270.0.0", "selected": false, "source": "83", "Association_Count": 1, "shared_interaction": "pm", "is_directed": false, "EdgeBetweenness": 1.0, "shared_name": "Mean sphered cell volume (pm) APOC3", "id": "128", "log10Qval": 13.305432247, "name": "83-93"}}, {"data": {"interaction": "pm", "target": "89", "SUID": 127, "Icd10": "f.30270.0.0", "selected": false, "source": "83", "Association_Count": 8, "shared_interaction": "pm", "is_directed": false, "EdgeBetweenness": 1.0, "shared_name": "Mean sphered cell volume (pm) APOA5", "id": "127", "log10Qval": 21.16031008, "name": "83-89"}}, {"data": {"interaction": "pm", "target": "112", "SUID": 129, "Icd10": "f.30270.0.0", "selected": false, "source": "83", "Association_Count": 1, "shared_interaction": "pm", "is_directed": false, "EdgeBetweenness": 1.0, "shared_name": "Mean sphered cell volume (pm) APOA4", "id": "129", "log10Qval": 11.032530815, "name": "83-112"}}, {"data": {"interaction": "pm", "target": "114", "SUID": 126, "Icd10": "f.30000.0.0", "selected": false, "source": "81", "Association_Count": 6, "shared_interaction": "pm", "is_directed": false, "EdgeBetweenness": 1.0, "shared_name": "White blood cell (leukocyte) count (pm) GCKR", "id": "126", "log10Qval": 9.39930952, "name": "81-114"}}, {"data": {"interaction": "pm", "target": "91", "SUID": 136, "Icd10": "f.30190.0.0", "selected": false, "source": "86", "Association_Count": 1, "shared_interaction": "pm", "is_directed": false, "EdgeBetweenness": 1.0, "shared_name": "Monocyte percentage (pm) APOE", "id": "136", "log10Qval": 34.892733607, "name": "86-91"}}, {"data": {"interaction": "pm", "target": "114", "SUID": 137, "Icd10": "f.30190.0.0", "selected": false, "source": "86", "Association_Count": 9, "shared_interaction": "pm", "is_directed": false, "EdgeBetweenness": 1.0, "shared_name": "Monocyte percentage (pm) GCKR", "id": "137", "log10Qval": 15.100409659, "name": "86-114"}}, {"data": {"interaction": "pm", "target": "85", "SUID": 138, "Icd10": "f.30190.0.0", "selected": false, "source": "86", "Association_Count": 1, "shared_interaction": "pm", "is_directed": false, "EdgeBetweenness": 1.0, "shared_name": "Monocyte percentage (pm) FADS1-3", "id": "138", "log10Qval": 7.111291917, "name": "86-85"}}, {"data": {"interaction": "pm", "target": "91", "SUID": 133, "Icd10": "f.30170.0.0", "selected": false, "source": "84", "Association_Count": 1, "shared_interaction": "pm", "is_directed": false, "EdgeBetweenness": 1.0, "shared_name": "Nucleated red blood cell count (pm) APOE", "id": "133", "log10Qval": 8.495866989, "name": "84-91"}}, {"data": {"interaction": "pm", "target": "114", "SUID": 134, "Icd10": "f.30170.0.0", "selected": false, "source": "84", "Association_Count": 1, "shared_interaction": "pm", "is_directed": false, "EdgeBetweenness": 1.0, "shared_name": "Nucleated red blood cell count (pm) GCKR", "id": "134", "log10Qval": 7.359422353, "name": "84-114"}}, {"data": {"interaction": "pm", "target": "93", "SUID": 135, "Icd10": "f.30170.0.0", "selected": false, "source": "84", "Association_Count": 1, "shared_interaction": "pm", "is_directed": false, "EdgeBetweenness": 1.0, "shared_name": "Nucleated red blood cell count (pm) APOC3", "id": "135", "log10Qval": 7.194112368, "name": "84-93"}}, {"data": {"interaction": "pm", "target": "72", "SUID": 132, "Icd10": "f.30170.0.0", "selected": false, "source": "84", "Association_Count": 1, "shared_interaction": "pm", "is_directed": false, "EdgeBetweenness": 1.0, "shared_name": "Nucleated red blood cell count (pm) PAH", "id": "132", "log10Qval": 20.348666858, "name": "84-72"}}, {"data": {"interaction": "pm", "target": "91", "SUID": 125, "Icd10": "f.30090.0.0", "selected": false, "source": "79", "Association_Count": 1, "shared_interaction": "pm", "is_directed": false, "EdgeBetweenness": 1.0, "shared_name": "Platelet crit (pm) APOE", "id": "125", "log10Qval": 12.162379207, "name": "79-91"}}, {"data": {"interaction": "pm", "target": "114", "SUID": 124, "Icd10": "f.30090.0.0", "selected": false, "source": "79", "Association_Count": 9, "shared_interaction": "pm", "is_directed": false, "EdgeBetweenness": 1.0, "shared_name": "Platelet crit (pm) GCKR", "id": "124", "log10Qval": 14.072494629, "name": "79-114"}}, {"data": {"interaction": "pm", "target": "96", "SUID": 123, "Icd10": "f.30090.0.0", "selected": false, "source": "79", "Association_Count": 3, "shared_interaction": "pm", "is_directed": false, "EdgeBetweenness": 1.0, "shared_name": "Platelet crit (pm) GATAD2A", "id": "123", "log10Qval": 17.723892087, "name": "79-96"}}, {"data": {"interaction": "pm", "target": "91", "SUID": 169, "Icd10": "f.30110.0.0", "selected": false, "source": "106", "Association_Count": 0, "shared_interaction": "pm", "is_directed": false, "EdgeBetweenness": 1.0, "shared_name": "Platelet distribution width (pm) APOE", "id": "169", "log10Qval": 6.101992397, "name": "106-91"}}, {"data": {"interaction": "pm", "target": "93", "SUID": 167, "Icd10": "f.30110.0.0", "selected": false, "source": "106", "Association_Count": 2, "shared_interaction": "pm", "is_directed": false, "EdgeBetweenness": 1.0, "shared_name": "Platelet distribution width (pm) APOC3", "id": "167", "log10Qval": 9.610839058, "name": "106-93"}}, {"data": {"interaction": "pm", "target": "105", "SUID": 168, "Icd10": "f.30110.0.0", "selected": false, "source": "106", "Association_Count": 0, "shared_interaction": "pm", "is_directed": false, "EdgeBetweenness": 1.0, "shared_name": "Platelet distribution width (pm) GLS2", "id": "168", "log10Qval": 6.242688884, "name": "106-105"}}, {"data": {"interaction": "pm", "target": "89", "SUID": 166, "Icd10": "f.30110.0.0", "selected": false, "source": "106", "Association_Count": 9, "shared_interaction": "pm", "is_directed": false, "EdgeBetweenness": 1.0, "shared_name": "Platelet distribution width (pm) APOA5", "id": "166", "log10Qval": 47.678430155, "name": "106-89"}}, {"data": {"interaction": "pm", "target": "112", "SUID": 170, "Icd10": "f.30110.0.0", "selected": false, "source": "106", "Association_Count": 0, "shared_interaction": "pm", "is_directed": false, "EdgeBetweenness": 1.0, "shared_name": "Platelet distribution width (pm) APOA4", "id": "170", "log10Qval": 5.164848184, "name": "106-112"}}, {"data": {"interaction": "pm", "target": "114", "SUID": 163, "Icd10": "f.30070.0.0", "selected": false, "source": "104", "Association_Count": 0, "shared_interaction": "pm", "is_directed": false, "EdgeBetweenness": 1.0, "shared_name": "Red blood cell (erythrocyte) distribution width (pm) GCKR", "id": "163", "log10Qval": 6.021491477, "name": "104-114"}}, {"data": {"interaction": "pm", "target": "103", "SUID": 165, "Icd10": "f.30070.0.0", "selected": false, "source": "104", "Association_Count": 0, "shared_interaction": "pm", "is_directed": false, "EdgeBetweenness": 1.0, "shared_name": "Red blood cell (erythrocyte) distribution width (pm) SCD", "id": "165", "log10Qval": 5.226861545, "name": "104-103"}}, {"data": {"interaction": "pm", "target": "85", "SUID": 161, "Icd10": "f.30070.0.0", "selected": false, "source": "104", "Association_Count": 1, "shared_interaction": "pm", "is_directed": false, "EdgeBetweenness": 1.0, "shared_name": "Red blood cell (erythrocyte) distribution width (pm) FADS1-3", "id": "161", "log10Qval": 23.333860438, "name": "104-85"}}, {"data": {"interaction": "pm", "target": "91", "SUID": 162, "Icd10": "f.30070.0.0", "selected": false, "source": "104", "Association_Count": 3, "shared_interaction": "pm", "is_directed": false, "EdgeBetweenness": 1.0, "shared_name": "Red blood cell (erythrocyte) distribution width (pm) APOE", "id": "162", "log10Qval": 19.676706189, "name": "104-91"}}, {"data": {"interaction": "pm", "target": "96", "SUID": 164, "Icd10": "f.30070.0.0", "selected": false, "source": "104", "Association_Count": 0, "shared_interaction": "pm", "is_directed": false, "EdgeBetweenness": 1.0, "shared_name": "Red blood cell (erythrocyte) distribution width (pm) GATAD2A", "id": "164", "log10Qval": 5.787659545, "name": "104-96"}}, {"data": {"interaction": "pm", "target": "114", "SUID": 139, "Icd10": "f.30210.0.0", "selected": false, "source": "87", "Association_Count": 1, "shared_interaction": "pm", "is_directed": false, "EdgeBetweenness": 1.0, "shared_name": "Eosinophill percentage (pm) GCKR", "id": "139", "log10Qval": 7.71028037, "name": "87-114"}}, {"data": {"interaction": "pm", "target": "89", "SUID": 140, "Icd10": "f.30210.0.0", "selected": false, "source": "87", "Association_Count": 0, "shared_interaction": "pm", "is_directed": false, "EdgeBetweenness": 1.0, "shared_name": "Eosinophill percentage (pm) APOA5", "id": "140", "log10Qval": 6.631178722, "name": "87-89"}}, {"data": {"interaction": "pm", "target": "85", "SUID": 122, "Icd10": "f.30020.0.0", "selected": false, "source": "78", "Association_Count": 1, "shared_interaction": "pm", "is_directed": false, "EdgeBetweenness": 1.0, "shared_name": "Haemoglobin concentration (pm) FADS1-3", "id": "122", "log10Qval": 13.347597464, "name": "78-85"}}, {"data": {"interaction": "pm", "target": "114", "SUID": 154, "Icd10": "f.30200.0.0", "selected": false, "source": "99", "Association_Count": 0, "shared_interaction": "pm", "is_directed": false, "EdgeBetweenness": 1.0, "shared_name": "Neutrophill percentage (pm) GCKR", "id": "154", "log10Qval": 5.647698591, "name": "99-114"}}, {"data": {"interaction": "pm", "target": "94", "SUID": 152, "Icd10": "f.30010.0.0", "selected": false, "source": "98", "Association_Count": 0, "shared_interaction": "pm", "is_directed": false, "EdgeBetweenness": 1.0, "shared_name": "Red blood cell (erythrocyte) count (pm) PHGDH", "id": "152", "log10Qval": 5.929955788, "name": "98-94"}}, {"data": {"interaction": "pm", "target": "97", "SUID": 153, "Icd10": "f.30010.0.0", "selected": true, "source": "98", "Association_Count": 0, "shared_interaction": "pm", "is_directed": false, "EdgeBetweenness": 1.0, "shared_name": "Red blood cell (erythrocyte) count (pm) ACADM", "id": "153", "log10Qval": 5.787589706, "name": "98-97"}}, {"data": {"interaction": "pm", "target": "85", "SUID": 151, "Icd10": "f.30010.0.0", "selected": false, "source": "98", "Association_Count": 1, "shared_interaction": "pm", "is_directed": false, "EdgeBetweenness": 1.0, "shared_name": "Red blood cell (erythrocyte) count (pm) FADS1-3", "id": "151", "log10Qval": 13.076818746, "name": "98-85"}}, {"data": {"interaction": "pm", "target": "80", "SUID": 172, "Icd10": "f.30040.0.0", "selected": false, "source": "108", "Association_Count": 1, "shared_interaction": "pm", "is_directed": false, "EdgeBetweenness": 1.0, "shared_name": "Mean corpuscular volume (pm) ARG1", "id": "172", "log10Qval": 12.425787621, "name": "108-80"}}, {"data": {"interaction": "pm", "target": "89", "SUID": 176, "Icd10": "f.30040.0.0", "selected": false, "source": "108", "Association_Count": 2, "shared_interaction": "pm", "is_directed": false, "EdgeBetweenness": 1.0, "shared_name": "Mean corpuscular volume (pm) APOA5", "id": "176", "log10Qval": 9.523625423, "name": "108-89"}}, {"data": {"interaction": "pm", "target": "110", "SUID": 178, "Icd10": "f.30040.0.0", "selected": false, "source": "108", "Association_Count": 0, "shared_interaction": "pm", "is_directed": false, "EdgeBetweenness": 1.0, "shared_name": "Mean corpuscular volume (pm) SLC22A16 SLC16A10", "id": "178", "log10Qval": 6.617575185, "name": "108-110"}}, {"data": {"interaction": "pm", "target": "112", "SUID": 175, "Icd10": "f.30040.0.0", "selected": false, "source": "108", "Association_Count": 1, "shared_interaction": "pm", "is_directed": false, "EdgeBetweenness": 1.0, "shared_name": "Mean corpuscular volume (pm) APOA4", "id": "175", "log10Qval": 11.053259721, "name": "108-112"}}, {"data": {"interaction": "pm", "target": "82", "SUID": 174, "Icd10": "f.30040.0.0", "selected": false, "source": "108", "Association_Count": 1, "shared_interaction": "pm", "is_directed": false, "EdgeBetweenness": 1.0, "shared_name": "Mean corpuscular volume (pm) MFSD2A", "id": "174", "log10Qval": 11.128232086, "name": "108-82"}}, {"data": {"interaction": "pm", "target": "103", "SUID": 171, "Icd10": "f.30040.0.0", "selected": false, "source": "108", "Association_Count": 2, "shared_interaction": "pm", "is_directed": false, "EdgeBetweenness": 1.0, "shared_name": "Mean corpuscular volume (pm) SCD", "id": "171", "log10Qval": 12.673131873, "name": "108-103"}}, {"data": {"interaction": "pm", "target": "93", "SUID": 173, "Icd10": "f.30040.0.0", "selected": false, "source": "108", "Association_Count": 1, "shared_interaction": "pm", "is_directed": false, "EdgeBetweenness": 1.0, "shared_name": "Mean corpuscular volume (pm) APOC3", "id": "173", "log10Qval": 11.655310693, "name": "108-93"}}, {"data": {"interaction": "pm", "target": "107", "SUID": 179, "Icd10": "f.30040.0.0", "selected": false, "source": "108", "Association_Count": 0, "shared_interaction": "pm", "is_directed": false, "EdgeBetweenness": 1.0, "shared_name": "Mean corpuscular volume (pm) AGPS", "id": "179", "log10Qval": 5.156641235, "name": "108-107"}}, {"data": {"interaction": "pm", "target": "97", "SUID": 177, "Icd10": "f.30040.0.0", "selected": false, "source": "108", "Association_Count": 1, "shared_interaction": "pm", "is_directed": false, "EdgeBetweenness": 1.0, "shared_name": "Mean corpuscular volume (pm) ACADM", "id": "177", "log10Qval": 8.293333531, "name": "108-97"}}, {"data": {"interaction": "pm", "target": "114", "SUID": 181, "Icd10": "f.30030.0.0", "selected": false, "source": "109", "Association_Count": 0, "shared_interaction": "pm", "is_directed": false, "EdgeBetweenness": 1.0, "shared_name": "Haematocrit percentage (pm) GCKR", "id": "181", "log10Qval": 5.125055144, "name": "109-114"}}, {"data": {"interaction": "pm", "target": "85", "SUID": 180, "Icd10": "f.30030.0.0", "selected": false, "source": "109", "Association_Count": 1, "shared_interaction": "pm", "is_directed": false, "EdgeBetweenness": 1.0, "shared_name": "Haematocrit percentage (pm) FADS1-3", "id": "180", "log10Qval": 8.573580443, "name": "109-85"}}, {"data": {"interaction": "pm", "target": "114", "SUID": 156, "Icd10": "f.30080.0.0", "selected": false, "source": "102", "Association_Count": 11, "shared_interaction": "pm", "is_directed": false, "EdgeBetweenness": 1.0, "shared_name": "Platelet count (pm) GCKR", "id": "156", "log10Qval": 19.925207026, "name": "102-114"}}, {"data": {"interaction": "pm", "target": "96", "SUID": 158, "Icd10": "f.30080.0.0", "selected": false, "source": "102", "Association_Count": 2, "shared_interaction": "pm", "is_directed": false, "EdgeBetweenness": 1.0, "shared_name": "Platelet count (pm) GATAD2A", "id": "158", "log10Qval": 9.161979016, "name": "102-96"}}, {"data": {"interaction": "pm", "target": "89", "SUID": 157, "Icd10": "f.30080.0.0", "selected": false, "source": "102", "Association_Count": 1, "shared_interaction": "pm", "is_directed": false, "EdgeBetweenness": 1.0, "shared_name": "Platelet count (pm) APOA5", "id": "157", "log10Qval": 10.897020557, "name": "102-89"}}, {"data": {"interaction": "pm", "target": "91", "SUID": 159, "Icd10": "f.30080.0.0", "selected": false, "source": "102", "Association_Count": 0, "shared_interaction": "pm", "is_directed": false, "EdgeBetweenness": 1.0, "shared_name": "Platelet count (pm) APOE", "id": "159", "log10Qval": 6.994971926, "name": "102-91"}}, {"data": {"interaction": "pm", "target": "101", "SUID": 160, "Icd10": "f.30080.0.0", "selected": false, "source": "102", "Association_Count": 0, "shared_interaction": "pm", "is_directed": false, "EdgeBetweenness": 1.0, "shared_name": "Platelet count (pm) APOA1", "id": "160", "log10Qval": 5.334003832, "name": "102-101"}}, {"data": {"interaction": "pm", "target": "85", "SUID": 155, "Icd10": "f.30080.0.0", "selected": false, "source": "102", "Association_Count": 1, "shared_interaction": "pm", "is_directed": false, "EdgeBetweenness": 1.0, "shared_name": "Platelet count (pm) FADS1-3", "id": "155", "log10Qval": 20.711374704, "name": "102-85"}}, {"data": {"interaction": "pm", "target": "80", "SUID": 143, "Icd10": "f.30050.0.0", "selected": false, "source": "95", "Association_Count": 1, "shared_interaction": "pm", "is_directed": false, "EdgeBetweenness": 1.0, "shared_name": "Mean corpuscular haemoglobin (pm) ARG1", "id": "143", "log10Qval": 12.130820552, "name": "95-80"}}, {"data": {"interaction": "pm", "target": "88", "SUID": 147, "Icd10": "f.30050.0.0", "selected": false, "source": "95", "Association_Count": 0, "shared_interaction": "pm", "is_directed": false, "EdgeBetweenness": 1.0, "shared_name": "Mean corpuscular haemoglobin (pm) PRODH", "id": "147", "log10Qval": 6.630423897, "name": "95-88"}}, {"data": {"interaction": "pm", "target": "112", "SUID": 146, "Icd10": "f.30050.0.0", "selected": false, "source": "95", "Association_Count": 0, "shared_interaction": "pm", "is_directed": false, "EdgeBetweenness": 1.0, "shared_name": "Mean corpuscular haemoglobin (pm) APOA4", "id": "146", "log10Qval": 6.92742157, "name": "95-112"}}, {"data": {"interaction": "pm", "target": "82", "SUID": 145, "Icd10": "f.30050.0.0", "selected": false, "source": "95", "Association_Count": 1, "shared_interaction": "pm", "is_directed": false, "EdgeBetweenness": 1.0, "shared_name": "Mean corpuscular haemoglobin (pm) MFSD2A", "id": "145", "log10Qval": 8.553538983, "name": "95-82"}}, {"data": {"interaction": "pm", "target": "103", "SUID": 144, "Icd10": "f.30050.0.0", "selected": false, "source": "95", "Association_Count": 2, "shared_interaction": "pm", "is_directed": false, "EdgeBetweenness": 1.0, "shared_name": "Mean corpuscular haemoglobin (pm) SCD", "id": "144", "log10Qval": 10.517848223, "name": "95-103"}}, {"data": {"interaction": "pm", "target": "93", "SUID": 149, "Icd10": "f.30050.0.0", "selected": false, "source": "95", "Association_Count": 0, "shared_interaction": "pm", "is_directed": false, "EdgeBetweenness": 1.0, "shared_name": "Mean corpuscular haemoglobin (pm) APOC3", "id": "149", "log10Qval": 6.01448134, "name": "95-93"}}, {"data": {"interaction": "pm", "target": "107", "SUID": 148, "Icd10": "f.30050.0.0", "selected": false, "source": "95", "Association_Count": 0, "shared_interaction": "pm", "is_directed": false, "EdgeBetweenness": 1.0, "shared_name": "Mean corpuscular haemoglobin (pm) AGPS", "id": "148", "log10Qval": 6.03846895, "name": "95-107"}}, {"data": {"interaction": "pm", "target": "97", "SUID": 150, "Icd10": "f.30050.0.0", "selected": false, "source": "95", "Association_Count": 0, "shared_interaction": "pm", "is_directed": false, "EdgeBetweenness": 1.0, "shared_name": "Mean corpuscular haemoglobin (pm) ACADM", "id": "150", "log10Qval": 5.885382297, "name": "95-97"}}, {"data": {"interaction": "pm", "target": "91", "SUID": 121, "Icd10": "f.30280.0.0", "selected": false, "source": "77", "Association_Count": 1, "shared_interaction": "pm", "is_directed": false, "EdgeBetweenness": 1.0, "shared_name": "Immature reticulocyte fraction (pm) APOE", "id": "121", "log10Qval": 13.743468853, "name": "77-91"}}, {"data": {"interaction": "pm", "target": "114", "SUID": 120, "Icd10": "f.30140.0.0", "selected": false, "source": "76", "Association_Count": 9, "shared_interaction": "pm", "is_directed": false, "EdgeBetweenness": 1.0, "shared_name": "Neutrophill count (pm) GCKR", "id": "120", "log10Qval": 14.231689851, "name": "76-114"}}, {"data": {"interaction": "pm", "target": "91", "SUID": 119, "Icd10": "f.30230.0.0", "selected": false, "source": "75", "Association_Count": 2, "shared_interaction": "pm", "is_directed": false, "EdgeBetweenness": 1.0, "shared_name": "Nucleated red blood cell percentage (pm) APOE", "id": "119", "log10Qval": 15.525770855, "name": "75-91"}}, {"data": {"interaction": "pm", "target": "114", "SUID": 118, "Icd10": "f.30230.0.0", "selected": false, "source": "75", "Association_Count": 1, "shared_interaction": "pm", "is_directed": false, "EdgeBetweenness": 1.0, "shared_name": "Nucleated red blood cell percentage (pm) GCKR", "id": "118", "log10Qval": 16.637093302, "name": "75-114"}}, {"data": {"interaction": "pm", "target": "91", "SUID": 116, "Icd10": "f.30130.0.0", "selected": false, "source": "74", "Association_Count": 1, "shared_interaction": "pm", "is_directed": false, "EdgeBetweenness": 1.0, "shared_name": "Monocyte count (pm) APOE", "id": "116", "log10Qval": 34.891769054, "name": "74-91"}}, {"data": {"interaction": "pm", "target": "73", "SUID": 117, "Icd10": "f.30130.0.0", "selected": false, "source": "74", "Association_Count": 1, "shared_interaction": "pm", "is_directed": false, "EdgeBetweenness": 1.0, "shared_name": "Monocyte count (pm) PSPH", "id": "117", "log10Qval": 17.345215053, "name": "74-73"}}, {"data": {"interaction": "pm", "target": "89", "SUID": 142, "Icd10": "f.30150.0.0", "selected": false, "source": "90", "Association_Count": 0, "shared_interaction": "pm", "is_directed": false, "EdgeBetweenness": 1.0, "shared_name": "Eosinophill count (pm) APOA5", "id": "142", "log10Qval": 6.14132822, "name": "90-89"}}, {"data": {"interaction": "pm", "target": "85", "SUID": 141, "Icd10": "f.30150.0.0", "selected": false, "source": "90", "Association_Count": 1, "shared_interaction": "pm", "is_directed": false, "EdgeBetweenness": 1.0, "shared_name": "Eosinophill count (pm) FADS1-3", "id": "141", "log10Qval": 9.878456421, "name": "90-85"}}]}, "data": {"name": "test", "tags": [], "__Annotations": [""], "SUID": 62, "selected": true, "shared_name": "graph_1.tsv"}}