{"elements": {"nodes": [{"data": {"popup": "On a scale of 0 to 1, the normalized average of mRNA sequencing activity of this gene compared to all other genes in this pathway is: 0.224444444444", "name": "RYK", "id": "RYK", "label": "RYK"}}, {"data": {"popup": "On a scale of 0 to 1, the normalized average of mRNA sequencing activity of this gene compared to all other genes in this pathway is: 0.741481481481", "name": "AKT1", "id": "AKT1", "label": "AKT1"}}, {"data": {"popup": "On a scale of 0 to 1, the normalized average of mRNA sequencing activity of this gene compared to all other genes in this pathway is: 0.645925925926", "name": "PI4K2A", "id": "PI4K2A", "label": "PI4K2A"}}, {"data": {"popup": "On a scale of 0 to 1, the normalized average of mRNA sequencing activity of this gene compared to all other genes in this pathway is: 0.608888888889", "name": "DAB2", "id": "DAB2", "label": "DAB2"}}, {"data": {"popup": "On a scale of 0 to 1, the normalized average of mRNA sequencing activity of this gene compared to all other genes in this pathway is: 0.379259259259", "name": "ARHGEF4", "id": "ARHGEF4", "label": "ARHGEF4"}}, {"data": {"popup": "On a scale of 0 to 1, the normalized average of mRNA sequencing activity of this gene compared to all other genes in this pathway is: 0.560740740741", "name": "MAP3K1", "id": "MAP3K1", "label": "MAP3K1"}}, {"data": {"popup": "On a scale of 0 to 1, the normalized average of mRNA sequencing activity of this gene compared to all other genes in this pathway is: 0.484444444444", "name": "MAP3K7", "id": "MAP3K7", "label": "MAP3K7"}}, {"data": {"popup": "On a scale of 0 to 1, the normalized average of mRNA sequencing activity of this gene compared to all other genes in this pathway is: 0.442962962963", "name": "MAP3K4", "id": "MAP3K4", "label": "MAP3K4"}}, {"data": {"popup": "On a scale of 0 to 1, the normalized average of mRNA sequencing activity of this gene compared to all other genes in this pathway is: 0.279259259259", "name": "CSNK1D", "id": "CSNK1D", "label": "CSNK1D"}}, {"data": {"popup": "On a scale of 0 to 1, the normalized average of mRNA sequencing activity of this gene compared to all other genes in this pathway is: 0.38", "name": "CSNK1E", "id": "CSNK1E", "label": "CSNK1E"}}, {"data": {"popup": "On a scale of 0 to 1, the normalized average of mRNA sequencing activity of this gene compared to all other genes in this pathway is: 0.171851851852", "name": "CDH1", "id": "CDH1", "label": "CDH1"}}, {"data": {"popup": "On a scale of 0 to 1, the normalized average of mRNA sequencing activity of this gene compared to all other genes in this pathway is: 0.517037037037", "name": "CDH2", "id": "CDH2", "label": "CDH2"}}, {"data": {"popup": "On a scale of 0 to 1, the normalized average of mRNA sequencing activity of this gene compared to all other genes in this pathway is: 0.260740740741", "name": "SETDB1", "id": "SETDB1", "label": "SETDB1"}}, {"data": {"popup": "On a scale of 0 to 1, the normalized average of mRNA sequencing activity of this gene compared to all other genes in this pathway is: 0.387407407407", "name": "APC", "id": "APC", "label": "APC"}}, {"data": {"popup": "On a scale of 0 to 1, the normalized average of mRNA sequencing activity of this gene compared to all other genes in this pathway is: 0.193333333333", "name": "DAAM1", "id": "DAAM1", "label": "DAAM1"}}, {"data": {"popup": "On a scale of 0 to 1, the normalized average of mRNA sequencing activity of this gene compared to all other genes in this pathway is: 0.662962962963", "name": "SMAD1", "id": "SMAD1", "label": "SMAD1"}}, {"data": {"popup": "On a scale of 0 to 1, the normalized average of mRNA sequencing activity of this gene compared to all other genes in this pathway is: 0.354074074074", "name": "SFRP1", "id": "SFRP1", "label": "SFRP1"}}, {"data": {"popup": "On a scale of 0 to 1, the normalized average of mRNA sequencing activity of this gene compared to all other genes in this pathway is: 0.268148148148", "name": "ROR2", "id": "ROR2", "label": "ROR2"}}, {"data": {"popup": "On a scale of 0 to 1, the normalized average of mRNA sequencing activity of this gene compared to all other genes in this pathway is: 0.511111111111", "name": "ROR1", "id": "ROR1", "label": "ROR1"}}, {"data": {"popup": "On a scale of 0 to 1, the normalized average of mRNA sequencing activity of this gene compared to all other genes in this pathway is: 0.368888888889", "name": "RSPO3", "id": "RSPO3", "label": "RSPO3"}}, {"data": {"popup": "On a scale of 0 to 1, the normalized average of mRNA sequencing activity of this gene compared to all other genes in this pathway is: 0.38962962963", "name": "RSPO2", "id": "RSPO2", "label": "RSPO2"}}, {"data": {"popup": "On a scale of 0 to 1, the normalized average of mRNA sequencing activity of this gene compared to all other genes in this pathway is: 0.342222222222", "name": "RSPO1", "id": "RSPO1", "label": "RSPO1"}}, {"data": {"popup": "On a scale of 0 to 1, the normalized average of mRNA sequencing activity of this gene compared to all other genes in this pathway is: 0.668148148148", "name": "CCND1", "id": "CCND1", "label": "CCND1"}}, {"data": {"popup": "On a scale of 0 to 1, the normalized average of mRNA sequencing activity of this gene compared to all other genes in this pathway is: 0.339259259259", "name": "GSK3A", "id": "GSK3A", "label": "GSK3A"}}, {"data": {"popup": "On a scale of 0 to 1, the normalized average of mRNA sequencing activity of this gene compared to all other genes in this pathway is: 0.396296296296", "name": "TCF7L2", "id": "TCF7L2", "label": "TCF7L2"}}, {"data": {"popup": "On a scale of 0 to 1, the normalized average of mRNA sequencing activity of this gene compared to all other genes in this pathway is: 0.645925925926", "name": "GSK3B", "id": "GSK3B", "label": "GSK3B"}}, {"data": {"popup": "On a scale of 0 to 1, the normalized average of mRNA sequencing activity of this gene compared to all other genes in this pathway is: 0.503703703704", "name": "PPP2CA", "id": "PPP2CA", "label": "PPP2CA"}}, {"data": {"popup": "On a scale of 0 to 1, the normalized average of mRNA sequencing activity of this gene compared to all other genes in this pathway is: 0.765185185185", "name": "WNT2", "id": "WNT2", "label": "WNT2"}}, {"data": {"popup": "On a scale of 0 to 1, the normalized average of mRNA sequencing activity of this gene compared to all other genes in this pathway is: 0.39037037037", "name": "CTBP1", "id": "CTBP1", "label": "CTBP1"}}, {"data": {"popup": "On a scale of 0 to 1, the normalized average of mRNA sequencing activity of this gene compared to all other genes in this pathway is: 0.54", "name": "CTBP2", "id": "CTBP2", "label": "CTBP2"}}, {"data": {"popup": "On a scale of 0 to 1, the normalized average of mRNA sequencing activity of this gene compared to all other genes in this pathway is: 0.719259259259", "name": "WNT7A", "id": "WNT7A", "label": "WNT7A"}}, {"data": {"popup": "On a scale of 0 to 1, the normalized average of mRNA sequencing activity of this gene compared to all other genes in this pathway is: 0.49037037037", "name": "WNT7B", "id": "WNT7B", "label": "WNT7B"}}, {"data": {"popup": "On a scale of 0 to 1, the normalized average of mRNA sequencing activity of this gene compared to all other genes in this pathway is: 0.520740740741", "name": "MESDC2", "id": "MESDC2", "label": "MESDC2"}}, {"data": {"popup": "On a scale of 0 to 1, the normalized average of mRNA sequencing activity of this gene compared to all other genes in this pathway is: 0.585185185185", "name": "WIF1", "id": "WIF1", "label": "WIF1"}}, {"data": {"popup": "On a scale of 0 to 1, the normalized average of mRNA sequencing activity of this gene compared to all other genes in this pathway is: 0.327407407407", "name": "FZD10", "id": "FZD10", "label": "FZD10"}}, {"data": {"popup": "On a scale of 0 to 1, the normalized average of mRNA sequencing activity of this gene compared to all other genes in this pathway is: 0.522222222222", "name": "KL", "id": "KL", "label": "KL"}}, {"data": {"popup": "On a scale of 0 to 1, the normalized average of mRNA sequencing activity of this gene compared to all other genes in this pathway is: 0.322222222222", "name": "PPP1R1B", "id": "PPP1R1B", "label": "PPP1R1B"}}, {"data": {"popup": "On a scale of 0 to 1, the normalized average of mRNA sequencing activity of this gene compared to all other genes in this pathway is: 0.417777777778", "name": "CHD7", "id": "CHD7", "label": "CHD7"}}, {"data": {"popup": "On a scale of 0 to 1, the normalized average of mRNA sequencing activity of this gene compared to all other genes in this pathway is: 0.513333333333", "name": "JUP", "id": "JUP", "label": "JUP"}}, {"data": {"popup": "On a scale of 0 to 1, the normalized average of mRNA sequencing activity of this gene compared to all other genes in this pathway is: 0.239259259259", "name": "NLK", "id": "NLK", "label": "NLK"}}, {"data": {"popup": "On a scale of 0 to 1, the normalized average of mRNA sequencing activity of this gene compared to all other genes in this pathway is: 0.325185185185", "name": "TCF4", "id": "TCF4", "label": "TCF4"}}, {"data": {"popup": "On a scale of 0 to 1, the normalized average of mRNA sequencing activity of this gene compared to all other genes in this pathway is: 0.400740740741", "name": "TCF3", "id": "TCF3", "label": "TCF3"}}, {"data": {"popup": "On a scale of 0 to 1, the normalized average of mRNA sequencing activity of this gene compared to all other genes in this pathway is: 0.844444444444", "name": "FRZB", "id": "FRZB", "label": "FRZB"}}, {"data": {"popup": "On a scale of 0 to 1, the normalized average of mRNA sequencing activity of this gene compared to all other genes in this pathway is: 0.758518518519", "name": "DIXDC1", "id": "DIXDC1", "label": "DIXDC1"}}, {"data": {"popup": "On a scale of 0 to 1, the normalized average of mRNA sequencing activity of this gene compared to all other genes in this pathway is: 0.314814814815", "name": "GCKR", "id": "GCKR", "label": "GCKR"}}, {"data": {"popup": "On a scale of 0 to 1, the normalized average of mRNA sequencing activity of this gene compared to all other genes in this pathway is: 0.746666666667", "name": "PPARG", "id": "PPARG", "label": "PPARG"}}, {"data": {"popup": "On a scale of 0 to 1, the normalized average of mRNA sequencing activity of this gene compared to all other genes in this pathway is: 1.0", "name": "PAX2", "id": "PAX2", "label": "PAX2"}}, {"data": {"popup": "On a scale of 0 to 1, the normalized average of mRNA sequencing activity of this gene compared to all other genes in this pathway is: 0.339259259259", "name": "RHOA", "id": "RHOA", "label": "RHOA"}}, {"data": {"popup": "On a scale of 0 to 1, the normalized average of mRNA sequencing activity of this gene compared to all other genes in this pathway is: 0.628148148148", "name": "CSNK1A1", "id": "CSNK1A1", "label": "CSNK1A1"}}, {"data": {"popup": "On a scale of 0 to 1, the normalized average of mRNA sequencing activity of this gene compared to all other genes in this pathway is: 0.534814814815", "name": "FRAT1", "id": "FRAT1", "label": "FRAT1"}}, {"data": {"popup": "On a scale of 0 to 1, the normalized average of mRNA sequencing activity of this gene compared to all other genes in this pathway is: 0.447407407407", "name": "FRAT2", "id": "FRAT2", "label": "FRAT2"}}, {"data": {"popup": "On a scale of 0 to 1, the normalized average of mRNA sequencing activity of this gene compared to all other genes in this pathway is: 0.358518518519", "name": "WNT5B", "id": "WNT5B", "label": "WNT5B"}}, {"data": {"popup": "On a scale of 0 to 1, the normalized average of mRNA sequencing activity of this gene compared to all other genes in this pathway is: 0.454814814815", "name": "WNT5A", "id": "WNT5A", "label": "WNT5A"}}, {"data": {"popup": "On a scale of 0 to 1, the normalized average of mRNA sequencing activity of this gene compared to all other genes in this pathway is: 0.334814814815", "name": "WNT3A", "id": "WNT3A", "label": "WNT3A"}}, {"data": {"popup": "On a scale of 0 to 1, the normalized average of mRNA sequencing activity of this gene compared to all other genes in this pathway is: 0.454074074074", "name": "ILK", "id": "ILK", "label": "ILK"}}, {"data": {"popup": "On a scale of 0 to 1, the normalized average of mRNA sequencing activity of this gene compared to all other genes in this pathway is: 0.0985185185185", "name": "ARRB2", "id": "ARRB2", "label": "ARRB2"}}, {"data": {"popup": "On a scale of 0 to 1, the normalized average of mRNA sequencing activity of this gene compared to all other genes in this pathway is: 0.351111111111", "name": "ARRB1", "id": "ARRB1", "label": "ARRB1"}}, {"data": {"popup": "On a scale of 0 to 1, the normalized average of mRNA sequencing activity of this gene compared to all other genes in this pathway is: 0.480740740741", "name": "FZD1", "id": "FZD1", "label": "FZD1"}}, {"data": {"popup": "On a scale of 0 to 1, the normalized average of mRNA sequencing activity of this gene compared to all other genes in this pathway is: 0.52", "name": "FZD2", "id": "FZD2", "label": "FZD2"}}, {"data": {"popup": "On a scale of 0 to 1, the normalized average of mRNA sequencing activity of this gene compared to all other genes in this pathway is: 0.485185185185", "name": "FZD3", "id": "FZD3", "label": "FZD3"}}, {"data": {"popup": "On a scale of 0 to 1, the normalized average of mRNA sequencing activity of this gene compared to all other genes in this pathway is: 0.459259259259", "name": "FZD4", "id": "FZD4", "label": "FZD4"}}, {"data": {"popup": "On a scale of 0 to 1, the normalized average of mRNA sequencing activity of this gene compared to all other genes in this pathway is: 0.539259259259", "name": "FZD5", "id": "FZD5", "label": "FZD5"}}, {"data": {"popup": "On a scale of 0 to 1, the normalized average of mRNA sequencing activity of this gene compared to all other genes in this pathway is: 0.282222222222", "name": "FZD6", "id": "FZD6", "label": "FZD6"}}, {"data": {"popup": "On a scale of 0 to 1, the normalized average of mRNA sequencing activity of this gene compared to all other genes in this pathway is: 0.425925925926", "name": "FZD7", "id": "FZD7", "label": "FZD7"}}, {"data": {"popup": "On a scale of 0 to 1, the normalized average of mRNA sequencing activity of this gene compared to all other genes in this pathway is: 0.648888888889", "name": "FZD8", "id": "FZD8", "label": "FZD8"}}, {"data": {"popup": "On a scale of 0 to 1, the normalized average of mRNA sequencing activity of this gene compared to all other genes in this pathway is: 0.325185185185", "name": "FZD9", "id": "FZD9", "label": "FZD9"}}, {"data": {"popup": "On a scale of 0 to 1, the normalized average of mRNA sequencing activity of this gene compared to all other genes in this pathway is: 0.393333333333", "name": "MARK2", "id": "MARK2", "label": "MARK2"}}, {"data": {"popup": "On a scale of 0 to 1, the normalized average of mRNA sequencing activity of this gene compared to all other genes in this pathway is: 0.493333333333", "name": "MAPK8", "id": "MAPK8", "label": "MAPK8"}}, {"data": {"popup": "On a scale of 0 to 1, the normalized average of mRNA sequencing activity of this gene compared to all other genes in this pathway is: 0.528888888889", "name": "CHRNA7", "id": "CHRNA7", "label": "CHRNA7"}}, {"data": {"popup": "On a scale of 0 to 1, the normalized average of mRNA sequencing activity of this gene compared to all other genes in this pathway is: 0.634814814815", "name": "LEF1", "id": "LEF1", "label": "LEF1"}}, {"data": {"popup": "On a scale of 0 to 1, the normalized average of mRNA sequencing activity of this gene compared to all other genes in this pathway is: 0.554814814815", "name": "SFRP2", "id": "SFRP2", "label": "SFRP2"}}, {"data": {"popup": "On a scale of 0 to 1, the normalized average of mRNA sequencing activity of this gene compared to all other genes in this pathway is: 0.713333333333", "name": "LRP1", "id": "LRP1", "label": "LRP1"}}, {"data": {"popup": "On a scale of 0 to 1, the normalized average of mRNA sequencing activity of this gene compared to all other genes in this pathway is: 0.36", "name": "LRP6", "id": "LRP6", "label": "LRP6"}}, {"data": {"popup": "On a scale of 0 to 1, the normalized average of mRNA sequencing activity of this gene compared to all other genes in this pathway is: 0.328888888889", "name": "SFRP4", "id": "SFRP4", "label": "SFRP4"}}, {"data": {"popup": "On a scale of 0 to 1, the normalized average of mRNA sequencing activity of this gene compared to all other genes in this pathway is: 0.435555555556", "name": "LRP5", "id": "LRP5", "label": "LRP5"}}, {"data": {"popup": "On a scale of 0 to 1, the normalized average of mRNA sequencing activity of this gene compared to all other genes in this pathway is: 0.447407407407", "name": "WNT3", "id": "WNT3", "label": "WNT3"}}, {"data": {"popup": "On a scale of 0 to 1, the normalized average of mRNA sequencing activity of this gene compared to all other genes in this pathway is: 0.38962962963", "name": "PIP5K1B", "id": "PIP5K1B", "label": "PIP5K1B"}}, {"data": {"popup": "On a scale of 0 to 1, the normalized average of mRNA sequencing activity of this gene compared to all other genes in this pathway is: 0.587407407407", "name": "WNT1", "id": "WNT1", "label": "WNT1"}}, {"data": {"popup": "On a scale of 0 to 1, the normalized average of mRNA sequencing activity of this gene compared to all other genes in this pathway is: 0.531851851852", "name": "WNT6", "id": "WNT6", "label": "WNT6"}}, {"data": {"popup": "On a scale of 0 to 1, the normalized average of mRNA sequencing activity of this gene compared to all other genes in this pathway is: 0.257777777778", "name": "WNT4", "id": "WNT4", "label": "WNT4"}}, {"data": {"popup": "On a scale of 0 to 1, the normalized average of mRNA sequencing activity of this gene compared to all other genes in this pathway is: 0.446666666667", "name": "PRKACA", "id": "PRKACA", "label": "PRKACA"}}, {"data": {"popup": "On a scale of 0 to 1, the normalized average of mRNA sequencing activity of this gene compared to all other genes in this pathway is: 0.432592592593", "name": "CDK6", "id": "CDK6", "label": "CDK6"}}, {"data": {"popup": "On a scale of 0 to 1, the normalized average of mRNA sequencing activity of this gene compared to all other genes in this pathway is: 0.399259259259", "name": "CTNNB1", "id": "CTNNB1", "label": "CTNNB1"}}, {"data": {"popup": "On a scale of 0 to 1, the normalized average of mRNA sequencing activity of this gene compared to all other genes in this pathway is: 0.364444444444", "name": "NFATC2", "id": "NFATC2", "label": "NFATC2"}}, {"data": {"popup": "On a scale of 0 to 1, the normalized average of mRNA sequencing activity of this gene compared to all other genes in this pathway is: 0.462222222222", "name": "MAP2K4", "id": "MAP2K4", "label": "MAP2K4"}}, {"data": {"popup": "On a scale of 0 to 1, the normalized average of mRNA sequencing activity of this gene compared to all other genes in this pathway is: 0.574814814815", "name": "PIN1", "id": "PIN1", "label": "PIN1"}}, {"data": {"popup": "On a scale of 0 to 1, the normalized average of mRNA sequencing activity of this gene compared to all other genes in this pathway is: 0.585185185185", "name": "SOX1", "id": "SOX1", "label": "SOX1"}}, {"data": {"popup": "On a scale of 0 to 1, the normalized average of mRNA sequencing activity of this gene compared to all other genes in this pathway is: 0.515555555556", "name": "KREMEN1", "id": "KREMEN1", "label": "KREMEN1"}}, {"data": {"popup": "On a scale of 0 to 1, the normalized average of mRNA sequencing activity of this gene compared to all other genes in this pathway is: 0.466666666667", "name": "AXIN2", "id": "AXIN2", "label": "AXIN2"}}, {"data": {"popup": "On a scale of 0 to 1, the normalized average of mRNA sequencing activity of this gene compared to all other genes in this pathway is: 0.5", "name": "AXIN1", "id": "AXIN1", "label": "AXIN1"}}, {"data": {"popup": "On a scale of 0 to 1, the normalized average of mRNA sequencing activity of this gene compared to all other genes in this pathway is: 0.294074074074", "name": "SLC9A3R1", "id": "SLC9A3R1", "label": "SLC9A3R1"}}, {"data": {"popup": "On a scale of 0 to 1, the normalized average of mRNA sequencing activity of this gene compared to all other genes in this pathway is: 0.373333333333", "name": "DVL2", "id": "DVL2", "label": "DVL2"}}, {"data": {"popup": "On a scale of 0 to 1, the normalized average of mRNA sequencing activity of this gene compared to all other genes in this pathway is: 0.394074074074", "name": "DVL3", "id": "DVL3", "label": "DVL3"}}, {"data": {"popup": "On a scale of 0 to 1, the normalized average of mRNA sequencing activity of this gene compared to all other genes in this pathway is: 0.452592592593", "name": "DVL1", "id": "DVL1", "label": "DVL1"}}, {"data": {"popup": "On a scale of 0 to 1, the normalized average of mRNA sequencing activity of this gene compared to all other genes in this pathway is: 0.294074074074", "name": "YWHAB", "id": "YWHAB", "label": "YWHAB"}}, {"data": {"popup": "On a scale of 0 to 1, the normalized average of mRNA sequencing activity of this gene compared to all other genes in this pathway is: 0.623703703704", "name": "RAC1", "id": "RAC1", "label": "RAC1"}}, {"data": {"popup": "On a scale of 0 to 1, the normalized average of mRNA sequencing activity of this gene compared to all other genes in this pathway is: 0.272592592593", "name": "PRKCA", "id": "PRKCA", "label": "PRKCA"}}, {"data": {"popup": "On a scale of 0 to 1, the normalized average of mRNA sequencing activity of this gene compared to all other genes in this pathway is: 0.415555555556", "name": "PRKCB", "id": "PRKCB", "label": "PRKCB"}}, {"data": {"popup": "On a scale of 0 to 1, the normalized average of mRNA sequencing activity of this gene compared to all other genes in this pathway is: 0.325185185185", "name": "PRKCG", "id": "PRKCG", "label": "PRKCG"}}, {"data": {"popup": "On a scale of 0 to 1, the normalized average of mRNA sequencing activity of this gene compared to all other genes in this pathway is: 0.482962962963", "name": "GPC3", "id": "GPC3", "label": "GPC3"}}, {"data": {"popup": "On a scale of 0 to 1, the normalized average of mRNA sequencing activity of this gene compared to all other genes in this pathway is: 0.431851851852", "name": "PPP1CA", "id": "PPP1CA", "label": "PPP1CA"}}, {"data": {"popup": "On a scale of 0 to 1, the normalized average of mRNA sequencing activity of this gene compared to all other genes in this pathway is: 0.276296296296", "name": "BTRC", "id": "BTRC", "label": "BTRC"}}, {"data": {"popup": "On a scale of 0 to 1, the normalized average of mRNA sequencing activity of this gene compared to all other genes in this pathway is: 0.422222222222", "name": "DKK1", "id": "DKK1", "label": "DKK1"}}, {"data": {"popup": "On a scale of 0 to 1, the normalized average of mRNA sequencing activity of this gene compared to all other genes in this pathway is: 0.214814814815", "name": "BCL9", "id": "BCL9", "label": "BCL9"}}, {"data": {"popup": "On a scale of 0 to 1, the normalized average of mRNA sequencing activity of this gene compared to all other genes in this pathway is: 0.0", "name": "WNT9B", "id": "WNT9B", "label": "WNT9B"}}, {"data": {"popup": "On a scale of 0 to 1, the normalized average of mRNA sequencing activity of this gene compared to all other genes in this pathway is: 0.797777777778", "name": "WNT9A", "id": "WNT9A", "label": "WNT9A"}}, {"data": {"popup": "On a scale of 0 to 1, the normalized average of mRNA sequencing activity of this gene compared to all other genes in this pathway is: 0.342222222222", "name": "WNT11", "id": "WNT11", "label": "WNT11"}}], "edges": [{"data": {"source": "AKT1", "popup": "Physical connection", "is_directed": false, "target": "ARHGEF4", "name": "AKT1-ARHGEF4"}}, {"data": {"source": "AKT1", "popup": "Physical connection", "is_directed": false, "target": "DVL1", "name": "AKT1-DVL1"}}, {"data": {"source": "AKT1", "popup": "Physical connection", "is_directed": false, "target": "GCKR", "name": "AKT1-GCKR"}}, {"data": {"source": "AKT1", "popup": "Physical connection", "is_directed": false, "target": "AXIN1", "name": "AKT1-AXIN1"}}, {"data": {"source": "AKT1", "popup": "Physical connection", "is_directed": false, "target": "GSK3B", "name": "AKT1-GSK3B"}}, {"data": {"source": "DAB2", "popup": "Physical connection", "is_directed": false, "target": "AXIN1", "name": "DAB2-AXIN1"}}, {"data": {"source": "ARHGEF4", "popup": "Physical connection", "is_directed": false, "target": "DVL1", "name": "ARHGEF4-DVL1"}}, {"data": {"source": "ARHGEF4", "popup": "Physical connection", "is_directed": false, "target": "GCKR", "name": "ARHGEF4-GCKR"}}, {"data": {"source": "ARHGEF4", "popup": "Physical connection", "is_directed": false, "target": "GSK3B", "name": "ARHGEF4-GSK3B"}}, {"data": {"source": "MAP3K1", "popup": "Physical connection", "is_directed": false, "target": "AXIN1", "name": "MAP3K1-AXIN1"}}, {"data": {"source": "MAP3K4", "popup": "Physical connection", "is_directed": false, "target": "DIXDC1", "name": "MAP3K4-DIXDC1"}}, {"data": {"source": "CSNK1E", "popup": "Phosphorylation interaction.", "is_directed": true, "target": "DVL2", "name": "CSNK1E-DVL2"}}, {"data": {"source": "CSNK1E", "popup": "Phosphorylation interaction.", "is_directed": true, "target": "APC", "name": "CSNK1E-APC"}}, {"data": {"source": "CSNK1E", "popup": "Phosphorylation interaction.", "is_directed": true, "target": "DVL1", "name": "CSNK1E-DVL1"}}, {"data": {"source": "CSNK1E", "popup": "Phosphorylation interaction.", "is_directed": true, "target": "DVL3", "name": "CSNK1E-DVL3"}}, {"data": {"source": "CDH1", "popup": "Physical connection", "is_directed": false, "target": "CTNNB1", "name": "CDH1-CTNNB1"}}, {"data": {"source": "CDH2", "popup": "Physical connection", "is_directed": false, "target": "CTNNB1", "name": "CDH2-CTNNB1"}}, {"data": {"source": "CDH2", "popup": "Physical connection", "is_directed": false, "target": "JUP", "name": "CDH2-JUP"}}, {"data": {"source": "CDH2", "popup": "Physical connection", "is_directed": false, "target": "LRP6", "name": "CDH2-LRP6"}}, {"data": {"source": "CDH2", "popup": "Physical connection", "is_directed": false, "target": "AXIN1", "name": "CDH2-AXIN1"}}, {"data": {"source": "CDH2", "popup": "Physical connection", "is_directed": false, "target": "LRP5", "name": "CDH2-LRP5"}}, {"data": {"source": "APC", "popup": "Physical connection", "is_directed": false, "target": "CTNNB1", "name": "APC-CTNNB1"}}, {"data": {"source": "APC", "popup": "Physical connection", "is_directed": false, "target": "JUP", "name": "APC-JUP"}}, {"data": {"source": "APC", "popup": "Physical connection", "is_directed": false, "target": "ILK", "name": "APC-ILK"}}, {"data": {"source": "APC", "popup": "Physical connection", "is_directed": false, "target": "AXIN1", "name": "APC-AXIN1"}}, {"data": {"source": "APC", "popup": "Physical connection", "is_directed": false, "target": "GSK3B", "name": "APC-GSK3B"}}, {"data": {"source": "SMAD1", "popup": "Physical connection", "is_directed": false, "target": "DVL1", "name": "SMAD1-DVL1"}}, {"data": {"source": "ROR2", "popup": "Physical connection", "is_directed": false, "target": "FZD2", "name": "ROR2-FZD2"}}, {"data": {"source": "GSK3A", "popup": "Phosphorylation interaction.", "is_directed": true, "target": "LRP6", "name": "GSK3A-LRP6"}}, {"data": {"source": "GSK3A", "popup": "Phosphorylation interaction.", "is_directed": true, "target": "ROR2", "name": "GSK3A-ROR2"}}, {"data": {"source": "GSK3B", "popup": "Physical connection", "is_directed": false, "target": "DVL1", "name": "GSK3B-DVL1"}}, {"data": {"source": "GSK3B", "popup": "Phosphorylation interaction.", "is_directed": true, "target": "ROR2", "name": "GSK3B-ROR2"}}, {"data": {"source": "GSK3B", "popup": "Physical connection", "is_directed": false, "target": "AXIN1", "name": "GSK3B-AXIN1"}}, {"data": {"source": "PPP2CA", "popup": "Physical connection", "is_directed": false, "target": "AXIN1", "name": "PPP2CA-AXIN1"}}, {"data": {"source": "JUP", "popup": "Physical connection", "is_directed": false, "target": "CTNNB1", "name": "JUP-CTNNB1"}}, {"data": {"source": "TCF4", "popup": "Physical connection", "is_directed": false, "target": "CTNNB1", "name": "TCF4-CTNNB1"}}, {"data": {"source": "TCF4", "popup": "Physical connection", "is_directed": false, "target": "BCL9", "name": "TCF4-BCL9"}}, {"data": {"source": "TCF3", "popup": "Physical connection", "is_directed": false, "target": "CTNNB1", "name": "TCF3-CTNNB1"}}, {"data": {"source": "DIXDC1", "popup": "Physical connection", "is_directed": false, "target": "DVL2", "name": "DIXDC1-DVL2"}}, {"data": {"source": "DIXDC1", "popup": "Physical connection", "is_directed": false, "target": "AXIN1", "name": "DIXDC1-AXIN1"}}, {"data": {"source": "GCKR", "popup": "Physical connection", "is_directed": false, "target": "DVL1", "name": "GCKR-DVL1"}}, {"data": {"source": "GCKR", "popup": "Phosphorylation interaction.", "is_directed": true, "target": "GSK3B", "name": "GCKR-GSK3B"}}, {"data": {"source": "CSNK1A1", "popup": "Physical connection", "is_directed": false, "target": "NFATC2", "name": "CSNK1A1-NFATC2"}}, {"data": {"source": "CSNK1A1", "popup": "Physical connection", "is_directed": false, "target": "AXIN1", "name": "CSNK1A1-AXIN1"}}, {"data": {"source": "FRAT1", "popup": "Physical connection", "is_directed": false, "target": "DVL1", "name": "FRAT1-DVL1"}}, {"data": {"source": "FRAT1", "popup": "Physical connection", "is_directed": false, "target": "AXIN1", "name": "FRAT1-AXIN1"}}, {"data": {"source": "FRAT1", "popup": "Physical connection", "is_directed": false, "target": "GSK3B", "name": "FRAT1-GSK3B"}}, {"data": {"source": "FRAT2", "popup": "Physical connection", "is_directed": false, "target": "GSK3B", "name": "FRAT2-GSK3B"}}, {"data": {"source": "ILK", "popup": "Phosphorylation interaction.", "is_directed": true, "target": "GSK3B", "name": "ILK-GSK3B"}}, {"data": {"source": "ARRB1", "popup": "Physical connection", "is_directed": false, "target": "DVL2", "name": "ARRB1-DVL2"}}, {"data": {"source": "ARRB1", "popup": "Physical connection", "is_directed": false, "target": "DVL1", "name": "ARRB1-DVL1"}}, {"data": {"source": "FZD5", "popup": "Physical connection", "is_directed": false, "target": "FZD10", "name": "FZD5-FZD10"}}, {"data": {"source": "FZD5", "popup": "Physical connection", "is_directed": false, "target": "ROR2", "name": "FZD5-ROR2"}}, {"data": {"source": "FZD8", "popup": "Physical connection", "is_directed": false, "target": "WNT1", "name": "FZD8-WNT1"}}, {"data": {"source": "FZD8", "popup": "Physical connection", "is_directed": false, "target": "LRP6", "name": "FZD8-LRP6"}}, {"data": {"source": "FZD8", "popup": "Physical connection", "is_directed": false, "target": "RYK", "name": "FZD8-RYK"}}, {"data": {"source": "FZD8", "popup": "Physical connection", "is_directed": false, "target": "LRP5", "name": "FZD8-LRP5"}}, {"data": {"source": "LEF1", "popup": "Physical connection", "is_directed": false, "target": "CTNNB1", "name": "LEF1-CTNNB1"}}, {"data": {"source": "LRP1", "popup": "Physical connection", "is_directed": false, "target": "FZD1", "name": "LRP1-FZD1"}}, {"data": {"source": "LRP6", "popup": "Physical connection", "is_directed": false, "target": "FZD1", "name": "LRP6-FZD1"}}, {"data": {"source": "LRP6", "popup": "Physical connection", "is_directed": false, "target": "AXIN1", "name": "LRP6-AXIN1"}}, {"data": {"source": "LRP6", "popup": "Physical connection", "is_directed": false, "target": "DKK1", "name": "LRP6-DKK1"}}, {"data": {"source": "LRP5", "popup": "Physical connection", "is_directed": false, "target": "FRAT1", "name": "LRP5-FRAT1"}}, {"data": {"source": "LRP5", "popup": "Physical connection", "is_directed": false, "target": "AXIN1", "name": "LRP5-AXIN1"}}, {"data": {"source": "WNT1", "popup": "Physical connection", "is_directed": false, "target": "FZD1", "name": "WNT1-FZD1"}}, {"data": {"source": "WNT1", "popup": "Physical connection", "is_directed": false, "target": "LRP5", "name": "WNT1-LRP5"}}, {"data": {"source": "WNT1", "popup": "Physical connection", "is_directed": false, "target": "LRP6", "name": "WNT1-LRP6"}}, {"data": {"source": "WNT1", "popup": "Physical connection", "is_directed": false, "target": "RYK", "name": "WNT1-RYK"}}, {"data": {"source": "WNT1", "popup": "Physical connection", "is_directed": false, "target": "ROR2", "name": "WNT1-ROR2"}}, {"data": {"source": "CDK6", "popup": "Physical connection", "is_directed": false, "target": "CTNNB1", "name": "CDK6-CTNNB1"}}, {"data": {"source": "CTNNB1", "popup": "Physical connection", "is_directed": false, "target": "CCND1", "name": "CTNNB1-CCND1"}}, {"data": {"source": "CTNNB1", "popup": "Physical connection", "is_directed": false, "target": "BCL9", "name": "CTNNB1-BCL9"}}, {"data": {"source": "CTNNB1", "popup": "Physical connection", "is_directed": false, "target": "CSNK1A1", "name": "CTNNB1-CSNK1A1"}}, {"data": {"source": "CTNNB1", "popup": "Physical connection", "is_directed": false, "target": "AXIN1", "name": "CTNNB1-AXIN1"}}, {"data": {"source": "CTNNB1", "popup": "Physical connection", "is_directed": false, "target": "GSK3B", "name": "CTNNB1-GSK3B"}}, {"data": {"source": "MAP2K4", "popup": "Physical connection", "is_directed": false, "target": "AXIN1", "name": "MAP2K4-AXIN1"}}, {"data": {"source": "MAP2K4", "popup": "Physical connection", "is_directed": false, "target": "DIXDC1", "name": "MAP2K4-DIXDC1"}}, {"data": {"source": "PIN1", "popup": "Physical connection", "is_directed": false, "target": "CTNNB1", "name": "PIN1-CTNNB1"}}, {"data": {"source": "SOX1", "popup": "Physical connection", "is_directed": false, "target": "CTNNB1", "name": "SOX1-CTNNB1"}}, {"data": {"source": "AXIN2", "popup": "Physical connection", "is_directed": false, "target": "CTNNB1", "name": "AXIN2-CTNNB1"}}, {"data": {"source": "AXIN2", "popup": "Physical connection", "is_directed": false, "target": "APC", "name": "AXIN2-APC"}}, {"data": {"source": "AXIN2", "popup": "Physical connection", "is_directed": false, "target": "GSK3B", "name": "AXIN2-GSK3B"}}, {"data": {"source": "AXIN1", "popup": "Physical connection", "is_directed": false, "target": "MAP3K4", "name": "AXIN1-MAP3K4"}}, {"data": {"source": "DVL2", "popup": "Physical connection", "is_directed": false, "target": "AXIN1", "name": "DVL2-AXIN1"}}, {"data": {"source": "DVL3", "popup": "Physical connection", "is_directed": false, "target": "DAB2", "name": "DVL3-DAB2"}}, {"data": {"source": "DVL3", "popup": "Physical connection", "is_directed": false, "target": "AXIN1", "name": "DVL3-AXIN1"}}, {"data": {"source": "DVL1", "popup": "Physical connection", "is_directed": false, "target": "AXIN1", "name": "DVL1-AXIN1"}}, {"data": {"source": "RAC1", "popup": "Physical connection", "is_directed": false, "target": "DVL2", "name": "RAC1-DVL2"}}, {"data": {"source": "RAC1", "popup": "Physical connection", "is_directed": false, "target": "DVL1", "name": "RAC1-DVL1"}}, {"data": {"source": "RAC1", "popup": "Physical connection", "is_directed": false, "target": "DIXDC1", "name": "RAC1-DIXDC1"}}, {"data": {"source": "BTRC", "popup": "Physical connection", "is_directed": false, "target": "CTNNB1", "name": "BTRC-CTNNB1"}}, {"data": {"source": "BTRC", "popup": "Physical connection", "is_directed": false, "target": "APC", "name": "BTRC-APC"}}, {"data": {"source": "BTRC", "popup": "Physical connection", "is_directed": false, "target": "AXIN1", "name": "BTRC-AXIN1"}}, {"data": {"source": "BTRC", "popup": "Physical connection", "is_directed": false, "target": "GSK3B", "name": "BTRC-GSK3B"}}, {"data": {"source": "DKK1", "popup": "Physical connection", "is_directed": false, "target": "LRP5", "name": "DKK1-LRP5"}}]}, "data": {"description": "The Wnt pathway, uploaded to GraphSpace and generated using NetPath data.", "name": "(TieDIE Version) WntPathway (NetPath with fbget data)", "tags": []}}