{"elements": {"nodes": [{"data": {"popup": " ", "name": 0, "myGroup": "G0", "label": "\u6e05\u4e0a\u9632\u98a8\u6e6f", "nodeSupportPercent": 31.194, "id": 0}}, {"data": {"popup": " ", "name": 1, "myGroup": "G0", "label": "\u53c3\u82d3\u767d\u672e\u6563", "nodeSupportPercent": 0.571, "id": 1}}, {"data": {"popup": "  \u4f5c\u7528(skin whitening)", "name": 2, "myGroup": "G1", "label": "\u4ed9\u65b9\u6d3b\u547d\u98f2", "nodeSupportPercent": 27.866, "id": 2}}, {"data": {"popup": " ", "name": 3, "myGroup": "G1", "label": "\u6392\u81bf\u6563", "nodeSupportPercent": 0.596, "id": 3}}, {"data": {"popup": "  \u6c23(\u71b1) \u5473(\u8f9b) \u7d93\u7d61(\u5fc3,\u813e,\u814e) \u4f5c\u7528(bacteria,hormone,infection,inflammation)", "name": 4, "myGroup": "G2", "label": "\u9644\u5b50", "nodeSupportPercent": 1.6071, "id": 4}}, {"data": {"popup": "  \u6c23(\u71b1) \u5473(\u8f9b) \u7d93\u7d61(\u5fc3,\u813e,\u80ba,\u80c3)", "name": 5, "myGroup": "G2", "label": "\u4e7e\u8591", "nodeSupportPercent": 0.559, "id": 5}}, {"data": {"popup": "  \u6c23(\u5bd2) \u5473(\u82e6) \u7d93\u7d61(\u809d)", "name": 6, "myGroup": "G1", "label": "\u831c\u8349", "nodeSupportPercent": 0.52, "id": 6}}, {"data": {"popup": "  \u6c23(\u5e73) \u5473(\u7518) \u7d93\u7d61(\u5fc3,\u813e,\u80ba,\u80c3) \u4f5c\u7528(bacteria,inflammation,mood)", "name": 7, "myGroup": "G3", "label": "\u7518\u8349", "nodeSupportPercent": 8.4479, "id": 7}}, {"data": {"popup": "  \u6c23(\u5bd2) \u5473(\u7518) \u7d93\u7d61(\u80ba,\u5927\u8178,\u80c3)", "name": 8, "myGroup": "G3", "label": "\u5fcd\u51ac\u85e4", "nodeSupportPercent": 0.516, "id": 8}}, {"data": {"popup": "  \u6c23(\u5bd2) \u5473(\u7518,\u82e6) \u7d93\u7d61(\u809d,\u80c3) \u4f5c\u7528(mood)", "name": 9, "myGroup": "G3", "label": "\u84b2\u516c\u82f1", "nodeSupportPercent": 19.193, "id": 9}}, {"data": {"popup": "  \u6c23(\u5bd2) \u5473(\u82e6) \u7d93\u7d61(\u5fc3,\u80ba,\u5c0f\u8178) \u4f5c\u7528(infection,skin whitening)", "name": 10, "myGroup": "G4", "label": "\u9023\u7ff9", "nodeSupportPercent": 22.265, "id": 10}}, {"data": {"popup": " ", "name": 11, "myGroup": "G1", "label": "\u5012\u5730\u8708\u86a3", "nodeSupportPercent": 0.676, "id": 11}}, {"data": {"popup": "  \u6c23(\u5e73) \u5473(\u7518,\u82e6) \u7d93\u7d61(\u809d,\u5fc3)", "name": 12, "myGroup": "G0", "label": "\u591c\u4ea4\u85e4", "nodeSupportPercent": 1.2793, "id": 12}}, {"data": {"popup": "  \u6c23(\u5e73) \u5473(\u7518)", "name": 13, "myGroup": "G0", "label": "\u5408\u6b61\u76ae", "nodeSupportPercent": 0.56, "id": 13}}, {"data": {"popup": " ", "name": 14, "myGroup": "G1", "label": "\u5b89\u4e2d\u6563", "nodeSupportPercent": 0.665, "id": 14}}, {"data": {"popup": "  \u6c23(\u6eab) \u5473(\u7518) \u7d93\u7d61(\u813e,\u80ba) \u4f5c\u7528(infection,inflammation,mood)", "name": 15, "myGroup": "G0", "label": "\u9ec3\u8006", "nodeSupportPercent": 3.1219, "id": 15}}, {"data": {"popup": "  \u6c23(\u6eab) \u5473(\u8f9b) \u7d93\u7d61(\u80ba) \u4f5c\u7528(infection)", "name": 16, "myGroup": "G0", "label": "\u767d\u82a5\u5b50", "nodeSupportPercent": 0.556, "id": 16}}, {"data": {"popup": "  \u6c23(\u5bd2) \u5473(\u7518) \u7d93\u7d61(\u809d,\u5fc3,\u5fc3\u5305) \u4f5c\u7528(bacteria,hormone,infection,mood)", "name": 17, "myGroup": "G1", "label": "\u9264\u85e4", "nodeSupportPercent": 0.615, "id": 17}}, {"data": {"popup": " ", "name": 18, "myGroup": "G1", "label": "\u7009\u767d\u6563", "nodeSupportPercent": 0.707, "id": 18}}, {"data": {"popup": "  \u6c23(\u5bd2) \u5473(\u8f9b,\u82e6) \u7d93\u7d61(\u80ba,\u80c3) \u4f5c\u7528(bacteria,hormone,infection,inflammation)", "name": 19, "myGroup": "G4", "label": "\u725b\u84a1\u5b50", "nodeSupportPercent": 0.64, "id": 19}}, {"data": {"popup": "  \u6c23(\u5bd2) \u5473(\u8f9b,\u82e6) \u7d93\u7d61(\u809d,\u5fc3,\u8180\u80f1) \u4f5c\u7528(inflammation)", "name": 20, "myGroup": "G5", "label": "\u76ca\u6bcd\u8349", "nodeSupportPercent": 2.3341, "id": 20}}, {"data": {"popup": "  \u6c23(\u6eab) \u5473(\u8f9b,\u82e6) \u7d93\u7d61(\u809d,\u813e) \u4f5c\u7528(hormone)", "name": 21, "myGroup": "G5", "label": "\u6fa4\u862d", "nodeSupportPercent": 0.703, "id": 21}}, {"data": {"popup": "  \u6c23(\u5e73) \u5473(\u7518) \u7d93\u7d61(\u5fc3,\u814e,\u5927\u8178)", "name": 22, "myGroup": "G4", "label": "\u67cf\u5b50\u4ec1", "nodeSupportPercent": 0.698, "id": 22}}, {"data": {"popup": " ", "name": 23, "myGroup": "G0", "label": "\u5730\u9ec3", "nodeSupportPercent": 0.67, "id": 23}}, {"data": {"popup": "  \u6c23(\u6eab) \u5473(\u8f9b) \u7d93\u7d61(\u813e,\u80c3) \u4f5c\u7528(bacteria,infection,inflammation)", "name": 24, "myGroup": "G6", "label": "\u7802\u4ec1", "nodeSupportPercent": 3.8736, "id": 24}}, {"data": {"popup": "  \u6c23(\u6eab) \u5473(\u8f9b) \u7d93\u7d61(\u80ba,\u814e) \u4f5c\u7528(bacteria,inflammation)", "name": 25, "myGroup": "G6", "label": "\u7d30\u8f9b", "nodeSupportPercent": 0.768, "id": 25}}, {"data": {"popup": "  \u6c23(\u5bd2) \u5473(\u82e6) \u7d93\u7d61(\u809d,\u80ba,\u81bd,\u5927\u8178,\u80c3) \u4f5c\u7528(bacteria,infection)", "name": 26, "myGroup": "G6", "label": "\u9ec3\u82a9", "nodeSupportPercent": 8.3438, "id": 26}}, {"data": {"popup": "  \u6c23(\u5bd2) \u5473(\u82e6) \u7d93\u7d61(\u809d,\u5fc3,\u813e,\u5927\u8178,\u80c3) \u4f5c\u7528(bacteria,hormone,infection,inflammation,mood)", "name": 27, "myGroup": "G6", "label": "\u5927\u9ec3", "nodeSupportPercent": 11.088, "id": 27}}, {"data": {"popup": "  \u6c23(\u6eab) \u5473(\u8f9b) \u7d93\u7d61(\u80ba,\u5927\u8178,\u80c3) \u4f5c\u7528(bacteria,hormone,infection,inflammation,mood)", "name": 28, "myGroup": "G6", "label": "\u767d\u82b7", "nodeSupportPercent": 10.956, "id": 28}}, {"data": {"popup": "  \u6c23(\u6eab) \u5473(\u8f9b,\u82e6) \u7d93\u7d61(\u5fc3,\u80ba)", "name": 29, "myGroup": "G4", "label": "\u9060\u5fd7", "nodeSupportPercent": 0.816, "id": 29}}, {"data": {"popup": " ", "name": 30, "myGroup": "G0", "label": "\u9999\u7802\u516d\u541b\u5b50\u6e6f", "nodeSupportPercent": 1.01, "id": 30}}, {"data": {"popup": "  \u6c23(\u5e73) \u5473(\u8f9b,\u7518,\u82e6) \u7d93\u7d61(\u809d,\u4e09\u7126) \u4f5c\u7528(bacteria,mood)", "name": 31, "myGroup": "G7", "label": "\u9999\u9644", "nodeSupportPercent": 2.7459, "id": 31}}, {"data": {"popup": "  \u6c23(\u5e73) \u5473(\u7518) \u7d93\u7d61(\u809d,\u813e,\u80c3)", "name": 32, "myGroup": "G7", "label": "\u9ea5\u82bd", "nodeSupportPercent": 0.717, "id": 32}}, {"data": {"popup": " ", "name": 33, "myGroup": "G4", "label": "\u7389\u5973\u714e", "nodeSupportPercent": 1.05, "id": 33}}, {"data": {"popup": "  \u6c23(\u5e73) \u5473(\u7518) \u7d93\u7d61(\u813e,\u5927\u8178)", "name": 34, "myGroup": "G0", "label": "\u706b\u9ebb\u4ec1", "nodeSupportPercent": 0.952, "id": 34}}, {"data": {"popup": "  \u6c23(\u5bd2) \u5473(\u82e6) \u7d93\u7d61(\u5fc3,\u80ba,\u80c3) \u4f5c\u7528(mood)", "name": 35, "myGroup": "G3", "label": "\u5927\u9752\u8449", "nodeSupportPercent": 0.923, "id": 35}}, {"data": {"popup": "  \u6c23(\u6eab) \u5473(\u8f9b,\u82e6) \u7d93\u7d61(\u80ba,\u8180\u80f1) \u4f5c\u7528(mood)", "name": 36, "myGroup": "G4", "label": "\u9ebb\u9ec3", "nodeSupportPercent": 1.04, "id": 36}}, {"data": {"popup": "  \u6c23(\u6eab) \u5473(\u8f9b,\u82e6) \u7d93\u7d61(\u809d,\u813e) \u4f5c\u7528(inflammation)", "name": 37, "myGroup": "G0", "label": "\u83aa\u672e", "nodeSupportPercent": 0.88539, "id": 37}}, {"data": {"popup": "  \u6c23(\u5e73) \u5473(\u82e6) \u7d93\u7d61(\u809d,\u813e)", "name": 38, "myGroup": "G0", "label": "\u4e09\u7a1c", "nodeSupportPercent": 0.878, "id": 38}}, {"data": {"popup": "  \u6c23(\u5bd2) \u5473(\u82e6) \u7d93\u7d61(\u809d,\u5fc3,\u5fc3\u5305) \u4f5c\u7528(bacteria,hormone,infection,inflammation,mood)", "name": 39, "myGroup": "G8", "label": "\u4e39\u53c3", "nodeSupportPercent": 6.6538, "id": 39}}, {"data": {"popup": "  \u6c23(\u5e73) \u5473(\u8f9b,\u9e79) \u7d93\u7d61(\u809d,\u80ba) \u4f5c\u7528(inflammation,mood)", "name": 40, "myGroup": "G4", "label": "\u6bad\u8836", "nodeSupportPercent": 0.934, "id": 40}}, {"data": {"popup": "  \u6c23(\u5bd2) \u5473(\u7518,\u82e6) \u7d93\u7d61(\u809d,\u80ba,\u80c3)", "name": 41, "myGroup": "G1", "label": "\u767d\u53ca", "nodeSupportPercent": 1.01, "id": 41}}, {"data": {"popup": "  \u4f5c\u7528(inflammation)", "name": 42, "myGroup": "G4", "label": "\u9ebb\u674f\u7518\u77f3\u6e6f", "nodeSupportPercent": 1.18, "id": 42}}, {"data": {"popup": " ", "name": 43, "myGroup": "G1", "label": "\u7d2b\u8349\u6839", "nodeSupportPercent": 1.09, "id": 43}}, {"data": {"popup": "  \u6c23(\u5bd2) \u5473(\u7518,\u82e6) \u7d93\u7d61(\u80ba,\u814e) \u4f5c\u7528(hormone,inflammation)", "name": 44, "myGroup": "G6", "label": "\u5929\u9580\u51ac", "nodeSupportPercent": 0.952, "id": 44}}, {"data": {"popup": "  \u6c23(\u6dbc) \u5473(\u7518,\u82e6) \u7d93\u7d61(\u809d,\u814e) \u4f5c\u7528(bacteria,hormone,inflammation,mood)", "name": 45, "myGroup": "G8", "label": "\u5973\u8c9e\u5b50", "nodeSupportPercent": 1.1485, "id": 45}}, {"data": {"popup": "  \u6c23(\u5bd2) \u5473(\u7518,\u9178) \u7d93\u7d61(\u809d,\u814e) \u4f5c\u7528(hormone)", "name": 46, "myGroup": "G8", "label": "\u65f1\u84ee\u8349", "nodeSupportPercent": 0.983, "id": 46}}, {"data": {"popup": "  \u4f5c\u7528(hormone,infection,mood)", "name": 47, "myGroup": "G8", "label": "\u52a0\u5473\u900d\u9059\u6563", "nodeSupportPercent": 17.622, "id": 47}}, {"data": {"popup": " ", "name": 48, "myGroup": "G4", "label": "\u6eab\u81bd\u6e6f", "nodeSupportPercent": 1.17, "id": 48}}, {"data": {"popup": "  \u6c23(\u5bd2) \u5473(\u82e6) \u7d93\u7d61(\u5fc3,\u80c3) \u4f5c\u7528(bacteria,infection,inflammation)", "name": 49, "myGroup": "G0", "label": "\u677f\u85cd\u6839", "nodeSupportPercent": 1.02, "id": 49}}, {"data": {"popup": "  \u4f5c\u7528(hormone,mood)", "name": 50, "myGroup": "G0", "label": "\u900d\u9059\u6563", "nodeSupportPercent": 1.48, "id": 50}}, {"data": {"popup": " ", "name": 51, "myGroup": "G0", "label": "\u6f64\u8178\u4e38", "nodeSupportPercent": 1.51, "id": 51}}, {"data": {"popup": "  \u6c23(\u5bd2) \u5473(\u82e6) \u7d93\u7d61(\u814e,\u5927\u8178,\u8180\u80f1)", "name": 52, "myGroup": "G9", "label": "\u9ec3\u67cf", "nodeSupportPercent": 3.7074, "id": 52}}, {"data": {"popup": "  \u6c23(\u6eab) \u5473(\u8f9b,\u82e6) \u7d93\u7d61(\u813e,\u80c3) \u4f5c\u7528(bacteria,hormone,mood)", "name": 53, "myGroup": "G9", "label": "\u84bc\u672e", "nodeSupportPercent": 1.51, "id": 53}}, {"data": {"popup": "  \u6c23(\u6eab) \u5473(\u8f9b) \u7d93\u7d61(\u809d,\u80ba)", "name": 54, "myGroup": "G4", "label": "\u834a\u82a5", "nodeSupportPercent": 1.8691, "id": 54}}, {"data": {"popup": "  \u6c23(\u6eab) \u5473(\u8f9b,\u7518) \u7d93\u7d61(\u809d,\u813e,\u8180\u80f1) \u4f5c\u7528(bacteria,mood)", "name": 55, "myGroup": "G4", "label": "\u9632\u98a8", "nodeSupportPercent": 1.32, "id": 55}}, {"data": {"popup": " ", "name": 56, "myGroup": "G6", "label": "\u7099\u7518\u8349", "nodeSupportPercent": 1.55, "id": 56}}, {"data": {"popup": "  \u6c23(\u5bd2) \u5473(\u7518,\u82e6) \u7d93\u7d61(\u80ba,\u80c3) \u4f5c\u7528(bacteria,hormone,inflammation,mood,skin whitening)", "name": 57, "myGroup": "G6", "label": "\u5929\u82b1\u7c89", "nodeSupportPercent": 4.299, "id": 57}}, {"data": {"popup": "  \u6c23(\u6eab) \u5473(\u8f9b) \u7d93\u7d61(\u809d,\u5fc3) \u4f5c\u7528(bacteria,inflammation,mood)", "name": 58, "myGroup": "G1", "label": "\u7d05\u82b1", "nodeSupportPercent": 1.41, "id": 58}}, {"data": {"popup": "  \u6c23(\u5bd2) \u5473(\u7518) \u7d93\u7d61(\u813e,\u80ba,\u80c3) \u4f5c\u7528(inflammation)", "name": 59, "myGroup": "G4", "label": "\u858f\u82e1\u4ec1", "nodeSupportPercent": 11.752, "id": 59}}, {"data": {"popup": "  \u6c23(\u5bd2) \u5473(\u8f9b,\u82e6) \u7d93\u7d61(\u809d,\u5927\u8178,\u80c3) \u4f5c\u7528(bacteria)", "name": 60, "myGroup": "G4", "label": "\u6557\u91ac\u8349", "nodeSupportPercent": 1.64, "id": 60}}, {"data": {"popup": "  \u6c23(\u5bd2) \u5473(\u8f9b,\u82e6) \u7d93\u7d61(\u809d,\u5fc3,\u814e) \u4f5c\u7528(bacteria,hormone,infection,inflammation,mood)", "name": 61, "myGroup": "G10", "label": "\u7261\u4e39\u76ae", "nodeSupportPercent": 7.8277, "id": 61}}, {"data": {"popup": "  \u6c23(\u5bd2) \u5473(\u7518) \u7d93\u7d61(\u80ba,\u814e)", "name": 62, "myGroup": "G10", "label": "\u5730\u9aa8\u76ae", "nodeSupportPercent": 1.51, "id": 62}}, {"data": {"popup": " ", "name": 63, "myGroup": "G1", "label": "\u84ba\u85dc", "nodeSupportPercent": 1.31, "id": 63}}, {"data": {"popup": "  \u6c23(\u5bd2) \u5473(\u7518,\u82e6) \u7d93\u7d61(\u80ba,\u814e,\u80c3) \u4f5c\u7528(infection,inflammation)", "name": 64, "myGroup": "G9", "label": "\u77e5\u6bcd", "nodeSupportPercent": 1.64, "id": 64}}, {"data": {"popup": "  \u6c23(\u5bd2) \u5473(\u8f9b) \u7d93\u7d61(\u80ba)", "name": 65, "myGroup": "G0", "label": "\u9b5a\u8165\u8349", "nodeSupportPercent": 1.9, "id": 65}}, {"data": {"popup": "  \u6c23(\u5bd2) \u5473(\u82e6) \u7d93\u7d61(\u813e,\u80c3) \u4f5c\u7528(inflammation,mood)", "name": 66, "myGroup": "G0", "label": "\u767d\u9bae\u76ae", "nodeSupportPercent": 3.6906, "id": 66}}, {"data": {"popup": "  \u6c23(\u5bd2) \u5473(\u82e6) \u7d93\u7d61(\u8180\u80f1)", "name": 67, "myGroup": "G0", "label": "\u5730\u819a\u5b50", "nodeSupportPercent": 1.74, "id": 67}}, {"data": {"popup": "  \u6c23(\u5bd2) \u5473(\u7518) \u7d93\u7d61(\u809d,\u5fc3)", "name": 68, "myGroup": "G1", "label": "\u7d2b\u8349", "nodeSupportPercent": 2.03, "id": 68}}, {"data": {"popup": "  \u6c23(\u5bd2) \u5473(\u8f9b,\u7518) \u7d93\u7d61(\u80ba,\u80c3) \u4f5c\u7528(hormone,infection)", "name": 69, "myGroup": "G1", "label": "\u77f3\u818f", "nodeSupportPercent": 2.4, "id": 69}}, {"data": {"popup": " ", "name": 70, "myGroup": "G0", "label": "\u9632\u98a8\u901a\u8056\u6563", "nodeSupportPercent": 2.81, "id": 70}}, {"data": {"popup": "  \u4f5c\u7528(bacteria,infection,inflammation,mood)", "name": 71, "myGroup": "G4", "label": "\u5c0f\u67f4\u80e1\u6e6f", "nodeSupportPercent": 2.84, "id": 71}}, {"data": {"popup": "  \u6c23(\u5bd2) \u5473(\u7518) \u7d93\u7d61(\u80ba) \u4f5c\u7528(bacteria,inflammation,mood)", "name": 72, "myGroup": "G1", "label": "\u6851\u767d\u76ae", "nodeSupportPercent": 6.0576, "id": 72}}, {"data": {"popup": "  \u6c23(\u5e73) \u5473(\u82e6) \u7d93\u7d61(\u80ba,\u80c3) \u4f5c\u7528(hormone,inflammation)", "name": 73, "myGroup": "G1", "label": "\u6787\u6777\u8449", "nodeSupportPercent": 2.44, "id": 73}}, {"data": {"popup": "  \u6c23(\u5bd2) \u5473(\u7518) \u7d93\u7d61(\u809d,\u80ba)", "name": 74, "myGroup": "G3", "label": "\u87ec\u86fb", "nodeSupportPercent": 2.58, "id": 74}}, {"data": {"popup": "  \u6c23(\u5e73) \u5473(\u8f9b,\u82e6) \u7d93\u7d61(\u80ba) \u4f5c\u7528(inflammation)", "name": 75, "myGroup": "G4", "label": "\u6854\u6897", "nodeSupportPercent": 2.87, "id": 75}}, {"data": {"popup": " ", "name": 76, "myGroup": "G0", "label": "\u9ebb\u5b50\u4ec1\u4e38", "nodeSupportPercent": 3.68, "id": 76}}, {"data": {"popup": "  \u6c23(\u5bd2) \u5473(\u82e6) \u7d93\u7d61(\u809d,\u5fc3,\u5927\u8178,\u80c3)", "name": 77, "myGroup": "G6", "label": "\u9ec3\u9023", "nodeSupportPercent": 3.01, "id": 77}}, {"data": {"popup": "  \u6c23(\u5bd2) \u5473(\u8f9b,\u82e6) \u7d93\u7d61(\u809d,\u81bd) \u4f5c\u7528(bacteria,hormone)", "name": 78, "myGroup": "G1", "label": "\u590f\u67af\u8349", "nodeSupportPercent": 3.27, "id": 78}}, {"data": {"popup": "  \u6c23(\u5bd2) \u5473(\u7518,\u82e6,\u9e79) \u7d93\u7d61(\u80ba,\u814e,\u80c3) \u4f5c\u7528(hormone,inflammation)", "name": 79, "myGroup": "G4", "label": "\u7384\u53c3", "nodeSupportPercent": 3.33, "id": 79}}, {"data": {"popup": "  \u6c23(\u5bd2) \u5473(\u82e6) \u4f5c\u7528(bacteria)", "name": 80, "myGroup": "G4", "label": "\u8c9d\u6bcd", "nodeSupportPercent": 3.12, "id": 80}}, {"data": {"popup": "  \u6c23(\u5bd2) \u5473(\u7518,\u82e6) \u7d93\u7d61(\u5c0f\u8178,\u5927\u8178,\u80c3) \u4f5c\u7528(inflammation,mood)", "name": 81, "myGroup": "G0", "label": "\u767d\u82b1\u86c7\u820c\u8349", "nodeSupportPercent": 3.45, "id": 81}}, {"data": {"popup": "  \u6c23(\u5bd2) \u5473(\u82e6) \u7d93\u7d61(\u5fc3,\u80ba,\u80c3,\u4e09\u7126) \u4f5c\u7528(hormone,infection,mood)", "name": 82, "myGroup": "G4", "label": "\u6894\u5b50", "nodeSupportPercent": 3.48, "id": 82}}, {"data": {"popup": " ", "name": 83, "myGroup": "G1", "label": "\u6563\u816b\u6f70\u5805\u6e6f", "nodeSupportPercent": 5.34, "id": 83}}, {"data": {"popup": "  \u6c23(\u5bd2) \u5473(\u8f9b,\u82e6) \u7d93\u7d61(\u809d,\u5fc3)", "name": 84, "myGroup": "G3", "label": "\u7d2b\u82b1\u5730\u4e01", "nodeSupportPercent": 5.18, "id": 84}}, {"data": {"popup": "  \u6c23(\u5e73) \u5473(\u7518) \u7d93\u7d61(\u809d,\u80c3) \u4f5c\u7528(hormone,inflammation,mood)", "name": 85, "myGroup": "G1", "label": "\u571f\u832f\u82d3", "nodeSupportPercent": 5.02, "id": 85}}, {"data": {"popup": "  \u6c23(\u6eab) \u5473(\u8f9b)", "name": 86, "myGroup": "G3", "label": "\u7682\u523a", "nodeSupportPercent": 4.86, "id": 86}}, {"data": {"popup": " ", "name": 87, "myGroup": "G0", "label": "\u9ec3\u9023\u89e3\u6bd2\u6e6f", "nodeSupportPercent": 10.2, "id": 87}}, {"data": {"popup": "  \u6c23(\u5bd2) \u5473(\u7518) \u7d93\u7d61(\u80ba,\u5927\u8178,\u80c3) \u4f5c\u7528(bacteria,infection,inflammation)", "name": 88, "myGroup": "G4", "label": "\u91d1\u9280\u82b1", "nodeSupportPercent": 13.4, "id": 88}}], "edges": [{"data": {"source": 0, "Lift": 1.1683, "is_directed": false, "target": 1, "name": "0-1"}}, {"data": {"source": 0, "Lift": 1.1301, "is_directed": false, "target": 3, "name": "0-3"}}, {"data": {"source": 0, "Lift": 1.0884, "is_directed": false, "target": 6, "name": "0-6"}}, {"data": {"source": 0, "Lift": 1.18, "is_directed": false, "target": 9, "name": "0-9"}}, {"data": {"source": 0, "Lift": 1.0274, "is_directed": false, "target": 12, "name": "0-12"}}, {"data": {"source": 0, "Lift": 1.6529, "is_directed": false, "target": 14, "name": "0-14"}}, {"data": {"source": 0, "Lift": 1.0796, "is_directed": false, "target": 16, "name": "0-16"}}, {"data": {"source": 0, "Lift": 1.2458, "is_directed": false, "target": 19, "name": "0-19"}}, {"data": {"source": 0, "Lift": 1.0635, "is_directed": false, "target": 23, "name": "0-23"}}, {"data": {"source": 0, "Lift": 1.2449, "is_directed": false, "target": 30, "name": "0-30"}}, {"data": {"source": 0, "Lift": 1.2255, "is_directed": false, "target": 34, "name": "0-34"}}, {"data": {"source": 0, "Lift": 1.0302, "is_directed": false, "target": 37, "name": "0-37"}}, {"data": {"source": 0, "Lift": 1.1873, "is_directed": false, "target": 38, "name": "0-38"}}, {"data": {"source": 0, "Lift": 1.3022, "is_directed": false, "target": 49, "name": "0-49"}}, {"data": {"source": 0, "Lift": 1.0683, "is_directed": false, "target": 50, "name": "0-50"}}, {"data": {"source": 0, "Lift": 1.0102, "is_directed": false, "target": 51, "name": "0-51"}}, {"data": {"source": 0, "Lift": 1.1435, "is_directed": false, "target": 59, "name": "0-59"}}, {"data": {"source": 0, "Lift": 1.0581, "is_directed": false, "target": 63, "name": "0-63"}}, {"data": {"source": 0, "Lift": 1.0082, "is_directed": false, "target": 65, "name": "0-65"}}, {"data": {"source": 0, "Lift": 1.0445, "is_directed": false, "target": 66, "name": "0-66"}}, {"data": {"source": 0, "Lift": 1.1043, "is_directed": false, "target": 67, "name": "0-67"}}, {"data": {"source": 0, "Lift": 1.0838, "is_directed": false, "target": 68, "name": "0-68"}}, {"data": {"source": 0, "Lift": 1.0399, "is_directed": false, "target": 70, "name": "0-70"}}, {"data": {"source": 0, "Lift": 1.0827, "is_directed": false, "target": 73, "name": "0-73"}}, {"data": {"source": 0, "Lift": 1.0576, "is_directed": false, "target": 74, "name": "0-74"}}, {"data": {"source": 0, "Lift": 1.1444, "is_directed": false, "target": 76, "name": "0-76"}}, {"data": {"source": 0, "Lift": 1.1868, "is_directed": false, "target": 81, "name": "0-81"}}, {"data": {"source": 0, "Lift": 1.0954, "is_directed": false, "target": 84, "name": "0-84"}}, {"data": {"source": 0, "Lift": 1.094, "is_directed": false, "target": 86, "name": "0-86"}}, {"data": {"source": 0, "Lift": 1.0455, "is_directed": false, "target": 87, "name": "0-87"}}, {"data": {"source": 0, "Lift": 1.2315, "is_directed": false, "target": 88, "name": "0-88"}}, {"data": {"source": 2, "Lift": 1.0886, "is_directed": false, "target": 3, "name": "2-3"}}, {"data": {"source": 2, "Lift": 1.2973, "is_directed": false, "target": 6, "name": "2-6"}}, {"data": {"source": 2, "Lift": 1.2274, "is_directed": false, "target": 9, "name": "2-9"}}, {"data": {"source": 2, "Lift": 1.1623, "is_directed": false, "target": 10, "name": "2-10"}}, {"data": {"source": 2, "Lift": 1.1424, "is_directed": false, "target": 11, "name": "2-11"}}, {"data": {"source": 2, "Lift": 1.2136, "is_directed": false, "target": 14, "name": "2-14"}}, {"data": {"source": 2, "Lift": 1.3019, "is_directed": false, "target": 17, "name": "2-17"}}, {"data": {"source": 2, "Lift": 1.1031, "is_directed": false, "target": 18, "name": "2-18"}}, {"data": {"source": 2, "Lift": 1.2008, "is_directed": false, "target": 40, "name": "2-40"}}, {"data": {"source": 2, "Lift": 1.2578, "is_directed": false, "target": 41, "name": "2-41"}}, {"data": {"source": 2, "Lift": 1.3304, "is_directed": false, "target": 43, "name": "2-43"}}, {"data": {"source": 2, "Lift": 1.1998, "is_directed": false, "target": 44, "name": "2-44"}}, {"data": {"source": 2, "Lift": 1.1862, "is_directed": false, "target": 58, "name": "2-58"}}, {"data": {"source": 2, "Lift": 1.0801, "is_directed": false, "target": 63, "name": "2-63"}}, {"data": {"source": 2, "Lift": 1.1842, "is_directed": false, "target": 68, "name": "2-68"}}, {"data": {"source": 2, "Lift": 1.3161, "is_directed": false, "target": 69, "name": "2-69"}}, {"data": {"source": 2, "Lift": 1.1456, "is_directed": false, "target": 72, "name": "2-72"}}, {"data": {"source": 2, "Lift": 1.3161, "is_directed": false, "target": 78, "name": "2-78"}}, {"data": {"source": 2, "Lift": 1.3142, "is_directed": false, "target": 83, "name": "2-83"}}, {"data": {"source": 2, "Lift": 1.1261, "is_directed": false, "target": 84, "name": "2-84"}}, {"data": {"source": 2, "Lift": 1.1913, "is_directed": false, "target": 85, "name": "2-85"}}, {"data": {"source": 2, "Lift": 1.1734, "is_directed": false, "target": 86, "name": "2-86"}}, {"data": {"source": 4, "Lift": 21.351, "is_directed": false, "target": 5, "name": "4-5"}}, {"data": {"source": 7, "Lift": 3.9622, "is_directed": false, "target": 8, "name": "7-8"}}, {"data": {"source": 8, "Lift": 1.5706, "is_directed": false, "target": 9, "name": "8-9"}}, {"data": {"source": 8, "Lift": 1.8302, "is_directed": false, "target": 10, "name": "8-10"}}, {"data": {"source": 9, "Lift": 1.6193, "is_directed": false, "target": 74, "name": "9-74"}}, {"data": {"source": 9, "Lift": 2.3347, "is_directed": false, "target": 35, "name": "9-35"}}, {"data": {"source": 9, "Lift": 2.7799, "is_directed": false, "target": 84, "name": "9-84"}}, {"data": {"source": 9, "Lift": 1.7431, "is_directed": false, "target": 86, "name": "9-86"}}, {"data": {"source": 10, "Lift": 1.7679, "is_directed": false, "target": 33, "name": "10-33"}}, {"data": {"source": 10, "Lift": 1.6421, "is_directed": false, "target": 35, "name": "10-35"}}, {"data": {"source": 10, "Lift": 1.6924, "is_directed": false, "target": 36, "name": "10-36"}}, {"data": {"source": 10, "Lift": 1.8948, "is_directed": false, "target": 54, "name": "10-54"}}, {"data": {"source": 10, "Lift": 1.3656, "is_directed": false, "target": 71, "name": "10-71"}}, {"data": {"source": 10, "Lift": 1.4719, "is_directed": false, "target": 40, "name": "10-40"}}, {"data": {"source": 10, "Lift": 1.4935, "is_directed": false, "target": 42, "name": "10-42"}}, {"data": {"source": 10, "Lift": 1.4534, "is_directed": false, "target": 75, "name": "10-75"}}, {"data": {"source": 10, "Lift": 1.5028, "is_directed": false, "target": 79, "name": "10-79"}}, {"data": {"source": 10, "Lift": 1.3505, "is_directed": false, "target": 80, "name": "10-80"}}, {"data": {"source": 10, "Lift": 1.781, "is_directed": false, "target": 72, "name": "10-72"}}, {"data": {"source": 10, "Lift": 1.8713, "is_directed": false, "target": 82, "name": "10-82"}}, {"data": {"source": 10, "Lift": 1.3617, "is_directed": false, "target": 19, "name": "10-19"}}, {"data": {"source": 10, "Lift": 1.3498, "is_directed": false, "target": 48, "name": "10-48"}}, {"data": {"source": 10, "Lift": 1.5378, "is_directed": false, "target": 22, "name": "10-22"}}, {"data": {"source": 10, "Lift": 2.0381, "is_directed": false, "target": 88, "name": "10-88"}}, {"data": {"source": 10, "Lift": 1.5569, "is_directed": false, "target": 59, "name": "10-59"}}, {"data": {"source": 10, "Lift": 1.3923, "is_directed": false, "target": 29, "name": "10-29"}}, {"data": {"source": 12, "Lift": 23.46, "is_directed": false, "target": 13, "name": "12-13"}}, {"data": {"source": 15, "Lift": 10.478, "is_directed": false, "target": 16, "name": "15-16"}}, {"data": {"source": 20, "Lift": 16.453, "is_directed": false, "target": 21, "name": "20-21"}}, {"data": {"source": 24, "Lift": 16.682, "is_directed": false, "target": 56, "name": "24-56"}}, {"data": {"source": 24, "Lift": 8.0966, "is_directed": false, "target": 25, "name": "24-25"}}, {"data": {"source": 24, "Lift": 3.6252, "is_directed": false, "target": 26, "name": "24-26"}}, {"data": {"source": 24, "Lift": 4.4041, "is_directed": false, "target": 27, "name": "24-27"}}, {"data": {"source": 24, "Lift": 4.4731, "is_directed": false, "target": 28, "name": "24-28"}}, {"data": {"source": 25, "Lift": 3.9541, "is_directed": false, "target": 26, "name": "25-26"}}, {"data": {"source": 25, "Lift": 3.5798, "is_directed": false, "target": 27, "name": "25-27"}}, {"data": {"source": 25, "Lift": 3.3681, "is_directed": false, "target": 28, "name": "25-28"}}, {"data": {"source": 26, "Lift": 5.1943, "is_directed": false, "target": 56, "name": "26-56"}}, {"data": {"source": 26, "Lift": 3.6885, "is_directed": false, "target": 77, "name": "26-77"}}, {"data": {"source": 27, "Lift": 4.9233, "is_directed": false, "target": 56, "name": "27-56"}}, {"data": {"source": 28, "Lift": 4.9889, "is_directed": false, "target": 56, "name": "28-56"}}, {"data": {"source": 28, "Lift": 2.9134, "is_directed": false, "target": 57, "name": "28-57"}}, {"data": {"source": 28, "Lift": 2.9693, "is_directed": false, "target": 44, "name": "28-44"}}, {"data": {"source": 31, "Lift": 11.22, "is_directed": false, "target": 32, "name": "31-32"}}, {"data": {"source": 37, "Lift": 73.549, "is_directed": false, "target": 38, "name": "37-38"}}, {"data": {"source": 38, "Lift": 4.612, "is_directed": false, "target": 39, "name": "38-39"}}, {"data": {"source": 39, "Lift": 4.7782, "is_directed": false, "target": 46, "name": "39-46"}}, {"data": {"source": 45, "Lift": 57.203, "is_directed": false, "target": 46, "name": "45-46"}}, {"data": {"source": 45, "Lift": 2.0063, "is_directed": false, "target": 47, "name": "45-47"}}, {"data": {"source": 46, "Lift": 2.1097, "is_directed": false, "target": 47, "name": "46-47"}}, {"data": {"source": 52, "Lift": 9.9365, "is_directed": false, "target": 64, "name": "52-64"}}, {"data": {"source": 52, "Lift": 12.27, "is_directed": false, "target": 53, "name": "52-53"}}, {"data": {"source": 54, "Lift": 16.946, "is_directed": false, "target": 55, "name": "54-55"}}, {"data": {"source": 56, "Lift": 7.224, "is_directed": false, "target": 57, "name": "56-57"}}, {"data": {"source": 59, "Lift": 2.5572, "is_directed": false, "target": 60, "name": "59-60"}}, {"data": {"source": 61, "Lift": 5.3524, "is_directed": false, "target": 62, "name": "61-62"}}, {"data": {"source": 66, "Lift": 11.698, "is_directed": false, "target": 67, "name": "66-67"}}, {"data": {"source": 72, "Lift": 7.6748, "is_directed": false, "target": 73, "name": "72-73"}}]}, "data": {"description": "<h1>\u75e4\u7621(\u9752\u6625\u75d8)\u4e2d\u91ab\u6cbb\u7642\u5716\u8b5c</h1><h2>ACNE_(Support=0.5%, Confidence=30.0%)</h2>", "name": "ACNE_(Support=0.5%, Confidence=30.0%)", "tags": ["ACNE", "\u75e4\u7621(\u9752\u6625\u75d8)\u4e2d\u91ab\u6cbb\u7642\u5716\u8b5c"]}}