{"elements": {"nodes": [{"data": {"popup": " ", "name": 0, "myGroup": "G0", "label": "\u9178\u68d7\u4ec1\u6e6f", "nodeSupportPercent": 1.2707, "id": 0}}, {"data": {"popup": " ", "name": 1, "myGroup": "G0", "label": "\u5927\u9ec3\u7261\u4e39\u76ae\u6e6f", "nodeSupportPercent": 0.863, "id": 1}}, {"data": {"popup": "  \u6c23(\u5bd2) \u5473(\u7518,\u82e6) \u7d93\u7d61(\u809d,\u80c3) \u4f5c\u7528(mood)", "name": 2, "myGroup": "G0", "label": "\u84b2\u516c\u82f1", "nodeSupportPercent": 19.193, "id": 2}}, {"data": {"popup": "  \u6c23(\u5bd2) \u5473(\u82e6) \u7d93\u7d61(\u5fc3,\u80ba,\u5c0f\u8178) \u4f5c\u7528(infection,skin whitening)", "name": 3, "myGroup": "G1", "label": "\u9023\u7ff9", "nodeSupportPercent": 22.265, "id": 3}}, {"data": {"popup": " ", "name": 4, "myGroup": "G1", "label": "\u7af9\u8449\u77f3\u818f\u6e6f", "nodeSupportPercent": 0.866, "id": 4}}, {"data": {"popup": "  \u6c23(\u6eab) \u5473(\u7518) \u7d93\u7d61(\u809d,\u814e) \u4f5c\u7528(bacteria,hormone,infection)", "name": 5, "myGroup": "G2", "label": "\u675c\u4ef2", "nodeSupportPercent": 0.68379, "id": 5}}, {"data": {"popup": "  \u6c23(\u6eab) \u5473(\u8f9b,\u7518,\u82e6) \u7d93\u7d61(\u809d,\u814e) \u4f5c\u7528(inflammation)", "name": 6, "myGroup": "G2", "label": "\u7e8c\u65b7", "nodeSupportPercent": 0.887, "id": 6}}, {"data": {"popup": "  \u6c23(\u6eab) \u5473(\u8f9b) \u7d93\u7d61(\u813e,\u80c3) \u4f5c\u7528(bacteria,infection,inflammation)", "name": 7, "myGroup": "G3", "label": "\u7802\u4ec1", "nodeSupportPercent": 3.8736, "id": 7}}, {"data": {"popup": "  \u6c23(\u6eab) \u5473(\u8f9b) \u7d93\u7d61(\u80ba,\u814e) \u4f5c\u7528(bacteria,inflammation)", "name": 8, "myGroup": "G3", "label": "\u7d30\u8f9b", "nodeSupportPercent": 0.768, "id": 8}}, {"data": {"popup": "  \u6c23(\u5bd2) \u5473(\u7518,\u82e6) \u7d93\u7d61(\u80ba,\u80c3) \u4f5c\u7528(bacteria,hormone,inflammation,mood,skin whitening)", "name": 9, "myGroup": "G3", "label": "\u5929\u82b1\u7c89", "nodeSupportPercent": 4.299, "id": 9}}, {"data": {"popup": "  \u6c23(\u5bd2) \u5473(\u82e6) \u7d93\u7d61(\u809d,\u80ba,\u81bd,\u5927\u8178,\u80c3) \u4f5c\u7528(bacteria,infection)", "name": 10, "myGroup": "G1", "label": "\u9ec3\u82a9", "nodeSupportPercent": 8.3438, "id": 10}}, {"data": {"popup": "  \u6c23(\u5bd2) \u5473(\u82e6) \u7d93\u7d61(\u809d,\u5fc3,\u813e,\u5927\u8178,\u80c3) \u4f5c\u7528(bacteria,hormone,infection,inflammation,mood)", "name": 11, "myGroup": "G3", "label": "\u5927\u9ec3", "nodeSupportPercent": 11.088, "id": 11}}, {"data": {"popup": "  \u6c23(\u6eab) \u5473(\u8f9b) \u7d93\u7d61(\u80ba,\u5927\u8178,\u80c3) \u4f5c\u7528(bacteria,hormone,infection,inflammation,mood)", "name": 12, "myGroup": "G3", "label": "\u767d\u82b7", "nodeSupportPercent": 10.956, "id": 12}}, {"data": {"popup": " ", "name": 13, "myGroup": "G1", "label": "\u56db\u9006\u6563", "nodeSupportPercent": 0.959, "id": 13}}, {"data": {"popup": "  \u6c23(\u5e73) \u5473(\u7518) \u7d93\u7d61(\u809d,\u80c3) \u4f5c\u7528(hormone,inflammation,mood)", "name": 14, "myGroup": "G0", "label": "\u571f\u832f\u82d3", "nodeSupportPercent": 5.021, "id": 14}}, {"data": {"popup": "  \u6c23(\u5bd2) \u5473(\u82e6) \u7d93\u7d61(\u809d,\u5fc3,\u5927\u8178,\u80c3,\u8180\u80f1) \u4f5c\u7528(infection,inflammation)", "name": 15, "myGroup": "G0", "label": "\u82e6\u53c3", "nodeSupportPercent": 0.875, "id": 15}}, {"data": {"popup": "  \u4f5c\u7528(hormone,infection,mood)", "name": 16, "myGroup": "G4", "label": "\u52a0\u5473\u900d\u9059\u6563", "nodeSupportPercent": 17.622, "id": 16}}, {"data": {"popup": "  \u6c23(\u6eab) \u5473(\u8f9b,\u82e6) \u7d93\u7d61(\u5fc3,\u80ba)", "name": 17, "myGroup": "G4", "label": "\u9060\u5fd7", "nodeSupportPercent": 0.816, "id": 17}}, {"data": {"popup": "  \u4f5c\u7528(skin whitening)", "name": 18, "myGroup": "G5", "label": "\u4ed9\u65b9\u6d3b\u547d\u98f2", "nodeSupportPercent": 27.866, "id": 18}}, {"data": {"popup": " ", "name": 19, "myGroup": "G0", "label": "\u6e05\u4e0a\u9632\u98a8\u6e6f", "nodeSupportPercent": 31.194, "id": 19}}, {"data": {"popup": " ", "name": 20, "myGroup": "G0", "label": "\u9999\u7802\u516d\u541b\u5b50\u6e6f", "nodeSupportPercent": 1.01, "id": 20}}, {"data": {"popup": "  \u6c23(\u5e73) \u5473(\u8f9b,\u7518) \u7d93\u7d61(\u809d,\u814e)", "name": 21, "myGroup": "G4", "label": "\u83df\u7d72\u5b50", "nodeSupportPercent": 0.87, "id": 21}}, {"data": {"popup": " ", "name": 22, "myGroup": "G4", "label": "\u7389\u5973\u714e", "nodeSupportPercent": 1.05, "id": 22}}, {"data": {"popup": "  \u6c23(\u5e73) \u5473(\u7518) \u7d93\u7d61(\u813e,\u5927\u8178)", "name": 23, "myGroup": "G5", "label": "\u706b\u9ebb\u4ec1", "nodeSupportPercent": 0.952, "id": 23}}, {"data": {"popup": "  \u6c23(\u5bd2) \u5473(\u82e6) \u7d93\u7d61(\u5fc3,\u80ba,\u80c3) \u4f5c\u7528(mood)", "name": 24, "myGroup": "G1", "label": "\u5927\u9752\u8449", "nodeSupportPercent": 0.923, "id": 24}}, {"data": {"popup": "  \u6c23(\u5e73) \u5473(\u7518) \u7d93\u7d61(\u5fc3,\u813e,\u80ba,\u80c3) \u4f5c\u7528(bacteria,inflammation,mood)", "name": 25, "myGroup": "G1", "label": "\u7518\u8349", "nodeSupportPercent": 8.4479, "id": 25}}, {"data": {"popup": "  \u6c23(\u6eab) \u5473(\u8f9b,\u82e6) \u7d93\u7d61(\u80ba,\u8180\u80f1) \u4f5c\u7528(mood)", "name": 26, "myGroup": "G1", "label": "\u9ebb\u9ec3", "nodeSupportPercent": 1.04, "id": 26}}, {"data": {"popup": "  \u6c23(\u6eab) \u5473(\u8f9b,\u82e6) \u7d93\u7d61(\u809d,\u813e) \u4f5c\u7528(inflammation)", "name": 27, "myGroup": "G0", "label": "\u83aa\u672e", "nodeSupportPercent": 0.88539, "id": 27}}, {"data": {"popup": "  \u6c23(\u5e73) \u5473(\u82e6) \u7d93\u7d61(\u809d,\u813e)", "name": 28, "myGroup": "G0", "label": "\u4e09\u7a1c", "nodeSupportPercent": 0.878, "id": 28}}, {"data": {"popup": "  \u6c23(\u5bd2) \u5473(\u7518,\u82e6) \u7d93\u7d61(\u5c0f\u8178,\u5927\u8178,\u80c3) \u4f5c\u7528(inflammation,mood)", "name": 29, "myGroup": "G0", "label": "\u767d\u82b1\u86c7\u820c\u8349", "nodeSupportPercent": 3.4519, "id": 29}}, {"data": {"popup": "  \u6c23(\u5bd2) \u5473(\u82e6) \u7d93\u7d61(\u809d,\u5fc3,\u5fc3\u5305) \u4f5c\u7528(bacteria,hormone,infection,inflammation,mood)", "name": 30, "myGroup": "G4", "label": "\u4e39\u53c3", "nodeSupportPercent": 6.6538, "id": 30}}, {"data": {"popup": "  \u6c23(\u5e73) \u5473(\u8f9b,\u9e79) \u7d93\u7d61(\u809d,\u80ba) \u4f5c\u7528(inflammation,mood)", "name": 31, "myGroup": "G4", "label": "\u6bad\u8836", "nodeSupportPercent": 0.934, "id": 31}}, {"data": {"popup": "  \u6c23(\u6eab) \u5473(\u8f9b) \u7d93\u7d61(\u809d,\u5fc3,\u81bd,\u5fc3\u5305) \u4f5c\u7528(bacteria,inflammation,mood)", "name": 32, "myGroup": "G3", "label": "\u5ddd\u828e", "nodeSupportPercent": 0.952, "id": 32}}, {"data": {"popup": "  \u6c23(\u5bd2) \u5473(\u7518,\u82e6) \u7d93\u7d61(\u809d,\u80ba,\u80c3)", "name": 33, "myGroup": "G3", "label": "\u767d\u53ca", "nodeSupportPercent": 1.01, "id": 33}}, {"data": {"popup": "  \u4f5c\u7528(inflammation)", "name": 34, "myGroup": "G1", "label": "\u9ebb\u674f\u7518\u77f3\u6e6f", "nodeSupportPercent": 1.18, "id": 34}}, {"data": {"popup": " ", "name": 35, "myGroup": "G5", "label": "\u7d2b\u8349\u6839", "nodeSupportPercent": 1.09, "id": 35}}, {"data": {"popup": "  \u6c23(\u5bd2) \u5473(\u7518,\u82e6) \u7d93\u7d61(\u80ba,\u814e) \u4f5c\u7528(hormone,inflammation)", "name": 36, "myGroup": "G5", "label": "\u5929\u9580\u51ac", "nodeSupportPercent": 0.952, "id": 36}}, {"data": {"popup": "  \u6c23(\u5bd2) \u5473(\u82e6) \u4f5c\u7528(bacteria)", "name": 37, "myGroup": "G1", "label": "\u8c9d\u6bcd", "nodeSupportPercent": 3.123, "id": 37}}, {"data": {"popup": "  \u6c23(\u6eab) \u5473(\u9e79) \u7d93\u7d61(\u809d,\u814e) \u4f5c\u7528(bacteria,infection)", "name": 38, "myGroup": "G0", "label": "\u6d77\u87b5\u86f8", "nodeSupportPercent": 0.999, "id": 38}}, {"data": {"popup": " ", "name": 39, "myGroup": "G0", "label": "\u9ec3\u9023\u89e3\u6bd2\u6e6f", "nodeSupportPercent": 10.239, "id": 39}}, {"data": {"popup": "  \u6c23(\u6dbc) \u5473(\u7518,\u82e6) \u7d93\u7d61(\u809d,\u814e) \u4f5c\u7528(bacteria,hormone,inflammation,mood)", "name": 40, "myGroup": "G4", "label": "\u5973\u8c9e\u5b50", "nodeSupportPercent": 1.1485, "id": 40}}, {"data": {"popup": "  \u6c23(\u5bd2) \u5473(\u7518,\u9178) \u7d93\u7d61(\u809d,\u814e) \u4f5c\u7528(hormone)", "name": 41, "myGroup": "G4", "label": "\u65f1\u84ee\u8349", "nodeSupportPercent": 0.983, "id": 41}}, {"data": {"popup": " ", "name": 42, "myGroup": "G1", "label": "\u6eab\u81bd\u6e6f", "nodeSupportPercent": 1.17, "id": 42}}, {"data": {"popup": " ", "name": 43, "myGroup": "G5", "label": "\u67f4\u80e1\u52a0\u9f8d\u9aa8\u7261\u8823\u6e6f", "nodeSupportPercent": 1.25, "id": 43}}, {"data": {"popup": "  \u6c23(\u5bd2) \u5473(\u7518) \u7d93\u7d61(\u80ba,\u5927\u8178,\u80c3) \u4f5c\u7528(bacteria,infection,inflammation)", "name": 44, "myGroup": "G0", "label": "\u91d1\u9280\u82b1", "nodeSupportPercent": 13.419, "id": 44}}, {"data": {"popup": "  \u6c23(\u5bd2) \u5473(\u82e6) \u7d93\u7d61(\u5fc3,\u80c3) \u4f5c\u7528(bacteria,infection,inflammation)", "name": 45, "myGroup": "G0", "label": "\u677f\u85cd\u6839", "nodeSupportPercent": 1.02, "id": 45}}, {"data": {"popup": " ", "name": 46, "myGroup": "G4", "label": "\u5929\u738b\u88dc\u5fc3\u4e39", "nodeSupportPercent": 1.24, "id": 46}}, {"data": {"popup": "  \u6c23(\u6dbc) \u5473(\u8f9b) \u7d93\u7d61(\u809d,\u80ba)", "name": 47, "myGroup": "G1", "label": "\u8584\u8377", "nodeSupportPercent": 0.987, "id": 47}}, {"data": {"popup": "  \u6c23(\u6eab) \u5473(\u7518) \u7d93\u7d61(\u813e,\u80ba) \u4f5c\u7528(infection,inflammation,mood)", "name": 48, "myGroup": "G1", "label": "\u9ec3\u8006", "nodeSupportPercent": 3.1219, "id": 48}}, {"data": {"popup": "  \u6c23(\u5e73) \u5473(\u7518) \u7d93\u7d61(\u813e,\u80ba) \u4f5c\u7528(inflammation)", "name": 49, "myGroup": "G1", "label": "\u9ee8\u53c3", "nodeSupportPercent": 1.05, "id": 49}}, {"data": {"popup": "  \u6c23(\u5bd2) \u5473(\u8f9b,\u82e6) \u7d93\u7d61(\u809d,\u5fc3,\u81bd)", "name": 50, "myGroup": "G4", "label": "\u9b31\u91d1", "nodeSupportPercent": 1.1, "id": 50}}, {"data": {"popup": "  \u4f5c\u7528(hormone,mood)", "name": 51, "myGroup": "G0", "label": "\u900d\u9059\u6563", "nodeSupportPercent": 1.48, "id": 51}}, {"data": {"popup": "  \u6c23(\u5bd2) \u5473(\u7518,\u82e6) \u7d93\u7d61(\u809d,\u80ba)", "name": 52, "myGroup": "G0", "label": "\u83ca\u82b1", "nodeSupportPercent": 1.2, "id": 52}}, {"data": {"popup": "  \u6c23(\u6eab) \u5473(\u8f9b,\u82e6) \u7d93\u7d61(\u813e,\u80ba,\u5927\u8178,\u80c3) \u4f5c\u7528(bacteria,hormone,inflammation)", "name": 53, "myGroup": "G3", "label": "\u539a\u6734", "nodeSupportPercent": 1.7247, "id": 53}}, {"data": {"popup": "  \u4f5c\u7528(bacteria,inflammation)", "name": 54, "myGroup": "G3", "label": "\u67b3\u6bbc", "nodeSupportPercent": 1.15, "id": 54}}, {"data": {"popup": " ", "name": 55, "myGroup": "G0", "label": "\u6f64\u8178\u4e38", "nodeSupportPercent": 1.51, "id": 55}}, {"data": {"popup": "  \u6c23(\u5bd2) \u5473(\u7518) \u7d93\u7d61(\u813e,\u80ba,\u80c3) \u4f5c\u7528(inflammation)", "name": 56, "myGroup": "G5", "label": "\u858f\u82e1\u4ec1", "nodeSupportPercent": 11.752, "id": 56}}, {"data": {"popup": "  \u6c23(\u5e73) \u5473(\u7518) \u7d93\u7d61(\u80ba,\u80c3) \u4f5c\u7528(bacteria,hormone,mood,skin whitening)", "name": 57, "myGroup": "G5", "label": "\u7389\u7af9", "nodeSupportPercent": 1.17, "id": 57}}, {"data": {"popup": "  \u6c23(\u5e73) \u5473(\u7518,\u82e6) \u7d93\u7d61(\u809d,\u5fc3)", "name": 58, "myGroup": "G0", "label": "\u591c\u4ea4\u85e4", "nodeSupportPercent": 1.28, "id": 58}}, {"data": {"popup": "  \u6c23(\u5bd2) \u5473(\u82e6) \u7d93\u7d61(\u814e,\u5927\u8178,\u8180\u80f1)", "name": 59, "myGroup": "G6", "label": "\u9ec3\u67cf", "nodeSupportPercent": 3.7074, "id": 59}}, {"data": {"popup": "  \u6c23(\u6eab) \u5473(\u8f9b,\u82e6) \u7d93\u7d61(\u813e,\u80c3) \u4f5c\u7528(bacteria,hormone,mood)", "name": 60, "myGroup": "G6", "label": "\u84bc\u672e", "nodeSupportPercent": 1.51, "id": 60}}, {"data": {"popup": " ", "name": 61, "myGroup": "G6", "label": "\u4e94\u5473\u6d88\u6bd2\u98f2", "nodeSupportPercent": 10.275, "id": 61}}, {"data": {"popup": "  \u6c23(\u5bd2) \u5473(\u82e6) \u7d93\u7d61(\u809d,\u813e,\u81bd,\u80c3) \u4f5c\u7528(infection)", "name": 62, "myGroup": "G1", "label": "\u8335\u9673\u84bf", "nodeSupportPercent": 1.4, "id": 62}}, {"data": {"popup": "  \u6c23(\u6eab) \u5473(\u7518,\u82e6) \u7d93\u7d61(\u813e,\u80c3) \u4f5c\u7528(bacteria,hormone,mood)", "name": 63, "myGroup": "G1", "label": "\u767d\u672e", "nodeSupportPercent": 1.35, "id": 63}}, {"data": {"popup": "  \u6c23(\u6eab) \u5473(\u8f9b) \u7d93\u7d61(\u809d,\u80ba)", "name": 64, "myGroup": "G1", "label": "\u834a\u82a5", "nodeSupportPercent": 1.8691, "id": 64}}, {"data": {"popup": "  \u6c23(\u6eab) \u5473(\u8f9b,\u7518) \u7d93\u7d61(\u809d,\u813e,\u8180\u80f1) \u4f5c\u7528(bacteria,mood)", "name": 65, "myGroup": "G1", "label": "\u9632\u98a8", "nodeSupportPercent": 1.32, "id": 65}}, {"data": {"popup": "  \u6c23(\u5bd2) \u5473(\u9e79) \u7d93\u7d61(\u809d,\u814e)", "name": 66, "myGroup": "G1", "label": "\u7261\u8823", "nodeSupportPercent": 1.44, "id": 66}}, {"data": {"popup": "  \u6c23(\u5e73) \u5473(\u7518) \u7d93\u7d61(\u809d,\u5fc3) \u4f5c\u7528(inflammation)", "name": 67, "myGroup": "G4", "label": "\u9178\u68d7\u4ec1", "nodeSupportPercent": 1.41, "id": 67}}, {"data": {"popup": " ", "name": 68, "myGroup": "G3", "label": "\u7099\u7518\u8349", "nodeSupportPercent": 1.55, "id": 68}}, {"data": {"popup": "  \u6c23(\u6eab) \u5473(\u7518,\u9178) \u7d93\u7d61(\u809d,\u813e,\u80c3) \u4f5c\u7528(bacteria,hormone,infection,inflammation,mood)", "name": 69, "myGroup": "G4", "label": "\u5c71\u6942", "nodeSupportPercent": 1.3, "id": 69}}, {"data": {"popup": "  \u6c23(\u5e73) \u5473(\u82e6) \u7d93\u7d61(\u809d,\u5fc3,\u80ba,\u5927\u8178) \u4f5c\u7528(bacteria,hormone,inflammation)", "name": 70, "myGroup": "G5", "label": "\u6843\u4ec1", "nodeSupportPercent": 1.6053, "id": 70}}, {"data": {"popup": "  \u6c23(\u6eab) \u5473(\u8f9b) \u7d93\u7d61(\u809d,\u5fc3) \u4f5c\u7528(bacteria,inflammation,mood)", "name": 71, "myGroup": "G5", "label": "\u7d05\u82b1", "nodeSupportPercent": 1.41, "id": 71}}, {"data": {"popup": "  \u6c23(\u5bd2) \u5473(\u8f9b,\u82e6) \u7d93\u7d61(\u809d,\u5927\u8178,\u80c3) \u4f5c\u7528(bacteria)", "name": 72, "myGroup": "G5", "label": "\u6557\u91ac\u8349", "nodeSupportPercent": 1.64, "id": 72}}, {"data": {"popup": "  \u6c23(\u5bd2) \u5473(\u8f9b,\u82e6) \u7d93\u7d61(\u809d,\u5fc3,\u814e) \u4f5c\u7528(bacteria,hormone,infection,inflammation,mood)", "name": 73, "myGroup": "G1", "label": "\u7261\u4e39\u76ae", "nodeSupportPercent": 7.8277, "id": 73}}, {"data": {"popup": "  \u6c23(\u5bd2) \u5473(\u7518) \u7d93\u7d61(\u80ba,\u814e)", "name": 74, "myGroup": "G1", "label": "\u5730\u9aa8\u76ae", "nodeSupportPercent": 1.51, "id": 74}}, {"data": {"popup": " ", "name": 75, "myGroup": "G0", "label": "\u84ba\u85dc", "nodeSupportPercent": 1.31, "id": 75}}, {"data": {"popup": " ", "name": 76, "myGroup": "G0", "label": "\u6dbc\u8188\u6563", "nodeSupportPercent": 1.97, "id": 76}}, {"data": {"popup": "  \u6c23(\u5bd2) \u5473(\u7518,\u82e6) \u7d93\u7d61(\u80ba,\u814e,\u80c3) \u4f5c\u7528(infection,inflammation)", "name": 77, "myGroup": "G6", "label": "\u77e5\u6bcd", "nodeSupportPercent": 1.64, "id": 77}}, {"data": {"popup": " ", "name": 78, "myGroup": "G0", "label": "\u6e05\u80c3\u6563", "nodeSupportPercent": 1.91, "id": 78}}, {"data": {"popup": "  \u6c23(\u5bd2) \u5473(\u8f9b,\u82e6) \u7d93\u7d61(\u809d,\u5fc3,\u81bd,\u5fc3\u5305,\u4e09\u7126) \u4f5c\u7528(hormone,inflammation,mood)", "name": 79, "myGroup": "G1", "label": "\u67f4\u80e1", "nodeSupportPercent": 1.57, "id": 79}}, {"data": {"popup": "  \u6c23(\u5bd2) \u5473(\u8f9b,\u82e6) \u7d93\u7d61(\u813e,\u5927\u8178,\u80c3) \u4f5c\u7528(bacteria,hormone,infection,mood)", "name": 80, "myGroup": "G3", "label": "\u67b3\u5be6", "nodeSupportPercent": 1.8319, "id": 80}}, {"data": {"popup": "  \u6c23(\u5bd2) \u5473(\u8f9b) \u7d93\u7d61(\u80ba)", "name": 81, "myGroup": "G0", "label": "\u9b5a\u8165\u8349", "nodeSupportPercent": 1.9, "id": 81}}, {"data": {"popup": "  \u6c23(\u5bd2) \u5473(\u82e6) \u7d93\u7d61(\u813e,\u80c3) \u4f5c\u7528(inflammation,mood)", "name": 82, "myGroup": "G0", "label": "\u767d\u9bae\u76ae", "nodeSupportPercent": 3.6906, "id": 82}}, {"data": {"popup": "  \u6c23(\u5bd2) \u5473(\u82e6) \u7d93\u7d61(\u8180\u80f1)", "name": 83, "myGroup": "G0", "label": "\u5730\u819a\u5b50", "nodeSupportPercent": 1.74, "id": 83}}, {"data": {"popup": "  \u6c23(\u5bd2) \u5473(\u7518) \u7d93\u7d61(\u809d,\u5fc3)", "name": 84, "myGroup": "G5", "label": "\u7d2b\u8349", "nodeSupportPercent": 2.03, "id": 84}}, {"data": {"popup": "  \u6c23(\u5bd2) \u5473(\u8f9b,\u82e6) \u7d93\u7d61(\u809d,\u5fc3,\u8180\u80f1) \u4f5c\u7528(inflammation)", "name": 85, "myGroup": "G4", "label": "\u76ca\u6bcd\u8349", "nodeSupportPercent": 2.33, "id": 85}}, {"data": {"popup": "  \u6c23(\u5bd2) \u5473(\u7518,\u82e6) \u7d93\u7d61(\u5fc3,\u80ba,\u80c3) \u4f5c\u7528(hormone)", "name": 86, "myGroup": "G0", "label": "\u9ea5\u9580\u51ac", "nodeSupportPercent": 2.06, "id": 86}}, {"data": {"popup": "  \u6c23(\u5bd2) \u5473(\u8f9b,\u7518) \u7d93\u7d61(\u80ba,\u80c3) \u4f5c\u7528(hormone,infection)", "name": 87, "myGroup": "G5", "label": "\u77f3\u818f", "nodeSupportPercent": 2.4, "id": 87}}, {"data": {"popup": " ", "name": 88, "myGroup": "G0", "label": "\u9632\u98a8\u901a\u8056\u6563", "nodeSupportPercent": 2.81, "id": 88}}, {"data": {"popup": " ", "name": 89, "myGroup": "G1", "label": "\u7518\u9732\u98f2", "nodeSupportPercent": 2.83, "id": 89}}, {"data": {"popup": "  \u4f5c\u7528(bacteria,infection,inflammation,mood)", "name": 90, "myGroup": "G1", "label": "\u5c0f\u67f4\u80e1\u6e6f", "nodeSupportPercent": 2.84, "id": 90}}, {"data": {"popup": "  \u6c23(\u5bd2) \u5473(\u7518) \u7d93\u7d61(\u80ba) \u4f5c\u7528(bacteria,inflammation,mood)", "name": 91, "myGroup": "G4", "label": "\u6851\u767d\u76ae", "nodeSupportPercent": 6.0576, "id": 91}}, {"data": {"popup": "  \u6c23(\u5e73) \u5473(\u82e6) \u7d93\u7d61(\u80ba,\u80c3) \u4f5c\u7528(hormone,inflammation)", "name": 92, "myGroup": "G4", "label": "\u6787\u6777\u8449", "nodeSupportPercent": 2.44, "id": 92}}, {"data": {"popup": "  \u6c23(\u5e73) \u5473(\u8f9b,\u7518,\u82e6) \u7d93\u7d61(\u809d,\u4e09\u7126) \u4f5c\u7528(bacteria,mood)", "name": 93, "myGroup": "G4", "label": "\u9999\u9644", "nodeSupportPercent": 2.75, "id": 93}}, {"data": {"popup": "  \u6c23(\u5bd2) \u5473(\u7518) \u7d93\u7d61(\u809d,\u80ba)", "name": 94, "myGroup": "G0", "label": "\u87ec\u86fb", "nodeSupportPercent": 2.58, "id": 94}}, {"data": {"popup": "  \u6c23(\u5e73) \u5473(\u8f9b,\u82e6) \u7d93\u7d61(\u80ba) \u4f5c\u7528(inflammation)", "name": 95, "myGroup": "G1", "label": "\u6854\u6897", "nodeSupportPercent": 2.87, "id": 95}}, {"data": {"popup": " ", "name": 96, "myGroup": "G5", "label": "\u9ebb\u5b50\u4ec1\u4e38", "nodeSupportPercent": 3.68, "id": 96}}, {"data": {"popup": " ", "name": 97, "myGroup": "G0", "label": "\u67f4\u80e1\u6e05\u809d\u6e6f", "nodeSupportPercent": 4.21, "id": 97}}, {"data": {"popup": "  \u6c23(\u5bd2) \u5473(\u82e6) \u7d93\u7d61(\u809d,\u5fc3,\u5927\u8178,\u80c3)", "name": 98, "myGroup": "G1", "label": "\u9ec3\u9023", "nodeSupportPercent": 3.01, "id": 98}}, {"data": {"popup": "  \u6c23(\u5bd2) \u5473(\u8f9b,\u82e6) \u7d93\u7d61(\u809d,\u81bd) \u4f5c\u7528(bacteria,hormone)", "name": 99, "myGroup": "G5", "label": "\u590f\u67af\u8349", "nodeSupportPercent": 3.27, "id": 99}}, {"data": {"popup": "  \u6c23(\u5bd2) \u5473(\u7518,\u82e6,\u9e79) \u7d93\u7d61(\u80ba,\u814e,\u80c3) \u4f5c\u7528(hormone,inflammation)", "name": 100, "myGroup": "G5", "label": "\u7384\u53c3", "nodeSupportPercent": 3.33, "id": 100}}, {"data": {"popup": "  \u6c23(\u5bd2) \u5473(\u7518,\u82e6) \u7d93\u7d61(\u809d,\u5fc3,\u814e) \u4f5c\u7528(bacteria,hormone,infection,inflammation,mood)", "name": 101, "myGroup": "G1", "label": "\u751f\u5730\u9ec3", "nodeSupportPercent": 3.42, "id": 101}}, {"data": {"popup": "  \u4f5c\u7528(mood)", "name": 102, "myGroup": "G1", "label": "\u6eab\u6e05\u98f2", "nodeSupportPercent": 4.38, "id": 102}}, {"data": {"popup": "  \u6c23(\u5bd2) \u5473(\u82e6) \u7d93\u7d61(\u5fc3,\u80ba,\u80c3,\u4e09\u7126) \u4f5c\u7528(hormone,infection,mood)", "name": 103, "myGroup": "G1", "label": "\u6894\u5b50", "nodeSupportPercent": 3.48, "id": 103}}, {"data": {"popup": " ", "name": 104, "myGroup": "G5", "label": "\u6563\u816b\u6f70\u5805\u6e6f", "nodeSupportPercent": 5.34, "id": 104}}, {"data": {"popup": " ", "name": 105, "myGroup": "G0", "label": "\u834a\u82a5\u9023\u7ff9\u6e6f", "nodeSupportPercent": 5.27, "id": 105}}, {"data": {"popup": "  \u6c23(\u5bd2) \u5473(\u8f9b,\u82e6) \u7d93\u7d61(\u809d,\u5fc3)", "name": 106, "myGroup": "G0", "label": "\u7d2b\u82b1\u5730\u4e01", "nodeSupportPercent": 5.18, "id": 106}}, {"data": {"popup": "  \u6c23(\u6eab) \u5473(\u8f9b)", "name": 107, "myGroup": "G0", "label": "\u7682\u523a", "nodeSupportPercent": 4.86, "id": 107}}, {"data": {"popup": "  \u6c23(\u5bd2) \u5473(\u82e6) \u7d93\u7d61(\u809d)", "name": 108, "myGroup": "G1", "label": "\u8d64\u828d", "nodeSupportPercent": 4.89, "id": 108}}], "edges": [{"data": {"source": 0, "Lift": 16.398, "is_directed": false, "target": 1, "name": "0-1"}}, {"data": {"source": 1, "Lift": 1.1008, "is_directed": false, "target": 2, "name": "1-2"}}, {"data": {"source": 2, "Lift": 1.2107, "is_directed": false, "target": 3, "name": "2-3"}}, {"data": {"source": 2, "Lift": 1.0787, "is_directed": false, "target": 9, "name": "2-9"}}, {"data": {"source": 2, "Lift": 1.3312, "is_directed": false, "target": 14, "name": "2-14"}}, {"data": {"source": 2, "Lift": 1.2274, "is_directed": false, "target": 18, "name": "2-18"}}, {"data": {"source": 2, "Lift": 1.18, "is_directed": false, "target": 19, "name": "2-19"}}, {"data": {"source": 2, "Lift": 2.3347, "is_directed": false, "target": 24, "name": "2-24"}}, {"data": {"source": 2, "Lift": 1.126, "is_directed": false, "target": 28, "name": "2-28"}}, {"data": {"source": 2, "Lift": 1.3353, "is_directed": false, "target": 29, "name": "2-29"}}, {"data": {"source": 2, "Lift": 1.4602, "is_directed": false, "target": 35, "name": "2-35"}}, {"data": {"source": 2, "Lift": 1.1503, "is_directed": false, "target": 37, "name": "2-37"}}, {"data": {"source": 2, "Lift": 1.4945, "is_directed": false, "target": 38, "name": "2-38"}}, {"data": {"source": 2, "Lift": 1.239, "is_directed": false, "target": 39, "name": "2-39"}}, {"data": {"source": 2, "Lift": 1.0832, "is_directed": false, "target": 43, "name": "2-43"}}, {"data": {"source": 2, "Lift": 1.5004, "is_directed": false, "target": 44, "name": "2-44"}}, {"data": {"source": 2, "Lift": 1.2604, "is_directed": false, "target": 52, "name": "2-52"}}, {"data": {"source": 2, "Lift": 1.0764, "is_directed": false, "target": 55, "name": "2-55"}}, {"data": {"source": 2, "Lift": 1.0705, "is_directed": false, "target": 56, "name": "2-56"}}, {"data": {"source": 2, "Lift": 1.07, "is_directed": false, "target": 58, "name": "2-58"}}, {"data": {"source": 2, "Lift": 1.3576, "is_directed": false, "target": 62, "name": "2-62"}}, {"data": {"source": 2, "Lift": 1.0812, "is_directed": false, "target": 72, "name": "2-72"}}, {"data": {"source": 2, "Lift": 1.2055, "is_directed": false, "target": 73, "name": "2-73"}}, {"data": {"source": 2, "Lift": 1.2573, "is_directed": false, "target": 74, "name": "2-74"}}, {"data": {"source": 2, "Lift": 1.4931, "is_directed": false, "target": 75, "name": "2-75"}}, {"data": {"source": 2, "Lift": 1.2741, "is_directed": false, "target": 76, "name": "2-76"}}, {"data": {"source": 2, "Lift": 1.258, "is_directed": false, "target": 77, "name": "2-77"}}, {"data": {"source": 2, "Lift": 1.0458, "is_directed": false, "target": 78, "name": "2-78"}}, {"data": {"source": 2, "Lift": 1.5318, "is_directed": false, "target": 81, "name": "2-81"}}, {"data": {"source": 2, "Lift": 1.0611, "is_directed": false, "target": 83, "name": "2-83"}}, {"data": {"source": 2, "Lift": 1.0565, "is_directed": false, "target": 86, "name": "2-86"}}, {"data": {"source": 2, "Lift": 1.3348, "is_directed": false, "target": 87, "name": "2-87"}}, {"data": {"source": 2, "Lift": 1.2222, "is_directed": false, "target": 92, "name": "2-92"}}, {"data": {"source": 2, "Lift": 1.6193, "is_directed": false, "target": 94, "name": "2-94"}}, {"data": {"source": 2, "Lift": 1.091, "is_directed": false, "target": 97, "name": "2-97"}}, {"data": {"source": 2, "Lift": 1.5173, "is_directed": false, "target": 99, "name": "2-99"}}, {"data": {"source": 2, "Lift": 1.0582, "is_directed": false, "target": 100, "name": "2-100"}}, {"data": {"source": 2, "Lift": 1.459, "is_directed": false, "target": 104, "name": "2-104"}}, {"data": {"source": 2, "Lift": 1.2311, "is_directed": false, "target": 105, "name": "2-105"}}, {"data": {"source": 2, "Lift": 2.7799, "is_directed": false, "target": 106, "name": "2-106"}}, {"data": {"source": 2, "Lift": 1.7431, "is_directed": false, "target": 107, "name": "2-107"}}, {"data": {"source": 2, "Lift": 1.2907, "is_directed": false, "target": 108, "name": "2-108"}}, {"data": {"source": 3, "Lift": 1.0788, "is_directed": false, "target": 4, "name": "3-4"}}, {"data": {"source": 3, "Lift": 1.1252, "is_directed": false, "target": 9, "name": "3-9"}}, {"data": {"source": 3, "Lift": 1.2399, "is_directed": false, "target": 10, "name": "3-10"}}, {"data": {"source": 3, "Lift": 1.0351, "is_directed": false, "target": 11, "name": "3-11"}}, {"data": {"source": 3, "Lift": 1.0215, "is_directed": false, "target": 13, "name": "3-13"}}, {"data": {"source": 3, "Lift": 1.3375, "is_directed": false, "target": 14, "name": "3-14"}}, {"data": {"source": 3, "Lift": 1.2352, "is_directed": false, "target": 16, "name": "3-16"}}, {"data": {"source": 3, "Lift": 1.3923, "is_directed": false, "target": 17, "name": "3-17"}}, {"data": {"source": 3, "Lift": 1.1623, "is_directed": false, "target": 18, "name": "3-18"}}, {"data": {"source": 3, "Lift": 1.7679, "is_directed": false, "target": 22, "name": "3-22"}}, {"data": {"source": 3, "Lift": 1.6421, "is_directed": false, "target": 24, "name": "3-24"}}, {"data": {"source": 3, "Lift": 1.1822, "is_directed": false, "target": 25, "name": "3-25"}}, {"data": {"source": 3, "Lift": 1.6924, "is_directed": false, "target": 26, "name": "3-26"}}, {"data": {"source": 3, "Lift": 1.1193, "is_directed": false, "target": 30, "name": "3-30"}}, {"data": {"source": 3, "Lift": 1.4719, "is_directed": false, "target": 31, "name": "3-31"}}, {"data": {"source": 3, "Lift": 1.4935, "is_directed": false, "target": 34, "name": "3-34"}}, {"data": {"source": 3, "Lift": 1.1701, "is_directed": false, "target": 35, "name": "3-35"}}, {"data": {"source": 3, "Lift": 1.2891, "is_directed": false, "target": 36, "name": "3-36"}}, {"data": {"source": 3, "Lift": 1.3505, "is_directed": false, "target": 37, "name": "3-37"}}, {"data": {"source": 3, "Lift": 1.3498, "is_directed": false, "target": 42, "name": "3-42"}}, {"data": {"source": 3, "Lift": 2.0381, "is_directed": false, "target": 44, "name": "3-44"}}, {"data": {"source": 3, "Lift": 1.0784, "is_directed": false, "target": 49, "name": "3-49"}}, {"data": {"source": 3, "Lift": 1.1172, "is_directed": false, "target": 52, "name": "3-52"}}, {"data": {"source": 3, "Lift": 1.5569, "is_directed": false, "target": 56, "name": "3-56"}}, {"data": {"source": 3, "Lift": 1.0882, "is_directed": false, "target": 59, "name": "3-59"}}, {"data": {"source": 3, "Lift": 1.2596, "is_directed": false, "target": 62, "name": "3-62"}}, {"data": {"source": 3, "Lift": 1.0015, "is_directed": false, "target": 63, "name": "3-63"}}, {"data": {"source": 3, "Lift": 1.8948, "is_directed": false, "target": 64, "name": "3-64"}}, {"data": {"source": 3, "Lift": 1.0311, "is_directed": false, "target": 65, "name": "3-65"}}, {"data": {"source": 3, "Lift": 1.1022, "is_directed": false, "target": 66, "name": "3-66"}}, {"data": {"source": 3, "Lift": 1.0533, "is_directed": false, "target": 71, "name": "3-71"}}, {"data": {"source": 3, "Lift": 1.3235, "is_directed": false, "target": 73, "name": "3-73"}}, {"data": {"source": 3, "Lift": 1.3154, "is_directed": false, "target": 74, "name": "3-74"}}, {"data": {"source": 3, "Lift": 1.0539, "is_directed": false, "target": 79, "name": "3-79"}}, {"data": {"source": 3, "Lift": 1.0719, "is_directed": false, "target": 82, "name": "3-82"}}, {"data": {"source": 3, "Lift": 1.0194, "is_directed": false, "target": 86, "name": "3-86"}}, {"data": {"source": 3, "Lift": 1.1064, "is_directed": false, "target": 87, "name": "3-87"}}, {"data": {"source": 3, "Lift": 1.1536, "is_directed": false, "target": 89, "name": "3-89"}}, {"data": {"source": 3, "Lift": 1.3656, "is_directed": false, "target": 90, "name": "3-90"}}, {"data": {"source": 3, "Lift": 1.781, "is_directed": false, "target": 91, "name": "3-91"}}, {"data": {"source": 3, "Lift": 1.1174, "is_directed": false, "target": 92, "name": "3-92"}}, {"data": {"source": 3, "Lift": 1.0571, "is_directed": false, "target": 93, "name": "3-93"}}, {"data": {"source": 3, "Lift": 1.4534, "is_directed": false, "target": 95, "name": "3-95"}}, {"data": {"source": 3, "Lift": 1.1804, "is_directed": false, "target": 98, "name": "3-98"}}, {"data": {"source": 3, "Lift": 1.0081, "is_directed": false, "target": 99, "name": "3-99"}}, {"data": {"source": 3, "Lift": 1.5028, "is_directed": false, "target": 100, "name": "3-100"}}, {"data": {"source": 3, "Lift": 1.1385, "is_directed": false, "target": 101, "name": "3-101"}}, {"data": {"source": 3, "Lift": 1.1908, "is_directed": false, "target": 102, "name": "3-102"}}, {"data": {"source": 3, "Lift": 1.8713, "is_directed": false, "target": 103, "name": "3-103"}}, {"data": {"source": 3, "Lift": 1.3002, "is_directed": false, "target": 106, "name": "3-106"}}, {"data": {"source": 3, "Lift": 1.0802, "is_directed": false, "target": 107, "name": "3-107"}}, {"data": {"source": 3, "Lift": 1.3391, "is_directed": false, "target": 108, "name": "3-108"}}, {"data": {"source": 5, "Lift": 31.228, "is_directed": false, "target": 6, "name": "5-6"}}, {"data": {"source": 7, "Lift": 16.682, "is_directed": false, "target": 68, "name": "7-68"}}, {"data": {"source": 7, "Lift": 8.0966, "is_directed": false, "target": 8, "name": "7-8"}}, {"data": {"source": 7, "Lift": 5.1021, "is_directed": false, "target": 9, "name": "7-9"}}, {"data": {"source": 7, "Lift": 3.6252, "is_directed": false, "target": 10, "name": "7-10"}}, {"data": {"source": 7, "Lift": 4.4041, "is_directed": false, "target": 11, "name": "7-11"}}, {"data": {"source": 7, "Lift": 4.4731, "is_directed": false, "target": 12, "name": "7-12"}}, {"data": {"source": 7, "Lift": 2.7024, "is_directed": false, "target": 25, "name": "7-25"}}, {"data": {"source": 8, "Lift": 6.1482, "is_directed": false, "target": 9, "name": "8-9"}}, {"data": {"source": 8, "Lift": 3.9541, "is_directed": false, "target": 10, "name": "8-10"}}, {"data": {"source": 8, "Lift": 3.5798, "is_directed": false, "target": 11, "name": "8-11"}}, {"data": {"source": 8, "Lift": 3.3681, "is_directed": false, "target": 12, "name": "8-12"}}, {"data": {"source": 9, "Lift": 7.224, "is_directed": false, "target": 68, "name": "9-68"}}, {"data": {"source": 9, "Lift": 3.128, "is_directed": false, "target": 10, "name": "9-10"}}, {"data": {"source": 9, "Lift": 2.3539, "is_directed": false, "target": 11, "name": "9-11"}}, {"data": {"source": 9, "Lift": 2.9134, "is_directed": false, "target": 12, "name": "9-12"}}, {"data": {"source": 10, "Lift": 3.6885, "is_directed": false, "target": 98, "name": "10-98"}}, {"data": {"source": 10, "Lift": 5.1943, "is_directed": false, "target": 68, "name": "10-68"}}, {"data": {"source": 10, "Lift": 2.6623, "is_directed": false, "target": 103, "name": "10-103"}}, {"data": {"source": 10, "Lift": 2.0879, "is_directed": false, "target": 11, "name": "10-11"}}, {"data": {"source": 10, "Lift": 2.0024, "is_directed": false, "target": 12, "name": "10-12"}}, {"data": {"source": 10, "Lift": 3.3709, "is_directed": false, "target": 79, "name": "10-79"}}, {"data": {"source": 11, "Lift": 4.9233, "is_directed": false, "target": 68, "name": "11-68"}}, {"data": {"source": 11, "Lift": 2.0509, "is_directed": false, "target": 12, "name": "11-12"}}, {"data": {"source": 11, "Lift": 2.1205, "is_directed": false, "target": 80, "name": "11-80"}}, {"data": {"source": 11, "Lift": 2.3888, "is_directed": false, "target": 53, "name": "11-53"}}, {"data": {"source": 11, "Lift": 2.2938, "is_directed": false, "target": 27, "name": "11-27"}}, {"data": {"source": 11, "Lift": 2.0299, "is_directed": false, "target": 28, "name": "11-28"}}, {"data": {"source": 12, "Lift": 1.8878, "is_directed": false, "target": 32, "name": "12-32"}}, {"data": {"source": 12, "Lift": 2.6064, "is_directed": false, "target": 33, "name": "12-33"}}, {"data": {"source": 12, "Lift": 2.9693, "is_directed": false, "target": 36, "name": "12-36"}}, {"data": {"source": 12, "Lift": 2.1324, "is_directed": false, "target": 65, "name": "12-65"}}, {"data": {"source": 12, "Lift": 2.2632, "is_directed": false, "target": 75, "name": "12-75"}}, {"data": {"source": 12, "Lift": 4.9889, "is_directed": false, "target": 68, "name": "12-68"}}, {"data": {"source": 12, "Lift": 2.1875, "is_directed": false, "target": 31, "name": "12-31"}}, {"data": {"source": 14, "Lift": 1.1913, "is_directed": false, "target": 18, "name": "14-18"}}, {"data": {"source": 14, "Lift": 1.7666, "is_directed": false, "target": 44, "name": "14-44"}}, {"data": {"source": 14, "Lift": 4.2062, "is_directed": false, "target": 15, "name": "14-15"}}, {"data": {"source": 16, "Lift": 1.3826, "is_directed": false, "target": 64, "name": "16-64"}}, {"data": {"source": 16, "Lift": 1.2623, "is_directed": false, "target": 67, "name": "16-67"}}, {"data": {"source": 16, "Lift": 1.1951, "is_directed": false, "target": 100, "name": "16-100"}}, {"data": {"source": 16, "Lift": 1.1775, "is_directed": false, "target": 69, "name": "16-69"}}, {"data": {"source": 16, "Lift": 2.0063, "is_directed": false, "target": 40, "name": "16-40"}}, {"data": {"source": 16, "Lift": 2.1097, "is_directed": false, "target": 41, "name": "16-41"}}, {"data": {"source": 16, "Lift": 1.1371, "is_directed": false, "target": 74, "name": "16-74"}}, {"data": {"source": 16, "Lift": 1.0241, "is_directed": false, "target": 18, "name": "16-18"}}, {"data": {"source": 16, "Lift": 1.2338, "is_directed": false, "target": 46, "name": "16-46"}}, {"data": {"source": 16, "Lift": 1.6323, "is_directed": false, "target": 17, "name": "16-17"}}, {"data": {"source": 16, "Lift": 1.3152, "is_directed": false, "target": 50, "name": "16-50"}}, {"data": {"source": 16, "Lift": 1.3528, "is_directed": false, "target": 21, "name": "16-21"}}, {"data": {"source": 16, "Lift": 1.3363, "is_directed": false, "target": 22, "name": "16-22"}}, {"data": {"source": 16, "Lift": 1.1873, "is_directed": false, "target": 56, "name": "16-56"}}, {"data": {"source": 16, "Lift": 1.2335, "is_directed": false, "target": 58, "name": "16-58"}}, {"data": {"source": 16, "Lift": 1.255, "is_directed": false, "target": 91, "name": "16-91"}}, {"data": {"source": 16, "Lift": 1.6399, "is_directed": false, "target": 93, "name": "16-93"}}, {"data": {"source": 16, "Lift": 1.4541, "is_directed": false, "target": 30, "name": "16-30"}}, {"data": {"source": 16, "Lift": 1.6016, "is_directed": false, "target": 85, "name": "16-85"}}, {"data": {"source": 17, "Lift": 1.0668, "is_directed": false, "target": 18, "name": "17-18"}}, {"data": {"source": 18, "Lift": 1.0012, "is_directed": false, "target": 23, "name": "18-23"}}, {"data": {"source": 18, "Lift": 1.074, "is_directed": false, "target": 30, "name": "18-30"}}, {"data": {"source": 18, "Lift": 1.2008, "is_directed": false, "target": 31, "name": "18-31"}}, {"data": {"source": 18, "Lift": 1.2578, "is_directed": false, "target": 33, "name": "18-33"}}, {"data": {"source": 18, "Lift": 1.3304, "is_directed": false, "target": 35, "name": "18-35"}}, {"data": {"source": 18, "Lift": 1.1998, "is_directed": false, "target": 36, "name": "18-36"}}, {"data": {"source": 18, "Lift": 1.0614, "is_directed": false, "target": 38, "name": "18-38"}}, {"data": {"source": 18, "Lift": 1.0488, "is_directed": false, "target": 43, "name": "18-43"}}, {"data": {"source": 18, "Lift": 1.0235, "is_directed": false, "target": 55, "name": "18-55"}}, {"data": {"source": 18, "Lift": 1.0464, "is_directed": false, "target": 56, "name": "18-56"}}, {"data": {"source": 18, "Lift": 1.0638, "is_directed": false, "target": 58, "name": "18-58"}}, {"data": {"source": 18, "Lift": 1.0138, "is_directed": false, "target": 61, "name": "18-61"}}, {"data": {"source": 18, "Lift": 1.1862, "is_directed": false, "target": 71, "name": "18-71"}}, {"data": {"source": 18, "Lift": 1.0028, "is_directed": false, "target": 72, "name": "18-72"}}, {"data": {"source": 18, "Lift": 1.0801, "is_directed": false, "target": 75, "name": "18-75"}}, {"data": {"source": 18, "Lift": 1.1842, "is_directed": false, "target": 84, "name": "18-84"}}, {"data": {"source": 18, "Lift": 1.3161, "is_directed": false, "target": 87, "name": "18-87"}}, {"data": {"source": 18, "Lift": 1.1456, "is_directed": false, "target": 91, "name": "18-91"}}, {"data": {"source": 18, "Lift": 1.0285, "is_directed": false, "target": 96, "name": "18-96"}}, {"data": {"source": 18, "Lift": 1.3161, "is_directed": false, "target": 99, "name": "18-99"}}, {"data": {"source": 18, "Lift": 1.0239, "is_directed": false, "target": 100, "name": "18-100"}}, {"data": {"source": 18, "Lift": 1.3142, "is_directed": false, "target": 104, "name": "18-104"}}, {"data": {"source": 18, "Lift": 1.1261, "is_directed": false, "target": 106, "name": "18-106"}}, {"data": {"source": 18, "Lift": 1.1734, "is_directed": false, "target": 107, "name": "18-107"}}, {"data": {"source": 18, "Lift": 1.0568, "is_directed": false, "target": 108, "name": "18-108"}}, {"data": {"source": 19, "Lift": 1.2449, "is_directed": false, "target": 20, "name": "19-20"}}, {"data": {"source": 19, "Lift": 1.2255, "is_directed": false, "target": 23, "name": "19-23"}}, {"data": {"source": 19, "Lift": 1.0302, "is_directed": false, "target": 27, "name": "19-27"}}, {"data": {"source": 19, "Lift": 1.1873, "is_directed": false, "target": 28, "name": "19-28"}}, {"data": {"source": 19, "Lift": 1.1868, "is_directed": false, "target": 29, "name": "19-29"}}, {"data": {"source": 19, "Lift": 1.0455, "is_directed": false, "target": 39, "name": "19-39"}}, {"data": {"source": 19, "Lift": 1.2315, "is_directed": false, "target": 44, "name": "19-44"}}, {"data": {"source": 19, "Lift": 1.3022, "is_directed": false, "target": 45, "name": "19-45"}}, {"data": {"source": 19, "Lift": 1.0683, "is_directed": false, "target": 51, "name": "19-51"}}, {"data": {"source": 19, "Lift": 1.0102, "is_directed": false, "target": 55, "name": "19-55"}}, {"data": {"source": 19, "Lift": 1.1435, "is_directed": false, "target": 56, "name": "19-56"}}, {"data": {"source": 19, "Lift": 1.0274, "is_directed": false, "target": 58, "name": "19-58"}}, {"data": {"source": 19, "Lift": 1.0581, "is_directed": false, "target": 75, "name": "19-75"}}, {"data": {"source": 19, "Lift": 1.0082, "is_directed": false, "target": 81, "name": "19-81"}}, {"data": {"source": 19, "Lift": 1.0445, "is_directed": false, "target": 82, "name": "19-82"}}, {"data": {"source": 19, "Lift": 1.1043, "is_directed": false, "target": 83, "name": "19-83"}}, {"data": {"source": 19, "Lift": 1.0838, "is_directed": false, "target": 84, "name": "19-84"}}, {"data": {"source": 19, "Lift": 1.0399, "is_directed": false, "target": 88, "name": "19-88"}}, {"data": {"source": 19, "Lift": 1.0827, "is_directed": false, "target": 92, "name": "19-92"}}, {"data": {"source": 19, "Lift": 1.0576, "is_directed": false, "target": 94, "name": "19-94"}}, {"data": {"source": 19, "Lift": 1.1444, "is_directed": false, "target": 96, "name": "19-96"}}, {"data": {"source": 19, "Lift": 1.0954, "is_directed": false, "target": 106, "name": "19-106"}}, {"data": {"source": 19, "Lift": 1.094, "is_directed": false, "target": 107, "name": "19-107"}}, {"data": {"source": 25, "Lift": 2.8919, "is_directed": false, "target": 26, "name": "25-26"}}, {"data": {"source": 25, "Lift": 1.4937, "is_directed": false, "target": 44, "name": "25-44"}}, {"data": {"source": 25, "Lift": 2.4738, "is_directed": false, "target": 47, "name": "25-47"}}, {"data": {"source": 27, "Lift": 73.549, "is_directed": false, "target": 28, "name": "27-28"}}, {"data": {"source": 27, "Lift": 6.1753, "is_directed": false, "target": 29, "name": "27-29"}}, {"data": {"source": 27, "Lift": 4.4292, "is_directed": false, "target": 30, "name": "27-30"}}, {"data": {"source": 28, "Lift": 8.1592, "is_directed": false, "target": 29, "name": "28-29"}}, {"data": {"source": 28, "Lift": 4.612, "is_directed": false, "target": 30, "name": "28-30"}}, {"data": {"source": 30, "Lift": 3.6251, "is_directed": false, "target": 40, "name": "30-40"}}, {"data": {"source": 30, "Lift": 4.7782, "is_directed": false, "target": 41, "name": "30-41"}}, {"data": {"source": 30, "Lift": 3.1761, "is_directed": false, "target": 31, "name": "30-31"}}, {"data": {"source": 37, "Lift": 6.479, "is_directed": false, "target": 66, "name": "37-66"}}, {"data": {"source": 37, "Lift": 9.2878, "is_directed": false, "target": 38, "name": "37-38"}}, {"data": {"source": 38, "Lift": 2.0678, "is_directed": false, "target": 39, "name": "38-39"}}, {"data": {"source": 40, "Lift": 57.203, "is_directed": false, "target": 41, "name": "40-41"}}, {"data": {"source": 44, "Lift": 1.5528, "is_directed": false, "target": 52, "name": "44-52"}}, {"data": {"source": 44, "Lift": 1.5748, "is_directed": false, "target": 45, "name": "44-45"}}, {"data": {"source": 48, "Lift": 6.5112, "is_directed": false, "target": 49, "name": "48-49"}}, {"data": {"source": 53, "Lift": 13.542, "is_directed": false, "target": 80, "name": "53-80"}}, {"data": {"source": 53, "Lift": 11.654, "is_directed": false, "target": 54, "name": "53-54"}}, {"data": {"source": 56, "Lift": 2.5572, "is_directed": false, "target": 72, "name": "56-72"}}, {"data": {"source": 56, "Lift": 1.9562, "is_directed": false, "target": 57, "name": "56-57"}}, {"data": {"source": 59, "Lift": 12.27, "is_directed": false, "target": 60, "name": "59-60"}}, {"data": {"source": 59, "Lift": 9.9365, "is_directed": false, "target": 77, "name": "59-77"}}, {"data": {"source": 60, "Lift": 2.3765, "is_directed": false, "target": 61, "name": "60-61"}}, {"data": {"source": 64, "Lift": 16.946, "is_directed": false, "target": 65, "name": "64-65"}}, {"data": {"source": 70, "Lift": 17.299, "is_directed": false, "target": 71, "name": "70-71"}}, {"data": {"source": 73, "Lift": 5.3524, "is_directed": false, "target": 74, "name": "73-74"}}, {"data": {"source": 73, "Lift": 3.1115, "is_directed": false, "target": 108, "name": "73-108"}}, {"data": {"source": 73, "Lift": 3.6851, "is_directed": false, "target": 101, "name": "73-101"}}, {"data": {"source": 73, "Lift": 2.6869, "is_directed": false, "target": 103, "name": "73-103"}}, {"data": {"source": 82, "Lift": 11.698, "is_directed": false, "target": 83, "name": "82-83"}}, {"data": {"source": 91, "Lift": 7.6748, "is_directed": false, "target": 92, "name": "91-92"}}]}, "data": {"description": "<h1>\u75e4\u7621(\u9752\u6625\u75d8)\u4e2d\u91ab\u6cbb\u7642\u5716\u8b5c</h1><h2>ACNE_(Support=0.75%, Confidence=20.0%)</h2>", "name": "ACNE_(Support=0.75%, Confidence=20.0%)", "tags": ["ACNE", "\u75e4\u7621(\u9752\u6625\u75d8)\u4e2d\u91ab\u6cbb\u7642\u5716\u8b5c"]}}