{"elements": {"nodes": [{"data": {"popup": " ", "name": 0, "myGroup": "G0", "label": "\u6e05\u4e0a\u9632\u98a8\u6e6f", "nodeSupportPercent": 31.194, "id": 0}}, {"data": {"popup": " ", "name": 1, "myGroup": "G0", "label": "\u9999\u7802\u516d\u541b\u5b50\u6e6f", "nodeSupportPercent": 1.01, "id": 1}}, {"data": {"popup": "  \u6c23(\u5bd2) \u5473(\u82e6) \u7d93\u7d61(\u5fc3,\u80ba,\u5c0f\u8178) \u4f5c\u7528(infection,skin whitening)", "name": 2, "myGroup": "G1", "label": "\u9023\u7ff9", "nodeSupportPercent": 22.265, "id": 2}}, {"data": {"popup": " ", "name": 3, "myGroup": "G1", "label": "\u7389\u5973\u714e", "nodeSupportPercent": 1.05, "id": 3}}, {"data": {"popup": "  \u6c23(\u6eab) \u5473(\u8f9b,\u82e6) \u7d93\u7d61(\u80ba,\u8180\u80f1) \u4f5c\u7528(mood)", "name": 4, "myGroup": "G1", "label": "\u9ebb\u9ec3", "nodeSupportPercent": 1.04, "id": 4}}, {"data": {"popup": "  \u4f5c\u7528(skin whitening)", "name": 5, "myGroup": "G2", "label": "\u4ed9\u65b9\u6d3b\u547d\u98f2", "nodeSupportPercent": 27.866, "id": 5}}, {"data": {"popup": "  \u6c23(\u5bd2) \u5473(\u7518,\u82e6) \u7d93\u7d61(\u809d,\u80ba,\u80c3)", "name": 6, "myGroup": "G2", "label": "\u767d\u53ca", "nodeSupportPercent": 1.01, "id": 6}}, {"data": {"popup": "  \u4f5c\u7528(inflammation)", "name": 7, "myGroup": "G1", "label": "\u9ebb\u674f\u7518\u77f3\u6e6f", "nodeSupportPercent": 1.18, "id": 7}}, {"data": {"popup": " ", "name": 8, "myGroup": "G2", "label": "\u7d2b\u8349\u6839", "nodeSupportPercent": 1.09, "id": 8}}, {"data": {"popup": "  \u6c23(\u5bd2) \u5473(\u7518,\u9178) \u7d93\u7d61(\u809d,\u814e) \u4f5c\u7528(hormone)", "name": 9, "myGroup": "G3", "label": "\u65f1\u84ee\u8349", "nodeSupportPercent": 0.98262, "id": 9}}, {"data": {"popup": "  \u6c23(\u6dbc) \u5473(\u7518,\u82e6) \u7d93\u7d61(\u809d,\u814e) \u4f5c\u7528(bacteria,hormone,inflammation,mood)", "name": 10, "myGroup": "G3", "label": "\u5973\u8c9e\u5b50", "nodeSupportPercent": 1.15, "id": 10}}, {"data": {"popup": " ", "name": 11, "myGroup": "G1", "label": "\u6eab\u81bd\u6e6f", "nodeSupportPercent": 1.17, "id": 11}}, {"data": {"popup": "  \u6c23(\u5bd2) \u5473(\u82e6) \u7d93\u7d61(\u5fc3,\u80c3) \u4f5c\u7528(bacteria,infection,inflammation)", "name": 12, "myGroup": "G0", "label": "\u677f\u85cd\u6839", "nodeSupportPercent": 1.02, "id": 12}}, {"data": {"popup": "  \u4f5c\u7528(hormone,mood)", "name": 13, "myGroup": "G0", "label": "\u900d\u9059\u6563", "nodeSupportPercent": 1.48, "id": 13}}, {"data": {"popup": " ", "name": 14, "myGroup": "G0", "label": "\u6f64\u8178\u4e38", "nodeSupportPercent": 1.51, "id": 14}}, {"data": {"popup": "  \u4f5c\u7528(hormone,infection,mood)", "name": 15, "myGroup": "G3", "label": "\u52a0\u5473\u900d\u9059\u6563", "nodeSupportPercent": 17.622, "id": 15}}, {"data": {"popup": "  \u6c23(\u5e73) \u5473(\u7518,\u82e6) \u7d93\u7d61(\u809d,\u5fc3)", "name": 16, "myGroup": "G0", "label": "\u591c\u4ea4\u85e4", "nodeSupportPercent": 1.28, "id": 16}}, {"data": {"popup": "  \u6c23(\u5bd2) \u5473(\u82e6) \u7d93\u7d61(\u814e,\u5927\u8178,\u8180\u80f1)", "name": 17, "myGroup": "G4", "label": "\u9ec3\u67cf", "nodeSupportPercent": 3.7074, "id": 17}}, {"data": {"popup": "  \u6c23(\u6eab) \u5473(\u8f9b,\u82e6) \u7d93\u7d61(\u813e,\u80c3) \u4f5c\u7528(bacteria,hormone,mood)", "name": 18, "myGroup": "G4", "label": "\u84bc\u672e", "nodeSupportPercent": 1.51, "id": 18}}, {"data": {"popup": "  \u6c23(\u6eab) \u5473(\u8f9b) \u7d93\u7d61(\u809d,\u80ba)", "name": 19, "myGroup": "G1", "label": "\u834a\u82a5", "nodeSupportPercent": 1.8691, "id": 19}}, {"data": {"popup": "  \u6c23(\u6eab) \u5473(\u8f9b,\u7518) \u7d93\u7d61(\u809d,\u813e,\u8180\u80f1) \u4f5c\u7528(bacteria,mood)", "name": 20, "myGroup": "G1", "label": "\u9632\u98a8", "nodeSupportPercent": 1.32, "id": 20}}, {"data": {"popup": "  \u6c23(\u6eab) \u5473(\u8f9b) \u7d93\u7d61(\u813e,\u80c3) \u4f5c\u7528(bacteria,infection,inflammation)", "name": 21, "myGroup": "G5", "label": "\u7802\u4ec1", "nodeSupportPercent": 3.8736, "id": 21}}, {"data": {"popup": " ", "name": 22, "myGroup": "G5", "label": "\u7099\u7518\u8349", "nodeSupportPercent": 1.55, "id": 22}}, {"data": {"popup": "  \u6c23(\u5bd2) \u5473(\u7518,\u82e6) \u7d93\u7d61(\u80ba,\u80c3) \u4f5c\u7528(bacteria,hormone,inflammation,mood,skin whitening)", "name": 23, "myGroup": "G5", "label": "\u5929\u82b1\u7c89", "nodeSupportPercent": 4.299, "id": 23}}, {"data": {"popup": "  \u6c23(\u5bd2) \u5473(\u82e6) \u7d93\u7d61(\u809d,\u80ba,\u81bd,\u5927\u8178,\u80c3) \u4f5c\u7528(bacteria,infection)", "name": 24, "myGroup": "G5", "label": "\u9ec3\u82a9", "nodeSupportPercent": 8.3438, "id": 24}}, {"data": {"popup": "  \u6c23(\u5bd2) \u5473(\u82e6) \u7d93\u7d61(\u809d,\u5fc3,\u813e,\u5927\u8178,\u80c3) \u4f5c\u7528(bacteria,hormone,infection,inflammation,mood)", "name": 25, "myGroup": "G5", "label": "\u5927\u9ec3", "nodeSupportPercent": 11.088, "id": 25}}, {"data": {"popup": "  \u6c23(\u6eab) \u5473(\u8f9b) \u7d93\u7d61(\u80ba,\u5927\u8178,\u80c3) \u4f5c\u7528(bacteria,hormone,infection,inflammation,mood)", "name": 26, "myGroup": "G5", "label": "\u767d\u82b7", "nodeSupportPercent": 10.956, "id": 26}}, {"data": {"popup": "  \u6c23(\u6eab) \u5473(\u8f9b) \u7d93\u7d61(\u809d,\u5fc3) \u4f5c\u7528(bacteria,inflammation,mood)", "name": 27, "myGroup": "G2", "label": "\u7d05\u82b1", "nodeSupportPercent": 1.41, "id": 27}}, {"data": {"popup": "  \u6c23(\u5bd2) \u5473(\u7518) \u7d93\u7d61(\u813e,\u80ba,\u80c3) \u4f5c\u7528(inflammation)", "name": 28, "myGroup": "G1", "label": "\u858f\u82e1\u4ec1", "nodeSupportPercent": 11.752, "id": 28}}, {"data": {"popup": "  \u6c23(\u5bd2) \u5473(\u8f9b,\u82e6) \u7d93\u7d61(\u809d,\u5927\u8178,\u80c3) \u4f5c\u7528(bacteria)", "name": 29, "myGroup": "G1", "label": "\u6557\u91ac\u8349", "nodeSupportPercent": 1.64, "id": 29}}, {"data": {"popup": "  \u6c23(\u5bd2) \u5473(\u8f9b,\u82e6) \u7d93\u7d61(\u809d,\u5fc3,\u814e) \u4f5c\u7528(bacteria,hormone,infection,inflammation,mood)", "name": 30, "myGroup": "G6", "label": "\u7261\u4e39\u76ae", "nodeSupportPercent": 7.8277, "id": 30}}, {"data": {"popup": "  \u6c23(\u5bd2) \u5473(\u7518) \u7d93\u7d61(\u80ba,\u814e)", "name": 31, "myGroup": "G6", "label": "\u5730\u9aa8\u76ae", "nodeSupportPercent": 1.51, "id": 31}}, {"data": {"popup": " ", "name": 32, "myGroup": "G2", "label": "\u84ba\u85dc", "nodeSupportPercent": 1.31, "id": 32}}, {"data": {"popup": "  \u6c23(\u5bd2) \u5473(\u7518,\u82e6) \u7d93\u7d61(\u80ba,\u814e,\u80c3) \u4f5c\u7528(infection,inflammation)", "name": 33, "myGroup": "G4", "label": "\u77e5\u6bcd", "nodeSupportPercent": 1.64, "id": 33}}, {"data": {"popup": "  \u6c23(\u5bd2) \u5473(\u8f9b) \u7d93\u7d61(\u80ba)", "name": 34, "myGroup": "G0", "label": "\u9b5a\u8165\u8349", "nodeSupportPercent": 1.9, "id": 34}}, {"data": {"popup": "  \u6c23(\u5bd2) \u5473(\u82e6) \u7d93\u7d61(\u813e,\u80c3) \u4f5c\u7528(inflammation,mood)", "name": 35, "myGroup": "G0", "label": "\u767d\u9bae\u76ae", "nodeSupportPercent": 3.6906, "id": 35}}, {"data": {"popup": "  \u6c23(\u5bd2) \u5473(\u82e6) \u7d93\u7d61(\u8180\u80f1)", "name": 36, "myGroup": "G0", "label": "\u5730\u819a\u5b50", "nodeSupportPercent": 1.74, "id": 36}}, {"data": {"popup": "  \u6c23(\u5bd2) \u5473(\u7518) \u7d93\u7d61(\u809d,\u5fc3)", "name": 37, "myGroup": "G2", "label": "\u7d2b\u8349", "nodeSupportPercent": 2.03, "id": 37}}, {"data": {"popup": "  \u6c23(\u5bd2) \u5473(\u8f9b,\u7518) \u7d93\u7d61(\u80ba,\u80c3) \u4f5c\u7528(hormone,infection)", "name": 38, "myGroup": "G2", "label": "\u77f3\u818f", "nodeSupportPercent": 2.4, "id": 38}}, {"data": {"popup": " ", "name": 39, "myGroup": "G0", "label": "\u9632\u98a8\u901a\u8056\u6563", "nodeSupportPercent": 2.81, "id": 39}}, {"data": {"popup": "  \u4f5c\u7528(bacteria,infection,inflammation,mood)", "name": 40, "myGroup": "G1", "label": "\u5c0f\u67f4\u80e1\u6e6f", "nodeSupportPercent": 2.84, "id": 40}}, {"data": {"popup": "  \u6c23(\u5bd2) \u5473(\u7518) \u7d93\u7d61(\u80ba) \u4f5c\u7528(bacteria,inflammation,mood)", "name": 41, "myGroup": "G2", "label": "\u6851\u767d\u76ae", "nodeSupportPercent": 6.0576, "id": 41}}, {"data": {"popup": "  \u6c23(\u5e73) \u5473(\u82e6) \u7d93\u7d61(\u80ba,\u80c3) \u4f5c\u7528(hormone,inflammation)", "name": 42, "myGroup": "G2", "label": "\u6787\u6777\u8449", "nodeSupportPercent": 2.44, "id": 42}}, {"data": {"popup": "  \u6c23(\u5bd2) \u5473(\u7518,\u82e6) \u7d93\u7d61(\u809d,\u80c3) \u4f5c\u7528(mood)", "name": 43, "myGroup": "G0", "label": "\u84b2\u516c\u82f1", "nodeSupportPercent": 19.193, "id": 43}}, {"data": {"popup": "  \u6c23(\u5bd2) \u5473(\u7518) \u7d93\u7d61(\u809d,\u80ba)", "name": 44, "myGroup": "G0", "label": "\u87ec\u86fb", "nodeSupportPercent": 2.58, "id": 44}}, {"data": {"popup": "  \u6c23(\u5e73) \u5473(\u8f9b,\u82e6) \u7d93\u7d61(\u80ba) \u4f5c\u7528(inflammation)", "name": 45, "myGroup": "G1", "label": "\u6854\u6897", "nodeSupportPercent": 2.87, "id": 45}}, {"data": {"popup": " ", "name": 46, "myGroup": "G0", "label": "\u9ebb\u5b50\u4ec1\u4e38", "nodeSupportPercent": 3.68, "id": 46}}, {"data": {"popup": "  \u6c23(\u5bd2) \u5473(\u82e6) \u7d93\u7d61(\u809d,\u5fc3,\u5927\u8178,\u80c3)", "name": 47, "myGroup": "G5", "label": "\u9ec3\u9023", "nodeSupportPercent": 3.01, "id": 47}}, {"data": {"popup": "  \u6c23(\u5bd2) \u5473(\u8f9b,\u82e6) \u7d93\u7d61(\u809d,\u81bd) \u4f5c\u7528(bacteria,hormone)", "name": 48, "myGroup": "G2", "label": "\u590f\u67af\u8349", "nodeSupportPercent": 3.27, "id": 48}}, {"data": {"popup": "  \u6c23(\u5bd2) \u5473(\u7518,\u82e6,\u9e79) \u7d93\u7d61(\u80ba,\u814e,\u80c3) \u4f5c\u7528(hormone,inflammation)", "name": 49, "myGroup": "G1", "label": "\u7384\u53c3", "nodeSupportPercent": 3.33, "id": 49}}, {"data": {"popup": "  \u6c23(\u5bd2) \u5473(\u82e6) \u4f5c\u7528(bacteria)", "name": 50, "myGroup": "G1", "label": "\u8c9d\u6bcd", "nodeSupportPercent": 3.12, "id": 50}}, {"data": {"popup": "  \u6c23(\u5bd2) \u5473(\u7518,\u82e6) \u7d93\u7d61(\u5c0f\u8178,\u5927\u8178,\u80c3) \u4f5c\u7528(inflammation,mood)", "name": 51, "myGroup": "G0", "label": "\u767d\u82b1\u86c7\u820c\u8349", "nodeSupportPercent": 3.45, "id": 51}}, {"data": {"popup": "  \u6c23(\u5bd2) \u5473(\u82e6) \u7d93\u7d61(\u5fc3,\u80ba,\u80c3,\u4e09\u7126) \u4f5c\u7528(hormone,infection,mood)", "name": 52, "myGroup": "G1", "label": "\u6894\u5b50", "nodeSupportPercent": 3.48, "id": 52}}, {"data": {"popup": " ", "name": 53, "myGroup": "G2", "label": "\u6563\u816b\u6f70\u5805\u6e6f", "nodeSupportPercent": 5.34, "id": 53}}, {"data": {"popup": "  \u6c23(\u5bd2) \u5473(\u8f9b,\u82e6) \u7d93\u7d61(\u809d,\u5fc3)", "name": 54, "myGroup": "G0", "label": "\u7d2b\u82b1\u5730\u4e01", "nodeSupportPercent": 5.18, "id": 54}}, {"data": {"popup": "  \u6c23(\u5e73) \u5473(\u7518) \u7d93\u7d61(\u809d,\u80c3) \u4f5c\u7528(hormone,inflammation,mood)", "name": 55, "myGroup": "G2", "label": "\u571f\u832f\u82d3", "nodeSupportPercent": 5.02, "id": 55}}, {"data": {"popup": "  \u6c23(\u6eab) \u5473(\u8f9b)", "name": 56, "myGroup": "G0", "label": "\u7682\u523a", "nodeSupportPercent": 4.86, "id": 56}}, {"data": {"popup": " ", "name": 57, "myGroup": "G0", "label": "\u9ec3\u9023\u89e3\u6bd2\u6e6f", "nodeSupportPercent": 10.2, "id": 57}}, {"data": {"popup": "  \u6c23(\u5bd2) \u5473(\u7518) \u7d93\u7d61(\u80ba,\u5927\u8178,\u80c3) \u4f5c\u7528(bacteria,infection,inflammation)", "name": 58, "myGroup": "G1", "label": "\u91d1\u9280\u82b1", "nodeSupportPercent": 13.4, "id": 58}}], "edges": [{"data": {"source": 0, "Lift": 1.0581, "is_directed": false, "target": 32, "name": "0-32"}}, {"data": {"source": 0, "Lift": 1.2449, "is_directed": false, "target": 1, "name": "0-1"}}, {"data": {"source": 0, "Lift": 1.0082, "is_directed": false, "target": 34, "name": "0-34"}}, {"data": {"source": 0, "Lift": 1.0445, "is_directed": false, "target": 35, "name": "0-35"}}, {"data": {"source": 0, "Lift": 1.1043, "is_directed": false, "target": 36, "name": "0-36"}}, {"data": {"source": 0, "Lift": 1.0838, "is_directed": false, "target": 37, "name": "0-37"}}, {"data": {"source": 0, "Lift": 1.0399, "is_directed": false, "target": 39, "name": "0-39"}}, {"data": {"source": 0, "Lift": 1.0576, "is_directed": false, "target": 44, "name": "0-44"}}, {"data": {"source": 0, "Lift": 1.0827, "is_directed": false, "target": 42, "name": "0-42"}}, {"data": {"source": 0, "Lift": 1.18, "is_directed": false, "target": 43, "name": "0-43"}}, {"data": {"source": 0, "Lift": 1.3022, "is_directed": false, "target": 12, "name": "0-12"}}, {"data": {"source": 0, "Lift": 1.0683, "is_directed": false, "target": 13, "name": "0-13"}}, {"data": {"source": 0, "Lift": 1.0102, "is_directed": false, "target": 14, "name": "0-14"}}, {"data": {"source": 0, "Lift": 1.0274, "is_directed": false, "target": 16, "name": "0-16"}}, {"data": {"source": 0, "Lift": 1.1868, "is_directed": false, "target": 51, "name": "0-51"}}, {"data": {"source": 0, "Lift": 1.1444, "is_directed": false, "target": 46, "name": "0-46"}}, {"data": {"source": 0, "Lift": 1.0954, "is_directed": false, "target": 54, "name": "0-54"}}, {"data": {"source": 0, "Lift": 1.094, "is_directed": false, "target": 56, "name": "0-56"}}, {"data": {"source": 0, "Lift": 1.0455, "is_directed": false, "target": 57, "name": "0-57"}}, {"data": {"source": 0, "Lift": 1.2315, "is_directed": false, "target": 58, "name": "0-58"}}, {"data": {"source": 0, "Lift": 1.1435, "is_directed": false, "target": 28, "name": "0-28"}}, {"data": {"source": 2, "Lift": 1.7679, "is_directed": false, "target": 3, "name": "2-3"}}, {"data": {"source": 2, "Lift": 1.6924, "is_directed": false, "target": 4, "name": "2-4"}}, {"data": {"source": 2, "Lift": 1.1623, "is_directed": false, "target": 5, "name": "2-5"}}, {"data": {"source": 2, "Lift": 1.4935, "is_directed": false, "target": 7, "name": "2-7"}}, {"data": {"source": 2, "Lift": 1.3656, "is_directed": false, "target": 40, "name": "2-40"}}, {"data": {"source": 2, "Lift": 1.781, "is_directed": false, "target": 41, "name": "2-41"}}, {"data": {"source": 2, "Lift": 1.3498, "is_directed": false, "target": 11, "name": "2-11"}}, {"data": {"source": 2, "Lift": 1.4534, "is_directed": false, "target": 45, "name": "2-45"}}, {"data": {"source": 2, "Lift": 1.5028, "is_directed": false, "target": 49, "name": "2-49"}}, {"data": {"source": 2, "Lift": 1.3505, "is_directed": false, "target": 50, "name": "2-50"}}, {"data": {"source": 2, "Lift": 1.8948, "is_directed": false, "target": 19, "name": "2-19"}}, {"data": {"source": 2, "Lift": 1.8713, "is_directed": false, "target": 52, "name": "2-52"}}, {"data": {"source": 2, "Lift": 2.0381, "is_directed": false, "target": 58, "name": "2-58"}}, {"data": {"source": 2, "Lift": 1.5569, "is_directed": false, "target": 28, "name": "2-28"}}, {"data": {"source": 5, "Lift": 1.0801, "is_directed": false, "target": 32, "name": "5-32"}}, {"data": {"source": 5, "Lift": 1.1842, "is_directed": false, "target": 37, "name": "5-37"}}, {"data": {"source": 5, "Lift": 1.3161, "is_directed": false, "target": 38, "name": "5-38"}}, {"data": {"source": 5, "Lift": 1.3304, "is_directed": false, "target": 8, "name": "5-8"}}, {"data": {"source": 5, "Lift": 1.1456, "is_directed": false, "target": 41, "name": "5-41"}}, {"data": {"source": 5, "Lift": 1.2274, "is_directed": false, "target": 43, "name": "5-43"}}, {"data": {"source": 5, "Lift": 1.3161, "is_directed": false, "target": 48, "name": "5-48"}}, {"data": {"source": 5, "Lift": 1.3142, "is_directed": false, "target": 53, "name": "5-53"}}, {"data": {"source": 5, "Lift": 1.1261, "is_directed": false, "target": 54, "name": "5-54"}}, {"data": {"source": 5, "Lift": 1.1913, "is_directed": false, "target": 55, "name": "5-55"}}, {"data": {"source": 5, "Lift": 1.1734, "is_directed": false, "target": 56, "name": "5-56"}}, {"data": {"source": 5, "Lift": 1.2578, "is_directed": false, "target": 6, "name": "5-6"}}, {"data": {"source": 5, "Lift": 1.1862, "is_directed": false, "target": 27, "name": "5-27"}}, {"data": {"source": 9, "Lift": 57.203, "is_directed": false, "target": 10, "name": "9-10"}}, {"data": {"source": 10, "Lift": 2.0063, "is_directed": false, "target": 15, "name": "10-15"}}, {"data": {"source": 17, "Lift": 9.9365, "is_directed": false, "target": 33, "name": "17-33"}}, {"data": {"source": 17, "Lift": 12.27, "is_directed": false, "target": 18, "name": "17-18"}}, {"data": {"source": 19, "Lift": 16.946, "is_directed": false, "target": 20, "name": "19-20"}}, {"data": {"source": 21, "Lift": 3.6252, "is_directed": false, "target": 24, "name": "21-24"}}, {"data": {"source": 21, "Lift": 4.4041, "is_directed": false, "target": 25, "name": "21-25"}}, {"data": {"source": 21, "Lift": 4.4731, "is_directed": false, "target": 26, "name": "21-26"}}, {"data": {"source": 21, "Lift": 16.682, "is_directed": false, "target": 22, "name": "21-22"}}, {"data": {"source": 22, "Lift": 5.1943, "is_directed": false, "target": 24, "name": "22-24"}}, {"data": {"source": 22, "Lift": 4.9233, "is_directed": false, "target": 25, "name": "22-25"}}, {"data": {"source": 22, "Lift": 4.9889, "is_directed": false, "target": 26, "name": "22-26"}}, {"data": {"source": 22, "Lift": 7.224, "is_directed": false, "target": 23, "name": "22-23"}}, {"data": {"source": 23, "Lift": 2.9134, "is_directed": false, "target": 26, "name": "23-26"}}, {"data": {"source": 24, "Lift": 3.6885, "is_directed": false, "target": 47, "name": "24-47"}}, {"data": {"source": 28, "Lift": 2.5572, "is_directed": false, "target": 29, "name": "28-29"}}, {"data": {"source": 30, "Lift": 5.3524, "is_directed": false, "target": 31, "name": "30-31"}}, {"data": {"source": 35, "Lift": 11.698, "is_directed": false, "target": 36, "name": "35-36"}}, {"data": {"source": 41, "Lift": 7.6748, "is_directed": false, "target": 42, "name": "41-42"}}, {"data": {"source": 43, "Lift": 1.7431, "is_directed": false, "target": 56, "name": "43-56"}}, {"data": {"source": 43, "Lift": 1.6193, "is_directed": false, "target": 44, "name": "43-44"}}, {"data": {"source": 43, "Lift": 2.7799, "is_directed": false, "target": 54, "name": "43-54"}}]}, "data": {"description": "<h1>\u75e4\u7621(\u9752\u6625\u75d8)\u4e2d\u91ab\u6cbb\u7642\u5716\u8b5c</h1><h2>ACNE_(Support=1.0%, Confidence=30.0%)</h2>", "name": "ACNE_(Support=1.0%, Confidence=30.0%)", "tags": ["ACNE", "\u75e4\u7621(\u9752\u6625\u75d8)\u4e2d\u91ab\u6cbb\u7642\u5716\u8b5c"]}}