{"elements": {"nodes": [{"data": {"popup": " ", "name": 0, "myGroup": "G0", "label": "\u6e05\u4e0a\u9632\u98a8\u6e6f", "nodeSupportPercent": 31.194, "id": 0}}, {"data": {"popup": " ", "name": 1, "myGroup": "G0", "label": "\u9999\u7802\u516d\u541b\u5b50\u6e6f", "nodeSupportPercent": 1.01, "id": 1}}, {"data": {"popup": "  \u4f5c\u7528(hormone,infection,mood)", "name": 2, "myGroup": "G1", "label": "\u52a0\u5473\u900d\u9059\u6563", "nodeSupportPercent": 17.622, "id": 2}}, {"data": {"popup": " ", "name": 3, "myGroup": "G1", "label": "\u7389\u5973\u714e", "nodeSupportPercent": 1.05, "id": 3}}, {"data": {"popup": "  \u6c23(\u5bd2) \u5473(\u82e6) \u7d93\u7d61(\u5fc3,\u80ba,\u5c0f\u8178) \u4f5c\u7528(infection,skin whitening)", "name": 4, "myGroup": "G2", "label": "\u9023\u7ff9", "nodeSupportPercent": 22.265, "id": 4}}, {"data": {"popup": "  \u6c23(\u5e73) \u5473(\u7518) \u7d93\u7d61(\u5fc3,\u813e,\u80ba,\u80c3) \u4f5c\u7528(bacteria,inflammation,mood)", "name": 5, "myGroup": "G2", "label": "\u7518\u8349", "nodeSupportPercent": 8.4479, "id": 5}}, {"data": {"popup": "  \u6c23(\u6eab) \u5473(\u8f9b,\u82e6) \u7d93\u7d61(\u80ba,\u8180\u80f1) \u4f5c\u7528(mood)", "name": 6, "myGroup": "G2", "label": "\u9ebb\u9ec3", "nodeSupportPercent": 1.04, "id": 6}}, {"data": {"popup": "  \u6c23(\u6eab) \u5473(\u8f9b) \u7d93\u7d61(\u80ba,\u5927\u8178,\u80c3) \u4f5c\u7528(bacteria,hormone,infection,inflammation,mood)", "name": 7, "myGroup": "G3", "label": "\u767d\u82b7", "nodeSupportPercent": 10.956, "id": 7}}, {"data": {"popup": "  \u6c23(\u5bd2) \u5473(\u7518,\u82e6) \u7d93\u7d61(\u809d,\u80ba,\u80c3)", "name": 8, "myGroup": "G3", "label": "\u767d\u53ca", "nodeSupportPercent": 1.01, "id": 8}}, {"data": {"popup": "  \u4f5c\u7528(skin whitening)", "name": 9, "myGroup": "G0", "label": "\u4ed9\u65b9\u6d3b\u547d\u98f2", "nodeSupportPercent": 27.866, "id": 9}}, {"data": {"popup": "  \u4f5c\u7528(inflammation)", "name": 10, "myGroup": "G2", "label": "\u9ebb\u674f\u7518\u77f3\u6e6f", "nodeSupportPercent": 1.18, "id": 10}}, {"data": {"popup": "  \u6c23(\u5bd2) \u5473(\u7518,\u82e6) \u7d93\u7d61(\u809d,\u80c3) \u4f5c\u7528(mood)", "name": 11, "myGroup": "G0", "label": "\u84b2\u516c\u82f1", "nodeSupportPercent": 19.193, "id": 11}}, {"data": {"popup": " ", "name": 12, "myGroup": "G0", "label": "\u7d2b\u8349\u6839", "nodeSupportPercent": 1.09, "id": 12}}, {"data": {"popup": "  \u6c23(\u5bd2) \u5473(\u7518,\u9178) \u7d93\u7d61(\u809d,\u814e) \u4f5c\u7528(hormone)", "name": 13, "myGroup": "G1", "label": "\u65f1\u84ee\u8349", "nodeSupportPercent": 0.98262, "id": 13}}, {"data": {"popup": "  \u6c23(\u6dbc) \u5473(\u7518,\u82e6) \u7d93\u7d61(\u809d,\u814e) \u4f5c\u7528(bacteria,hormone,inflammation,mood)", "name": 14, "myGroup": "G1", "label": "\u5973\u8c9e\u5b50", "nodeSupportPercent": 1.15, "id": 14}}, {"data": {"popup": " ", "name": 15, "myGroup": "G2", "label": "\u6eab\u81bd\u6e6f", "nodeSupportPercent": 1.17, "id": 15}}, {"data": {"popup": " ", "name": 16, "myGroup": "G0", "label": "\u67f4\u80e1\u52a0\u9f8d\u9aa8\u7261\u8823\u6e6f", "nodeSupportPercent": 1.25, "id": 16}}, {"data": {"popup": "  \u6c23(\u5bd2) \u5473(\u7518) \u7d93\u7d61(\u80ba,\u5927\u8178,\u80c3) \u4f5c\u7528(bacteria,infection,inflammation)", "name": 17, "myGroup": "G0", "label": "\u91d1\u9280\u82b1", "nodeSupportPercent": 13.419, "id": 17}}, {"data": {"popup": "  \u6c23(\u5bd2) \u5473(\u82e6) \u7d93\u7d61(\u5fc3,\u80c3) \u4f5c\u7528(bacteria,infection,inflammation)", "name": 18, "myGroup": "G0", "label": "\u677f\u85cd\u6839", "nodeSupportPercent": 1.02, "id": 18}}, {"data": {"popup": " ", "name": 19, "myGroup": "G1", "label": "\u5929\u738b\u88dc\u5fc3\u4e39", "nodeSupportPercent": 1.24, "id": 19}}, {"data": {"popup": "  \u6c23(\u6eab) \u5473(\u7518) \u7d93\u7d61(\u813e,\u80ba) \u4f5c\u7528(infection,inflammation,mood)", "name": 20, "myGroup": "G2", "label": "\u9ec3\u8006", "nodeSupportPercent": 3.1219, "id": 20}}, {"data": {"popup": "  \u6c23(\u5e73) \u5473(\u7518) \u7d93\u7d61(\u813e,\u80ba) \u4f5c\u7528(inflammation)", "name": 21, "myGroup": "G2", "label": "\u9ee8\u53c3", "nodeSupportPercent": 1.05, "id": 21}}, {"data": {"popup": "  \u6c23(\u5bd2) \u5473(\u8f9b,\u82e6) \u7d93\u7d61(\u809d,\u5fc3,\u81bd)", "name": 22, "myGroup": "G1", "label": "\u9b31\u91d1", "nodeSupportPercent": 1.1, "id": 22}}, {"data": {"popup": "  \u4f5c\u7528(hormone,mood)", "name": 23, "myGroup": "G0", "label": "\u900d\u9059\u6563", "nodeSupportPercent": 1.48, "id": 23}}, {"data": {"popup": "  \u6c23(\u5bd2) \u5473(\u7518,\u82e6) \u7d93\u7d61(\u809d,\u80ba)", "name": 24, "myGroup": "G0", "label": "\u83ca\u82b1", "nodeSupportPercent": 1.2, "id": 24}}, {"data": {"popup": "  \u6c23(\u6eab) \u5473(\u8f9b,\u82e6) \u7d93\u7d61(\u813e,\u80ba,\u5927\u8178,\u80c3) \u4f5c\u7528(bacteria,hormone,inflammation)", "name": 25, "myGroup": "G3", "label": "\u539a\u6734", "nodeSupportPercent": 1.7247, "id": 25}}, {"data": {"popup": "  \u4f5c\u7528(bacteria,inflammation)", "name": 26, "myGroup": "G3", "label": "\u67b3\u6bbc", "nodeSupportPercent": 1.15, "id": 26}}, {"data": {"popup": " ", "name": 27, "myGroup": "G0", "label": "\u6f64\u8178\u4e38", "nodeSupportPercent": 1.51, "id": 27}}, {"data": {"popup": "  \u6c23(\u5bd2) \u5473(\u82e6) \u7d93\u7d61(\u809d,\u5fc3,\u5fc3\u5305) \u4f5c\u7528(bacteria,hormone,infection,inflammation,mood)", "name": 28, "myGroup": "G1", "label": "\u4e39\u53c3", "nodeSupportPercent": 6.6538, "id": 28}}, {"data": {"popup": "  \u6c23(\u5bd2) \u5473(\u7518) \u7d93\u7d61(\u813e,\u80ba,\u80c3) \u4f5c\u7528(inflammation)", "name": 29, "myGroup": "G0", "label": "\u858f\u82e1\u4ec1", "nodeSupportPercent": 11.752, "id": 29}}, {"data": {"popup": "  \u6c23(\u5e73) \u5473(\u7518) \u7d93\u7d61(\u80ba,\u80c3) \u4f5c\u7528(bacteria,hormone,mood,skin whitening)", "name": 30, "myGroup": "G0", "label": "\u7389\u7af9", "nodeSupportPercent": 1.17, "id": 30}}, {"data": {"popup": "  \u6c23(\u5e73) \u5473(\u7518,\u82e6) \u7d93\u7d61(\u809d,\u5fc3)", "name": 31, "myGroup": "G0", "label": "\u591c\u4ea4\u85e4", "nodeSupportPercent": 1.28, "id": 31}}, {"data": {"popup": "  \u6c23(\u5bd2) \u5473(\u82e6) \u7d93\u7d61(\u814e,\u5927\u8178,\u8180\u80f1)", "name": 32, "myGroup": "G4", "label": "\u9ec3\u67cf", "nodeSupportPercent": 3.7074, "id": 32}}, {"data": {"popup": "  \u6c23(\u6eab) \u5473(\u8f9b,\u82e6) \u7d93\u7d61(\u813e,\u80c3) \u4f5c\u7528(bacteria,hormone,mood)", "name": 33, "myGroup": "G4", "label": "\u84bc\u672e", "nodeSupportPercent": 1.51, "id": 33}}, {"data": {"popup": " ", "name": 34, "myGroup": "G4", "label": "\u4e94\u5473\u6d88\u6bd2\u98f2", "nodeSupportPercent": 10.275, "id": 34}}, {"data": {"popup": "  \u6c23(\u5bd2) \u5473(\u82e6) \u7d93\u7d61(\u809d,\u813e,\u81bd,\u80c3) \u4f5c\u7528(infection)", "name": 35, "myGroup": "G2", "label": "\u8335\u9673\u84bf", "nodeSupportPercent": 1.4, "id": 35}}, {"data": {"popup": "  \u6c23(\u6eab) \u5473(\u7518,\u82e6) \u7d93\u7d61(\u813e,\u80c3) \u4f5c\u7528(bacteria,hormone,mood)", "name": 36, "myGroup": "G2", "label": "\u767d\u672e", "nodeSupportPercent": 1.35, "id": 36}}, {"data": {"popup": "  \u6c23(\u6eab) \u5473(\u8f9b) \u7d93\u7d61(\u809d,\u80ba)", "name": 37, "myGroup": "G2", "label": "\u834a\u82a5", "nodeSupportPercent": 1.8691, "id": 37}}, {"data": {"popup": "  \u6c23(\u6eab) \u5473(\u8f9b,\u7518) \u7d93\u7d61(\u809d,\u813e,\u8180\u80f1) \u4f5c\u7528(bacteria,mood)", "name": 38, "myGroup": "G2", "label": "\u9632\u98a8", "nodeSupportPercent": 1.32, "id": 38}}, {"data": {"popup": "  \u6c23(\u5bd2) \u5473(\u82e6) \u4f5c\u7528(bacteria)", "name": 39, "myGroup": "G2", "label": "\u8c9d\u6bcd", "nodeSupportPercent": 3.123, "id": 39}}, {"data": {"popup": "  \u6c23(\u5bd2) \u5473(\u9e79) \u7d93\u7d61(\u809d,\u814e)", "name": 40, "myGroup": "G2", "label": "\u7261\u8823", "nodeSupportPercent": 1.44, "id": 40}}, {"data": {"popup": "  \u6c23(\u5e73) \u5473(\u7518) \u7d93\u7d61(\u809d,\u5fc3) \u4f5c\u7528(inflammation)", "name": 41, "myGroup": "G1", "label": "\u9178\u68d7\u4ec1", "nodeSupportPercent": 1.41, "id": 41}}, {"data": {"popup": "  \u6c23(\u6eab) \u5473(\u8f9b) \u7d93\u7d61(\u813e,\u80c3) \u4f5c\u7528(bacteria,infection,inflammation)", "name": 42, "myGroup": "G3", "label": "\u7802\u4ec1", "nodeSupportPercent": 3.8736, "id": 42}}, {"data": {"popup": " ", "name": 43, "myGroup": "G3", "label": "\u7099\u7518\u8349", "nodeSupportPercent": 1.55, "id": 43}}, {"data": {"popup": "  \u6c23(\u5bd2) \u5473(\u7518,\u82e6) \u7d93\u7d61(\u80ba,\u80c3) \u4f5c\u7528(bacteria,hormone,inflammation,mood,skin whitening)", "name": 44, "myGroup": "G3", "label": "\u5929\u82b1\u7c89", "nodeSupportPercent": 4.299, "id": 44}}, {"data": {"popup": "  \u6c23(\u5bd2) \u5473(\u82e6) \u7d93\u7d61(\u809d,\u80ba,\u81bd,\u5927\u8178,\u80c3) \u4f5c\u7528(bacteria,infection)", "name": 45, "myGroup": "G2", "label": "\u9ec3\u82a9", "nodeSupportPercent": 8.3438, "id": 45}}, {"data": {"popup": "  \u6c23(\u5bd2) \u5473(\u82e6) \u7d93\u7d61(\u809d,\u5fc3,\u813e,\u5927\u8178,\u80c3) \u4f5c\u7528(bacteria,hormone,infection,inflammation,mood)", "name": 46, "myGroup": "G3", "label": "\u5927\u9ec3", "nodeSupportPercent": 11.088, "id": 46}}, {"data": {"popup": "  \u6c23(\u6eab) \u5473(\u7518,\u9178) \u7d93\u7d61(\u809d,\u813e,\u80c3) \u4f5c\u7528(bacteria,hormone,infection,inflammation,mood)", "name": 47, "myGroup": "G1", "label": "\u5c71\u6942", "nodeSupportPercent": 1.3, "id": 47}}, {"data": {"popup": "  \u6c23(\u5e73) \u5473(\u82e6) \u7d93\u7d61(\u809d,\u5fc3,\u80ba,\u5927\u8178) \u4f5c\u7528(bacteria,hormone,inflammation)", "name": 48, "myGroup": "G5", "label": "\u6843\u4ec1", "nodeSupportPercent": 1.6053, "id": 48}}, {"data": {"popup": "  \u6c23(\u6eab) \u5473(\u8f9b) \u7d93\u7d61(\u809d,\u5fc3) \u4f5c\u7528(bacteria,inflammation,mood)", "name": 49, "myGroup": "G5", "label": "\u7d05\u82b1", "nodeSupportPercent": 1.41, "id": 49}}, {"data": {"popup": "  \u6c23(\u5bd2) \u5473(\u8f9b,\u82e6) \u7d93\u7d61(\u809d,\u5927\u8178,\u80c3) \u4f5c\u7528(bacteria)", "name": 50, "myGroup": "G0", "label": "\u6557\u91ac\u8349", "nodeSupportPercent": 1.64, "id": 50}}, {"data": {"popup": "  \u6c23(\u5bd2) \u5473(\u8f9b,\u82e6) \u7d93\u7d61(\u809d,\u5fc3,\u814e) \u4f5c\u7528(bacteria,hormone,infection,inflammation,mood)", "name": 51, "myGroup": "G2", "label": "\u7261\u4e39\u76ae", "nodeSupportPercent": 7.8277, "id": 51}}, {"data": {"popup": "  \u6c23(\u5bd2) \u5473(\u7518) \u7d93\u7d61(\u80ba,\u814e)", "name": 52, "myGroup": "G2", "label": "\u5730\u9aa8\u76ae", "nodeSupportPercent": 1.51, "id": 52}}, {"data": {"popup": " ", "name": 53, "myGroup": "G3", "label": "\u84ba\u85dc", "nodeSupportPercent": 1.31, "id": 53}}, {"data": {"popup": " ", "name": 54, "myGroup": "G0", "label": "\u6dbc\u8188\u6563", "nodeSupportPercent": 1.97, "id": 54}}, {"data": {"popup": "  \u6c23(\u5bd2) \u5473(\u7518,\u82e6) \u7d93\u7d61(\u80ba,\u814e,\u80c3) \u4f5c\u7528(infection,inflammation)", "name": 55, "myGroup": "G4", "label": "\u77e5\u6bcd", "nodeSupportPercent": 1.64, "id": 55}}, {"data": {"popup": " ", "name": 56, "myGroup": "G0", "label": "\u6e05\u80c3\u6563", "nodeSupportPercent": 1.91, "id": 56}}, {"data": {"popup": "  \u6c23(\u5bd2) \u5473(\u8f9b,\u82e6) \u7d93\u7d61(\u809d,\u5fc3,\u81bd,\u5fc3\u5305,\u4e09\u7126) \u4f5c\u7528(hormone,inflammation,mood)", "name": 57, "myGroup": "G2", "label": "\u67f4\u80e1", "nodeSupportPercent": 1.57, "id": 57}}, {"data": {"popup": "  \u6c23(\u5bd2) \u5473(\u8f9b,\u82e6) \u7d93\u7d61(\u813e,\u5927\u8178,\u80c3) \u4f5c\u7528(bacteria,hormone,infection,mood)", "name": 58, "myGroup": "G3", "label": "\u67b3\u5be6", "nodeSupportPercent": 1.8319, "id": 58}}, {"data": {"popup": "  \u6c23(\u5bd2) \u5473(\u8f9b) \u7d93\u7d61(\u80ba)", "name": 59, "myGroup": "G0", "label": "\u9b5a\u8165\u8349", "nodeSupportPercent": 1.9, "id": 59}}, {"data": {"popup": "  \u6c23(\u5bd2) \u5473(\u82e6) \u7d93\u7d61(\u813e,\u80c3) \u4f5c\u7528(inflammation,mood)", "name": 60, "myGroup": "G0", "label": "\u767d\u9bae\u76ae", "nodeSupportPercent": 3.6906, "id": 60}}, {"data": {"popup": "  \u6c23(\u5bd2) \u5473(\u82e6) \u7d93\u7d61(\u8180\u80f1)", "name": 61, "myGroup": "G0", "label": "\u5730\u819a\u5b50", "nodeSupportPercent": 1.74, "id": 61}}, {"data": {"popup": "  \u6c23(\u5bd2) \u5473(\u7518) \u7d93\u7d61(\u809d,\u5fc3)", "name": 62, "myGroup": "G0", "label": "\u7d2b\u8349", "nodeSupportPercent": 2.03, "id": 62}}, {"data": {"popup": "  \u6c23(\u5bd2) \u5473(\u8f9b,\u82e6) \u7d93\u7d61(\u809d,\u5fc3,\u8180\u80f1) \u4f5c\u7528(inflammation)", "name": 63, "myGroup": "G1", "label": "\u76ca\u6bcd\u8349", "nodeSupportPercent": 2.33, "id": 63}}, {"data": {"popup": "  \u6c23(\u5bd2) \u5473(\u7518,\u82e6) \u7d93\u7d61(\u5fc3,\u80ba,\u80c3) \u4f5c\u7528(hormone)", "name": 64, "myGroup": "G2", "label": "\u9ea5\u9580\u51ac", "nodeSupportPercent": 2.06, "id": 64}}, {"data": {"popup": "  \u6c23(\u5bd2) \u5473(\u8f9b,\u7518) \u7d93\u7d61(\u80ba,\u80c3) \u4f5c\u7528(hormone,infection)", "name": 65, "myGroup": "G0", "label": "\u77f3\u818f", "nodeSupportPercent": 2.4, "id": 65}}, {"data": {"popup": " ", "name": 66, "myGroup": "G0", "label": "\u9632\u98a8\u901a\u8056\u6563", "nodeSupportPercent": 2.81, "id": 66}}, {"data": {"popup": " ", "name": 67, "myGroup": "G2", "label": "\u7518\u9732\u98f2", "nodeSupportPercent": 2.83, "id": 67}}, {"data": {"popup": "  \u4f5c\u7528(bacteria,infection,inflammation,mood)", "name": 68, "myGroup": "G2", "label": "\u5c0f\u67f4\u80e1\u6e6f", "nodeSupportPercent": 2.84, "id": 68}}, {"data": {"popup": "  \u6c23(\u5bd2) \u5473(\u7518) \u7d93\u7d61(\u80ba) \u4f5c\u7528(bacteria,inflammation,mood)", "name": 69, "myGroup": "G1", "label": "\u6851\u767d\u76ae", "nodeSupportPercent": 6.0576, "id": 69}}, {"data": {"popup": "  \u6c23(\u5e73) \u5473(\u82e6) \u7d93\u7d61(\u80ba,\u80c3) \u4f5c\u7528(hormone,inflammation)", "name": 70, "myGroup": "G1", "label": "\u6787\u6777\u8449", "nodeSupportPercent": 2.44, "id": 70}}, {"data": {"popup": "  \u6c23(\u5e73) \u5473(\u8f9b,\u7518,\u82e6) \u7d93\u7d61(\u809d,\u4e09\u7126) \u4f5c\u7528(bacteria,mood)", "name": 71, "myGroup": "G1", "label": "\u9999\u9644", "nodeSupportPercent": 2.75, "id": 71}}, {"data": {"popup": "  \u6c23(\u5bd2) \u5473(\u7518) \u7d93\u7d61(\u809d,\u80ba)", "name": 72, "myGroup": "G0", "label": "\u87ec\u86fb", "nodeSupportPercent": 2.58, "id": 72}}, {"data": {"popup": "  \u6c23(\u5e73) \u5473(\u8f9b,\u82e6) \u7d93\u7d61(\u80ba) \u4f5c\u7528(inflammation)", "name": 73, "myGroup": "G2", "label": "\u6854\u6897", "nodeSupportPercent": 2.87, "id": 73}}, {"data": {"popup": " ", "name": 74, "myGroup": "G0", "label": "\u9ebb\u5b50\u4ec1\u4e38", "nodeSupportPercent": 3.68, "id": 74}}, {"data": {"popup": " ", "name": 75, "myGroup": "G0", "label": "\u67f4\u80e1\u6e05\u809d\u6e6f", "nodeSupportPercent": 4.21, "id": 75}}, {"data": {"popup": "  \u6c23(\u5bd2) \u5473(\u82e6) \u7d93\u7d61(\u809d,\u5fc3,\u5927\u8178,\u80c3)", "name": 76, "myGroup": "G2", "label": "\u9ec3\u9023", "nodeSupportPercent": 3.01, "id": 76}}, {"data": {"popup": "  \u6c23(\u5bd2) \u5473(\u8f9b,\u82e6) \u7d93\u7d61(\u809d,\u81bd) \u4f5c\u7528(bacteria,hormone)", "name": 77, "myGroup": "G0", "label": "\u590f\u67af\u8349", "nodeSupportPercent": 3.27, "id": 77}}, {"data": {"popup": "  \u6c23(\u5bd2) \u5473(\u7518,\u82e6,\u9e79) \u7d93\u7d61(\u80ba,\u814e,\u80c3) \u4f5c\u7528(hormone,inflammation)", "name": 78, "myGroup": "G1", "label": "\u7384\u53c3", "nodeSupportPercent": 3.33, "id": 78}}, {"data": {"popup": "  \u6c23(\u5bd2) \u5473(\u7518,\u82e6) \u7d93\u7d61(\u5c0f\u8178,\u5927\u8178,\u80c3) \u4f5c\u7528(inflammation,mood)", "name": 79, "myGroup": "G0", "label": "\u767d\u82b1\u86c7\u820c\u8349", "nodeSupportPercent": 3.45, "id": 79}}, {"data": {"popup": "  \u6c23(\u5bd2) \u5473(\u7518,\u82e6) \u7d93\u7d61(\u809d,\u5fc3,\u814e) \u4f5c\u7528(bacteria,hormone,infection,inflammation,mood)", "name": 80, "myGroup": "G2", "label": "\u751f\u5730\u9ec3", "nodeSupportPercent": 3.42, "id": 80}}, {"data": {"popup": "  \u4f5c\u7528(mood)", "name": 81, "myGroup": "G2", "label": "\u6eab\u6e05\u98f2", "nodeSupportPercent": 4.38, "id": 81}}, {"data": {"popup": "  \u6c23(\u5bd2) \u5473(\u82e6) \u7d93\u7d61(\u5fc3,\u80ba,\u80c3,\u4e09\u7126) \u4f5c\u7528(hormone,infection,mood)", "name": 82, "myGroup": "G2", "label": "\u6894\u5b50", "nodeSupportPercent": 3.48, "id": 82}}, {"data": {"popup": " ", "name": 83, "myGroup": "G0", "label": "\u6563\u816b\u6f70\u5805\u6e6f", "nodeSupportPercent": 5.34, "id": 83}}, {"data": {"popup": " ", "name": 84, "myGroup": "G0", "label": "\u834a\u82a5\u9023\u7ff9\u6e6f", "nodeSupportPercent": 5.27, "id": 84}}, {"data": {"popup": "  \u6c23(\u5bd2) \u5473(\u8f9b,\u82e6) \u7d93\u7d61(\u809d,\u5fc3)", "name": 85, "myGroup": "G0", "label": "\u7d2b\u82b1\u5730\u4e01", "nodeSupportPercent": 5.18, "id": 85}}, {"data": {"popup": "  \u6c23(\u5e73) \u5473(\u7518) \u7d93\u7d61(\u809d,\u80c3) \u4f5c\u7528(hormone,inflammation,mood)", "name": 86, "myGroup": "G0", "label": "\u571f\u832f\u82d3", "nodeSupportPercent": 5.02, "id": 86}}, {"data": {"popup": "  \u6c23(\u6eab) \u5473(\u8f9b)", "name": 87, "myGroup": "G0", "label": "\u7682\u523a", "nodeSupportPercent": 4.86, "id": 87}}, {"data": {"popup": "  \u6c23(\u5bd2) \u5473(\u82e6) \u7d93\u7d61(\u809d)", "name": 88, "myGroup": "G2", "label": "\u8d64\u828d", "nodeSupportPercent": 4.89, "id": 88}}, {"data": {"popup": " ", "name": 89, "myGroup": "G0", "label": "\u9ec3\u9023\u89e3\u6bd2\u6e6f", "nodeSupportPercent": 10.2, "id": 89}}], "edges": [{"data": {"source": 0, "Lift": 1.2449, "is_directed": false, "target": 1, "name": "0-1"}}, {"data": {"source": 0, "Lift": 1.0399, "is_directed": false, "target": 66, "name": "0-66"}}, {"data": {"source": 0, "Lift": 1.0082, "is_directed": false, "target": 59, "name": "0-59"}}, {"data": {"source": 0, "Lift": 1.0827, "is_directed": false, "target": 70, "name": "0-70"}}, {"data": {"source": 0, "Lift": 1.0576, "is_directed": false, "target": 72, "name": "0-72"}}, {"data": {"source": 0, "Lift": 1.0581, "is_directed": false, "target": 53, "name": "0-53"}}, {"data": {"source": 0, "Lift": 1.1444, "is_directed": false, "target": 74, "name": "0-74"}}, {"data": {"source": 0, "Lift": 1.18, "is_directed": false, "target": 11, "name": "0-11"}}, {"data": {"source": 0, "Lift": 1.1435, "is_directed": false, "target": 29, "name": "0-29"}}, {"data": {"source": 0, "Lift": 1.1868, "is_directed": false, "target": 79, "name": "0-79"}}, {"data": {"source": 0, "Lift": 1.2315, "is_directed": false, "target": 17, "name": "0-17"}}, {"data": {"source": 0, "Lift": 1.3022, "is_directed": false, "target": 18, "name": "0-18"}}, {"data": {"source": 0, "Lift": 1.0954, "is_directed": false, "target": 85, "name": "0-85"}}, {"data": {"source": 0, "Lift": 1.094, "is_directed": false, "target": 87, "name": "0-87"}}, {"data": {"source": 0, "Lift": 1.0683, "is_directed": false, "target": 23, "name": "0-23"}}, {"data": {"source": 0, "Lift": 1.0455, "is_directed": false, "target": 89, "name": "0-89"}}, {"data": {"source": 0, "Lift": 1.0102, "is_directed": false, "target": 27, "name": "0-27"}}, {"data": {"source": 0, "Lift": 1.0445, "is_directed": false, "target": 60, "name": "0-60"}}, {"data": {"source": 0, "Lift": 1.1043, "is_directed": false, "target": 61, "name": "0-61"}}, {"data": {"source": 0, "Lift": 1.0838, "is_directed": false, "target": 62, "name": "0-62"}}, {"data": {"source": 0, "Lift": 1.0274, "is_directed": false, "target": 31, "name": "0-31"}}, {"data": {"source": 2, "Lift": 1.3363, "is_directed": false, "target": 3, "name": "2-3"}}, {"data": {"source": 2, "Lift": 1.2352, "is_directed": false, "target": 4, "name": "2-4"}}, {"data": {"source": 2, "Lift": 1.3826, "is_directed": false, "target": 37, "name": "2-37"}}, {"data": {"source": 2, "Lift": 1.6399, "is_directed": false, "target": 71, "name": "2-71"}}, {"data": {"source": 2, "Lift": 1.2623, "is_directed": false, "target": 41, "name": "2-41"}}, {"data": {"source": 2, "Lift": 2.0063, "is_directed": false, "target": 14, "name": "2-14"}}, {"data": {"source": 2, "Lift": 1.1775, "is_directed": false, "target": 47, "name": "2-47"}}, {"data": {"source": 2, "Lift": 1.2338, "is_directed": false, "target": 19, "name": "2-19"}}, {"data": {"source": 2, "Lift": 1.1371, "is_directed": false, "target": 52, "name": "2-52"}}, {"data": {"source": 2, "Lift": 1.1951, "is_directed": false, "target": 78, "name": "2-78"}}, {"data": {"source": 2, "Lift": 1.3152, "is_directed": false, "target": 22, "name": "2-22"}}, {"data": {"source": 2, "Lift": 1.0241, "is_directed": false, "target": 9, "name": "2-9"}}, {"data": {"source": 2, "Lift": 1.6016, "is_directed": false, "target": 63, "name": "2-63"}}, {"data": {"source": 2, "Lift": 1.4541, "is_directed": false, "target": 28, "name": "2-28"}}, {"data": {"source": 2, "Lift": 1.1873, "is_directed": false, "target": 29, "name": "2-29"}}, {"data": {"source": 2, "Lift": 1.255, "is_directed": false, "target": 69, "name": "2-69"}}, {"data": {"source": 2, "Lift": 1.2335, "is_directed": false, "target": 31, "name": "2-31"}}, {"data": {"source": 3, "Lift": 1.7679, "is_directed": false, "target": 4, "name": "3-4"}}, {"data": {"source": 4, "Lift": 1.1822, "is_directed": false, "target": 5, "name": "4-5"}}, {"data": {"source": 4, "Lift": 1.6924, "is_directed": false, "target": 6, "name": "4-6"}}, {"data": {"source": 4, "Lift": 1.1623, "is_directed": false, "target": 9, "name": "4-9"}}, {"data": {"source": 4, "Lift": 1.4935, "is_directed": false, "target": 10, "name": "4-10"}}, {"data": {"source": 4, "Lift": 1.2107, "is_directed": false, "target": 11, "name": "4-11"}}, {"data": {"source": 4, "Lift": 1.1701, "is_directed": false, "target": 12, "name": "4-12"}}, {"data": {"source": 4, "Lift": 1.3498, "is_directed": false, "target": 15, "name": "4-15"}}, {"data": {"source": 4, "Lift": 2.0381, "is_directed": false, "target": 17, "name": "4-17"}}, {"data": {"source": 4, "Lift": 1.0784, "is_directed": false, "target": 21, "name": "4-21"}}, {"data": {"source": 4, "Lift": 1.1172, "is_directed": false, "target": 24, "name": "4-24"}}, {"data": {"source": 4, "Lift": 1.1193, "is_directed": false, "target": 28, "name": "4-28"}}, {"data": {"source": 4, "Lift": 1.5569, "is_directed": false, "target": 29, "name": "4-29"}}, {"data": {"source": 4, "Lift": 1.0882, "is_directed": false, "target": 32, "name": "4-32"}}, {"data": {"source": 4, "Lift": 1.2596, "is_directed": false, "target": 35, "name": "4-35"}}, {"data": {"source": 4, "Lift": 1.0015, "is_directed": false, "target": 36, "name": "4-36"}}, {"data": {"source": 4, "Lift": 1.8948, "is_directed": false, "target": 37, "name": "4-37"}}, {"data": {"source": 4, "Lift": 1.0311, "is_directed": false, "target": 38, "name": "4-38"}}, {"data": {"source": 4, "Lift": 1.3505, "is_directed": false, "target": 39, "name": "4-39"}}, {"data": {"source": 4, "Lift": 1.1022, "is_directed": false, "target": 40, "name": "4-40"}}, {"data": {"source": 4, "Lift": 1.1252, "is_directed": false, "target": 44, "name": "4-44"}}, {"data": {"source": 4, "Lift": 1.2399, "is_directed": false, "target": 45, "name": "4-45"}}, {"data": {"source": 4, "Lift": 1.0351, "is_directed": false, "target": 46, "name": "4-46"}}, {"data": {"source": 4, "Lift": 1.0533, "is_directed": false, "target": 49, "name": "4-49"}}, {"data": {"source": 4, "Lift": 1.3235, "is_directed": false, "target": 51, "name": "4-51"}}, {"data": {"source": 4, "Lift": 1.3154, "is_directed": false, "target": 52, "name": "4-52"}}, {"data": {"source": 4, "Lift": 1.0539, "is_directed": false, "target": 57, "name": "4-57"}}, {"data": {"source": 4, "Lift": 1.0719, "is_directed": false, "target": 60, "name": "4-60"}}, {"data": {"source": 4, "Lift": 1.0194, "is_directed": false, "target": 64, "name": "4-64"}}, {"data": {"source": 4, "Lift": 1.1064, "is_directed": false, "target": 65, "name": "4-65"}}, {"data": {"source": 4, "Lift": 1.1536, "is_directed": false, "target": 67, "name": "4-67"}}, {"data": {"source": 4, "Lift": 1.3656, "is_directed": false, "target": 68, "name": "4-68"}}, {"data": {"source": 4, "Lift": 1.781, "is_directed": false, "target": 69, "name": "4-69"}}, {"data": {"source": 4, "Lift": 1.1174, "is_directed": false, "target": 70, "name": "4-70"}}, {"data": {"source": 4, "Lift": 1.0571, "is_directed": false, "target": 71, "name": "4-71"}}, {"data": {"source": 4, "Lift": 1.4534, "is_directed": false, "target": 73, "name": "4-73"}}, {"data": {"source": 4, "Lift": 1.1804, "is_directed": false, "target": 76, "name": "4-76"}}, {"data": {"source": 4, "Lift": 1.0081, "is_directed": false, "target": 77, "name": "4-77"}}, {"data": {"source": 4, "Lift": 1.5028, "is_directed": false, "target": 78, "name": "4-78"}}, {"data": {"source": 4, "Lift": 1.1385, "is_directed": false, "target": 80, "name": "4-80"}}, {"data": {"source": 4, "Lift": 1.1908, "is_directed": false, "target": 81, "name": "4-81"}}, {"data": {"source": 4, "Lift": 1.8713, "is_directed": false, "target": 82, "name": "4-82"}}, {"data": {"source": 4, "Lift": 1.3002, "is_directed": false, "target": 85, "name": "4-85"}}, {"data": {"source": 4, "Lift": 1.3375, "is_directed": false, "target": 86, "name": "4-86"}}, {"data": {"source": 4, "Lift": 1.0802, "is_directed": false, "target": 87, "name": "4-87"}}, {"data": {"source": 4, "Lift": 1.3391, "is_directed": false, "target": 88, "name": "4-88"}}, {"data": {"source": 5, "Lift": 1.4937, "is_directed": false, "target": 17, "name": "5-17"}}, {"data": {"source": 5, "Lift": 2.7024, "is_directed": false, "target": 42, "name": "5-42"}}, {"data": {"source": 5, "Lift": 2.8919, "is_directed": false, "target": 6, "name": "5-6"}}, {"data": {"source": 7, "Lift": 2.1324, "is_directed": false, "target": 38, "name": "7-38"}}, {"data": {"source": 7, "Lift": 2.6064, "is_directed": false, "target": 8, "name": "7-8"}}, {"data": {"source": 7, "Lift": 4.4731, "is_directed": false, "target": 42, "name": "7-42"}}, {"data": {"source": 7, "Lift": 4.9889, "is_directed": false, "target": 43, "name": "7-43"}}, {"data": {"source": 7, "Lift": 2.9134, "is_directed": false, "target": 44, "name": "7-44"}}, {"data": {"source": 7, "Lift": 2.0024, "is_directed": false, "target": 45, "name": "7-45"}}, {"data": {"source": 7, "Lift": 2.0509, "is_directed": false, "target": 46, "name": "7-46"}}, {"data": {"source": 7, "Lift": 2.2632, "is_directed": false, "target": 53, "name": "7-53"}}, {"data": {"source": 8, "Lift": 1.2578, "is_directed": false, "target": 9, "name": "8-9"}}, {"data": {"source": 9, "Lift": 1.2274, "is_directed": false, "target": 11, "name": "9-11"}}, {"data": {"source": 9, "Lift": 1.3304, "is_directed": false, "target": 12, "name": "9-12"}}, {"data": {"source": 9, "Lift": 1.0488, "is_directed": false, "target": 16, "name": "9-16"}}, {"data": {"source": 9, "Lift": 1.0235, "is_directed": false, "target": 27, "name": "9-27"}}, {"data": {"source": 9, "Lift": 1.074, "is_directed": false, "target": 28, "name": "9-28"}}, {"data": {"source": 9, "Lift": 1.0464, "is_directed": false, "target": 29, "name": "9-29"}}, {"data": {"source": 9, "Lift": 1.0638, "is_directed": false, "target": 31, "name": "9-31"}}, {"data": {"source": 9, "Lift": 1.0138, "is_directed": false, "target": 34, "name": "9-34"}}, {"data": {"source": 9, "Lift": 1.1862, "is_directed": false, "target": 49, "name": "9-49"}}, {"data": {"source": 9, "Lift": 1.0028, "is_directed": false, "target": 50, "name": "9-50"}}, {"data": {"source": 9, "Lift": 1.0801, "is_directed": false, "target": 53, "name": "9-53"}}, {"data": {"source": 9, "Lift": 1.1842, "is_directed": false, "target": 62, "name": "9-62"}}, {"data": {"source": 9, "Lift": 1.3161, "is_directed": false, "target": 65, "name": "9-65"}}, {"data": {"source": 9, "Lift": 1.1456, "is_directed": false, "target": 69, "name": "9-69"}}, {"data": {"source": 9, "Lift": 1.0285, "is_directed": false, "target": 74, "name": "9-74"}}, {"data": {"source": 9, "Lift": 1.3161, "is_directed": false, "target": 77, "name": "9-77"}}, {"data": {"source": 9, "Lift": 1.0239, "is_directed": false, "target": 78, "name": "9-78"}}, {"data": {"source": 9, "Lift": 1.3142, "is_directed": false, "target": 83, "name": "9-83"}}, {"data": {"source": 9, "Lift": 1.1261, "is_directed": false, "target": 85, "name": "9-85"}}, {"data": {"source": 9, "Lift": 1.1913, "is_directed": false, "target": 86, "name": "9-86"}}, {"data": {"source": 9, "Lift": 1.1734, "is_directed": false, "target": 87, "name": "9-87"}}, {"data": {"source": 9, "Lift": 1.0568, "is_directed": false, "target": 88, "name": "9-88"}}, {"data": {"source": 11, "Lift": 1.4602, "is_directed": false, "target": 12, "name": "11-12"}}, {"data": {"source": 11, "Lift": 1.0832, "is_directed": false, "target": 16, "name": "11-16"}}, {"data": {"source": 11, "Lift": 1.5004, "is_directed": false, "target": 17, "name": "11-17"}}, {"data": {"source": 11, "Lift": 1.2604, "is_directed": false, "target": 24, "name": "11-24"}}, {"data": {"source": 11, "Lift": 1.0764, "is_directed": false, "target": 27, "name": "11-27"}}, {"data": {"source": 11, "Lift": 1.0705, "is_directed": false, "target": 29, "name": "11-29"}}, {"data": {"source": 11, "Lift": 1.07, "is_directed": false, "target": 31, "name": "11-31"}}, {"data": {"source": 11, "Lift": 1.3576, "is_directed": false, "target": 35, "name": "11-35"}}, {"data": {"source": 11, "Lift": 1.1503, "is_directed": false, "target": 39, "name": "11-39"}}, {"data": {"source": 11, "Lift": 1.0787, "is_directed": false, "target": 44, "name": "11-44"}}, {"data": {"source": 11, "Lift": 1.0812, "is_directed": false, "target": 50, "name": "11-50"}}, {"data": {"source": 11, "Lift": 1.2055, "is_directed": false, "target": 51, "name": "11-51"}}, {"data": {"source": 11, "Lift": 1.2573, "is_directed": false, "target": 52, "name": "11-52"}}, {"data": {"source": 11, "Lift": 1.4931, "is_directed": false, "target": 53, "name": "11-53"}}, {"data": {"source": 11, "Lift": 1.2741, "is_directed": false, "target": 54, "name": "11-54"}}, {"data": {"source": 11, "Lift": 1.258, "is_directed": false, "target": 55, "name": "11-55"}}, {"data": {"source": 11, "Lift": 1.0458, "is_directed": false, "target": 56, "name": "11-56"}}, {"data": {"source": 11, "Lift": 1.5318, "is_directed": false, "target": 59, "name": "11-59"}}, {"data": {"source": 11, "Lift": 1.0611, "is_directed": false, "target": 61, "name": "11-61"}}, {"data": {"source": 11, "Lift": 1.0565, "is_directed": false, "target": 64, "name": "11-64"}}, {"data": {"source": 11, "Lift": 1.3348, "is_directed": false, "target": 65, "name": "11-65"}}, {"data": {"source": 11, "Lift": 1.2222, "is_directed": false, "target": 70, "name": "11-70"}}, {"data": {"source": 11, "Lift": 1.6193, "is_directed": false, "target": 72, "name": "11-72"}}, {"data": {"source": 11, "Lift": 1.091, "is_directed": false, "target": 75, "name": "11-75"}}, {"data": {"source": 11, "Lift": 1.5173, "is_directed": false, "target": 77, "name": "11-77"}}, {"data": {"source": 11, "Lift": 1.0582, "is_directed": false, "target": 78, "name": "11-78"}}, {"data": {"source": 11, "Lift": 1.3353, "is_directed": false, "target": 79, "name": "11-79"}}, {"data": {"source": 11, "Lift": 1.459, "is_directed": false, "target": 83, "name": "11-83"}}, {"data": {"source": 11, "Lift": 1.2311, "is_directed": false, "target": 84, "name": "11-84"}}, {"data": {"source": 11, "Lift": 2.7799, "is_directed": false, "target": 85, "name": "11-85"}}, {"data": {"source": 11, "Lift": 1.3312, "is_directed": false, "target": 86, "name": "11-86"}}, {"data": {"source": 11, "Lift": 1.7431, "is_directed": false, "target": 87, "name": "11-87"}}, {"data": {"source": 11, "Lift": 1.2907, "is_directed": false, "target": 88, "name": "11-88"}}, {"data": {"source": 11, "Lift": 1.239, "is_directed": false, "target": 89, "name": "11-89"}}, {"data": {"source": 13, "Lift": 57.203, "is_directed": false, "target": 14, "name": "13-14"}}, {"data": {"source": 14, "Lift": 3.6251, "is_directed": false, "target": 28, "name": "14-28"}}, {"data": {"source": 17, "Lift": 1.5528, "is_directed": false, "target": 24, "name": "17-24"}}, {"data": {"source": 17, "Lift": 1.5748, "is_directed": false, "target": 18, "name": "17-18"}}, {"data": {"source": 17, "Lift": 1.7666, "is_directed": false, "target": 86, "name": "17-86"}}, {"data": {"source": 20, "Lift": 6.5112, "is_directed": false, "target": 21, "name": "20-21"}}, {"data": {"source": 25, "Lift": 11.654, "is_directed": false, "target": 26, "name": "25-26"}}, {"data": {"source": 25, "Lift": 13.542, "is_directed": false, "target": 58, "name": "25-58"}}, {"data": {"source": 25, "Lift": 2.3888, "is_directed": false, "target": 46, "name": "25-46"}}, {"data": {"source": 29, "Lift": 2.5572, "is_directed": false, "target": 50, "name": "29-50"}}, {"data": {"source": 29, "Lift": 1.9562, "is_directed": false, "target": 30, "name": "29-30"}}, {"data": {"source": 32, "Lift": 12.27, "is_directed": false, "target": 33, "name": "32-33"}}, {"data": {"source": 32, "Lift": 9.9365, "is_directed": false, "target": 55, "name": "32-55"}}, {"data": {"source": 33, "Lift": 2.3765, "is_directed": false, "target": 34, "name": "33-34"}}, {"data": {"source": 37, "Lift": 16.946, "is_directed": false, "target": 38, "name": "37-38"}}, {"data": {"source": 39, "Lift": 6.479, "is_directed": false, "target": 40, "name": "39-40"}}, {"data": {"source": 42, "Lift": 16.682, "is_directed": false, "target": 43, "name": "42-43"}}, {"data": {"source": 42, "Lift": 5.1021, "is_directed": false, "target": 44, "name": "42-44"}}, {"data": {"source": 42, "Lift": 3.6252, "is_directed": false, "target": 45, "name": "42-45"}}, {"data": {"source": 42, "Lift": 4.4041, "is_directed": false, "target": 46, "name": "42-46"}}, {"data": {"source": 43, "Lift": 7.224, "is_directed": false, "target": 44, "name": "43-44"}}, {"data": {"source": 43, "Lift": 5.1943, "is_directed": false, "target": 45, "name": "43-45"}}, {"data": {"source": 43, "Lift": 4.9233, "is_directed": false, "target": 46, "name": "43-46"}}, {"data": {"source": 44, "Lift": 3.128, "is_directed": false, "target": 45, "name": "44-45"}}, {"data": {"source": 44, "Lift": 2.3539, "is_directed": false, "target": 46, "name": "44-46"}}, {"data": {"source": 45, "Lift": 3.3709, "is_directed": false, "target": 57, "name": "45-57"}}, {"data": {"source": 45, "Lift": 2.6623, "is_directed": false, "target": 82, "name": "45-82"}}, {"data": {"source": 45, "Lift": 3.6885, "is_directed": false, "target": 76, "name": "45-76"}}, {"data": {"source": 45, "Lift": 2.0879, "is_directed": false, "target": 46, "name": "45-46"}}, {"data": {"source": 46, "Lift": 2.1205, "is_directed": false, "target": 58, "name": "46-58"}}, {"data": {"source": 48, "Lift": 17.299, "is_directed": false, "target": 49, "name": "48-49"}}, {"data": {"source": 51, "Lift": 3.6851, "is_directed": false, "target": 80, "name": "51-80"}}, {"data": {"source": 51, "Lift": 3.1115, "is_directed": false, "target": 88, "name": "51-88"}}, {"data": {"source": 51, "Lift": 2.6869, "is_directed": false, "target": 82, "name": "51-82"}}, {"data": {"source": 51, "Lift": 5.3524, "is_directed": false, "target": 52, "name": "51-52"}}, {"data": {"source": 60, "Lift": 11.698, "is_directed": false, "target": 61, "name": "60-61"}}, {"data": {"source": 69, "Lift": 7.6748, "is_directed": false, "target": 70, "name": "69-70"}}]}, "data": {"description": "<h1>\u75e4\u7621(\u9752\u6625\u75d8)\u4e2d\u91ab\u6cbb\u7642\u5716\u8b5c</h1><h2>ACNE_(Support=1.0%, Confidence=20.0%)</h2>", "name": "ACNE_(Support=1.0%, Confidence=20.0%)", "tags": ["ACNE", "\u75e4\u7621(\u9752\u6625\u75d8)\u4e2d\u91ab\u6cbb\u7642\u5716\u8b5c"]}}