{"elements": {"nodes": [{"data": {"popup": "  \u6c23(\u5bd2) \u5473(\u7518,\u9178) \u7d93\u7d61(\u809d,\u814e) \u4f5c\u7528(hormone)", "name": 0, "myGroup": "G0", "label": "\u65f1\u84ee\u8349", "nodeSupportPercent": 0.98262, "id": 0}}, {"data": {"popup": "  \u6c23(\u6dbc) \u5473(\u7518,\u82e6) \u7d93\u7d61(\u809d,\u814e) \u4f5c\u7528(bacteria,hormone,inflammation,mood)", "name": 1, "myGroup": "G0", "label": "\u5973\u8c9e\u5b50", "nodeSupportPercent": 1.15, "id": 1}}, {"data": {"popup": " ", "name": 2, "myGroup": "G1", "label": "\u6e05\u4e0a\u9632\u98a8\u6e6f", "nodeSupportPercent": 31.194, "id": 2}}, {"data": {"popup": "  \u6c23(\u5bd2) \u5473(\u82e6) \u7d93\u7d61(\u5fc3,\u80c3) \u4f5c\u7528(bacteria,infection,inflammation)", "name": 3, "myGroup": "G1", "label": "\u677f\u85cd\u6839", "nodeSupportPercent": 1.02, "id": 3}}, {"data": {"popup": "  \u6c23(\u5bd2) \u5473(\u82e6) \u7d93\u7d61(\u814e,\u5927\u8178,\u8180\u80f1)", "name": 4, "myGroup": "G2", "label": "\u9ec3\u67cf", "nodeSupportPercent": 3.7074, "id": 4}}, {"data": {"popup": "  \u6c23(\u6eab) \u5473(\u8f9b,\u82e6) \u7d93\u7d61(\u813e,\u80c3) \u4f5c\u7528(bacteria,hormone,mood)", "name": 5, "myGroup": "G2", "label": "\u84bc\u672e", "nodeSupportPercent": 1.51, "id": 5}}, {"data": {"popup": "  \u6c23(\u6eab) \u5473(\u8f9b) \u7d93\u7d61(\u813e,\u80c3) \u4f5c\u7528(bacteria,infection,inflammation)", "name": 6, "myGroup": "G3", "label": "\u7802\u4ec1", "nodeSupportPercent": 3.8736, "id": 6}}, {"data": {"popup": " ", "name": 7, "myGroup": "G3", "label": "\u7099\u7518\u8349", "nodeSupportPercent": 1.55, "id": 7}}, {"data": {"popup": "  \u6c23(\u5bd2) \u5473(\u82e6) \u7d93\u7d61(\u809d,\u80ba,\u81bd,\u5927\u8178,\u80c3) \u4f5c\u7528(bacteria,infection)", "name": 8, "myGroup": "G3", "label": "\u9ec3\u82a9", "nodeSupportPercent": 8.3438, "id": 8}}, {"data": {"popup": "  \u6c23(\u5bd2) \u5473(\u82e6) \u7d93\u7d61(\u809d,\u5fc3,\u813e,\u5927\u8178,\u80c3) \u4f5c\u7528(bacteria,hormone,infection,inflammation,mood)", "name": 9, "myGroup": "G3", "label": "\u5927\u9ec3", "nodeSupportPercent": 11.088, "id": 9}}, {"data": {"popup": "  \u6c23(\u6eab) \u5473(\u8f9b) \u7d93\u7d61(\u80ba,\u5927\u8178,\u80c3) \u4f5c\u7528(bacteria,hormone,infection,inflammation,mood)", "name": 10, "myGroup": "G3", "label": "\u767d\u82b7", "nodeSupportPercent": 10.956, "id": 10}}, {"data": {"popup": "  \u6c23(\u5bd2) \u5473(\u8f9b,\u82e6) \u7d93\u7d61(\u809d,\u5fc3,\u814e) \u4f5c\u7528(bacteria,hormone,infection,inflammation,mood)", "name": 11, "myGroup": "G4", "label": "\u7261\u4e39\u76ae", "nodeSupportPercent": 7.8277, "id": 11}}, {"data": {"popup": "  \u6c23(\u5bd2) \u5473(\u7518) \u7d93\u7d61(\u80ba,\u814e)", "name": 12, "myGroup": "G4", "label": "\u5730\u9aa8\u76ae", "nodeSupportPercent": 1.51, "id": 12}}, {"data": {"popup": "  \u6c23(\u5bd2) \u5473(\u82e6) \u7d93\u7d61(\u813e,\u80c3) \u4f5c\u7528(inflammation,mood)", "name": 13, "myGroup": "G5", "label": "\u767d\u9bae\u76ae", "nodeSupportPercent": 3.6906, "id": 13}}, {"data": {"popup": "  \u6c23(\u5bd2) \u5473(\u82e6) \u7d93\u7d61(\u8180\u80f1)", "name": 14, "myGroup": "G5", "label": "\u5730\u819a\u5b50", "nodeSupportPercent": 1.74, "id": 14}}, {"data": {"popup": "  \u6c23(\u5bd2) \u5473(\u82e6) \u7d93\u7d61(\u5fc3,\u80ba,\u5c0f\u8178) \u4f5c\u7528(infection,skin whitening)", "name": 15, "myGroup": "G6", "label": "\u9023\u7ff9", "nodeSupportPercent": 22.265, "id": 15}}, {"data": {"popup": "  \u6c23(\u6eab) \u5473(\u8f9b) \u7d93\u7d61(\u809d,\u80ba)", "name": 16, "myGroup": "G6", "label": "\u834a\u82a5", "nodeSupportPercent": 1.87, "id": 16}}, {"data": {"popup": "  \u6c23(\u5bd2) \u5473(\u7518) \u7d93\u7d61(\u80ba) \u4f5c\u7528(bacteria,inflammation,mood)", "name": 17, "myGroup": "G7", "label": "\u6851\u767d\u76ae", "nodeSupportPercent": 6.0576, "id": 17}}, {"data": {"popup": "  \u6c23(\u5e73) \u5473(\u82e6) \u7d93\u7d61(\u80ba,\u80c3) \u4f5c\u7528(hormone,inflammation)", "name": 18, "myGroup": "G7", "label": "\u6787\u6777\u8449", "nodeSupportPercent": 2.44, "id": 18}}, {"data": {"popup": "  \u6c23(\u5bd2) \u5473(\u82e6) \u7d93\u7d61(\u5fc3,\u80ba,\u80c3,\u4e09\u7126) \u4f5c\u7528(hormone,infection,mood)", "name": 19, "myGroup": "G6", "label": "\u6894\u5b50", "nodeSupportPercent": 3.48, "id": 19}}, {"data": {"popup": "  \u6c23(\u5bd2) \u5473(\u7518,\u82e6) \u7d93\u7d61(\u809d,\u80c3) \u4f5c\u7528(mood)", "name": 20, "myGroup": "G8", "label": "\u84b2\u516c\u82f1", "nodeSupportPercent": 19.193, "id": 20}}, {"data": {"popup": "  \u6c23(\u5bd2) \u5473(\u8f9b,\u82e6) \u7d93\u7d61(\u809d,\u5fc3)", "name": 21, "myGroup": "G8", "label": "\u7d2b\u82b1\u5730\u4e01", "nodeSupportPercent": 5.18, "id": 21}}, {"data": {"popup": "  \u6c23(\u5bd2) \u5473(\u7518) \u7d93\u7d61(\u80ba,\u5927\u8178,\u80c3) \u4f5c\u7528(bacteria,infection,inflammation)", "name": 22, "myGroup": "G6", "label": "\u91d1\u9280\u82b1", "nodeSupportPercent": 13.4, "id": 22}}], "edges": [{"data": {"source": 0, "Lift": 57.203, "is_directed": false, "target": 1, "name": "0-1"}}, {"data": {"source": 2, "Lift": 1.3022, "is_directed": false, "target": 3, "name": "2-3"}}, {"data": {"source": 4, "Lift": 12.27, "is_directed": false, "target": 5, "name": "4-5"}}, {"data": {"source": 6, "Lift": 4.4041, "is_directed": false, "target": 9, "name": "6-9"}}, {"data": {"source": 6, "Lift": 4.4731, "is_directed": false, "target": 10, "name": "6-10"}}, {"data": {"source": 6, "Lift": 16.682, "is_directed": false, "target": 7, "name": "6-7"}}, {"data": {"source": 7, "Lift": 5.1943, "is_directed": false, "target": 8, "name": "7-8"}}, {"data": {"source": 7, "Lift": 4.9233, "is_directed": false, "target": 9, "name": "7-9"}}, {"data": {"source": 7, "Lift": 4.9889, "is_directed": false, "target": 10, "name": "7-10"}}, {"data": {"source": 11, "Lift": 5.3524, "is_directed": false, "target": 12, "name": "11-12"}}, {"data": {"source": 13, "Lift": 11.698, "is_directed": false, "target": 14, "name": "13-14"}}, {"data": {"source": 15, "Lift": 1.8948, "is_directed": false, "target": 16, "name": "15-16"}}, {"data": {"source": 15, "Lift": 1.8713, "is_directed": false, "target": 19, "name": "15-19"}}, {"data": {"source": 15, "Lift": 2.0381, "is_directed": false, "target": 22, "name": "15-22"}}, {"data": {"source": 17, "Lift": 7.6748, "is_directed": false, "target": 18, "name": "17-18"}}, {"data": {"source": 20, "Lift": 2.7799, "is_directed": false, "target": 21, "name": "20-21"}}]}, "data": {"description": "<h1>\u75e4\u7621(\u9752\u6625\u75d8)\u4e2d\u91ab\u6cbb\u7642\u5716\u8b5c</h1><h2>ACNE_(Support=1.0%, Confidence=40.0%)</h2>", "name": "ACNE_(Support=1.0%, Confidence=40.0%)", "tags": ["ACNE", "\u75e4\u7621(\u9752\u6625\u75d8)\u4e2d\u91ab\u6cbb\u7642\u5716\u8b5c"]}}