{"elements": {"nodes": [{"data": {"popup": " ", "name": 0, "myGroup": "G0", "label": "\u5927\u5c0f\u858a", "nodeSupportPercent": 0.24863, "id": 0}}, {"data": {"popup": " ", "name": 1, "myGroup": "G0", "label": "\u6e05\u5fc3\u84ee\u5b50\u98f2", "nodeSupportPercent": 0.622, "id": 1}}, {"data": {"popup": "  \u6c23(\u5bd2) \u5473(\u7518) \u7d93\u7d61(\u814e,\u80c3) \u4f5c\u7528(bacteria,infection)", "name": 2, "myGroup": "G0", "label": "\u77f3\u659b", "nodeSupportPercent": 0.618, "id": 2}}, {"data": {"popup": "  \u4f5c\u7528(inflammation)", "name": 3, "myGroup": "G1", "label": "\u771f\u6b66\u6e6f", "nodeSupportPercent": 0.34735, "id": 3}}, {"data": {"popup": "  \u6c23(\u6eab) \u5473(\u7518) \u7d93\u7d61(\u813e,\u80c3)", "name": 4, "myGroup": "G1", "label": "\u5927\u68d7", "nodeSupportPercent": 0.896, "id": 4}}, {"data": {"popup": " ", "name": 5, "myGroup": "G2", "label": "\u834a\u82a5\u9023\u7ff9\u6e6f", "nodeSupportPercent": 4.0951, "id": 5}}, {"data": {"popup": " ", "name": 6, "myGroup": "G2", "label": "\u6b78\u813e\u6e6f", "nodeSupportPercent": 0.545, "id": 6}}, {"data": {"popup": "  \u6c23(\u5bd2) \u5473(\u7518) \u7d93\u7d61(\u809d,\u80ba) \u4f5c\u7528(oxidation)", "name": 7, "myGroup": "G3", "label": "\u87ec\u86fb", "nodeSupportPercent": 12.739, "id": 7}}, {"data": {"popup": "  \u4f5c\u7528(allergy)", "name": 8, "myGroup": "G4", "label": "\u6d88\u98a8\u6563", "nodeSupportPercent": 31.967, "id": 8}}, {"data": {"popup": "  \u6c23(\u5bd2) \u5473(\u7518) \u7d93\u7d61(\u5fc3,\u80ba,\u5c0f\u8178)", "name": 9, "myGroup": "G0", "label": "\u71c8\u5fc3\u8349", "nodeSupportPercent": 0.29616, "id": 9}}, {"data": {"popup": "  \u6c23(\u5e73) \u5473(\u7518,\u82e6) \u7d93\u7d61(\u80ba) \u4f5c\u7528(allergy)", "name": 10, "myGroup": "G0", "label": "\u767e\u90e8", "nodeSupportPercent": 0.687, "id": 10}}, {"data": {"popup": "  \u6c23(\u5bd2) \u5473(\u7518) \u7d93\u7d61(\u80ba,\u80c3)", "name": 11, "myGroup": "G0", "label": "\u901a\u8349", "nodeSupportPercent": 0.27788, "id": 11}}, {"data": {"popup": " ", "name": 12, "myGroup": "G5", "label": "\u6842\u679d\u6e6f", "nodeSupportPercent": 3.2358, "id": 12}}, {"data": {"popup": "  \u4f5c\u7528(allergy,infection)", "name": 13, "myGroup": "G5", "label": "\u9ebb\u9ec3\u6e6f", "nodeSupportPercent": 0.596, "id": 13}}, {"data": {"popup": "  \u6c23(\u5bd2) \u5473(\u82e6) \u7d93\u7d61(\u809d,\u5fc3,\u5fc3\u5305) \u4f5c\u7528(allergy,bacteria,infection,inflammation,oxidation)", "name": 14, "myGroup": "G6", "label": "\u4e39\u53c3", "nodeSupportPercent": 2.9397, "id": 14}}, {"data": {"popup": " ", "name": 15, "myGroup": "G7", "label": "\u7576\u6b78\u56db\u9006\u6e6f", "nodeSupportPercent": 0.614, "id": 15}}, {"data": {"popup": "  \u6c23(\u6eab) \u5473(\u8f9b) \u7d93\u7d61(\u80ba,\u5927\u8178,\u80c3) \u4f5c\u7528(allergy,bacteria,infection,inflammation)", "name": 16, "myGroup": "G7", "label": "\u767d\u82b7", "nodeSupportPercent": 7.4771, "id": 16}}, {"data": {"popup": " ", "name": 17, "myGroup": "G4", "label": "\u7576\u6b78\u98f2\u5b50", "nodeSupportPercent": 7.3601, "id": 17}}, {"data": {"popup": " ", "name": 18, "myGroup": "G4", "label": "\u6e05\u71e5\u6551\u80ba\u6e6f", "nodeSupportPercent": 0.581, "id": 18}}, {"data": {"popup": "  \u6c23(\u5bd2) \u5473(\u7518,\u82e6) \u7d93\u7d61(\u809d,\u80ba,\u80c3)", "name": 19, "myGroup": "G7", "label": "\u767d\u53ca", "nodeSupportPercent": 0.53, "id": 19}}, {"data": {"popup": "  \u6c23(\u5e73) \u5473(\u7518) \u7d93\u7d61(\u5fc3,\u813e,\u80ba,\u80c3) \u4f5c\u7528(allergy,bacteria,inflammation)", "name": 20, "myGroup": "G1", "label": "\u7518\u8349", "nodeSupportPercent": 19.02, "id": 20}}, {"data": {"popup": "  \u4f5c\u7528(allergy)", "name": 21, "myGroup": "G4", "label": "\u8f9b\u5937\u6e05\u80ba\u6e6f", "nodeSupportPercent": 4.245, "id": 21}}, {"data": {"popup": "  \u6c23(\u5e73) \u5473(\u82e6) \u7d93\u7d61(\u809d,\u813e,\u80ba)", "name": 22, "myGroup": "G4", "label": "\u4ed9\u9db4\u8349", "nodeSupportPercent": 0.519, "id": 22}}, {"data": {"popup": "  \u6c23(\u5bd2) \u5473(\u7518,\u82e6) \u7d93\u7d61(\u809d,\u5fc3,\u814e) \u4f5c\u7528(allergy,bacteria,infection,inflammation,oxidation)", "name": 23, "myGroup": "G3", "label": "\u751f\u5730\u9ec3", "nodeSupportPercent": 5.6051, "id": 23}}, {"data": {"popup": " ", "name": 24, "myGroup": "G4", "label": "\u6728\u8cca", "nodeSupportPercent": 0.545, "id": 24}}, {"data": {"popup": "  \u6c23(\u5e73) \u5473(\u82e6) \u7d93\u7d61(\u809d,\u80c3,\u8180\u80f1)", "name": 25, "myGroup": "G1", "label": "\u8406\u85a2", "nodeSupportPercent": 0.43876, "id": 25}}, {"data": {"popup": "  \u6c23(\u5bd2) \u5473(\u82e6) \u7d93\u7d61(\u809d,\u81bd,\u80c3)", "name": 26, "myGroup": "G1", "label": "\u9f8d\u81bd\u8349", "nodeSupportPercent": 0.603, "id": 26}}, {"data": {"popup": " ", "name": 27, "myGroup": "G4", "label": "\u7389\u5973\u714e", "nodeSupportPercent": 2.5375, "id": 27}}, {"data": {"popup": "  \u6c23(\u5e73) \u5473(\u8f9b,\u82e6) \u7d93\u7d61(\u809d) \u4f5c\u7528(bacteria,infection,inflammation,oxidation)", "name": 28, "myGroup": "G4", "label": "\u767d\u84ba\u85dc", "nodeSupportPercent": 0.6, "id": 28}}, {"data": {"popup": "  \u6c23(\u5bd2) \u5473(\u7518,\u82e6,\u9e79) \u7d93\u7d61(\u80ba,\u814e,\u80c3) \u4f5c\u7528(inflammation)", "name": 29, "myGroup": "G3", "label": "\u7384\u53c3", "nodeSupportPercent": 3.5795, "id": 29}}, {"data": {"popup": "  \u6c23(\u5bd2) \u5473(\u82e6) \u7d93\u7d61(\u8180\u80f1)", "name": 30, "myGroup": "G4", "label": "\u5730\u819a\u5b50", "nodeSupportPercent": 11.971, "id": 30}}, {"data": {"popup": "  \u6c23(\u5bd2) \u5473(\u82e6) \u7d93\u7d61(\u813e,\u80c3) \u4f5c\u7528(inflammation)", "name": 31, "myGroup": "G4", "label": "\u767d\u9bae\u76ae", "nodeSupportPercent": 13.835, "id": 31}}, {"data": {"popup": "  \u6c23(\u5bd2) \u5473(\u82e6) \u7d93\u7d61(\u5fc3,\u80ba,\u5c0f\u8178) \u4f5c\u7528(infection)", "name": 32, "myGroup": "G3", "label": "\u9023\u7ff9", "nodeSupportPercent": 15.898, "id": 32}}, {"data": {"popup": " ", "name": 33, "myGroup": "G1", "label": "\u900d\u9059\u6563", "nodeSupportPercent": 0.629, "id": 33}}, {"data": {"popup": " ", "name": 34, "myGroup": "G8", "label": "\u767d\u864e\u6e6f", "nodeSupportPercent": 1.3126, "id": 34}}, {"data": {"popup": "  \u6c23(\u5e73) \u5473(\u7518) \u7d93\u7d61(\u809d,\u80ba,\u814e) \u4f5c\u7528(infection,inflammation)", "name": 35, "myGroup": "G8", "label": "\u963f\u81a0", "nodeSupportPercent": 0.633, "id": 35}}, {"data": {"popup": "  \u6c23(\u5bd2) \u5473(\u7518) \u7d93\u7d61(\u813e,\u80ba,\u80c3)", "name": 36, "myGroup": "G9", "label": "\u858f\u82e1\u4ec1", "nodeSupportPercent": 11.707, "id": 36}}, {"data": {"popup": " ", "name": 37, "myGroup": "G9", "label": "\u6258\u88cf\u6d88\u6bd2\u6563", "nodeSupportPercent": 0.654, "id": 37}}, {"data": {"popup": " ", "name": 38, "myGroup": "G6", "label": "\u6c99\u53c3", "nodeSupportPercent": 0.52651, "id": 38}}, {"data": {"popup": " ", "name": 39, "myGroup": "G6", "label": "\u4e8c\u9673\u6e6f", "nodeSupportPercent": 0.6, "id": 39}}, {"data": {"popup": " ", "name": 40, "myGroup": "G6", "label": "\u9ea5\u9580\u51ac\u6e6f", "nodeSupportPercent": 0.96161, "id": 40}}, {"data": {"popup": "  \u6c23(\u5e73) \u5473(\u8f9b,\u82e6) \u7d93\u7d61(\u80ba)", "name": 41, "myGroup": "G3", "label": "\u6854\u6897", "nodeSupportPercent": 2.8117, "id": 41}}, {"data": {"popup": "  \u6c23(\u5bd2) \u5473(\u7518) \u7d93\u7d61(\u80ba,\u5927\u8178,\u80c3) \u4f5c\u7528(infection,inflammation)", "name": 42, "myGroup": "G6", "label": "\u91d1\u9280\u82b1", "nodeSupportPercent": 10.311, "id": 42}}, {"data": {"popup": " ", "name": 43, "myGroup": "G4", "label": "\u834a\u9632\u6557\u6bd2\u6563", "nodeSupportPercent": 10.362, "id": 43}}, {"data": {"popup": " ", "name": 44, "myGroup": "G4", "label": "\u85ff\u9999\u6b63\u6c23\u6563", "nodeSupportPercent": 0.801, "id": 44}}, {"data": {"popup": " ", "name": 45, "myGroup": "G4", "label": "\u9d5d\u4e0d\u98df\u8349", "nodeSupportPercent": 0.508, "id": 45}}, {"data": {"popup": " ", "name": 46, "myGroup": "G4", "label": "\u6f64\u8178\u4e38", "nodeSupportPercent": 0.72, "id": 46}}, {"data": {"popup": "  \u4f5c\u7528(infection)", "name": 47, "myGroup": "G1", "label": "\u9ec3\u9023\u89e3\u6bd2\u6e6f", "nodeSupportPercent": 5.5356, "id": 47}}, {"data": {"popup": " ", "name": 48, "myGroup": "G1", "label": "\u56db\u7269\u6e6f", "nodeSupportPercent": 0.852, "id": 48}}, {"data": {"popup": " ", "name": 49, "myGroup": "G4", "label": "\u6843\u7d05\u56db\u7269\u6e6f", "nodeSupportPercent": 0.676, "id": 49}}, {"data": {"popup": " ", "name": 50, "myGroup": "G4", "label": "\u4eba\u53c3\u6557\u6bd2\u6563", "nodeSupportPercent": 0.907, "id": 50}}, {"data": {"popup": "  \u6c23(\u5e73) \u5473(\u7518) \u7d93\u7d61(\u80ba,\u80c3) \u4f5c\u7528(bacteria,oxidation)", "name": 51, "myGroup": "G6", "label": "\u7389\u7af9", "nodeSupportPercent": 1.4516, "id": 51}}, {"data": {"popup": "  \u6c23(\u6eab) \u5473(\u8f9b,\u82e6) \u7d93\u7d61(\u813e,\u80ba,\u5927\u8178,\u80c3) \u4f5c\u7528(bacteria)", "name": 52, "myGroup": "G3", "label": "\u539a\u6734", "nodeSupportPercent": 1.5466, "id": 52}}, {"data": {"popup": "  \u6c23(\u6eab) \u5473(\u7518) \u7d93\u7d61(\u813e,\u80c3)", "name": 53, "myGroup": "G3", "label": "\u6241\u8c46", "nodeSupportPercent": 0.625, "id": 53}}, {"data": {"popup": "  \u6c23(\u5bd2) \u5473(\u9178,\u82e6) \u7d93\u7d61(\u809d,\u813e) \u4f5c\u7528(bacteria,infection,inflammation,oxidation)", "name": 54, "myGroup": "G3", "label": "\u767d\u828d", "nodeSupportPercent": 1.4442, "id": 54}}, {"data": {"popup": "  \u6c23(\u5e73) \u5473(\u7518) \u7d93\u7d61(\u5fc3,\u813e,\u814e) \u4f5c\u7528(inflammation)", "name": 55, "myGroup": "G3", "label": "\u832f\u82d3", "nodeSupportPercent": 2.83, "id": 55}}, {"data": {"popup": "  \u4f5c\u7528(bacteria,infection)", "name": 56, "myGroup": "G3", "label": "\u9ebb\u674f\u7518\u77f3\u6e6f", "nodeSupportPercent": 4.223, "id": 56}}, {"data": {"popup": "  \u6c23(\u6eab) \u5473(\u8f9b) \u7d93\u7d61(\u809d,\u80ba)", "name": 57, "myGroup": "G3", "label": "\u834a\u82a5", "nodeSupportPercent": 7.2687, "id": 57}}, {"data": {"popup": " ", "name": 58, "myGroup": "G4", "label": "\u666e\u6fdf\u6d88\u6bd2\u98f2", "nodeSupportPercent": 0.709, "id": 58}}, {"data": {"popup": "  \u6c23(\u6eab) \u5473(\u8f9b) \u7d93\u7d61(\u5fc3,\u80c3)", "name": 59, "myGroup": "G3", "label": "\u77f3\u83d6\u84b2", "nodeSupportPercent": 0.66179, "id": 59}}, {"data": {"popup": "  \u6c23(\u6eab) \u5473(\u8f9b,\u82e6) \u7d93\u7d61(\u5fc3,\u80ba)", "name": 60, "myGroup": "G3", "label": "\u9060\u5fd7", "nodeSupportPercent": 0.57, "id": 60}}, {"data": {"popup": "  \u6c23(\u5bd2) \u5473(\u7518,\u82e6) \u7d93\u7d61(\u80ba,\u814e) \u4f5c\u7528(allergy,inflammation)", "name": 61, "myGroup": "G8", "label": "\u5929\u9580\u51ac", "nodeSupportPercent": 0.629, "id": 61}}, {"data": {"popup": "  \u6c23(\u5bd2) \u5473(\u7518,\u82e6) \u7d93\u7d61(\u5fc3,\u80ba,\u80c3) \u4f5c\u7528(infection,oxidation)", "name": 62, "myGroup": "G8", "label": "\u9ea5\u9580\u51ac", "nodeSupportPercent": 2.2194, "id": 62}}, {"data": {"popup": "  \u6c23(\u6eab) \u5473(\u8f9b) \u7d93\u7d61(\u80ba,\u814e) \u4f5c\u7528(allergy,bacteria,infection)", "name": 63, "myGroup": "G7", "label": "\u7d30\u8f9b", "nodeSupportPercent": 1.4113, "id": 63}}, {"data": {"popup": "  \u6c23(\u71b1) \u5473(\u8f9b) \u7d93\u7d61(\u5fc3,\u813e,\u80ba,\u80c3) \u4f5c\u7528(allergy)", "name": 64, "myGroup": "G7", "label": "\u4e7e\u8591", "nodeSupportPercent": 0.603, "id": 64}}, {"data": {"popup": "  \u6c23(\u5e73) \u5473(\u7518) \u7d93\u7d61(\u813e,\u5927\u8178)", "name": 65, "myGroup": "G4", "label": "\u706b\u9ebb\u4ec1", "nodeSupportPercent": 0.684, "id": 65}}, {"data": {"popup": "  \u4f5c\u7528(allergy)", "name": 66, "myGroup": "G9", "label": "\u82d3\u6842\u672e\u7518\u6e6f", "nodeSupportPercent": 0.859, "id": 66}}, {"data": {"popup": "  \u6c23(\u5e73) \u5473(\u9178) \u7d93\u7d61(\u809d,\u813e,\u80ba,\u5927\u8178) \u4f5c\u7528(bacteria)", "name": 67, "myGroup": "G3", "label": "\u70cf\u6885", "nodeSupportPercent": 1.5247, "id": 67}}, {"data": {"popup": "  \u6c23(\u6eab) \u5473(\u9178) \u7d93\u7d61(\u5fc3,\u80ba,\u814e) \u4f5c\u7528(bacteria,infection,inflammation,oxidation)", "name": 68, "myGroup": "G3", "label": "\u4e94\u5473\u5b50", "nodeSupportPercent": 0.611, "id": 68}}, {"data": {"popup": "  \u6c23(\u6eab) \u5473(\u8f9b,\u7518) \u7d93\u7d61(\u809d,\u813e,\u8180\u80f1) \u4f5c\u7528(allergy,bacteria,inflammation,oxidation)", "name": 69, "myGroup": "G3", "label": "\u9632\u98a8", "nodeSupportPercent": 5.4369, "id": 69}}, {"data": {"popup": "  \u6c23(\u5bd2) \u5473(\u8f9b,\u82e6) \u7d93\u7d61(\u809d,\u5fc3,\u814e) \u4f5c\u7528(allergy,bacteria,inflammation,oxidation)", "name": 70, "myGroup": "G3", "label": "\u7261\u4e39\u76ae", "nodeSupportPercent": 9.7148, "id": 70}}, {"data": {"popup": " ", "name": 71, "myGroup": "G3", "label": "\u67f4\u80e1\u6842\u679d\u6e6f", "nodeSupportPercent": 0.768, "id": 71}}, {"data": {"popup": " ", "name": 72, "myGroup": "G4", "label": "\u674f\u8607\u6563", "nodeSupportPercent": 0.742, "id": 72}}, {"data": {"popup": "  \u6c23(\u5e73) \u5473(\u82e6)", "name": 73, "myGroup": "G3", "label": "\u8377\u8449", "nodeSupportPercent": 0.563, "id": 73}}, {"data": {"popup": " ", "name": 74, "myGroup": "G4", "label": "\u9ebb\u674f\u858f\u7518\u6e6f", "nodeSupportPercent": 2.9324, "id": 74}}, {"data": {"popup": "  \u6c23(\u5e73) \u5473(\u7518,\u9178) \u7d93\u7d61(\u5fc3,\u5c0f\u8178)", "name": 75, "myGroup": "G4", "label": "\u8d64\u5c0f\u8c46", "nodeSupportPercent": 0.603, "id": 75}}, {"data": {"popup": "  \u6c23(\u6eab) \u5473(\u8f9b,\u82e6) \u7d93\u7d61(\u80ba,\u8180\u80f1) \u4f5c\u7528(infection)", "name": 76, "myGroup": "G1", "label": "\u9ebb\u9ec3", "nodeSupportPercent": 2.4534, "id": 76}}, {"data": {"popup": "  \u6c23(\u6eab) \u5473(\u82e6) \u7d93\u7d61(\u80ba,\u5927\u8178)", "name": 77, "myGroup": "G1", "label": "\u674f\u4ec1", "nodeSupportPercent": 2.5594, "id": 77}}, {"data": {"popup": "  \u6c23(\u5bd2) \u5473(\u7518) \u7d93\u7d61(\u80ba)", "name": 78, "myGroup": "G9", "label": "\u6851\u767d\u76ae", "nodeSupportPercent": 4.7422, "id": 78}}, {"data": {"popup": "  \u6c23(\u5bd2) \u5473(\u7518) \u7d93\u7d61(\u809d,\u80ba,\u814e) \u4f5c\u7528(oxidation)", "name": 79, "myGroup": "G9", "label": "\u8eca\u524d\u5b50", "nodeSupportPercent": 0.614, "id": 79}}, {"data": {"popup": "  \u6c23(\u5bd2) \u5473(\u82e6) \u7d93\u7d61(\u5fc3,\u80c3) \u4f5c\u7528(allergy,infection,inflammation)", "name": 80, "myGroup": "G6", "label": "\u677f\u85cd\u6839", "nodeSupportPercent": 0.658, "id": 80}}, {"data": {"popup": " ", "name": 81, "myGroup": "G4", "label": "\u7d2b\u8349\u6839", "nodeSupportPercent": 1.4881, "id": 81}}, {"data": {"popup": "  \u6c23(\u5bd2) \u5473(\u82e6) \u7d93\u7d61(\u809d)", "name": 82, "myGroup": "G4", "label": "\u831c\u8349", "nodeSupportPercent": 0.647, "id": 82}}, {"data": {"popup": "  \u6c23(\u5bd2) \u5473(\u82e6) \u7d93\u7d61(\u809d,\u813e,\u81bd,\u80c3) \u4f5c\u7528(infection,inflammation)", "name": 83, "myGroup": "G3", "label": "\u8335\u9673\u84bf", "nodeSupportPercent": 0.647, "id": 83}}, {"data": {"popup": "  \u6c23(\u6eab) \u5473(\u8f9b) \u7d93\u7d61(\u813e,\u80ba) \u4f5c\u7528(infection,inflammation,oxidation)", "name": 84, "myGroup": "G1", "label": "\u751f\u8591", "nodeSupportPercent": 0.581, "id": 84}}, {"data": {"popup": "  \u6c23(\u5bd2) \u5473(\u7518) \u7d93\u7d61(\u5fc3,\u5c0f\u8178,\u80c3)", "name": 85, "myGroup": "G3", "label": "\u6de1\u7af9\u8449", "nodeSupportPercent": 0.709, "id": 85}}, {"data": {"popup": "  \u4f5c\u7528(allergy)", "name": 86, "myGroup": "G4", "label": "\u8840\u5e9c\u9010\u7600\u6e6f", "nodeSupportPercent": 1.5064, "id": 86}}, {"data": {"popup": " ", "name": 87, "myGroup": "G1", "label": "\u91d1\u87ec", "nodeSupportPercent": 1.9415, "id": 87}}, {"data": {"popup": "  \u6c23(\u6eab) \u5473(\u8f9b,\u82e6) \u7d93\u7d61(\u813e,\u80c3) \u4f5c\u7528(allergy,inflammation,oxidation)", "name": 88, "myGroup": "G1", "label": "\u84bc\u672e", "nodeSupportPercent": 2.5192, "id": 88}}, {"data": {"popup": "  \u6c23(\u6eab) \u5473(\u7518,\u82e6) \u7d93\u7d61(\u813e,\u80c3) \u4f5c\u7528(allergy,bacteria,inflammation,oxidation)", "name": 89, "myGroup": "G1", "label": "\u767d\u672e", "nodeSupportPercent": 2.4936, "id": 89}}, {"data": {"popup": "  \u6c23(\u6eab) \u5473(\u7518) \u7d93\u7d61(\u813e,\u80ba) \u4f5c\u7528(allergy)", "name": 90, "myGroup": "G1", "label": "\u9ec3\u8006", "nodeSupportPercent": 3.1444, "id": 90}}, {"data": {"popup": " ", "name": 91, "myGroup": "G1", "label": "\u4e94\u5473\u6d88\u6bd2\u98f2", "nodeSupportPercent": 4.8154, "id": 91}}, {"data": {"popup": " ", "name": 92, "myGroup": "G9", "label": "\u4ed9\u65b9\u6d3b\u547d\u98f2", "nodeSupportPercent": 5.5503, "id": 92}}, {"data": {"popup": " ", "name": 93, "myGroup": "G7", "label": "\u7099\u7518\u8349", "nodeSupportPercent": 2.34, "id": 93}}, {"data": {"popup": " ", "name": 94, "myGroup": "G7", "label": "\u9ebb\u9ec3\u9644\u5b50\u7d30\u8f9b\u6e6f", "nodeSupportPercent": 0.845, "id": 94}}, {"data": {"popup": "  \u6c23(\u5bd2) \u5473(\u7518) \u7d93\u7d61(\u80c3,\u8180\u80f1)", "name": 95, "myGroup": "G9", "label": "\u6ed1\u77f3", "nodeSupportPercent": 0.72, "id": 95}}, {"data": {"popup": "  \u6c23(\u5e73) \u5473(\u82e6) \u7d93\u7d61(\u809d,\u5fc3,\u80ba,\u5927\u8178) \u4f5c\u7528(inflammation)", "name": 96, "myGroup": "G9", "label": "\u6843\u4ec1", "nodeSupportPercent": 0.80439, "id": 96}}, {"data": {"popup": "  \u6c23(\u6eab) \u5473(\u8f9b) \u7d93\u7d61(\u809d,\u5fc3) \u4f5c\u7528(inflammation)", "name": 97, "myGroup": "G9", "label": "\u7d05\u82b1", "nodeSupportPercent": 0.611, "id": 97}}, {"data": {"popup": "  \u6c23(\u5e73) \u5473(\u7518,\u82e6) \u7d93\u7d61(\u809d,\u5fc3)", "name": 98, "myGroup": "G4", "label": "\u591c\u4ea4\u85e4", "nodeSupportPercent": 0.93967, "id": 98}}, {"data": {"popup": "  \u6c23(\u6eab) \u5473(\u8f9b) \u7d93\u7d61(\u809d,\u5fc3,\u81bd,\u5fc3\u5305) \u4f5c\u7528(allergy,bacteria,inflammation,oxidation)", "name": 99, "myGroup": "G3", "label": "\u5ddd\u828e", "nodeSupportPercent": 1.0713, "id": 99}}, {"data": {"popup": "  \u4f5c\u7528(bacteria,infection,inflammation)", "name": 100, "myGroup": "G4", "label": "\u7389\u5c4f\u98a8\u6563", "nodeSupportPercent": 1.9488, "id": 100}}, {"data": {"popup": "  \u6c23(\u6eab) \u5473(\u8f9b) \u7d93\u7d61(\u80ba,\u80c3) \u4f5c\u7528(allergy,bacteria,infection,inflammation)", "name": 101, "myGroup": "G3", "label": "\u8f9b\u5937", "nodeSupportPercent": 2.2048, "id": 101}}, {"data": {"popup": "  \u6c23(\u5bd2) \u5473(\u82e6) \u7d93\u7d61(\u809d,\u80ba,\u81bd,\u5927\u8178,\u80c3) \u4f5c\u7528(bacteria)", "name": 102, "myGroup": "G3", "label": "\u9ec3\u82a9", "nodeSupportPercent": 6.702, "id": 102}}, {"data": {"popup": "  \u6c23(\u6eab) \u5473(\u8f9b,\u82e6) \u7d93\u7d61(\u813e,\u80ba) \u4f5c\u7528(bacteria,inflammation)", "name": 103, "myGroup": "G1", "label": "\u9673\u76ae", "nodeSupportPercent": 1.9013, "id": 103}}, {"data": {"popup": "  \u6c23(\u5bd2) \u5473(\u82e6) \u7d93\u7d61(\u5fc3,\u80ba,\u80c3)", "name": 104, "myGroup": "G1", "label": "\u5927\u9752\u8449", "nodeSupportPercent": 0.771, "id": 104}}, {"data": {"popup": "  \u6c23(\u5e73) \u5473(\u7518) \u7d93\u7d61(\u813e,\u80ba,\u814e) \u4f5c\u7528(inflammation,oxidation)", "name": 105, "myGroup": "G3", "label": "\u5c71\u85e5", "nodeSupportPercent": 0.90311, "id": 105}}, {"data": {"popup": "  \u6c23(\u5bd2) \u5473(\u7518) \u7d93\u7d61(\u814e,\u8180\u80f1)", "name": 106, "myGroup": "G3", "label": "\u6fa4\u7009", "nodeSupportPercent": 0.611, "id": 106}}, {"data": {"popup": " ", "name": 107, "myGroup": "G1", "label": "\u8335\u9673\u4e94\u82d3\u6563", "nodeSupportPercent": 0.973, "id": 107}}, {"data": {"popup": "  \u6c23(\u5bd2) \u5473(\u8f9b,\u82e6) \u7d93\u7d61(\u809d,\u81bd) \u4f5c\u7528(bacteria)", "name": 108, "myGroup": "G3", "label": "\u590f\u67af\u8349", "nodeSupportPercent": 0.819, "id": 108}}, {"data": {"popup": "  \u6c23(\u5bd2) \u5473(\u8f9b,\u82e6) \u7d93\u7d61(\u809d,\u814e,\u81bd) \u4f5c\u7528(inflammation)", "name": 109, "myGroup": "G1", "label": "\u9752\u84bf", "nodeSupportPercent": 0.834, "id": 109}}, {"data": {"popup": " ", "name": 110, "myGroup": "G6", "label": "\u7d2b\u8607\u8449", "nodeSupportPercent": 0.764, "id": 110}}, {"data": {"popup": " ", "name": 111, "myGroup": "G9", "label": "\u80c3\u82d3\u6e6f", "nodeSupportPercent": 1.03, "id": 111}}, {"data": {"popup": "  \u6c23(\u5e73) \u5473(\u7518) \u7d93\u7d61(\u813e,\u5c0f\u8178,\u80c3,\u8180\u80f1)", "name": 112, "myGroup": "G1", "label": "\u96de\u5167\u91d1", "nodeSupportPercent": 0.72, "id": 112}}, {"data": {"popup": " ", "name": 113, "myGroup": "G3", "label": "\u8def\u8def\u901a", "nodeSupportPercent": 0.706, "id": 113}}, {"data": {"popup": " ", "name": 114, "myGroup": "G9", "label": "\u6563\u816b\u6f70\u5805\u6e6f", "nodeSupportPercent": 0.998, "id": 114}}, {"data": {"popup": "  \u6c23(\u5bd2) \u5473(\u8f9b,\u82e6) \u7d93\u7d61(\u809d,\u5927\u8178,\u80c3)", "name": 115, "myGroup": "G1", "label": "\u6557\u91ac\u8349", "nodeSupportPercent": 0.841, "id": 115}}, {"data": {"popup": "  \u4f5c\u7528(bacteria,infection,inflammation,oxidation)", "name": 116, "myGroup": "G3", "label": "\u67b3\u6bbc", "nodeSupportPercent": 1.2724, "id": 116}}, {"data": {"popup": "  \u6c23(\u5e73) \u5473(\u82e6) \u7d93\u7d61(\u80ba,\u80c3) \u4f5c\u7528(inflammation)", "name": 117, "myGroup": "G9", "label": "\u6787\u6777\u8449", "nodeSupportPercent": 0.702, "id": 117}}, {"data": {"popup": "  \u6c23(\u5bd2) \u5473(\u7518,\u82e6) \u7d93\u7d61(\u80ba,\u80c3) \u4f5c\u7528(allergy,bacteria,inflammation)", "name": 118, "myGroup": "G7", "label": "\u5929\u82b1\u7c89", "nodeSupportPercent": 2.7788, "id": 118}}, {"data": {"popup": "  \u6c23(\u5bd2) \u5473(\u7518,\u82e6) \u7d93\u7d61(\u809d,\u80c3) \u4f5c\u7528(bacteria)", "name": 119, "myGroup": "G6", "label": "\u84b2\u516c\u82f1", "nodeSupportPercent": 6.2267, "id": 119}}, {"data": {"popup": " ", "name": 120, "myGroup": "G1", "label": "\u56db\u541b\u5b50\u6e6f", "nodeSupportPercent": 1.04, "id": 120}}, {"data": {"popup": "  \u6c23(\u6eab) \u5473(\u8f9b) \u7d93\u7d61(\u813e,\u80c3) \u4f5c\u7528(infection)", "name": 121, "myGroup": "G7", "label": "\u7802\u4ec1", "nodeSupportPercent": 3.2614, "id": 121}}, {"data": {"popup": " ", "name": 122, "myGroup": "G7", "label": "\u7099\u7518\u8349\u6e6f", "nodeSupportPercent": 0.907, "id": 122}}, {"data": {"popup": "  \u6c23(\u5bd2) \u5473(\u82e6) \u7d93\u7d61(\u809d,\u5fc3,\u813e,\u5927\u8178,\u80c3) \u4f5c\u7528(allergy,bacteria,infection,inflammation)", "name": 123, "myGroup": "G7", "label": "\u5927\u9ec3", "nodeSupportPercent": 6.011, "id": 123}}, {"data": {"popup": "  \u6c23(\u5e73) \u5473(\u7518) \u7d93\u7d61(\u809d,\u813e,\u80c3)", "name": 124, "myGroup": "G1", "label": "\u9ea5\u82bd", "nodeSupportPercent": 2.1024, "id": 124}}, {"data": {"popup": "  \u6c23(\u5e73) \u5473(\u8f9b,\u7518,\u82e6) \u7d93\u7d61(\u809d,\u4e09\u7126) \u4f5c\u7528(inflammation)", "name": 125, "myGroup": "G1", "label": "\u9999\u9644", "nodeSupportPercent": 0.914, "id": 125}}, {"data": {"popup": " ", "name": 126, "myGroup": "G3", "label": "\u6851\u83ca\u98f2", "nodeSupportPercent": 1.03, "id": 126}}, {"data": {"popup": " ", "name": 127, "myGroup": "G3", "label": "\u5730\u9ec3", "nodeSupportPercent": 0.552, "id": 127}}, {"data": {"popup": "  \u6c23(\u5bd2) \u5473(\u8f9b,\u82e6) \u7d93\u7d61(\u80ba,\u80c3) \u4f5c\u7528(bacteria,infection,inflammation)", "name": 128, "myGroup": "G3", "label": "\u725b\u84a1\u5b50", "nodeSupportPercent": 1.2139, "id": 128}}, {"data": {"popup": "  \u6c23(\u5bd2) \u5473(\u82e6) \u7d93\u7d61(\u809d,\u5fc3,\u5927\u8178,\u80c3) \u4f5c\u7528(oxidation)", "name": 129, "myGroup": "G3", "label": "\u9ec3\u9023", "nodeSupportPercent": 2.4936, "id": 129}}, {"data": {"popup": "  \u6c23(\u6dbc) \u5473(\u8f9b) \u7d93\u7d61(\u809d,\u80ba)", "name": 130, "myGroup": "G3", "label": "\u8584\u8377", "nodeSupportPercent": 2.0768, "id": 130}}, {"data": {"popup": "  \u6c23(\u5bd2) \u5473(\u82e6) \u7d93\u7d61(\u5fc3,\u80ba,\u80c3,\u4e09\u7126) \u4f5c\u7528(allergy,oxidation)", "name": 131, "myGroup": "G3", "label": "\u6894\u5b50", "nodeSupportPercent": 2.4278, "id": 131}}, {"data": {"popup": "  \u6c23(\u6eab) \u5473(\u8f9b,\u7518) \u7d93\u7d61(\u809d,\u5fc3,\u813e)", "name": 132, "myGroup": "G3", "label": "\u7576\u6b78", "nodeSupportPercent": 2.6325, "id": 132}}, {"data": {"popup": "  \u6c23(\u6dbc) \u5473(\u8f9b,\u7518) \u7d93\u7d61(\u813e,\u80c3) \u4f5c\u7528(allergy,bacteria)", "name": 133, "myGroup": "G1", "label": "\u845b\u6839", "nodeSupportPercent": 0.87, "id": 133}}, {"data": {"popup": "  \u6c23(\u5bd2) \u5473(\u7518) \u7d93\u7d61(\u80ba,\u80c3,\u8180\u80f1) \u4f5c\u7528(oxidation)", "name": 134, "myGroup": "G4", "label": "\u767d\u8305\u6839", "nodeSupportPercent": 0.943, "id": 134}}, {"data": {"popup": "  \u6c23(\u5bd2) \u5473(\u7518,\u82e6) \u7d93\u7d61(\u809d,\u80ba)", "name": 135, "myGroup": "G6", "label": "\u6851\u8449", "nodeSupportPercent": 0.815, "id": 135}}, {"data": {"popup": " ", "name": 136, "myGroup": "G4", "label": "\u84ba\u85dc", "nodeSupportPercent": 4.9872, "id": 136}}, {"data": {"popup": "  \u6c23(\u5bd2) \u5473(\u9e79) \u7d93\u7d61(\u809d,\u80ba,\u8180\u80f1) \u4f5c\u7528(allergy,bacteria,infection,inflammation,oxidation)", "name": 137, "myGroup": "G4", "label": "\u5730\u9f8d", "nodeSupportPercent": 0.837, "id": 137}}, {"data": {"popup": " ", "name": 138, "myGroup": "G3", "label": "\u7af9\u8449\u77f3\u818f\u6e6f", "nodeSupportPercent": 1.13, "id": 138}}, {"data": {"popup": "  \u6c23(\u5bd2) \u5473(\u9e79) \u7d93\u7d61(\u809d,\u814e)", "name": 139, "myGroup": "G1", "label": "\u7261\u8823", "nodeSupportPercent": 0.793, "id": 139}}, {"data": {"popup": "  \u6c23(\u5bd2) \u5473(\u7518,\u82e6) \u7d93\u7d61(\u5c0f\u8178,\u5927\u8178,\u80c3) \u4f5c\u7528(inflammation)", "name": 140, "myGroup": "G6", "label": "\u767d\u82b1\u86c7\u820c\u8349", "nodeSupportPercent": 0.896, "id": 140}}, {"data": {"popup": " ", "name": 141, "myGroup": "G1", "label": "\u6dbc\u8188\u6563", "nodeSupportPercent": 1.29, "id": 141}}, {"data": {"popup": "  \u6c23(\u5e73) \u5473(\u7518) \u7d93\u7d61(\u813e,\u80ba) \u4f5c\u7528(bacteria,inflammation)", "name": 142, "myGroup": "G1", "label": "\u9ee8\u53c3", "nodeSupportPercent": 0.907, "id": 142}}, {"data": {"popup": "  \u6c23(\u5e73) \u5473(\u7518) \u7d93\u7d61(\u809d,\u80c3) \u4f5c\u7528(allergy,inflammation)", "name": 143, "myGroup": "G4", "label": "\u571f\u832f\u82d3", "nodeSupportPercent": 7.6417, "id": 143}}, {"data": {"popup": " ", "name": 144, "myGroup": "G9", "label": "\u7576\u6b78\u62c8\u75db\u6e6f", "nodeSupportPercent": 1.4, "id": 144}}, {"data": {"popup": "  \u6c23(\u6eab) \u5473(\u8f9b) \u7d93\u7d61(\u813e,\u80ba,\u80c3)", "name": 145, "myGroup": "G4", "label": "\u85ff\u9999", "nodeSupportPercent": 0.984, "id": 145}}, {"data": {"popup": "  \u4f5c\u7528(allergy)", "name": 146, "myGroup": "G1", "label": "\u845b\u6839\u6e6f", "nodeSupportPercent": 1.6, "id": 146}}, {"data": {"popup": " ", "name": 147, "myGroup": "G4", "label": "\u77e5\u67cf\u5730\u9ec3\u4e38", "nodeSupportPercent": 1.3, "id": 147}}, {"data": {"popup": "  \u6c23(\u5bd2) \u5473(\u82e6) \u7d93\u7d61(\u814e,\u5927\u8178,\u8180\u80f1) \u4f5c\u7528(allergy,infection)", "name": 148, "myGroup": "G1", "label": "\u9ec3\u67cf", "nodeSupportPercent": 2.2559, "id": 148}}, {"data": {"popup": "  \u6c23(\u5bd2) \u5473(\u7518,\u82e6) \u7d93\u7d61(\u80ba,\u814e,\u80c3) \u4f5c\u7528(bacteria,inflammation)", "name": 149, "myGroup": "G1", "label": "\u77e5\u6bcd", "nodeSupportPercent": 1.13, "id": 149}}, {"data": {"popup": "  \u6c23(\u5bd2) \u5473(\u8f9b,\u7518) \u7d93\u7d61(\u80ba,\u80c3) \u4f5c\u7528(infection)", "name": 150, "myGroup": "G1", "label": "\u77f3\u818f", "nodeSupportPercent": 2.3839, "id": 150}}, {"data": {"popup": "  \u6c23(\u6eab) \u5473(\u8f9b,\u7518) \u7d93\u7d61(\u5fc3,\u80ba,\u8180\u80f1) \u4f5c\u7528(bacteria,infection,inflammation)", "name": 151, "myGroup": "G1", "label": "\u6842\u679d", "nodeSupportPercent": 1.26, "id": 151}}, {"data": {"popup": "  \u6c23(\u6eab) \u5473(\u8f9b) \u7d93\u7d61(\u813e,\u80ba,\u80c3) \u4f5c\u7528(allergy,bacteria,inflammation)", "name": 152, "myGroup": "G1", "label": "\u534a\u590f", "nodeSupportPercent": 1.07, "id": 152}}, {"data": {"popup": " ", "name": 153, "myGroup": "G1", "label": "\u67f4\u80e1\u6e05\u809d\u6e6f", "nodeSupportPercent": 1.51, "id": 153}}, {"data": {"popup": "  \u6c23(\u6eab) \u5473(\u7518,\u82e6) \u7d93\u7d61(\u809d,\u814e) \u4f5c\u7528(allergy,bacteria,inflammation,oxidation)", "name": 154, "myGroup": "G3", "label": "\u4f55\u9996\u70cf", "nodeSupportPercent": 1.36, "id": 154}}, {"data": {"popup": " ", "name": 155, "myGroup": "G4", "label": "\u8f9b\u5937\u6563", "nodeSupportPercent": 1.67, "id": 155}}, {"data": {"popup": "  \u4f5c\u7528(allergy,bacteria)", "name": 156, "myGroup": "G3", "label": "\u516d\u5473\u5730\u9ec3\u4e38", "nodeSupportPercent": 1.7, "id": 156}}, {"data": {"popup": " ", "name": 157, "myGroup": "G1", "label": "\u9ebb\u5b50\u4ec1\u4e38", "nodeSupportPercent": 1.65, "id": 157}}, {"data": {"popup": " ", "name": 158, "myGroup": "G1", "label": "\u9632\u98a8\u901a\u8056\u6563", "nodeSupportPercent": 1.91, "id": 158}}, {"data": {"popup": "  \u4f5c\u7528(allergy,inflammation)", "name": 159, "myGroup": "G4", "label": "\u9999\u7802\u516d\u541b\u5b50\u6e6f", "nodeSupportPercent": 1.95, "id": 159}}, {"data": {"popup": " ", "name": 160, "myGroup": "G1", "label": "\u795e?", "nodeSupportPercent": 1.7806, "id": 160}}, {"data": {"popup": "  \u6c23(\u6eab) \u5473(\u7518,\u9178) \u7d93\u7d61(\u809d,\u813e,\u80c3) \u4f5c\u7528(bacteria,infection,inflammation,oxidation)", "name": 161, "myGroup": "G1", "label": "\u5c71\u6942", "nodeSupportPercent": 1.47, "id": 161}}, {"data": {"popup": "  \u4f5c\u7528(allergy,bacteria,infection,inflammation)", "name": 162, "myGroup": "G1", "label": "\u5c0f\u9752\u9f8d\u6e6f", "nodeSupportPercent": 1.96, "id": 162}}, {"data": {"popup": "  \u6c23(\u5bd2) \u5473(\u8f9b,\u82e6) \u7d93\u7d61(\u809d,\u5fc3,\u81bd,\u5fc3\u5305,\u4e09\u7126) \u4f5c\u7528(oxidation)", "name": 163, "myGroup": "G3", "label": "\u67f4\u80e1", "nodeSupportPercent": 1.29, "id": 163}}, {"data": {"popup": "  \u6c23(\u5bd2) \u5473(\u8f9b,\u82e6) \u7d93\u7d61(\u813e,\u5927\u8178,\u80c3) \u4f5c\u7528(inflammation)", "name": 164, "myGroup": "G1", "label": "\u67b3\u5be6", "nodeSupportPercent": 1.74, "id": 164}}, {"data": {"popup": "  \u6c23(\u5bd2) \u5473(\u7518,\u82e6) \u7d93\u7d61(\u809d,\u80ba)", "name": 165, "myGroup": "G4", "label": "\u83ca\u82b1", "nodeSupportPercent": 1.58, "id": 165}}, {"data": {"popup": " ", "name": 166, "myGroup": "G4", "label": "\u53c3\u82d3\u767d\u672e\u6563", "nodeSupportPercent": 2.29, "id": 166}}, {"data": {"popup": "  \u6c23(\u5e73) \u5473(\u9178,\u82e6) \u7d93\u7d61(\u809d,\u814e) \u4f5c\u7528(allergy,inflammation)", "name": 167, "myGroup": "G1", "label": "\u725b\u819d", "nodeSupportPercent": 1.66, "id": 167}}, {"data": {"popup": " ", "name": 168, "myGroup": "G4", "label": "\u84bc\u8033\u6563", "nodeSupportPercent": 2.2, "id": 168}}, {"data": {"popup": "  \u6c23(\u5bd2) \u5473(\u8f9b) \u7d93\u7d61(\u80ba)", "name": 169, "myGroup": "G4", "label": "\u9b5a\u8165\u8349", "nodeSupportPercent": 2.13, "id": 169}}, {"data": {"popup": "  \u6c23(\u5bd2) \u5473(\u7518) \u7d93\u7d61(\u80ba,\u814e) \u4f5c\u7528(inflammation)", "name": 170, "myGroup": "G4", "label": "\u5730\u9aa8\u76ae", "nodeSupportPercent": 1.78, "id": 170}}, {"data": {"popup": "  \u6c23(\u6eab) \u5473(\u8f9b,\u82e6) \u7d93\u7d61(\u814e) \u4f5c\u7528(allergy,bacteria,inflammation)", "name": 171, "myGroup": "G4", "label": "\u86c7\u5e8a\u5b50", "nodeSupportPercent": 1.89, "id": 171}}, {"data": {"popup": "  \u6c23(\u5bd2) \u5473(\u82e6) \u7d93\u7d61(\u809d)", "name": 172, "myGroup": "G3", "label": "\u8d64\u828d", "nodeSupportPercent": 3.9817, "id": 172}}, {"data": {"popup": "  \u6c23(\u5bd2) \u5473(\u8f9b,\u82e6) \u7d93\u7d61(\u809d,\u5fc3) \u4f5c\u7528(bacteria)", "name": 173, "myGroup": "G9", "label": "\u7d2b\u82b1\u5730\u4e01", "nodeSupportPercent": 1.85, "id": 173}}, {"data": {"popup": " ", "name": 174, "myGroup": "G9", "label": "\u6e05\u4e0a\u9632\u98a8\u6e6f", "nodeSupportPercent": 6.4973, "id": 174}}, {"data": {"popup": "  \u6c23(\u5bd2) \u5473(\u7518) \u7d93\u7d61(\u809d,\u5fc3)", "name": 175, "myGroup": "G4", "label": "\u7d2b\u8349", "nodeSupportPercent": 2.14, "id": 175}}, {"data": {"popup": "  \u4f5c\u7528(allergy)", "name": 176, "myGroup": "G1", "label": "\u7518\u9732\u98f2", "nodeSupportPercent": 2.59, "id": 176}}, {"data": {"popup": "  \u6c23(\u6eab) \u5473(\u8f9b)", "name": 177, "myGroup": "G6", "label": "\u7682\u523a", "nodeSupportPercent": 2.12, "id": 177}}, {"data": {"popup": "  \u4f5c\u7528(allergy,bacteria)", "name": 178, "myGroup": "G1", "label": "\u9280\u7ff9\u6563", "nodeSupportPercent": 2.8, "id": 178}}, {"data": {"popup": "  \u4f5c\u7528(allergy,bacteria,infection,inflammation)", "name": 179, "myGroup": "G3", "label": "\u5c0f\u67f4\u80e1\u6e6f", "nodeSupportPercent": 2.8, "id": 179}}, {"data": {"popup": "  \u6c23(\u5bd2) \u5473(\u82e6) \u4f5c\u7528(bacteria)", "name": 180, "myGroup": "G1", "label": "\u8c9d\u6bcd", "nodeSupportPercent": 2.33, "id": 180}}, {"data": {"popup": "  \u4f5c\u7528(bacteria,infection)", "name": 181, "myGroup": "G4", "label": "\u7518\u9732\u6d88\u6bd2\u4e39", "nodeSupportPercent": 2.74, "id": 181}}, {"data": {"popup": " ", "name": 182, "myGroup": "G4", "label": "\u84bc\u8033\u5b50", "nodeSupportPercent": 2.5, "id": 182}}, {"data": {"popup": "  \u6c23(\u5bd2) \u5473(\u82e6) \u7d93\u7d61(\u809d,\u5fc3,\u5927\u8178,\u80c3,\u8180\u80f1) \u4f5c\u7528(allergy,bacteria,infection,oxidation)", "name": 183, "myGroup": "G4", "label": "\u82e6\u53c3", "nodeSupportPercent": 2.52, "id": 183}}, {"data": {"popup": "  \u4f5c\u7528(allergy)", "name": 184, "myGroup": "G4", "label": "\u6eab\u6e05\u98f2", "nodeSupportPercent": 3.9, "id": 184}}, {"data": {"popup": "  \u6c23(\u5e73) \u5473(\u8f9b,\u9e79) \u7d93\u7d61(\u809d,\u80ba)", "name": 185, "myGroup": "G4", "label": "\u6bad\u8836", "nodeSupportPercent": 3.35, "id": 185}}, {"data": {"popup": "  \u4f5c\u7528(allergy,infection)", "name": 186, "myGroup": "G3", "label": "\u52a0\u5473\u900d\u9059\u6563", "nodeSupportPercent": 4.6, "id": 186}}, {"data": {"popup": "  \u4f5c\u7528(inflammation)", "name": 187, "myGroup": "G4", "label": "\u9f8d\u81bd\u7009\u809d\u6e6f", "nodeSupportPercent": 5.23, "id": 187}}], "edges": [{"data": {"source": 0, "Lift": 87.539, "is_directed": false, "target": 1, "name": "0-1"}}, {"data": {"source": 0, "Lift": 85.677, "is_directed": false, "target": 2, "name": "0-2"}}, {"data": {"source": 1, "Lift": 34.271, "is_directed": false, "target": 2, "name": "1-2"}}, {"data": {"source": 1, "Lift": 1.8933, "is_directed": false, "target": 7, "name": "1-7"}}, {"data": {"source": 1, "Lift": 1.0489, "is_directed": false, "target": 8, "name": "1-8"}}, {"data": {"source": 1, "Lift": 91.365, "is_directed": false, "target": 9, "name": "1-9"}}, {"data": {"source": 1, "Lift": 41.076, "is_directed": false, "target": 10, "name": "1-10"}}, {"data": {"source": 1, "Lift": 97.376, "is_directed": false, "target": 11, "name": "1-11"}}, {"data": {"source": 2, "Lift": 1.2587, "is_directed": false, "target": 8, "name": "2-8"}}, {"data": {"source": 2, "Lift": 77.92, "is_directed": false, "target": 9, "name": "2-9"}}, {"data": {"source": 2, "Lift": 74.529, "is_directed": false, "target": 11, "name": "2-11"}}, {"data": {"source": 2, "Lift": 1.5866, "is_directed": false, "target": 20, "name": "2-20"}}, {"data": {"source": 2, "Lift": 1.8116, "is_directed": false, "target": 7, "name": "2-7"}}, {"data": {"source": 3, "Lift": 58.754, "is_directed": false, "target": 4, "name": "3-4"}}, {"data": {"source": 4, "Lift": 2.3364, "is_directed": false, "target": 32, "name": "4-32"}}, {"data": {"source": 4, "Lift": 9.1663, "is_directed": false, "target": 89, "name": "4-89"}}, {"data": {"source": 4, "Lift": 29.488, "is_directed": false, "target": 84, "name": "4-84"}}, {"data": {"source": 4, "Lift": 4.3542, "is_directed": false, "target": 69, "name": "4-69"}}, {"data": {"source": 4, "Lift": 1.073, "is_directed": false, "target": 20, "name": "4-20"}}, {"data": {"source": 5, "Lift": 1.5397, "is_directed": false, "target": 20, "name": "5-20"}}, {"data": {"source": 5, "Lift": 6.7195, "is_directed": false, "target": 6, "name": "5-6"}}, {"data": {"source": 6, "Lift": 1.2387, "is_directed": false, "target": 8, "name": "6-8"}}, {"data": {"source": 6, "Lift": 1.7386, "is_directed": false, "target": 7, "name": "6-7"}}, {"data": {"source": 7, "Lift": 2.601, "is_directed": false, "target": 128, "name": "7-128"}}, {"data": {"source": 7, "Lift": 2.8056, "is_directed": false, "target": 130, "name": "7-130"}}, {"data": {"source": 7, "Lift": 1.6136, "is_directed": false, "target": 132, "name": "7-132"}}, {"data": {"source": 7, "Lift": 1.8657, "is_directed": false, "target": 135, "name": "7-135"}}, {"data": {"source": 7, "Lift": 1.1403, "is_directed": false, "target": 8, "name": "7-8"}}, {"data": {"source": 7, "Lift": 2.811, "is_directed": false, "target": 137, "name": "7-137"}}, {"data": {"source": 7, "Lift": 1.7077, "is_directed": false, "target": 138, "name": "7-138"}}, {"data": {"source": 7, "Lift": 1.1288, "is_directed": false, "target": 20, "name": "7-20"}}, {"data": {"source": 7, "Lift": 1.8662, "is_directed": false, "target": 150, "name": "7-150"}}, {"data": {"source": 7, "Lift": 3.5299, "is_directed": false, "target": 24, "name": "7-24"}}, {"data": {"source": 7, "Lift": 1.6205, "is_directed": false, "target": 154, "name": "7-154"}}, {"data": {"source": 7, "Lift": 1.3541, "is_directed": false, "target": 32, "name": "7-32"}}, {"data": {"source": 7, "Lift": 1.8151, "is_directed": false, "target": 35, "name": "7-35"}}, {"data": {"source": 7, "Lift": 1.7542, "is_directed": false, "target": 37, "name": "7-37"}}, {"data": {"source": 7, "Lift": 2.1841, "is_directed": false, "target": 50, "name": "7-50"}}, {"data": {"source": 7, "Lift": 2.825, "is_directed": false, "target": 185, "name": "7-185"}}, {"data": {"source": 7, "Lift": 2.5054, "is_directed": false, "target": 10, "name": "7-10"}}, {"data": {"source": 7, "Lift": 2.2779, "is_directed": false, "target": 67, "name": "7-67"}}, {"data": {"source": 7, "Lift": 2.1275, "is_directed": false, "target": 69, "name": "7-69"}}, {"data": {"source": 7, "Lift": 1.7343, "is_directed": false, "target": 70, "name": "7-70"}}, {"data": {"source": 7, "Lift": 1.6074, "is_directed": false, "target": 71, "name": "7-71"}}, {"data": {"source": 7, "Lift": 1.5802, "is_directed": false, "target": 73, "name": "7-73"}}, {"data": {"source": 7, "Lift": 1.9515, "is_directed": false, "target": 83, "name": "7-83"}}, {"data": {"source": 7, "Lift": 1.9586, "is_directed": false, "target": 57, "name": "7-57"}}, {"data": {"source": 7, "Lift": 1.833, "is_directed": false, "target": 95, "name": "7-95"}}, {"data": {"source": 7, "Lift": 1.7393, "is_directed": false, "target": 106, "name": "7-106"}}, {"data": {"source": 7, "Lift": 1.6736, "is_directed": false, "target": 112, "name": "7-112"}}, {"data": {"source": 7, "Lift": 1.5863, "is_directed": false, "target": 113, "name": "7-113"}}, {"data": {"source": 7, "Lift": 1.7538, "is_directed": false, "target": 126, "name": "7-126"}}, {"data": {"source": 7, "Lift": 3.2752, "is_directed": false, "target": 127, "name": "7-127"}}, {"data": {"source": 8, "Lift": 1.0552, "is_directed": false, "target": 43, "name": "8-43"}}, {"data": {"source": 8, "Lift": 1.2246, "is_directed": false, "target": 134, "name": "8-134"}}, {"data": {"source": 8, "Lift": 1.3004, "is_directed": false, "target": 136, "name": "8-136"}}, {"data": {"source": 8, "Lift": 1.2158, "is_directed": false, "target": 137, "name": "8-137"}}, {"data": {"source": 8, "Lift": 1.5807, "is_directed": false, "target": 10, "name": "8-10"}}, {"data": {"source": 8, "Lift": 1.0283, "is_directed": false, "target": 143, "name": "8-143"}}, {"data": {"source": 8, "Lift": 1.1048, "is_directed": false, "target": 145, "name": "8-145"}}, {"data": {"source": 8, "Lift": 1.226, "is_directed": false, "target": 21, "name": "8-21"}}, {"data": {"source": 8, "Lift": 1.0134, "is_directed": false, "target": 22, "name": "8-22"}}, {"data": {"source": 8, "Lift": 1.0917, "is_directed": false, "target": 24, "name": "8-24"}}, {"data": {"source": 8, "Lift": 1.2021, "is_directed": false, "target": 155, "name": "8-155"}}, {"data": {"source": 8, "Lift": 1.4878, "is_directed": false, "target": 28, "name": "8-28"}}, {"data": {"source": 8, "Lift": 1.4351, "is_directed": false, "target": 30, "name": "8-30"}}, {"data": {"source": 8, "Lift": 1.0761, "is_directed": false, "target": 159, "name": "8-159"}}, {"data": {"source": 8, "Lift": 1.0922, "is_directed": false, "target": 36, "name": "8-36"}}, {"data": {"source": 8, "Lift": 1.0789, "is_directed": false, "target": 165, "name": "8-165"}}, {"data": {"source": 8, "Lift": 1.3013, "is_directed": false, "target": 166, "name": "8-166"}}, {"data": {"source": 8, "Lift": 1.0601, "is_directed": false, "target": 168, "name": "8-168"}}, {"data": {"source": 8, "Lift": 1.2288, "is_directed": false, "target": 169, "name": "8-169"}}, {"data": {"source": 8, "Lift": 1.1154, "is_directed": false, "target": 170, "name": "8-170"}}, {"data": {"source": 8, "Lift": 1.4159, "is_directed": false, "target": 171, "name": "8-171"}}, {"data": {"source": 8, "Lift": 1.2427, "is_directed": false, "target": 44, "name": "8-44"}}, {"data": {"source": 8, "Lift": 1.5085, "is_directed": false, "target": 46, "name": "8-46"}}, {"data": {"source": 8, "Lift": 1.2266, "is_directed": false, "target": 175, "name": "8-175"}}, {"data": {"source": 8, "Lift": 1.1886, "is_directed": false, "target": 177, "name": "8-177"}}, {"data": {"source": 8, "Lift": 1.4506, "is_directed": false, "target": 50, "name": "8-50"}}, {"data": {"source": 8, "Lift": 1.126, "is_directed": false, "target": 172, "name": "8-172"}}, {"data": {"source": 8, "Lift": 1.0092, "is_directed": false, "target": 182, "name": "8-182"}}, {"data": {"source": 8, "Lift": 1.2894, "is_directed": false, "target": 183, "name": "8-183"}}, {"data": {"source": 8, "Lift": 1.3064, "is_directed": false, "target": 184, "name": "8-184"}}, {"data": {"source": 8, "Lift": 1.0643, "is_directed": false, "target": 185, "name": "8-185"}}, {"data": {"source": 8, "Lift": 1.1083, "is_directed": false, "target": 187, "name": "8-187"}}, {"data": {"source": 8, "Lift": 1.1041, "is_directed": false, "target": 65, "name": "8-65"}}, {"data": {"source": 8, "Lift": 1.0633, "is_directed": false, "target": 72, "name": "8-72"}}, {"data": {"source": 8, "Lift": 1.4409, "is_directed": false, "target": 31, "name": "8-31"}}, {"data": {"source": 8, "Lift": 1.322, "is_directed": false, "target": 81, "name": "8-81"}}, {"data": {"source": 8, "Lift": 1.2725, "is_directed": false, "target": 82, "name": "8-82"}}, {"data": {"source": 8, "Lift": 1.1134, "is_directed": false, "target": 83, "name": "8-83"}}, {"data": {"source": 8, "Lift": 1.0368, "is_directed": false, "target": 87, "name": "8-87"}}, {"data": {"source": 8, "Lift": 1.1621, "is_directed": false, "target": 100, "name": "8-100"}}, {"data": {"source": 8, "Lift": 1.1621, "is_directed": false, "target": 101, "name": "8-101"}}, {"data": {"source": 8, "Lift": 1.1406, "is_directed": false, "target": 17, "name": "8-17"}}, {"data": {"source": 8, "Lift": 1.0526, "is_directed": false, "target": 104, "name": "8-104"}}, {"data": {"source": 8, "Lift": 1.3693, "is_directed": false, "target": 111, "name": "8-111"}}, {"data": {"source": 8, "Lift": 1.1405, "is_directed": false, "target": 117, "name": "8-117"}}, {"data": {"source": 9, "Lift": 79.025, "is_directed": false, "target": 10, "name": "9-10"}}, {"data": {"source": 10, "Lift": 82.31, "is_directed": false, "target": 11, "name": "10-11"}}, {"data": {"source": 12, "Lift": 15.736, "is_directed": false, "target": 13, "name": "12-13"}}, {"data": {"source": 14, "Lift": 1.463, "is_directed": false, "target": 32, "name": "14-32"}}, {"data": {"source": 14, "Lift": 10.579, "is_directed": false, "target": 39, "name": "14-39"}}, {"data": {"source": 14, "Lift": 7.2833, "is_directed": false, "target": 51, "name": "14-51"}}, {"data": {"source": 14, "Lift": 12.048, "is_directed": false, "target": 38, "name": "14-38"}}, {"data": {"source": 14, "Lift": 8.0994, "is_directed": false, "target": 15, "name": "14-15"}}, {"data": {"source": 15, "Lift": 2.7863, "is_directed": false, "target": 16, "name": "15-16"}}, {"data": {"source": 16, "Lift": 2.9982, "is_directed": false, "target": 51, "name": "16-51"}}, {"data": {"source": 16, "Lift": 2.7784, "is_directed": false, "target": 130, "name": "16-130"}}, {"data": {"source": 16, "Lift": 4.1081, "is_directed": false, "target": 99, "name": "16-99"}}, {"data": {"source": 16, "Lift": 4.5577, "is_directed": false, "target": 118, "name": "16-118"}}, {"data": {"source": 16, "Lift": 3.3855, "is_directed": false, "target": 102, "name": "16-102"}}, {"data": {"source": 16, "Lift": 3.8113, "is_directed": false, "target": 63, "name": "16-63"}}, {"data": {"source": 16, "Lift": 3.5972, "is_directed": false, "target": 19, "name": "16-19"}}, {"data": {"source": 16, "Lift": 1.6634, "is_directed": false, "target": 20, "name": "16-20"}}, {"data": {"source": 16, "Lift": 2.6943, "is_directed": false, "target": 182, "name": "16-182"}}, {"data": {"source": 16, "Lift": 2.7758, "is_directed": false, "target": 183, "name": "16-183"}}, {"data": {"source": 16, "Lift": 6.822, "is_directed": false, "target": 121, "name": "16-121"}}, {"data": {"source": 16, "Lift": 4.6917, "is_directed": false, "target": 122, "name": "16-122"}}, {"data": {"source": 16, "Lift": 4.0757, "is_directed": false, "target": 123, "name": "16-123"}}, {"data": {"source": 16, "Lift": 4.1167, "is_directed": false, "target": 93, "name": "16-93"}}, {"data": {"source": 16, "Lift": 3.9857, "is_directed": false, "target": 127, "name": "16-127"}}, {"data": {"source": 17, "Lift": 3.1617, "is_directed": false, "target": 18, "name": "17-18"}}, {"data": {"source": 17, "Lift": 2.8346, "is_directed": false, "target": 45, "name": "17-45"}}, {"data": {"source": 17, "Lift": 1.5368, "is_directed": false, "target": 31, "name": "17-31"}}, {"data": {"source": 19, "Lift": 1.2691, "is_directed": false, "target": 20, "name": "19-20"}}, {"data": {"source": 20, "Lift": 1.3699, "is_directed": false, "target": 22, "name": "20-22"}}, {"data": {"source": 20, "Lift": 1.4096, "is_directed": false, "target": 23, "name": "20-23"}}, {"data": {"source": 20, "Lift": 1.4976, "is_directed": false, "target": 26, "name": "20-26"}}, {"data": {"source": 20, "Lift": 1.4446, "is_directed": false, "target": 29, "name": "20-29"}}, {"data": {"source": 20, "Lift": 1.2298, "is_directed": false, "target": 32, "name": "20-32"}}, {"data": {"source": 20, "Lift": 1.8952, "is_directed": false, "target": 33, "name": "20-33"}}, {"data": {"source": 20, "Lift": 1.1423, "is_directed": false, "target": 34, "name": "20-34"}}, {"data": {"source": 20, "Lift": 1.0541, "is_directed": false, "target": 36, "name": "20-36"}}, {"data": {"source": 20, "Lift": 1.5451, "is_directed": false, "target": 41, "name": "20-41"}}, {"data": {"source": 20, "Lift": 1.2249, "is_directed": false, "target": 42, "name": "20-42"}}, {"data": {"source": 20, "Lift": 1.076, "is_directed": false, "target": 43, "name": "20-43"}}, {"data": {"source": 20, "Lift": 1.0591, "is_directed": false, "target": 45, "name": "20-45"}}, {"data": {"source": 20, "Lift": 1.3611, "is_directed": false, "target": 46, "name": "20-46"}}, {"data": {"source": 20, "Lift": 1.2015, "is_directed": false, "target": 47, "name": "20-47"}}, {"data": {"source": 20, "Lift": 1.0831, "is_directed": false, "target": 48, "name": "20-48"}}, {"data": {"source": 20, "Lift": 1.1979, "is_directed": false, "target": 54, "name": "20-54"}}, {"data": {"source": 20, "Lift": 1.3789, "is_directed": false, "target": 55, "name": "20-55"}}, {"data": {"source": 20, "Lift": 1.3223, "is_directed": false, "target": 57, "name": "20-57"}}, {"data": {"source": 20, "Lift": 1.7616, "is_directed": false, "target": 58, "name": "20-58"}}, {"data": {"source": 20, "Lift": 1.3859, "is_directed": false, "target": 62, "name": "20-62"}}, {"data": {"source": 20, "Lift": 1.1471, "is_directed": false, "target": 64, "name": "20-64"}}, {"data": {"source": 20, "Lift": 1.462, "is_directed": false, "target": 65, "name": "20-65"}}, {"data": {"source": 20, "Lift": 1.8156, "is_directed": false, "target": 67, "name": "20-67"}}, {"data": {"source": 20, "Lift": 1.63, "is_directed": false, "target": 69, "name": "20-69"}}, {"data": {"source": 20, "Lift": 1.4168, "is_directed": false, "target": 70, "name": "20-70"}}, {"data": {"source": 20, "Lift": 1.1016, "is_directed": false, "target": 71, "name": "20-71"}}, {"data": {"source": 20, "Lift": 1.5799, "is_directed": false, "target": 72, "name": "20-72"}}, {"data": {"source": 20, "Lift": 1.1048, "is_directed": false, "target": 76, "name": "20-76"}}, {"data": {"source": 20, "Lift": 1.2693, "is_directed": false, "target": 77, "name": "20-77"}}, {"data": {"source": 20, "Lift": 1.377, "is_directed": false, "target": 79, "name": "20-79"}}, {"data": {"source": 20, "Lift": 1.6203, "is_directed": false, "target": 84, "name": "20-84"}}, {"data": {"source": 20, "Lift": 1.2575, "is_directed": false, "target": 87, "name": "20-87"}}, {"data": {"source": 20, "Lift": 1.5262, "is_directed": false, "target": 88, "name": "20-88"}}, {"data": {"source": 20, "Lift": 1.1409, "is_directed": false, "target": 89, "name": "20-89"}}, {"data": {"source": 20, "Lift": 1.1432, "is_directed": false, "target": 90, "name": "20-90"}}, {"data": {"source": 20, "Lift": 1.2376, "is_directed": false, "target": 91, "name": "20-91"}}, {"data": {"source": 20, "Lift": 1.8415, "is_directed": false, "target": 95, "name": "20-95"}}, {"data": {"source": 20, "Lift": 1.0754, "is_directed": false, "target": 96, "name": "20-96"}}, {"data": {"source": 20, "Lift": 1.6686, "is_directed": false, "target": 97, "name": "20-97"}}, {"data": {"source": 20, "Lift": 1.698, "is_directed": false, "target": 98, "name": "20-98"}}, {"data": {"source": 20, "Lift": 1.9738, "is_directed": false, "target": 99, "name": "20-99"}}, {"data": {"source": 20, "Lift": 1.4255, "is_directed": false, "target": 102, "name": "20-102"}}, {"data": {"source": 20, "Lift": 1.5267, "is_directed": false, "target": 103, "name": "20-103"}}, {"data": {"source": 20, "Lift": 1.5947, "is_directed": false, "target": 104, "name": "20-104"}}, {"data": {"source": 20, "Lift": 1.4049, "is_directed": false, "target": 105, "name": "20-105"}}, {"data": {"source": 20, "Lift": 1.5112, "is_directed": false, "target": 106, "name": "20-106"}}, {"data": {"source": 20, "Lift": 1.2255, "is_directed": false, "target": 107, "name": "20-107"}}, {"data": {"source": 20, "Lift": 1.176, "is_directed": false, "target": 109, "name": "20-109"}}, {"data": {"source": 20, "Lift": 1.2326, "is_directed": false, "target": 110, "name": "20-110"}}, {"data": {"source": 20, "Lift": 1.4145, "is_directed": false, "target": 112, "name": "20-112"}}, {"data": {"source": 20, "Lift": 2.5607, "is_directed": false, "target": 113, "name": "20-113"}}, {"data": {"source": 20, "Lift": 1.3258, "is_directed": false, "target": 115, "name": "20-115"}}, {"data": {"source": 20, "Lift": 2.6741, "is_directed": false, "target": 116, "name": "20-116"}}, {"data": {"source": 20, "Lift": 1.999, "is_directed": false, "target": 117, "name": "20-117"}}, {"data": {"source": 20, "Lift": 1.515, "is_directed": false, "target": 118, "name": "20-118"}}, {"data": {"source": 20, "Lift": 1.2009, "is_directed": false, "target": 119, "name": "20-119"}}, {"data": {"source": 20, "Lift": 1.2175, "is_directed": false, "target": 120, "name": "20-120"}}, {"data": {"source": 20, "Lift": 1.6622, "is_directed": false, "target": 121, "name": "20-121"}}, {"data": {"source": 20, "Lift": 1.324, "is_directed": false, "target": 123, "name": "20-123"}}, {"data": {"source": 20, "Lift": 1.0698, "is_directed": false, "target": 124, "name": "20-124"}}, {"data": {"source": 20, "Lift": 2.0195, "is_directed": false, "target": 127, "name": "20-127"}}, {"data": {"source": 20, "Lift": 1.837, "is_directed": false, "target": 128, "name": "20-128"}}, {"data": {"source": 20, "Lift": 1.2103, "is_directed": false, "target": 129, "name": "20-129"}}, {"data": {"source": 20, "Lift": 1.8235, "is_directed": false, "target": 130, "name": "20-130"}}, {"data": {"source": 20, "Lift": 1.6722, "is_directed": false, "target": 132, "name": "20-132"}}, {"data": {"source": 20, "Lift": 1.3254, "is_directed": false, "target": 133, "name": "20-133"}}, {"data": {"source": 20, "Lift": 1.5796, "is_directed": false, "target": 135, "name": "20-135"}}, {"data": {"source": 20, "Lift": 1.1988, "is_directed": false, "target": 136, "name": "20-136"}}, {"data": {"source": 20, "Lift": 1.8826, "is_directed": false, "target": 137, "name": "20-137"}}, {"data": {"source": 20, "Lift": 1.3326, "is_directed": false, "target": 139, "name": "20-139"}}, {"data": {"source": 20, "Lift": 1.2017, "is_directed": false, "target": 140, "name": "20-140"}}, {"data": {"source": 20, "Lift": 1.5937, "is_directed": false, "target": 141, "name": "20-141"}}, {"data": {"source": 20, "Lift": 1.6748, "is_directed": false, "target": 142, "name": "20-142"}}, {"data": {"source": 20, "Lift": 1.054, "is_directed": false, "target": 143, "name": "20-143"}}, {"data": {"source": 20, "Lift": 1.0554, "is_directed": false, "target": 145, "name": "20-145"}}, {"data": {"source": 20, "Lift": 1.3084, "is_directed": false, "target": 146, "name": "20-146"}}, {"data": {"source": 20, "Lift": 1.1333, "is_directed": false, "target": 148, "name": "20-148"}}, {"data": {"source": 20, "Lift": 1.3229, "is_directed": false, "target": 149, "name": "20-149"}}, {"data": {"source": 20, "Lift": 1.9272, "is_directed": false, "target": 150, "name": "20-150"}}, {"data": {"source": 20, "Lift": 1.9806, "is_directed": false, "target": 152, "name": "20-152"}}, {"data": {"source": 20, "Lift": 1.3461, "is_directed": false, "target": 153, "name": "20-153"}}, {"data": {"source": 20, "Lift": 1.1417, "is_directed": false, "target": 154, "name": "20-154"}}, {"data": {"source": 20, "Lift": 1.1824, "is_directed": false, "target": 155, "name": "20-155"}}, {"data": {"source": 20, "Lift": 1.402, "is_directed": false, "target": 157, "name": "20-157"}}, {"data": {"source": 20, "Lift": 1.3899, "is_directed": false, "target": 158, "name": "20-158"}}, {"data": {"source": 20, "Lift": 1.4517, "is_directed": false, "target": 161, "name": "20-161"}}, {"data": {"source": 20, "Lift": 1.0888, "is_directed": false, "target": 162, "name": "20-162"}}, {"data": {"source": 20, "Lift": 1.9511, "is_directed": false, "target": 163, "name": "20-163"}}, {"data": {"source": 20, "Lift": 1.5872, "is_directed": false, "target": 164, "name": "20-164"}}, {"data": {"source": 20, "Lift": 1.1684, "is_directed": false, "target": 165, "name": "20-165"}}, {"data": {"source": 20, "Lift": 1.3291, "is_directed": false, "target": 166, "name": "20-166"}}, {"data": {"source": 20, "Lift": 1.2186, "is_directed": false, "target": 167, "name": "20-167"}}, {"data": {"source": 20, "Lift": 1.5962, "is_directed": false, "target": 169, "name": "20-169"}}, {"data": {"source": 20, "Lift": 1.4967, "is_directed": false, "target": 172, "name": "20-172"}}, {"data": {"source": 20, "Lift": 1.166, "is_directed": false, "target": 173, "name": "20-173"}}, {"data": {"source": 20, "Lift": 1.4134, "is_directed": false, "target": 175, "name": "20-175"}}, {"data": {"source": 20, "Lift": 1.0857, "is_directed": false, "target": 176, "name": "20-176"}}, {"data": {"source": 20, "Lift": 1.3348, "is_directed": false, "target": 177, "name": "20-177"}}, {"data": {"source": 20, "Lift": 1.4601, "is_directed": false, "target": 178, "name": "20-178"}}, {"data": {"source": 20, "Lift": 1.574, "is_directed": false, "target": 180, "name": "20-180"}}, {"data": {"source": 20, "Lift": 1.1933, "is_directed": false, "target": 181, "name": "20-181"}}, {"data": {"source": 20, "Lift": 1.159, "is_directed": false, "target": 182, "name": "20-182"}}, {"data": {"source": 20, "Lift": 2.0298, "is_directed": false, "target": 183, "name": "20-183"}}, {"data": {"source": 20, "Lift": 1.1667, "is_directed": false, "target": 184, "name": "20-184"}}, {"data": {"source": 20, "Lift": 1.2442, "is_directed": false, "target": 185, "name": "20-185"}}, {"data": {"source": 20, "Lift": 1.0545, "is_directed": false, "target": 187, "name": "20-187"}}, {"data": {"source": 21, "Lift": 5.3087, "is_directed": false, "target": 22, "name": "21-22"}}, {"data": {"source": 22, "Lift": 3.7692, "is_directed": false, "target": 23, "name": "22-23"}}, {"data": {"source": 23, "Lift": 1.3377, "is_directed": false, "target": 32, "name": "23-32"}}, {"data": {"source": 23, "Lift": 4.2839, "is_directed": false, "target": 70, "name": "23-70"}}, {"data": {"source": 23, "Lift": 4.8657, "is_directed": false, "target": 172, "name": "23-172"}}, {"data": {"source": 23, "Lift": 3.5913, "is_directed": false, "target": 138, "name": "23-138"}}, {"data": {"source": 23, "Lift": 3.6637, "is_directed": false, "target": 108, "name": "23-108"}}, {"data": {"source": 23, "Lift": 3.991, "is_directed": false, "target": 29, "name": "23-29"}}, {"data": {"source": 23, "Lift": 4.3342, "is_directed": false, "target": 82, "name": "23-82"}}, {"data": {"source": 23, "Lift": 3.8603, "is_directed": false, "target": 53, "name": "23-53"}}, {"data": {"source": 23, "Lift": 4.2005, "is_directed": false, "target": 54, "name": "23-54"}}, {"data": {"source": 23, "Lift": 3.9849, "is_directed": false, "target": 170, "name": "23-170"}}, {"data": {"source": 25, "Lift": 73.21, "is_directed": false, "target": 26, "name": "25-26"}}, {"data": {"source": 26, "Lift": 6.5768, "is_directed": false, "target": 69, "name": "26-69"}}, {"data": {"source": 26, "Lift": 11.116, "is_directed": false, "target": 76, "name": "26-76"}}, {"data": {"source": 26, "Lift": 20.921, "is_directed": false, "target": 86, "name": "26-86"}}, {"data": {"source": 26, "Lift": 20.603, "is_directed": false, "target": 87, "name": "26-87"}}, {"data": {"source": 26, "Lift": 14.194, "is_directed": false, "target": 88, "name": "26-88"}}, {"data": {"source": 26, "Lift": 13.611, "is_directed": false, "target": 89, "name": "26-89"}}, {"data": {"source": 26, "Lift": 9.6371, "is_directed": false, "target": 90, "name": "26-90"}}, {"data": {"source": 26, "Lift": 6.7964, "is_directed": false, "target": 91, "name": "26-91"}}, {"data": {"source": 26, "Lift": 4.9138, "is_directed": false, "target": 92, "name": "26-92"}}, {"data": {"source": 26, "Lift": 1.8733, "is_directed": false, "target": 30, "name": "26-30"}}, {"data": {"source": 27, "Lift": 2.8551, "is_directed": false, "target": 32, "name": "27-32"}}, {"data": {"source": 27, "Lift": 8.1702, "is_directed": false, "target": 28, "name": "27-28"}}, {"data": {"source": 28, "Lift": 2.0328, "is_directed": false, "target": 32, "name": "28-32"}}, {"data": {"source": 28, "Lift": 5.7917, "is_directed": false, "target": 29, "name": "28-29"}}, {"data": {"source": 28, "Lift": 2.394, "is_directed": false, "target": 30, "name": "28-30"}}, {"data": {"source": 28, "Lift": 1.7188, "is_directed": false, "target": 31, "name": "28-31"}}, {"data": {"source": 29, "Lift": 2.0304, "is_directed": false, "target": 32, "name": "29-32"}}, {"data": {"source": 29, "Lift": 2.1398, "is_directed": false, "target": 42, "name": "29-42"}}, {"data": {"source": 29, "Lift": 5.78, "is_directed": false, "target": 116, "name": "29-116"}}, {"data": {"source": 30, "Lift": 2.323, "is_directed": false, "target": 65, "name": "30-65"}}, {"data": {"source": 30, "Lift": 2.0478, "is_directed": false, "target": 98, "name": "30-98"}}, {"data": {"source": 30, "Lift": 1.7317, "is_directed": false, "target": 182, "name": "30-182"}}, {"data": {"source": 30, "Lift": 1.9751, "is_directed": false, "target": 134, "name": "30-134"}}, {"data": {"source": 30, "Lift": 2.1007, "is_directed": false, "target": 136, "name": "30-136"}}, {"data": {"source": 30, "Lift": 2.0793, "is_directed": false, "target": 137, "name": "30-137"}}, {"data": {"source": 30, "Lift": 2.311, "is_directed": false, "target": 170, "name": "30-170"}}, {"data": {"source": 30, "Lift": 3.4093, "is_directed": false, "target": 171, "name": "30-171"}}, {"data": {"source": 30, "Lift": 1.8066, "is_directed": false, "target": 143, "name": "30-143"}}, {"data": {"source": 30, "Lift": 1.8514, "is_directed": false, "target": 49, "name": "30-49"}}, {"data": {"source": 30, "Lift": 1.6841, "is_directed": false, "target": 181, "name": "30-181"}}, {"data": {"source": 30, "Lift": 2.1493, "is_directed": false, "target": 86, "name": "30-86"}}, {"data": {"source": 30, "Lift": 2.1581, "is_directed": false, "target": 183, "name": "30-183"}}, {"data": {"source": 30, "Lift": 3.1878, "is_directed": false, "target": 31, "name": "30-31"}}, {"data": {"source": 31, "Lift": 1.5968, "is_directed": false, "target": 134, "name": "31-134"}}, {"data": {"source": 31, "Lift": 1.9076, "is_directed": false, "target": 136, "name": "31-136"}}, {"data": {"source": 31, "Lift": 1.8536, "is_directed": false, "target": 143, "name": "31-143"}}, {"data": {"source": 31, "Lift": 1.6039, "is_directed": false, "target": 147, "name": "31-147"}}, {"data": {"source": 31, "Lift": 1.7246, "is_directed": false, "target": 154, "name": "31-154"}}, {"data": {"source": 31, "Lift": 1.4679, "is_directed": false, "target": 167, "name": "31-167"}}, {"data": {"source": 31, "Lift": 1.5996, "is_directed": false, "target": 170, "name": "31-170"}}, {"data": {"source": 31, "Lift": 2.2368, "is_directed": false, "target": 171, "name": "31-171"}}, {"data": {"source": 31, "Lift": 2.1106, "is_directed": false, "target": 172, "name": "31-172"}}, {"data": {"source": 31, "Lift": 1.664, "is_directed": false, "target": 45, "name": "31-45"}}, {"data": {"source": 31, "Lift": 1.6089, "is_directed": false, "target": 175, "name": "31-175"}}, {"data": {"source": 31, "Lift": 1.4764, "is_directed": false, "target": 181, "name": "31-181"}}, {"data": {"source": 31, "Lift": 1.6566, "is_directed": false, "target": 182, "name": "31-182"}}, {"data": {"source": 31, "Lift": 2.8324, "is_directed": false, "target": 183, "name": "31-183"}}, {"data": {"source": 31, "Lift": 1.8602, "is_directed": false, "target": 185, "name": "31-185"}}, {"data": {"source": 31, "Lift": 1.7007, "is_directed": false, "target": 65, "name": "31-65"}}, {"data": {"source": 31, "Lift": 1.9368, "is_directed": false, "target": 70, "name": "31-70"}}, {"data": {"source": 31, "Lift": 1.6402, "is_directed": false, "target": 74, "name": "31-74"}}, {"data": {"source": 31, "Lift": 1.8836, "is_directed": false, "target": 75, "name": "31-75"}}, {"data": {"source": 31, "Lift": 1.4857, "is_directed": false, "target": 80, "name": "31-80"}}, {"data": {"source": 31, "Lift": 2.06, "is_directed": false, "target": 81, "name": "31-81"}}, {"data": {"source": 31, "Lift": 1.5263, "is_directed": false, "target": 86, "name": "31-86"}}, {"data": {"source": 31, "Lift": 1.5581, "is_directed": false, "target": 97, "name": "31-97"}}, {"data": {"source": 31, "Lift": 2.1093, "is_directed": false, "target": 98, "name": "31-98"}}, {"data": {"source": 31, "Lift": 1.8498, "is_directed": false, "target": 104, "name": "31-104"}}, {"data": {"source": 32, "Lift": 1.6483, "is_directed": false, "target": 128, "name": "32-128"}}, {"data": {"source": 32, "Lift": 1.6058, "is_directed": false, "target": 130, "name": "32-130"}}, {"data": {"source": 32, "Lift": 2.5388, "is_directed": false, "target": 131, "name": "32-131"}}, {"data": {"source": 32, "Lift": 1.5317, "is_directed": false, "target": 138, "name": "32-138"}}, {"data": {"source": 32, "Lift": 1.3351, "is_directed": false, "target": 140, "name": "32-140"}}, {"data": {"source": 32, "Lift": 1.4477, "is_directed": false, "target": 143, "name": "32-143"}}, {"data": {"source": 32, "Lift": 1.5274, "is_directed": false, "target": 144, "name": "32-144"}}, {"data": {"source": 32, "Lift": 1.7664, "is_directed": false, "target": 146, "name": "32-146"}}, {"data": {"source": 32, "Lift": 1.2743, "is_directed": false, "target": 156, "name": "32-156"}}, {"data": {"source": 32, "Lift": 1.3166, "is_directed": false, "target": 33, "name": "32-33"}}, {"data": {"source": 32, "Lift": 2.3522, "is_directed": false, "target": 163, "name": "32-163"}}, {"data": {"source": 32, "Lift": 1.4596, "is_directed": false, "target": 36, "name": "32-36"}}, {"data": {"source": 32, "Lift": 1.9222, "is_directed": false, "target": 41, "name": "32-41"}}, {"data": {"source": 32, "Lift": 2.7771, "is_directed": false, "target": 42, "name": "32-42"}}, {"data": {"source": 32, "Lift": 1.4094, "is_directed": false, "target": 172, "name": "32-172"}}, {"data": {"source": 32, "Lift": 1.3826, "is_directed": false, "target": 173, "name": "32-173"}}, {"data": {"source": 32, "Lift": 1.2634, "is_directed": false, "target": 176, "name": "32-176"}}, {"data": {"source": 32, "Lift": 3.0636, "is_directed": false, "target": 177, "name": "32-177"}}, {"data": {"source": 32, "Lift": 1.7655, "is_directed": false, "target": 179, "name": "32-179"}}, {"data": {"source": 32, "Lift": 1.3016, "is_directed": false, "target": 56, "name": "32-56"}}, {"data": {"source": 32, "Lift": 1.7782, "is_directed": false, "target": 57, "name": "32-57"}}, {"data": {"source": 32, "Lift": 1.5963, "is_directed": false, "target": 186, "name": "32-186"}}, {"data": {"source": 32, "Lift": 1.7339, "is_directed": false, "target": 60, "name": "32-60"}}, {"data": {"source": 32, "Lift": 1.8274, "is_directed": false, "target": 69, "name": "32-69"}}, {"data": {"source": 32, "Lift": 1.4299, "is_directed": false, "target": 70, "name": "32-70"}}, {"data": {"source": 32, "Lift": 1.3888, "is_directed": false, "target": 73, "name": "32-73"}}, {"data": {"source": 32, "Lift": 5.3753, "is_directed": false, "target": 75, "name": "32-75"}}, {"data": {"source": 32, "Lift": 2.2499, "is_directed": false, "target": 76, "name": "32-76"}}, {"data": {"source": 32, "Lift": 1.3569, "is_directed": false, "target": 77, "name": "32-77"}}, {"data": {"source": 32, "Lift": 2.4007, "is_directed": false, "target": 78, "name": "32-78"}}, {"data": {"source": 32, "Lift": 1.3479, "is_directed": false, "target": 79, "name": "32-79"}}, {"data": {"source": 32, "Lift": 2.2034, "is_directed": false, "target": 83, "name": "32-83"}}, {"data": {"source": 32, "Lift": 1.5033, "is_directed": false, "target": 84, "name": "32-84"}}, {"data": {"source": 32, "Lift": 1.2645, "is_directed": false, "target": 85, "name": "32-85"}}, {"data": {"source": 32, "Lift": 1.3374, "is_directed": false, "target": 89, "name": "32-89"}}, {"data": {"source": 32, "Lift": 1.3011, "is_directed": false, "target": 92, "name": "32-92"}}, {"data": {"source": 32, "Lift": 1.5007, "is_directed": false, "target": 95, "name": "32-95"}}, {"data": {"source": 32, "Lift": 1.6573, "is_directed": false, "target": 97, "name": "32-97"}}, {"data": {"source": 32, "Lift": 2.018, "is_directed": false, "target": 99, "name": "32-99"}}, {"data": {"source": 32, "Lift": 1.523, "is_directed": false, "target": 101, "name": "32-101"}}, {"data": {"source": 32, "Lift": 1.479, "is_directed": false, "target": 102, "name": "32-102"}}, {"data": {"source": 32, "Lift": 1.3716, "is_directed": false, "target": 107, "name": "32-107"}}, {"data": {"source": 32, "Lift": 2.0606, "is_directed": false, "target": 116, "name": "32-116"}}, {"data": {"source": 32, "Lift": 1.2994, "is_directed": false, "target": 118, "name": "32-118"}}, {"data": {"source": 32, "Lift": 1.8838, "is_directed": false, "target": 119, "name": "32-119"}}, {"data": {"source": 32, "Lift": 1.3335, "is_directed": false, "target": 125, "name": "32-125"}}, {"data": {"source": 32, "Lift": 2.4994, "is_directed": false, "target": 127, "name": "32-127"}}, {"data": {"source": 34, "Lift": 15.853, "is_directed": false, "target": 35, "name": "34-35"}}, {"data": {"source": 34, "Lift": 16.831, "is_directed": false, "target": 61, "name": "34-61"}}, {"data": {"source": 36, "Lift": 1.786, "is_directed": false, "target": 96, "name": "36-96"}}, {"data": {"source": 36, "Lift": 1.7447, "is_directed": false, "target": 66, "name": "36-66"}}, {"data": {"source": 36, "Lift": 2.0744, "is_directed": false, "target": 77, "name": "36-77"}}, {"data": {"source": 36, "Lift": 2.0996, "is_directed": false, "target": 37, "name": "36-37"}}, {"data": {"source": 36, "Lift": 2.6586, "is_directed": false, "target": 167, "name": "36-167"}}, {"data": {"source": 36, "Lift": 2.3102, "is_directed": false, "target": 111, "name": "36-111"}}, {"data": {"source": 36, "Lift": 1.8098, "is_directed": false, "target": 173, "name": "36-173"}}, {"data": {"source": 36, "Lift": 1.7781, "is_directed": false, "target": 78, "name": "36-78"}}, {"data": {"source": 36, "Lift": 1.7795, "is_directed": false, "target": 79, "name": "36-79"}}, {"data": {"source": 36, "Lift": 2.5201, "is_directed": false, "target": 144, "name": "36-144"}}, {"data": {"source": 36, "Lift": 1.9145, "is_directed": false, "target": 116, "name": "36-116"}}, {"data": {"source": 36, "Lift": 1.8492, "is_directed": false, "target": 85, "name": "36-85"}}, {"data": {"source": 36, "Lift": 1.7216, "is_directed": false, "target": 55, "name": "36-55"}}, {"data": {"source": 36, "Lift": 2.8017, "is_directed": false, "target": 88, "name": "36-88"}}, {"data": {"source": 36, "Lift": 1.9243, "is_directed": false, "target": 148, "name": "36-148"}}, {"data": {"source": 36, "Lift": 2.2846, "is_directed": false, "target": 143, "name": "36-143"}}, {"data": {"source": 36, "Lift": 1.9574, "is_directed": false, "target": 117, "name": "36-117"}}, {"data": {"source": 36, "Lift": 1.9511, "is_directed": false, "target": 95, "name": "36-95"}}, {"data": {"source": 38, "Lift": 20.943, "is_directed": false, "target": 40, "name": "38-40"}}, {"data": {"source": 38, "Lift": 11.361, "is_directed": false, "target": 41, "name": "38-41"}}, {"data": {"source": 38, "Lift": 2.6267, "is_directed": false, "target": 42, "name": "38-42"}}, {"data": {"source": 38, "Lift": 17.223, "is_directed": false, "target": 51, "name": "38-51"}}, {"data": {"source": 38, "Lift": 48.641, "is_directed": false, "target": 39, "name": "38-39"}}, {"data": {"source": 39, "Lift": 22.193, "is_directed": false, "target": 40, "name": "39-40"}}, {"data": {"source": 39, "Lift": 8.6746, "is_directed": false, "target": 41, "name": "39-41"}}, {"data": {"source": 39, "Lift": 2.4838, "is_directed": false, "target": 42, "name": "39-42"}}, {"data": {"source": 41, "Lift": 8.9825, "is_directed": false, "target": 99, "name": "41-99"}}, {"data": {"source": 41, "Lift": 10.118, "is_directed": false, "target": 116, "name": "41-116"}}, {"data": {"source": 41, "Lift": 9.6569, "is_directed": false, "target": 127, "name": "41-127"}}, {"data": {"source": 42, "Lift": 1.9788, "is_directed": false, "target": 51, "name": "42-51"}}, {"data": {"source": 42, "Lift": 2.1392, "is_directed": false, "target": 101, "name": "42-101"}}, {"data": {"source": 42, "Lift": 2.0441, "is_directed": false, "target": 135, "name": "42-135"}}, {"data": {"source": 42, "Lift": 2.1144, "is_directed": false, "target": 104, "name": "42-104"}}, {"data": {"source": 42, "Lift": 2.2278, "is_directed": false, "target": 177, "name": "42-177"}}, {"data": {"source": 42, "Lift": 1.9793, "is_directed": false, "target": 140, "name": "42-140"}}, {"data": {"source": 42, "Lift": 2.2738, "is_directed": false, "target": 110, "name": "42-110"}}, {"data": {"source": 42, "Lift": 2.263, "is_directed": false, "target": 80, "name": "42-80"}}, {"data": {"source": 42, "Lift": 2.1685, "is_directed": false, "target": 81, "name": "42-81"}}, {"data": {"source": 42, "Lift": 2.3014, "is_directed": false, "target": 83, "name": "42-83"}}, {"data": {"source": 42, "Lift": 2.2853, "is_directed": false, "target": 116, "name": "42-116"}}, {"data": {"source": 42, "Lift": 1.9648, "is_directed": false, "target": 119, "name": "42-119"}}, {"data": {"source": 43, "Lift": 2.065, "is_directed": false, "target": 137, "name": "43-137"}}, {"data": {"source": 43, "Lift": 3.0417, "is_directed": false, "target": 98, "name": "43-98"}}, {"data": {"source": 43, "Lift": 2.2271, "is_directed": false, "target": 100, "name": "43-100"}}, {"data": {"source": 43, "Lift": 1.9898, "is_directed": false, "target": 58, "name": "43-58"}}, {"data": {"source": 43, "Lift": 2.1593, "is_directed": false, "target": 44, "name": "43-44"}}, {"data": {"source": 47, "Lift": 5.6598, "is_directed": false, "target": 48, "name": "47-48"}}, {"data": {"source": 51, "Lift": 2.4373, "is_directed": false, "target": 70, "name": "51-70"}}, {"data": {"source": 51, "Lift": 14.829, "is_directed": false, "target": 135, "name": "51-135"}}, {"data": {"source": 52, "Lift": 22.687, "is_directed": false, "target": 53, "name": "52-53"}}, {"data": {"source": 53, "Lift": 6.093, "is_directed": false, "target": 56, "name": "53-56"}}, {"data": {"source": 53, "Lift": 2.8963, "is_directed": false, "target": 57, "name": "53-57"}}, {"data": {"source": 53, "Lift": 15.792, "is_directed": false, "target": 54, "name": "53-54"}}, {"data": {"source": 53, "Lift": 9.0923, "is_directed": false, "target": 55, "name": "53-55"}}, {"data": {"source": 54, "Lift": 9.9052, "is_directed": false, "target": 132, "name": "54-132"}}, {"data": {"source": 54, "Lift": 3.0597, "is_directed": false, "target": 102, "name": "54-102"}}, {"data": {"source": 54, "Lift": 14.215, "is_directed": false, "target": 127, "name": "54-127"}}, {"data": {"source": 55, "Lift": 8.8697, "is_directed": false, "target": 105, "name": "55-105"}}, {"data": {"source": 55, "Lift": 15.658, "is_directed": false, "target": 106, "name": "55-106"}}, {"data": {"source": 55, "Lift": 9.5853, "is_directed": false, "target": 89, "name": "55-89"}}, {"data": {"source": 57, "Lift": 3.7295, "is_directed": false, "target": 128, "name": "57-128"}}, {"data": {"source": 57, "Lift": 4.0934, "is_directed": false, "target": 130, "name": "57-130"}}, {"data": {"source": 57, "Lift": 4.3667, "is_directed": false, "target": 99, "name": "57-99"}}, {"data": {"source": 57, "Lift": 6.7909, "is_directed": false, "target": 69, "name": "57-69"}}, {"data": {"source": 57, "Lift": 3.3419, "is_directed": false, "target": 105, "name": "57-105"}}, {"data": {"source": 57, "Lift": 4.0366, "is_directed": false, "target": 106, "name": "57-106"}}, {"data": {"source": 57, "Lift": 5.9221, "is_directed": false, "target": 127, "name": "57-127"}}, {"data": {"source": 59, "Lift": 22.342, "is_directed": false, "target": 98, "name": "59-98"}}, {"data": {"source": 59, "Lift": 19.082, "is_directed": false, "target": 99, "name": "59-99"}}, {"data": {"source": 59, "Lift": 11.34, "is_directed": false, "target": 100, "name": "59-100"}}, {"data": {"source": 59, "Lift": 13.532, "is_directed": false, "target": 101, "name": "59-101"}}, {"data": {"source": 59, "Lift": 3.0501, "is_directed": false, "target": 102, "name": "59-102"}}, {"data": {"source": 59, "Lift": 42.619, "is_directed": false, "target": 60, "name": "59-60"}}, {"data": {"source": 59, "Lift": 16.833, "is_directed": false, "target": 63, "name": "59-63"}}, {"data": {"source": 61, "Lift": 9.4307, "is_directed": false, "target": 62, "name": "61-62"}}, {"data": {"source": 63, "Lift": 14.171, "is_directed": false, "target": 64, "name": "63-64"}}, {"data": {"source": 63, "Lift": 6.593, "is_directed": false, "target": 121, "name": "63-121"}}, {"data": {"source": 63, "Lift": 4.5685, "is_directed": false, "target": 123, "name": "63-123"}}, {"data": {"source": 63, "Lift": 5.605, "is_directed": false, "target": 102, "name": "63-102"}}, {"data": {"source": 63, "Lift": 8.5772, "is_directed": false, "target": 118, "name": "63-118"}}, {"data": {"source": 67, "Lift": 14.139, "is_directed": false, "target": 68, "name": "67-68"}}, {"data": {"source": 67, "Lift": 4.6754, "is_directed": false, "target": 69, "name": "67-69"}}, {"data": {"source": 68, "Lift": 3.9649, "is_directed": false, "target": 69, "name": "68-69"}}, {"data": {"source": 69, "Lift": 3.878, "is_directed": false, "target": 128, "name": "69-128"}}, {"data": {"source": 69, "Lift": 3.7446, "is_directed": false, "target": 97, "name": "69-97"}}, {"data": {"source": 69, "Lift": 5.5869, "is_directed": false, "target": 99, "name": "69-99"}}, {"data": {"source": 69, "Lift": 2.1736, "is_directed": false, "target": 70, "name": "69-70"}}, {"data": {"source": 69, "Lift": 3.7446, "is_directed": false, "target": 106, "name": "69-106"}}, {"data": {"source": 69, "Lift": 3.7167, "is_directed": false, "target": 113, "name": "69-113"}}, {"data": {"source": 69, "Lift": 6.1838, "is_directed": false, "target": 116, "name": "69-116"}}, {"data": {"source": 69, "Lift": 3.7409, "is_directed": false, "target": 87, "name": "69-87"}}, {"data": {"source": 69, "Lift": 3.7106, "is_directed": false, "target": 88, "name": "69-88"}}, {"data": {"source": 69, "Lift": 5.205, "is_directed": false, "target": 89, "name": "69-89"}}, {"data": {"source": 69, "Lift": 4.1491, "is_directed": false, "target": 90, "name": "69-90"}}, {"data": {"source": 69, "Lift": 6.943, "is_directed": false, "target": 127, "name": "69-127"}}, {"data": {"source": 70, "Lift": 2.3874, "is_directed": false, "target": 128, "name": "70-128"}}, {"data": {"source": 70, "Lift": 2.3254, "is_directed": false, "target": 131, "name": "70-131"}}, {"data": {"source": 70, "Lift": 2.9542, "is_directed": false, "target": 135, "name": "70-135"}}, {"data": {"source": 70, "Lift": 2.3093, "is_directed": false, "target": 136, "name": "70-136"}}, {"data": {"source": 70, "Lift": 2.306, "is_directed": false, "target": 138, "name": "70-138"}}, {"data": {"source": 70, "Lift": 2.3108, "is_directed": false, "target": 140, "name": "70-140"}}, {"data": {"source": 70, "Lift": 2.1155, "is_directed": false, "target": 150, "name": "70-150"}}, {"data": {"source": 70, "Lift": 2.2077, "is_directed": false, "target": 154, "name": "70-154"}}, {"data": {"source": 70, "Lift": 2.1726, "is_directed": false, "target": 170, "name": "70-170"}}, {"data": {"source": 70, "Lift": 5.1704, "is_directed": false, "target": 172, "name": "70-172"}}, {"data": {"source": 70, "Lift": 2.2548, "is_directed": false, "target": 71, "name": "70-71"}}, {"data": {"source": 70, "Lift": 4.1478, "is_directed": false, "target": 81, "name": "70-81"}}, {"data": {"source": 70, "Lift": 3.1404, "is_directed": false, "target": 82, "name": "70-82"}}, {"data": {"source": 70, "Lift": 2.6752, "is_directed": false, "target": 83, "name": "70-83"}}, {"data": {"source": 70, "Lift": 2.4407, "is_directed": false, "target": 85, "name": "70-85"}}, {"data": {"source": 70, "Lift": 2.5266, "is_directed": false, "target": 96, "name": "70-96"}}, {"data": {"source": 70, "Lift": 2.0785, "is_directed": false, "target": 103, "name": "70-103"}}, {"data": {"source": 70, "Lift": 2.8295, "is_directed": false, "target": 104, "name": "70-104"}}, {"data": {"source": 70, "Lift": 3.4517, "is_directed": false, "target": 106, "name": "70-106"}}, {"data": {"source": 70, "Lift": 3.4312, "is_directed": false, "target": 116, "name": "70-116"}}, {"data": {"source": 70, "Lift": 2.2517, "is_directed": false, "target": 117, "name": "70-117"}}, {"data": {"source": 70, "Lift": 3.9538, "is_directed": false, "target": 127, "name": "70-127"}}, {"data": {"source": 74, "Lift": 6.8204, "is_directed": false, "target": 75, "name": "74-75"}}, {"data": {"source": 75, "Lift": 17.786, "is_directed": false, "target": 76, "name": "75-76"}}, {"data": {"source": 75, "Lift": 9.2351, "is_directed": false, "target": 77, "name": "75-77"}}, {"data": {"source": 75, "Lift": 7.4124, "is_directed": false, "target": 78, "name": "75-78"}}, {"data": {"source": 76, "Lift": 12.305, "is_directed": false, "target": 84, "name": "76-84"}}, {"data": {"source": 76, "Lift": 12.636, "is_directed": false, "target": 77, "name": "76-77"}}, {"data": {"source": 76, "Lift": 8.5312, "is_directed": false, "target": 151, "name": "76-151"}}, {"data": {"source": 77, "Lift": 11.304, "is_directed": false, "target": 84, "name": "77-84"}}, {"data": {"source": 78, "Lift": 5.3816, "is_directed": false, "target": 117, "name": "78-117"}}, {"data": {"source": 78, "Lift": 4.3845, "is_directed": false, "target": 173, "name": "78-173"}}, {"data": {"source": 81, "Lift": 23.918, "is_directed": false, "target": 82, "name": "81-82"}}, {"data": {"source": 86, "Lift": 8.4137, "is_directed": false, "target": 90, "name": "86-90"}}, {"data": {"source": 86, "Lift": 4.3852, "is_directed": false, "target": 91, "name": "86-91"}}, {"data": {"source": 88, "Lift": 10.34, "is_directed": false, "target": 167, "name": "88-167"}}, {"data": {"source": 88, "Lift": 11.323, "is_directed": false, "target": 148, "name": "88-148"}}, {"data": {"source": 88, "Lift": 10.252, "is_directed": false, "target": 127, "name": "88-127"}}, {"data": {"source": 89, "Lift": 6.5283, "is_directed": false, "target": 90, "name": "89-90"}}, {"data": {"source": 92, "Lift": 3.9598, "is_directed": false, "target": 114, "name": "92-114"}}, {"data": {"source": 92, "Lift": 3.8175, "is_directed": false, "target": 173, "name": "92-173"}}, {"data": {"source": 93, "Lift": 9.0547, "is_directed": false, "target": 121, "name": "93-121"}}, {"data": {"source": 93, "Lift": 5.9007, "is_directed": false, "target": 123, "name": "93-123"}}, {"data": {"source": 93, "Lift": 3.7535, "is_directed": false, "target": 102, "name": "93-102"}}, {"data": {"source": 93, "Lift": 13.875, "is_directed": false, "target": 94, "name": "93-94"}}, {"data": {"source": 96, "Lift": 30.521, "is_directed": false, "target": 97, "name": "96-97"}}, {"data": {"source": 98, "Lift": 11.181, "is_directed": false, "target": 100, "name": "98-100"}}, {"data": {"source": 98, "Lift": 3.1351, "is_directed": false, "target": 102, "name": "98-102"}}, {"data": {"source": 99, "Lift": 8.7596, "is_directed": false, "target": 129, "name": "99-129"}}, {"data": {"source": 99, "Lift": 11.175, "is_directed": false, "target": 130, "name": "99-130"}}, {"data": {"source": 99, "Lift": 8.9971, "is_directed": false, "target": 131, "name": "99-131"}}, {"data": {"source": 99, "Lift": 12.705, "is_directed": false, "target": 132, "name": "99-132"}}, {"data": {"source": 99, "Lift": 10.526, "is_directed": false, "target": 101, "name": "99-101"}}, {"data": {"source": 99, "Lift": 5.7036, "is_directed": false, "target": 102, "name": "99-102"}}, {"data": {"source": 99, "Lift": 16.63, "is_directed": false, "target": 116, "name": "99-116"}}, {"data": {"source": 99, "Lift": 29.054, "is_directed": false, "target": 127, "name": "99-127"}}, {"data": {"source": 102, "Lift": 3.0561, "is_directed": false, "target": 128, "name": "102-128"}}, {"data": {"source": 102, "Lift": 3.6974, "is_directed": false, "target": 129, "name": "102-129"}}, {"data": {"source": 102, "Lift": 4.4044, "is_directed": false, "target": 131, "name": "102-131"}}, {"data": {"source": 102, "Lift": 3.0856, "is_directed": false, "target": 163, "name": "102-163"}}, {"data": {"source": 102, "Lift": 5.772, "is_directed": false, "target": 118, "name": "102-118"}}, {"data": {"source": 102, "Lift": 5.2022, "is_directed": false, "target": 121, "name": "102-121"}}, {"data": {"source": 102, "Lift": 4.1514, "is_directed": false, "target": 122, "name": "102-122"}}, {"data": {"source": 102, "Lift": 3.8391, "is_directed": false, "target": 123, "name": "102-123"}}, {"data": {"source": 102, "Lift": 6.3241, "is_directed": false, "target": 127, "name": "102-127"}}, {"data": {"source": 103, "Lift": 13.211, "is_directed": false, "target": 104, "name": "103-104"}}, {"data": {"source": 103, "Lift": 11.442, "is_directed": false, "target": 120, "name": "103-120"}}, {"data": {"source": 105, "Lift": 22.544, "is_directed": false, "target": 106, "name": "105-106"}}, {"data": {"source": 116, "Lift": 9.824, "is_directed": false, "target": 130, "name": "116-130"}}, {"data": {"source": 116, "Lift": 5.8457, "is_directed": false, "target": 172, "name": "116-172"}}, {"data": {"source": 116, "Lift": 18.42, "is_directed": false, "target": 117, "name": "116-117"}}, {"data": {"source": 116, "Lift": 19.778, "is_directed": false, "target": 127, "name": "116-127"}}, {"data": {"source": 117, "Lift": 9.559, "is_directed": false, "target": 118, "name": "117-118"}}, {"data": {"source": 117, "Lift": 4.8514, "is_directed": false, "target": 119, "name": "117-119"}}, {"data": {"source": 118, "Lift": 9.2791, "is_directed": false, "target": 121, "name": "118-121"}}, {"data": {"source": 118, "Lift": 5.363, "is_directed": false, "target": 123, "name": "118-123"}}, {"data": {"source": 119, "Lift": 3.5397, "is_directed": false, "target": 140, "name": "119-140"}}, {"data": {"source": 119, "Lift": 8.3639, "is_directed": false, "target": 173, "name": "119-173"}}, {"data": {"source": 121, "Lift": 6.429, "is_directed": false, "target": 122, "name": "121-122"}}, {"data": {"source": 121, "Lift": 9.3439, "is_directed": false, "target": 123, "name": "121-123"}}, {"data": {"source": 122, "Lift": 5.2324, "is_directed": false, "target": 123, "name": "122-123"}}, {"data": {"source": 124, "Lift": 12.306, "is_directed": false, "target": 160, "name": "124-160"}}, {"data": {"source": 124, "Lift": 12.069, "is_directed": false, "target": 161, "name": "124-161"}}, {"data": {"source": 124, "Lift": 9.7033, "is_directed": false, "target": 125, "name": "124-125"}}, {"data": {"source": 127, "Lift": 24.55, "is_directed": false, "target": 128, "name": "127-128"}}, {"data": {"source": 127, "Lift": 14.076, "is_directed": false, "target": 129, "name": "127-129"}}, {"data": {"source": 127, "Lift": 13.712, "is_directed": false, "target": 130, "name": "127-130"}}, {"data": {"source": 127, "Lift": 13.912, "is_directed": false, "target": 131, "name": "127-131"}}, {"data": {"source": 127, "Lift": 16.1, "is_directed": false, "target": 132, "name": "127-132"}}, {"data": {"source": 136, "Lift": 4.0278, "is_directed": false, "target": 137, "name": "136-137"}}, {"data": {"source": 143, "Lift": 3.6901, "is_directed": false, "target": 144, "name": "143-144"}}, {"data": {"source": 143, "Lift": 2.9108, "is_directed": false, "target": 171, "name": "143-171"}}, {"data": {"source": 143, "Lift": 3.1614, "is_directed": false, "target": 173, "name": "143-173"}}, {"data": {"source": 148, "Lift": 10.152, "is_directed": false, "target": 149, "name": "148-149"}}, {"data": {"source": 148, "Lift": 10.568, "is_directed": false, "target": 167, "name": "148-167"}}, {"data": {"source": 149, "Lift": 10.284, "is_directed": false, "target": 150, "name": "149-150"}}, {"data": {"source": 160, "Lift": 12.853, "is_directed": false, "target": 161, "name": "160-161"}}, {"data": {"source": 173, "Lift": 3.7182, "is_directed": false, "target": 174, "name": "173-174"}}]}, "data": {"description": "<h1>\u7570\u4f4d\u6027\u76ae\u819a\u708e\u4e2d\u91ab\u6cbb\u7642\u5716\u8b5c</h1><h2>Atopic Dermatitis_(Support=0.5%, Confidence=20.0%)</h2>", "name": "Atopic Dermatitis_(Support=0.5%, Confidence=20.0%)", "tags": ["Atopic Dermatitis", "\u7570\u4f4d\u6027\u76ae\u819a\u708e\u4e2d\u91ab\u6cbb\u7642\u5716\u8b5c"]}}