{"elements": {"nodes": [{"data": {"popup": "  \u4f5c\u7528(allergy)", "name": 0, "myGroup": "G0", "label": "\u6d88\u98a8\u6563", "nodeSupportPercent": 31.967, "id": 0}}, {"data": {"popup": " ", "name": 1, "myGroup": "G0", "label": "\u6b78\u813e\u6e6f", "nodeSupportPercent": 0.545, "id": 1}}, {"data": {"popup": " ", "name": 2, "myGroup": "G1", "label": "\u6842\u679d\u6e6f", "nodeSupportPercent": 3.2358, "id": 2}}, {"data": {"popup": "  \u4f5c\u7528(allergy,infection)", "name": 3, "myGroup": "G1", "label": "\u9ebb\u9ec3\u6e6f", "nodeSupportPercent": 0.596, "id": 3}}, {"data": {"popup": "  \u6c23(\u5e73) \u5473(\u82e6) \u7d93\u7d61(\u809d,\u813e,\u80ba)", "name": 4, "myGroup": "G0", "label": "\u4ed9\u9db4\u8349", "nodeSupportPercent": 0.519, "id": 4}}, {"data": {"popup": "  \u6c23(\u5bd2) \u5473(\u7518) \u7d93\u7d61(\u809d,\u80ba) \u4f5c\u7528(oxidation)", "name": 5, "myGroup": "G0", "label": "\u87ec\u86fb", "nodeSupportPercent": 12.739, "id": 5}}, {"data": {"popup": " ", "name": 6, "myGroup": "G0", "label": "\u6728\u8cca", "nodeSupportPercent": 0.545, "id": 6}}, {"data": {"popup": "  \u6c23(\u5e73) \u5473(\u82e6) \u7d93\u7d61(\u809d,\u80c3,\u8180\u80f1)", "name": 7, "myGroup": "G2", "label": "\u8406\u85a2", "nodeSupportPercent": 0.43876, "id": 7}}, {"data": {"popup": "  \u6c23(\u5bd2) \u5473(\u82e6) \u7d93\u7d61(\u809d,\u81bd,\u80c3)", "name": 8, "myGroup": "G2", "label": "\u9f8d\u81bd\u8349", "nodeSupportPercent": 0.603, "id": 8}}, {"data": {"popup": "  \u6c23(\u5bd2) \u5473(\u82e6) \u7d93\u7d61(\u5fc3,\u80ba,\u5c0f\u8178) \u4f5c\u7528(infection)", "name": 9, "myGroup": "G3", "label": "\u9023\u7ff9", "nodeSupportPercent": 15.898, "id": 9}}, {"data": {"popup": "  \u6c23(\u5e73) \u5473(\u8f9b,\u82e6) \u7d93\u7d61(\u809d) \u4f5c\u7528(bacteria,infection,inflammation,oxidation)", "name": 10, "myGroup": "G3", "label": "\u767d\u84ba\u85dc", "nodeSupportPercent": 0.6, "id": 10}}, {"data": {"popup": "  \u6c23(\u5e73) \u5473(\u7518) \u7d93\u7d61(\u5fc3,\u813e,\u80ba,\u80c3) \u4f5c\u7528(allergy,bacteria,inflammation)", "name": 11, "myGroup": "G4", "label": "\u7518\u8349", "nodeSupportPercent": 19.02, "id": 11}}, {"data": {"popup": " ", "name": 12, "myGroup": "G4", "label": "\u900d\u9059\u6563", "nodeSupportPercent": 0.629, "id": 12}}, {"data": {"popup": "  \u6c23(\u5bd2) \u5473(\u82e6) \u7d93\u7d61(\u809d,\u5fc3,\u5fc3\u5305) \u4f5c\u7528(allergy,bacteria,infection,inflammation,oxidation)", "name": 13, "myGroup": "G3", "label": "\u4e39\u53c3", "nodeSupportPercent": 2.9397, "id": 13}}, {"data": {"popup": " ", "name": 14, "myGroup": "G3", "label": "\u4e8c\u9673\u6e6f", "nodeSupportPercent": 0.6, "id": 14}}, {"data": {"popup": " ", "name": 15, "myGroup": "G0", "label": "\u85ff\u9999\u6b63\u6c23\u6563", "nodeSupportPercent": 0.801, "id": 15}}, {"data": {"popup": " ", "name": 16, "myGroup": "G0", "label": "\u6e05\u5fc3\u84ee\u5b50\u98f2", "nodeSupportPercent": 0.622, "id": 16}}, {"data": {"popup": " ", "name": 17, "myGroup": "G0", "label": "\u6f64\u8178\u4e38", "nodeSupportPercent": 0.72, "id": 17}}, {"data": {"popup": "  \u4f5c\u7528(infection)", "name": 18, "myGroup": "G5", "label": "\u9ec3\u9023\u89e3\u6bd2\u6e6f", "nodeSupportPercent": 5.5356, "id": 18}}, {"data": {"popup": " ", "name": 19, "myGroup": "G5", "label": "\u56db\u7269\u6e6f", "nodeSupportPercent": 0.852, "id": 19}}, {"data": {"popup": " ", "name": 20, "myGroup": "G0", "label": "\u4eba\u53c3\u6557\u6bd2\u6563", "nodeSupportPercent": 0.907, "id": 20}}, {"data": {"popup": " ", "name": 21, "myGroup": "G3", "label": "\u6c99\u53c3", "nodeSupportPercent": 0.527, "id": 21}}, {"data": {"popup": "  \u6c23(\u5e73) \u5473(\u8f9b,\u82e6) \u7d93\u7d61(\u80ba)", "name": 22, "myGroup": "G3", "label": "\u6854\u6897", "nodeSupportPercent": 2.8117, "id": 22}}, {"data": {"popup": "  \u6c23(\u6eab) \u5473(\u8f9b,\u82e6) \u7d93\u7d61(\u813e,\u80ba,\u5927\u8178,\u80c3) \u4f5c\u7528(bacteria)", "name": 23, "myGroup": "G6", "label": "\u539a\u6734", "nodeSupportPercent": 1.5466, "id": 23}}, {"data": {"popup": "  \u6c23(\u6eab) \u5473(\u7518) \u7d93\u7d61(\u813e,\u80c3)", "name": 24, "myGroup": "G6", "label": "\u6241\u8c46", "nodeSupportPercent": 0.625, "id": 24}}, {"data": {"popup": " ", "name": 25, "myGroup": "G4", "label": "\u666e\u6fdf\u6d88\u6bd2\u98f2", "nodeSupportPercent": 0.709, "id": 25}}, {"data": {"popup": "  \u6c23(\u5e73) \u5473(\u7518) \u7d93\u7d61(\u813e,\u5927\u8178)", "name": 26, "myGroup": "G0", "label": "\u706b\u9ebb\u4ec1", "nodeSupportPercent": 0.684, "id": 26}}, {"data": {"popup": " ", "name": 27, "myGroup": "G4", "label": "\u674f\u8607\u6563", "nodeSupportPercent": 0.742, "id": 27}}, {"data": {"popup": "  \u6c23(\u6eab) \u5473(\u8f9b,\u82e6) \u7d93\u7d61(\u80ba,\u8180\u80f1) \u4f5c\u7528(infection)", "name": 28, "myGroup": "G3", "label": "\u9ebb\u9ec3", "nodeSupportPercent": 2.4534, "id": 28}}, {"data": {"popup": "  \u6c23(\u5e73) \u5473(\u7518,\u9178) \u7d93\u7d61(\u5fc3,\u5c0f\u8178)", "name": 29, "myGroup": "G3", "label": "\u8d64\u5c0f\u8c46", "nodeSupportPercent": 0.603, "id": 29}}, {"data": {"popup": "  \u6c23(\u5bd2) \u5473(\u7518) \u7d93\u7d61(\u80ba)", "name": 30, "myGroup": "G3", "label": "\u6851\u767d\u76ae", "nodeSupportPercent": 4.7422, "id": 30}}, {"data": {"popup": " ", "name": 31, "myGroup": "G7", "label": "\u7d2b\u8349\u6839", "nodeSupportPercent": 1.4881, "id": 31}}, {"data": {"popup": "  \u6c23(\u5bd2) \u5473(\u82e6) \u7d93\u7d61(\u809d)", "name": 32, "myGroup": "G7", "label": "\u831c\u8349", "nodeSupportPercent": 0.647, "id": 32}}, {"data": {"popup": "  \u6c23(\u5bd2) \u5473(\u8f9b,\u82e6) \u7d93\u7d61(\u809d,\u5fc3,\u814e) \u4f5c\u7528(allergy,bacteria,inflammation,oxidation)", "name": 33, "myGroup": "G7", "label": "\u7261\u4e39\u76ae", "nodeSupportPercent": 9.7148, "id": 33}}, {"data": {"popup": "  \u6c23(\u5bd2) \u5473(\u82e6) \u7d93\u7d61(\u809d,\u813e,\u81bd,\u80c3) \u4f5c\u7528(infection,inflammation)", "name": 34, "myGroup": "G3", "label": "\u8335\u9673\u84bf", "nodeSupportPercent": 0.647, "id": 34}}, {"data": {"popup": "  \u6c23(\u6eab) \u5473(\u8f9b) \u7d93\u7d61(\u813e,\u80ba) \u4f5c\u7528(infection,inflammation,oxidation)", "name": 35, "myGroup": "G4", "label": "\u751f\u8591", "nodeSupportPercent": 0.581, "id": 35}}, {"data": {"popup": "  \u6c23(\u5bd2) \u5473(\u7518) \u7d93\u7d61(\u814e,\u80c3) \u4f5c\u7528(bacteria,infection)", "name": 36, "myGroup": "G4", "label": "\u77f3\u659b", "nodeSupportPercent": 0.618, "id": 36}}, {"data": {"popup": "  \u4f5c\u7528(allergy)", "name": 37, "myGroup": "G2", "label": "\u8840\u5e9c\u9010\u7600\u6e6f", "nodeSupportPercent": 1.5064, "id": 37}}, {"data": {"popup": " ", "name": 38, "myGroup": "G2", "label": "\u91d1\u87ec", "nodeSupportPercent": 1.9415, "id": 38}}, {"data": {"popup": "  \u6c23(\u6eab) \u5473(\u8f9b,\u82e6) \u7d93\u7d61(\u813e,\u80c3) \u4f5c\u7528(allergy,inflammation,oxidation)", "name": 39, "myGroup": "G2", "label": "\u84bc\u672e", "nodeSupportPercent": 2.5192, "id": 39}}, {"data": {"popup": "  \u6c23(\u6eab) \u5473(\u7518,\u82e6) \u7d93\u7d61(\u813e,\u80c3) \u4f5c\u7528(allergy,bacteria,inflammation,oxidation)", "name": 40, "myGroup": "G2", "label": "\u767d\u672e", "nodeSupportPercent": 2.4936, "id": 40}}, {"data": {"popup": "  \u6c23(\u6eab) \u5473(\u7518) \u7d93\u7d61(\u813e,\u80ba) \u4f5c\u7528(allergy)", "name": 41, "myGroup": "G2", "label": "\u9ec3\u8006", "nodeSupportPercent": 3.1444, "id": 41}}, {"data": {"popup": " ", "name": 42, "myGroup": "G2", "label": "\u4e94\u5473\u6d88\u6bd2\u98f2", "nodeSupportPercent": 4.8154, "id": 42}}, {"data": {"popup": "  \u6c23(\u6eab) \u5473(\u8f9b,\u7518) \u7d93\u7d61(\u809d,\u813e,\u8180\u80f1) \u4f5c\u7528(allergy,bacteria,inflammation,oxidation)", "name": 43, "myGroup": "G8", "label": "\u9632\u98a8", "nodeSupportPercent": 5.4369, "id": 43}}, {"data": {"popup": " ", "name": 44, "myGroup": "G8", "label": "\u7099\u7518\u8349", "nodeSupportPercent": 2.34, "id": 44}}, {"data": {"popup": " ", "name": 45, "myGroup": "G8", "label": "\u9ebb\u9ec3\u9644\u5b50\u7d30\u8f9b\u6e6f", "nodeSupportPercent": 0.845, "id": 45}}, {"data": {"popup": "  \u6c23(\u5bd2) \u5473(\u7518) \u7d93\u7d61(\u80c3,\u8180\u80f1)", "name": 46, "myGroup": "G4", "label": "\u6ed1\u77f3", "nodeSupportPercent": 0.72, "id": 46}}, {"data": {"popup": "  \u6c23(\u6eab) \u5473(\u8f9b) \u7d93\u7d61(\u809d,\u5fc3) \u4f5c\u7528(inflammation)", "name": 47, "myGroup": "G4", "label": "\u7d05\u82b1", "nodeSupportPercent": 0.611, "id": 47}}, {"data": {"popup": "  \u6c23(\u5bd2) \u5473(\u82e6) \u7d93\u7d61(\u5fc3,\u80ba,\u80c3)", "name": 48, "myGroup": "G4", "label": "\u5927\u9752\u8449", "nodeSupportPercent": 0.771, "id": 48}}, {"data": {"popup": "  \u6c23(\u5e73) \u5473(\u7518) \u7d93\u7d61(\u5fc3,\u813e,\u814e) \u4f5c\u7528(inflammation)", "name": 49, "myGroup": "G7", "label": "\u832f\u82d3", "nodeSupportPercent": 2.83, "id": 49}}, {"data": {"popup": "  \u6c23(\u5bd2) \u5473(\u7518) \u7d93\u7d61(\u814e,\u8180\u80f1)", "name": 50, "myGroup": "G7", "label": "\u6fa4\u7009", "nodeSupportPercent": 0.611, "id": 50}}, {"data": {"popup": " ", "name": 51, "myGroup": "G0", "label": "\u80c3\u82d3\u6e6f", "nodeSupportPercent": 1.03, "id": 51}}, {"data": {"popup": " ", "name": 52, "myGroup": "G4", "label": "\u8def\u8def\u901a", "nodeSupportPercent": 0.706, "id": 52}}, {"data": {"popup": "  \u6c23(\u5bd2) \u5473(\u7518,\u82e6) \u7d93\u7d61(\u809d,\u80c3) \u4f5c\u7528(bacteria)", "name": 53, "myGroup": "G9", "label": "\u84b2\u516c\u82f1", "nodeSupportPercent": 6.2267, "id": 53}}, {"data": {"popup": "  \u6c23(\u5e73) \u5473(\u82e6) \u7d93\u7d61(\u80ba,\u80c3) \u4f5c\u7528(inflammation)", "name": 54, "myGroup": "G9", "label": "\u6787\u6777\u8449", "nodeSupportPercent": 0.702, "id": 54}}, {"data": {"popup": "  \u6c23(\u5bd2) \u5473(\u82e6) \u7d93\u7d61(\u809d,\u5fc3,\u813e,\u5927\u8178,\u80c3) \u4f5c\u7528(allergy,bacteria,infection,inflammation)", "name": 55, "myGroup": "G8", "label": "\u5927\u9ec3", "nodeSupportPercent": 6.011, "id": 55}}, {"data": {"popup": " ", "name": 56, "myGroup": "G8", "label": "\u7099\u7518\u8349\u6e6f", "nodeSupportPercent": 0.907, "id": 56}}, {"data": {"popup": "  \u6c23(\u6eab) \u5473(\u8f9b) \u7d93\u7d61(\u80ba,\u5927\u8178,\u80c3) \u4f5c\u7528(allergy,bacteria,infection,inflammation)", "name": 57, "myGroup": "G8", "label": "\u767d\u82b7", "nodeSupportPercent": 7.4771, "id": 57}}, {"data": {"popup": "  \u6c23(\u6eab) \u5473(\u8f9b) \u7d93\u7d61(\u809d,\u5fc3,\u81bd,\u5fc3\u5305) \u4f5c\u7528(allergy,bacteria,inflammation,oxidation)", "name": 58, "myGroup": "G8", "label": "\u5ddd\u828e", "nodeSupportPercent": 1.0713, "id": 58}}, {"data": {"popup": " ", "name": 59, "myGroup": "G8", "label": "\u5730\u9ec3", "nodeSupportPercent": 0.552, "id": 59}}, {"data": {"popup": "  \u6c23(\u5bd2) \u5473(\u82e6) \u7d93\u7d61(\u809d,\u5fc3,\u5927\u8178,\u80c3) \u4f5c\u7528(oxidation)", "name": 60, "myGroup": "G8", "label": "\u9ec3\u9023", "nodeSupportPercent": 2.4936, "id": 60}}, {"data": {"popup": "  \u6c23(\u5bd2) \u5473(\u82e6) \u7d93\u7d61(\u5fc3,\u80ba,\u80c3,\u4e09\u7126) \u4f5c\u7528(allergy,oxidation)", "name": 61, "myGroup": "G3", "label": "\u6894\u5b50", "nodeSupportPercent": 2.4278, "id": 61}}, {"data": {"popup": "  \u6c23(\u6eab) \u5473(\u8f9b,\u7518) \u7d93\u7d61(\u809d,\u5fc3,\u813e)", "name": 62, "myGroup": "G8", "label": "\u7576\u6b78", "nodeSupportPercent": 2.6325, "id": 62}}, {"data": {"popup": "  \u6c23(\u5bd2) \u5473(\u82e6) \u7d93\u7d61(\u809d,\u80ba,\u81bd,\u5927\u8178,\u80c3) \u4f5c\u7528(bacteria)", "name": 63, "myGroup": "G8", "label": "\u9ec3\u82a9", "nodeSupportPercent": 6.702, "id": 63}}, {"data": {"popup": "  \u6c23(\u6eab) \u5473(\u8f9b) \u7d93\u7d61(\u809d,\u80ba)", "name": 64, "myGroup": "G8", "label": "\u834a\u82a5", "nodeSupportPercent": 7.2687, "id": 64}}, {"data": {"popup": "  \u6c23(\u5e73) \u5473(\u7518,\u82e6) \u7d93\u7d61(\u80ba) \u4f5c\u7528(allergy)", "name": 65, "myGroup": "G0", "label": "\u767e\u90e8", "nodeSupportPercent": 0.687, "id": 65}}, {"data": {"popup": "  \u6c23(\u5bd2) \u5473(\u7518) \u7d93\u7d61(\u80ba,\u80c3,\u8180\u80f1) \u4f5c\u7528(oxidation)", "name": 66, "myGroup": "G0", "label": "\u767d\u8305\u6839", "nodeSupportPercent": 0.943, "id": 66}}, {"data": {"popup": "  \u6c23(\u6eab) \u5473(\u7518) \u7d93\u7d61(\u813e,\u80c3)", "name": 67, "myGroup": "G3", "label": "\u5927\u68d7", "nodeSupportPercent": 0.896, "id": 67}}, {"data": {"popup": "  \u6c23(\u5bd2) \u5473(\u7518,\u82e6) \u7d93\u7d61(\u809d,\u80ba)", "name": 68, "myGroup": "G4", "label": "\u6851\u8449", "nodeSupportPercent": 0.815, "id": 68}}, {"data": {"popup": "  \u6c23(\u5bd2) \u5473(\u9e79) \u7d93\u7d61(\u809d,\u80ba,\u8180\u80f1) \u4f5c\u7528(allergy,bacteria,infection,inflammation,oxidation)", "name": 69, "myGroup": "G0", "label": "\u5730\u9f8d", "nodeSupportPercent": 0.837, "id": 69}}, {"data": {"popup": " ", "name": 70, "myGroup": "G4", "label": "\u6dbc\u8188\u6563", "nodeSupportPercent": 1.29, "id": 70}}, {"data": {"popup": "  \u6c23(\u5e73) \u5473(\u7518) \u7d93\u7d61(\u813e,\u80ba) \u4f5c\u7528(bacteria,inflammation)", "name": 71, "myGroup": "G4", "label": "\u9ee8\u53c3", "nodeSupportPercent": 0.907, "id": 71}}, {"data": {"popup": "  \u6c23(\u6eab) \u5473(\u8f9b) \u7d93\u7d61(\u813e,\u80ba,\u80c3)", "name": 72, "myGroup": "G0", "label": "\u85ff\u9999", "nodeSupportPercent": 0.984, "id": 72}}, {"data": {"popup": " ", "name": 73, "myGroup": "G4", "label": "\u834a\u9632\u6557\u6bd2\u6563", "nodeSupportPercent": 10.362, "id": 73}}, {"data": {"popup": "  \u6c23(\u5e73) \u5473(\u7518,\u82e6) \u7d93\u7d61(\u809d,\u5fc3)", "name": 74, "myGroup": "G4", "label": "\u591c\u4ea4\u85e4", "nodeSupportPercent": 0.94, "id": 74}}, {"data": {"popup": "  \u6c23(\u6eab) \u5473(\u8f9b) \u7d93\u7d61(\u813e,\u80ba,\u80c3) \u4f5c\u7528(allergy,bacteria,inflammation)", "name": 75, "myGroup": "G4", "label": "\u534a\u590f", "nodeSupportPercent": 1.07, "id": 75}}, {"data": {"popup": " ", "name": 76, "myGroup": "G0", "label": "\u8f9b\u5937\u6563", "nodeSupportPercent": 1.67, "id": 76}}, {"data": {"popup": "  \u4f5c\u7528(allergy,inflammation)", "name": 77, "myGroup": "G0", "label": "\u9999\u7802\u516d\u541b\u5b50\u6e6f", "nodeSupportPercent": 1.95, "id": 77}}, {"data": {"popup": "  \u6c23(\u6eab) \u5473(\u8f9b) \u7d93\u7d61(\u80ba,\u814e) \u4f5c\u7528(allergy,bacteria,infection)", "name": 78, "myGroup": "G8", "label": "\u7d30\u8f9b", "nodeSupportPercent": 1.41, "id": 78}}, {"data": {"popup": "  \u6c23(\u5bd2) \u5473(\u8f9b,\u82e6) \u7d93\u7d61(\u809d,\u5fc3,\u81bd,\u5fc3\u5305,\u4e09\u7126) \u4f5c\u7528(oxidation)", "name": 79, "myGroup": "G4", "label": "\u67f4\u80e1", "nodeSupportPercent": 1.29, "id": 79}}, {"data": {"popup": "  \u4f5c\u7528(bacteria,infection,inflammation)", "name": 80, "myGroup": "G0", "label": "\u7389\u5c4f\u98a8\u6563", "nodeSupportPercent": 1.95, "id": 80}}, {"data": {"popup": "  \u6c23(\u5bd2) \u5473(\u8f9b,\u82e6) \u7d93\u7d61(\u80ba,\u80c3) \u4f5c\u7528(bacteria,infection,inflammation)", "name": 81, "myGroup": "G0", "label": "\u725b\u84a1\u5b50", "nodeSupportPercent": 1.21, "id": 81}}, {"data": {"popup": "  \u6c23(\u5e73) \u5473(\u9178) \u7d93\u7d61(\u809d,\u813e,\u80ba,\u5927\u8178) \u4f5c\u7528(bacteria)", "name": 82, "myGroup": "G4", "label": "\u70cf\u6885", "nodeSupportPercent": 1.52, "id": 82}}, {"data": {"popup": "  \u6c23(\u5bd2) \u5473(\u8f9b,\u82e6) \u7d93\u7d61(\u813e,\u5927\u8178,\u80c3) \u4f5c\u7528(inflammation)", "name": 83, "myGroup": "G4", "label": "\u67b3\u5be6", "nodeSupportPercent": 1.74, "id": 83}}, {"data": {"popup": "  \u6c23(\u5bd2) \u5473(\u7518,\u82e6) \u7d93\u7d61(\u809d,\u80ba)", "name": 84, "myGroup": "G0", "label": "\u83ca\u82b1", "nodeSupportPercent": 1.58, "id": 84}}, {"data": {"popup": " ", "name": 85, "myGroup": "G0", "label": "\u53c3\u82d3\u767d\u672e\u6563", "nodeSupportPercent": 2.29, "id": 85}}, {"data": {"popup": "  \u6c23(\u5bd2) \u5473(\u7518) \u7d93\u7d61(\u813e,\u80ba,\u80c3)", "name": 86, "myGroup": "G2", "label": "\u858f\u82e1\u4ec1", "nodeSupportPercent": 11.707, "id": 86}}, {"data": {"popup": "  \u6c23(\u5e73) \u5473(\u9178,\u82e6) \u7d93\u7d61(\u809d,\u814e) \u4f5c\u7528(allergy,inflammation)", "name": 87, "myGroup": "G2", "label": "\u725b\u819d", "nodeSupportPercent": 1.66, "id": 87}}, {"data": {"popup": " ", "name": 88, "myGroup": "G0", "label": "\u84bc\u8033\u6563", "nodeSupportPercent": 2.2, "id": 88}}, {"data": {"popup": "  \u6c23(\u5bd2) \u5473(\u8f9b) \u7d93\u7d61(\u80ba)", "name": 89, "myGroup": "G4", "label": "\u9b5a\u8165\u8349", "nodeSupportPercent": 2.13, "id": 89}}, {"data": {"popup": "  \u6c23(\u5bd2) \u5473(\u7518) \u7d93\u7d61(\u80ba,\u814e) \u4f5c\u7528(inflammation)", "name": 90, "myGroup": "G0", "label": "\u5730\u9aa8\u76ae", "nodeSupportPercent": 1.78, "id": 90}}, {"data": {"popup": "  \u6c23(\u5bd2) \u5473(\u82e6) \u7d93\u7d61(\u8180\u80f1)", "name": 91, "myGroup": "G0", "label": "\u5730\u819a\u5b50", "nodeSupportPercent": 11.971, "id": 91}}, {"data": {"popup": "  \u6c23(\u6eab) \u5473(\u8f9b,\u82e6) \u7d93\u7d61(\u814e) \u4f5c\u7528(allergy,bacteria,inflammation)", "name": 92, "myGroup": "G0", "label": "\u86c7\u5e8a\u5b50", "nodeSupportPercent": 1.89, "id": 92}}, {"data": {"popup": "  \u6c23(\u5bd2) \u5473(\u82e6) \u7d93\u7d61(\u813e,\u80c3) \u4f5c\u7528(inflammation)", "name": 93, "myGroup": "G0", "label": "\u767d\u9bae\u76ae", "nodeSupportPercent": 13.835, "id": 93}}, {"data": {"popup": "  \u4f5c\u7528(bacteria,infection,inflammation,oxidation)", "name": 94, "myGroup": "G7", "label": "\u67b3\u6bbc", "nodeSupportPercent": 1.27, "id": 94}}, {"data": {"popup": " ", "name": 95, "myGroup": "G3", "label": "\u7389\u5973\u714e", "nodeSupportPercent": 2.54, "id": 95}}, {"data": {"popup": "  \u6c23(\u5bd2) \u5473(\u8f9b,\u82e6) \u7d93\u7d61(\u809d,\u5fc3) \u4f5c\u7528(bacteria)", "name": 96, "myGroup": "G9", "label": "\u7d2b\u82b1\u5730\u4e01", "nodeSupportPercent": 1.85, "id": 96}}, {"data": {"popup": "  \u6c23(\u5bd2) \u5473(\u7518) \u7d93\u7d61(\u809d,\u5fc3)", "name": 97, "myGroup": "G0", "label": "\u7d2b\u8349", "nodeSupportPercent": 2.14, "id": 97}}, {"data": {"popup": "  \u6c23(\u6eab) \u5473(\u8f9b)", "name": 98, "myGroup": "G3", "label": "\u7682\u523a", "nodeSupportPercent": 2.12, "id": 98}}, {"data": {"popup": "  \u6c23(\u6eab) \u5473(\u8f9b) \u7d93\u7d61(\u80ba,\u80c3) \u4f5c\u7528(allergy,bacteria,infection,inflammation)", "name": 99, "myGroup": "G0", "label": "\u8f9b\u5937", "nodeSupportPercent": 2.2, "id": 99}}, {"data": {"popup": "  \u6c23(\u5bd2) \u5473(\u8f9b,\u7518) \u7d93\u7d61(\u80ba,\u80c3) \u4f5c\u7528(infection)", "name": 100, "myGroup": "G4", "label": "\u77f3\u818f", "nodeSupportPercent": 2.38, "id": 100}}, {"data": {"popup": " ", "name": 101, "myGroup": "G0", "label": "\u84bc\u8033\u5b50", "nodeSupportPercent": 2.5, "id": 101}}, {"data": {"popup": "  \u6c23(\u6dbc) \u5473(\u8f9b) \u7d93\u7d61(\u809d,\u80ba)", "name": 102, "myGroup": "G0", "label": "\u8584\u8377", "nodeSupportPercent": 2.08, "id": 102}}, {"data": {"popup": "  \u6c23(\u5bd2) \u5473(\u82e6) \u7d93\u7d61(\u809d,\u5fc3,\u5927\u8178,\u80c3,\u8180\u80f1) \u4f5c\u7528(allergy,bacteria,infection,oxidation)", "name": 103, "myGroup": "G0", "label": "\u82e6\u53c3", "nodeSupportPercent": 2.52, "id": 103}}, {"data": {"popup": "  \u6c23(\u6eab) \u5473(\u82e6) \u7d93\u7d61(\u80ba,\u5927\u8178)", "name": 104, "myGroup": "G3", "label": "\u674f\u4ec1", "nodeSupportPercent": 2.5594, "id": 104}}, {"data": {"popup": "  \u6c23(\u6eab) \u5473(\u8f9b) \u7d93\u7d61(\u813e,\u80c3) \u4f5c\u7528(infection)", "name": 105, "myGroup": "G8", "label": "\u7802\u4ec1", "nodeSupportPercent": 3.2614, "id": 105}}, {"data": {"popup": "  \u6c23(\u5bd2) \u5473(\u7518,\u82e6) \u7d93\u7d61(\u80ba,\u80c3) \u4f5c\u7528(allergy,bacteria,inflammation)", "name": 106, "myGroup": "G8", "label": "\u5929\u82b1\u7c89", "nodeSupportPercent": 2.78, "id": 106}}, {"data": {"popup": "  \u4f5c\u7528(allergy)", "name": 107, "myGroup": "G0", "label": "\u6eab\u6e05\u98f2", "nodeSupportPercent": 3.9, "id": 107}}, {"data": {"popup": "  \u4f5c\u7528(allergy)", "name": 108, "myGroup": "G0", "label": "\u8f9b\u5937\u6e05\u80ba\u6e6f", "nodeSupportPercent": 4.24, "id": 108}}, {"data": {"popup": "  \u6c23(\u5e73) \u5473(\u8f9b,\u9e79) \u7d93\u7d61(\u809d,\u80ba)", "name": 109, "myGroup": "G0", "label": "\u6bad\u8836", "nodeSupportPercent": 3.35, "id": 109}}, {"data": {"popup": "  \u6c23(\u5bd2) \u5473(\u7518,\u82e6,\u9e79) \u7d93\u7d61(\u80ba,\u814e,\u80c3) \u4f5c\u7528(inflammation)", "name": 110, "myGroup": "G3", "label": "\u7384\u53c3", "nodeSupportPercent": 3.58, "id": 110}}, {"data": {"popup": "  \u4f5c\u7528(inflammation)", "name": 111, "myGroup": "G0", "label": "\u9f8d\u81bd\u7009\u809d\u6e6f", "nodeSupportPercent": 5.23, "id": 111}}, {"data": {"popup": "  \u6c23(\u5bd2) \u5473(\u82e6) \u7d93\u7d61(\u809d)", "name": 112, "myGroup": "G7", "label": "\u8d64\u828d", "nodeSupportPercent": 3.98, "id": 112}}, {"data": {"popup": " ", "name": 113, "myGroup": "G0", "label": "\u84ba\u85dc", "nodeSupportPercent": 4.99, "id": 113}}, {"data": {"popup": " ", "name": 114, "myGroup": "G0", "label": "\u7576\u6b78\u98f2\u5b50", "nodeSupportPercent": 7.36, "id": 114}}, {"data": {"popup": "  \u6c23(\u5bd2) \u5473(\u7518,\u82e6) \u7d93\u7d61(\u809d,\u5fc3,\u814e) \u4f5c\u7528(allergy,bacteria,infection,inflammation,oxidation)", "name": 115, "myGroup": "G7", "label": "\u751f\u5730\u9ec3", "nodeSupportPercent": 5.61, "id": 115}}, {"data": {"popup": "  \u6c23(\u5e73) \u5473(\u7518) \u7d93\u7d61(\u809d,\u80c3) \u4f5c\u7528(allergy,inflammation)", "name": 116, "myGroup": "G0", "label": "\u571f\u832f\u82d3", "nodeSupportPercent": 7.64, "id": 116}}, {"data": {"popup": "  \u6c23(\u5bd2) \u5473(\u7518) \u7d93\u7d61(\u80ba,\u5927\u8178,\u80c3) \u4f5c\u7528(infection,inflammation)", "name": 117, "myGroup": "G3", "label": "\u91d1\u9280\u82b1", "nodeSupportPercent": 10.3, "id": 117}}], "edges": [{"data": {"source": 0, "Lift": 1.2387, "is_directed": false, "target": 1, "name": "0-1"}}, {"data": {"source": 0, "Lift": 1.0134, "is_directed": false, "target": 4, "name": "0-4"}}, {"data": {"source": 0, "Lift": 1.1403, "is_directed": false, "target": 5, "name": "0-5"}}, {"data": {"source": 0, "Lift": 1.0917, "is_directed": false, "target": 6, "name": "0-6"}}, {"data": {"source": 0, "Lift": 1.4878, "is_directed": false, "target": 10, "name": "0-10"}}, {"data": {"source": 0, "Lift": 1.2427, "is_directed": false, "target": 15, "name": "0-15"}}, {"data": {"source": 0, "Lift": 1.0489, "is_directed": false, "target": 16, "name": "0-16"}}, {"data": {"source": 0, "Lift": 1.5085, "is_directed": false, "target": 17, "name": "0-17"}}, {"data": {"source": 0, "Lift": 1.4506, "is_directed": false, "target": 20, "name": "0-20"}}, {"data": {"source": 0, "Lift": 1.1041, "is_directed": false, "target": 26, "name": "0-26"}}, {"data": {"source": 0, "Lift": 1.0633, "is_directed": false, "target": 27, "name": "0-27"}}, {"data": {"source": 0, "Lift": 1.322, "is_directed": false, "target": 31, "name": "0-31"}}, {"data": {"source": 0, "Lift": 1.2725, "is_directed": false, "target": 32, "name": "0-32"}}, {"data": {"source": 0, "Lift": 1.1134, "is_directed": false, "target": 34, "name": "0-34"}}, {"data": {"source": 0, "Lift": 1.2587, "is_directed": false, "target": 36, "name": "0-36"}}, {"data": {"source": 0, "Lift": 1.0368, "is_directed": false, "target": 38, "name": "0-38"}}, {"data": {"source": 0, "Lift": 1.0526, "is_directed": false, "target": 48, "name": "0-48"}}, {"data": {"source": 0, "Lift": 1.3693, "is_directed": false, "target": 51, "name": "0-51"}}, {"data": {"source": 0, "Lift": 1.1405, "is_directed": false, "target": 54, "name": "0-54"}}, {"data": {"source": 0, "Lift": 1.5807, "is_directed": false, "target": 65, "name": "0-65"}}, {"data": {"source": 0, "Lift": 1.2246, "is_directed": false, "target": 66, "name": "0-66"}}, {"data": {"source": 0, "Lift": 1.2158, "is_directed": false, "target": 69, "name": "0-69"}}, {"data": {"source": 0, "Lift": 1.1048, "is_directed": false, "target": 72, "name": "0-72"}}, {"data": {"source": 0, "Lift": 1.0552, "is_directed": false, "target": 73, "name": "0-73"}}, {"data": {"source": 0, "Lift": 1.2021, "is_directed": false, "target": 76, "name": "0-76"}}, {"data": {"source": 0, "Lift": 1.0761, "is_directed": false, "target": 77, "name": "0-77"}}, {"data": {"source": 0, "Lift": 1.1621, "is_directed": false, "target": 80, "name": "0-80"}}, {"data": {"source": 0, "Lift": 1.0789, "is_directed": false, "target": 84, "name": "0-84"}}, {"data": {"source": 0, "Lift": 1.3013, "is_directed": false, "target": 85, "name": "0-85"}}, {"data": {"source": 0, "Lift": 1.0922, "is_directed": false, "target": 86, "name": "0-86"}}, {"data": {"source": 0, "Lift": 1.0601, "is_directed": false, "target": 88, "name": "0-88"}}, {"data": {"source": 0, "Lift": 1.2288, "is_directed": false, "target": 89, "name": "0-89"}}, {"data": {"source": 0, "Lift": 1.1154, "is_directed": false, "target": 90, "name": "0-90"}}, {"data": {"source": 0, "Lift": 1.4351, "is_directed": false, "target": 91, "name": "0-91"}}, {"data": {"source": 0, "Lift": 1.4159, "is_directed": false, "target": 92, "name": "0-92"}}, {"data": {"source": 0, "Lift": 1.4409, "is_directed": false, "target": 93, "name": "0-93"}}, {"data": {"source": 0, "Lift": 1.2266, "is_directed": false, "target": 97, "name": "0-97"}}, {"data": {"source": 0, "Lift": 1.1886, "is_directed": false, "target": 98, "name": "0-98"}}, {"data": {"source": 0, "Lift": 1.1621, "is_directed": false, "target": 99, "name": "0-99"}}, {"data": {"source": 0, "Lift": 1.0092, "is_directed": false, "target": 101, "name": "0-101"}}, {"data": {"source": 0, "Lift": 1.2894, "is_directed": false, "target": 103, "name": "0-103"}}, {"data": {"source": 0, "Lift": 1.3064, "is_directed": false, "target": 107, "name": "0-107"}}, {"data": {"source": 0, "Lift": 1.226, "is_directed": false, "target": 108, "name": "0-108"}}, {"data": {"source": 0, "Lift": 1.0643, "is_directed": false, "target": 109, "name": "0-109"}}, {"data": {"source": 0, "Lift": 1.1083, "is_directed": false, "target": 111, "name": "0-111"}}, {"data": {"source": 0, "Lift": 1.126, "is_directed": false, "target": 112, "name": "0-112"}}, {"data": {"source": 0, "Lift": 1.3004, "is_directed": false, "target": 113, "name": "0-113"}}, {"data": {"source": 0, "Lift": 1.1406, "is_directed": false, "target": 114, "name": "0-114"}}, {"data": {"source": 0, "Lift": 1.0283, "is_directed": false, "target": 116, "name": "0-116"}}, {"data": {"source": 2, "Lift": 15.736, "is_directed": false, "target": 3, "name": "2-3"}}, {"data": {"source": 5, "Lift": 2.5054, "is_directed": false, "target": 65, "name": "5-65"}}, {"data": {"source": 5, "Lift": 2.811, "is_directed": false, "target": 69, "name": "5-69"}}, {"data": {"source": 5, "Lift": 3.5299, "is_directed": false, "target": 6, "name": "5-6"}}, {"data": {"source": 5, "Lift": 2.825, "is_directed": false, "target": 109, "name": "5-109"}}, {"data": {"source": 5, "Lift": 2.601, "is_directed": false, "target": 81, "name": "5-81"}}, {"data": {"source": 5, "Lift": 3.2752, "is_directed": false, "target": 59, "name": "5-59"}}, {"data": {"source": 5, "Lift": 2.8056, "is_directed": false, "target": 102, "name": "5-102"}}, {"data": {"source": 7, "Lift": 73.21, "is_directed": false, "target": 8, "name": "7-8"}}, {"data": {"source": 8, "Lift": 20.921, "is_directed": false, "target": 37, "name": "8-37"}}, {"data": {"source": 8, "Lift": 20.603, "is_directed": false, "target": 38, "name": "8-38"}}, {"data": {"source": 8, "Lift": 14.194, "is_directed": false, "target": 39, "name": "8-39"}}, {"data": {"source": 8, "Lift": 13.611, "is_directed": false, "target": 40, "name": "8-40"}}, {"data": {"source": 8, "Lift": 9.6371, "is_directed": false, "target": 41, "name": "8-41"}}, {"data": {"source": 8, "Lift": 6.7964, "is_directed": false, "target": 42, "name": "8-42"}}, {"data": {"source": 8, "Lift": 6.5768, "is_directed": false, "target": 43, "name": "8-43"}}, {"data": {"source": 9, "Lift": 2.2034, "is_directed": false, "target": 34, "name": "9-34"}}, {"data": {"source": 9, "Lift": 2.3364, "is_directed": false, "target": 67, "name": "9-67"}}, {"data": {"source": 9, "Lift": 2.0328, "is_directed": false, "target": 10, "name": "9-10"}}, {"data": {"source": 9, "Lift": 2.5388, "is_directed": false, "target": 61, "name": "9-61"}}, {"data": {"source": 9, "Lift": 3.0636, "is_directed": false, "target": 98, "name": "9-98"}}, {"data": {"source": 9, "Lift": 2.0304, "is_directed": false, "target": 110, "name": "9-110"}}, {"data": {"source": 9, "Lift": 2.3522, "is_directed": false, "target": 79, "name": "9-79"}}, {"data": {"source": 9, "Lift": 2.4007, "is_directed": false, "target": 30, "name": "9-30"}}, {"data": {"source": 9, "Lift": 2.7771, "is_directed": false, "target": 117, "name": "9-117"}}, {"data": {"source": 9, "Lift": 1.9222, "is_directed": false, "target": 22, "name": "9-22"}}, {"data": {"source": 9, "Lift": 2.018, "is_directed": false, "target": 58, "name": "9-58"}}, {"data": {"source": 9, "Lift": 2.4994, "is_directed": false, "target": 59, "name": "9-59"}}, {"data": {"source": 9, "Lift": 2.2499, "is_directed": false, "target": 28, "name": "9-28"}}, {"data": {"source": 9, "Lift": 5.3753, "is_directed": false, "target": 29, "name": "9-29"}}, {"data": {"source": 9, "Lift": 2.0606, "is_directed": false, "target": 94, "name": "9-94"}}, {"data": {"source": 9, "Lift": 2.8551, "is_directed": false, "target": 95, "name": "9-95"}}, {"data": {"source": 11, "Lift": 1.8952, "is_directed": false, "target": 12, "name": "11-12"}}, {"data": {"source": 11, "Lift": 1.7616, "is_directed": false, "target": 25, "name": "11-25"}}, {"data": {"source": 11, "Lift": 1.5799, "is_directed": false, "target": 27, "name": "11-27"}}, {"data": {"source": 11, "Lift": 1.6203, "is_directed": false, "target": 35, "name": "11-35"}}, {"data": {"source": 11, "Lift": 1.5866, "is_directed": false, "target": 36, "name": "11-36"}}, {"data": {"source": 11, "Lift": 1.63, "is_directed": false, "target": 43, "name": "11-43"}}, {"data": {"source": 11, "Lift": 1.8415, "is_directed": false, "target": 46, "name": "11-46"}}, {"data": {"source": 11, "Lift": 1.6686, "is_directed": false, "target": 47, "name": "11-47"}}, {"data": {"source": 11, "Lift": 1.5947, "is_directed": false, "target": 48, "name": "11-48"}}, {"data": {"source": 11, "Lift": 2.5607, "is_directed": false, "target": 52, "name": "11-52"}}, {"data": {"source": 11, "Lift": 1.999, "is_directed": false, "target": 54, "name": "11-54"}}, {"data": {"source": 11, "Lift": 1.6634, "is_directed": false, "target": 57, "name": "11-57"}}, {"data": {"source": 11, "Lift": 1.9738, "is_directed": false, "target": 58, "name": "11-58"}}, {"data": {"source": 11, "Lift": 2.0195, "is_directed": false, "target": 59, "name": "11-59"}}, {"data": {"source": 11, "Lift": 1.6722, "is_directed": false, "target": 62, "name": "11-62"}}, {"data": {"source": 11, "Lift": 1.5796, "is_directed": false, "target": 68, "name": "11-68"}}, {"data": {"source": 11, "Lift": 1.8826, "is_directed": false, "target": 69, "name": "11-69"}}, {"data": {"source": 11, "Lift": 1.5937, "is_directed": false, "target": 70, "name": "11-70"}}, {"data": {"source": 11, "Lift": 1.6748, "is_directed": false, "target": 71, "name": "11-71"}}, {"data": {"source": 11, "Lift": 1.698, "is_directed": false, "target": 74, "name": "11-74"}}, {"data": {"source": 11, "Lift": 1.9806, "is_directed": false, "target": 75, "name": "11-75"}}, {"data": {"source": 11, "Lift": 1.9511, "is_directed": false, "target": 79, "name": "11-79"}}, {"data": {"source": 11, "Lift": 1.837, "is_directed": false, "target": 81, "name": "11-81"}}, {"data": {"source": 11, "Lift": 1.8156, "is_directed": false, "target": 82, "name": "11-82"}}, {"data": {"source": 11, "Lift": 1.5872, "is_directed": false, "target": 83, "name": "11-83"}}, {"data": {"source": 11, "Lift": 1.5962, "is_directed": false, "target": 89, "name": "11-89"}}, {"data": {"source": 11, "Lift": 2.6741, "is_directed": false, "target": 94, "name": "11-94"}}, {"data": {"source": 11, "Lift": 1.9272, "is_directed": false, "target": 100, "name": "11-100"}}, {"data": {"source": 11, "Lift": 1.8235, "is_directed": false, "target": 102, "name": "11-102"}}, {"data": {"source": 11, "Lift": 2.0298, "is_directed": false, "target": 103, "name": "11-103"}}, {"data": {"source": 11, "Lift": 1.6622, "is_directed": false, "target": 105, "name": "11-105"}}, {"data": {"source": 13, "Lift": 12.048, "is_directed": false, "target": 21, "name": "13-21"}}, {"data": {"source": 13, "Lift": 10.579, "is_directed": false, "target": 14, "name": "13-14"}}, {"data": {"source": 18, "Lift": 5.6598, "is_directed": false, "target": 19, "name": "18-19"}}, {"data": {"source": 21, "Lift": 11.361, "is_directed": false, "target": 22, "name": "21-22"}}, {"data": {"source": 23, "Lift": 22.687, "is_directed": false, "target": 24, "name": "23-24"}}, {"data": {"source": 28, "Lift": 12.636, "is_directed": false, "target": 104, "name": "28-104"}}, {"data": {"source": 28, "Lift": 12.305, "is_directed": false, "target": 35, "name": "28-35"}}, {"data": {"source": 28, "Lift": 17.786, "is_directed": false, "target": 29, "name": "28-29"}}, {"data": {"source": 29, "Lift": 7.4124, "is_directed": false, "target": 30, "name": "29-30"}}, {"data": {"source": 31, "Lift": 23.918, "is_directed": false, "target": 32, "name": "31-32"}}, {"data": {"source": 31, "Lift": 4.1478, "is_directed": false, "target": 33, "name": "31-33"}}, {"data": {"source": 32, "Lift": 3.1404, "is_directed": false, "target": 33, "name": "32-33"}}, {"data": {"source": 33, "Lift": 5.1704, "is_directed": false, "target": 112, "name": "33-112"}}, {"data": {"source": 33, "Lift": 4.2839, "is_directed": false, "target": 115, "name": "33-115"}}, {"data": {"source": 33, "Lift": 3.4517, "is_directed": false, "target": 50, "name": "33-50"}}, {"data": {"source": 33, "Lift": 3.9538, "is_directed": false, "target": 59, "name": "33-59"}}, {"data": {"source": 33, "Lift": 3.4312, "is_directed": false, "target": 94, "name": "33-94"}}, {"data": {"source": 39, "Lift": 2.8017, "is_directed": false, "target": 86, "name": "39-86"}}, {"data": {"source": 43, "Lift": 6.7909, "is_directed": false, "target": 64, "name": "43-64"}}, {"data": {"source": 43, "Lift": 5.5869, "is_directed": false, "target": 58, "name": "43-58"}}, {"data": {"source": 43, "Lift": 6.943, "is_directed": false, "target": 59, "name": "43-59"}}, {"data": {"source": 43, "Lift": 6.1838, "is_directed": false, "target": 94, "name": "43-94"}}, {"data": {"source": 44, "Lift": 4.1167, "is_directed": false, "target": 57, "name": "44-57"}}, {"data": {"source": 44, "Lift": 13.875, "is_directed": false, "target": 45, "name": "44-45"}}, {"data": {"source": 44, "Lift": 5.9007, "is_directed": false, "target": 55, "name": "44-55"}}, {"data": {"source": 49, "Lift": 15.658, "is_directed": false, "target": 50, "name": "49-50"}}, {"data": {"source": 53, "Lift": 8.3639, "is_directed": false, "target": 96, "name": "53-96"}}, {"data": {"source": 53, "Lift": 4.8514, "is_directed": false, "target": 54, "name": "53-54"}}, {"data": {"source": 55, "Lift": 5.2324, "is_directed": false, "target": 56, "name": "55-56"}}, {"data": {"source": 55, "Lift": 9.3439, "is_directed": false, "target": 105, "name": "55-105"}}, {"data": {"source": 55, "Lift": 5.363, "is_directed": false, "target": 106, "name": "55-106"}}, {"data": {"source": 55, "Lift": 4.0757, "is_directed": false, "target": 57, "name": "55-57"}}, {"data": {"source": 56, "Lift": 4.6917, "is_directed": false, "target": 57, "name": "56-57"}}, {"data": {"source": 57, "Lift": 6.822, "is_directed": false, "target": 105, "name": "57-105"}}, {"data": {"source": 57, "Lift": 4.5577, "is_directed": false, "target": 106, "name": "57-106"}}, {"data": {"source": 57, "Lift": 4.1081, "is_directed": false, "target": 58, "name": "57-58"}}, {"data": {"source": 58, "Lift": 4.3667, "is_directed": false, "target": 64, "name": "58-64"}}, {"data": {"source": 58, "Lift": 29.054, "is_directed": false, "target": 59, "name": "58-59"}}, {"data": {"source": 58, "Lift": 12.705, "is_directed": false, "target": 62, "name": "58-62"}}, {"data": {"source": 58, "Lift": 5.7036, "is_directed": false, "target": 63, "name": "58-63"}}, {"data": {"source": 59, "Lift": 5.9221, "is_directed": false, "target": 64, "name": "59-64"}}, {"data": {"source": 59, "Lift": 14.076, "is_directed": false, "target": 60, "name": "59-60"}}, {"data": {"source": 59, "Lift": 13.912, "is_directed": false, "target": 61, "name": "59-61"}}, {"data": {"source": 59, "Lift": 16.1, "is_directed": false, "target": 62, "name": "59-62"}}, {"data": {"source": 59, "Lift": 6.3241, "is_directed": false, "target": 63, "name": "59-63"}}, {"data": {"source": 63, "Lift": 5.2022, "is_directed": false, "target": 105, "name": "63-105"}}, {"data": {"source": 63, "Lift": 5.772, "is_directed": false, "target": 106, "name": "63-106"}}, {"data": {"source": 63, "Lift": 5.605, "is_directed": false, "target": 78, "name": "63-78"}}, {"data": {"source": 73, "Lift": 3.0417, "is_directed": false, "target": 74, "name": "73-74"}}, {"data": {"source": 86, "Lift": 2.6586, "is_directed": false, "target": 87, "name": "86-87"}}, {"data": {"source": 91, "Lift": 3.4093, "is_directed": false, "target": 92, "name": "91-92"}}, {"data": {"source": 91, "Lift": 3.1878, "is_directed": false, "target": 93, "name": "91-93"}}, {"data": {"source": 92, "Lift": 2.2368, "is_directed": false, "target": 93, "name": "92-93"}}, {"data": {"source": 93, "Lift": 2.8324, "is_directed": false, "target": 103, "name": "93-103"}}, {"data": {"source": 105, "Lift": 9.2791, "is_directed": false, "target": 106, "name": "105-106"}}]}, "data": {"description": "<h1>\u7570\u4f4d\u6027\u76ae\u819a\u708e\u4e2d\u91ab\u6cbb\u7642\u5716\u8b5c</h1><h2>Atopic Dermatitis_(Support=0.5%, Confidence=30.0%)</h2>", "name": "Atopic Dermatitis_(Support=0.5%, Confidence=30.0%)", "tags": ["Atopic Dermatitis", "\u7570\u4f4d\u6027\u76ae\u819a\u708e\u4e2d\u91ab\u6cbb\u7642\u5716\u8b5c"]}}