{"elements": {"nodes": [{"data": {"popup": " ", "name": 0, "myGroup": "G0", "label": "\u6842\u679d\u6e6f", "nodeSupportPercent": 3.2358, "id": 0}}, {"data": {"popup": "  \u4f5c\u7528(allergy,infection)", "name": 1, "myGroup": "G0", "label": "\u9ebb\u9ec3\u6e6f", "nodeSupportPercent": 0.596, "id": 1}}, {"data": {"popup": "  \u6c23(\u5bd2) \u5473(\u7518) \u7d93\u7d61(\u809d,\u80ba) \u4f5c\u7528(oxidation)", "name": 2, "myGroup": "G1", "label": "\u87ec\u86fb", "nodeSupportPercent": 12.739, "id": 2}}, {"data": {"popup": " ", "name": 3, "myGroup": "G1", "label": "\u6728\u8cca", "nodeSupportPercent": 0.545, "id": 3}}, {"data": {"popup": "  \u4f5c\u7528(allergy)", "name": 4, "myGroup": "G2", "label": "\u6d88\u98a8\u6563", "nodeSupportPercent": 31.967, "id": 4}}, {"data": {"popup": "  \u6c23(\u5e73) \u5473(\u8f9b,\u82e6) \u7d93\u7d61(\u809d) \u4f5c\u7528(bacteria,infection,inflammation,oxidation)", "name": 5, "myGroup": "G2", "label": "\u767d\u84ba\u85dc", "nodeSupportPercent": 0.6, "id": 5}}, {"data": {"popup": " ", "name": 6, "myGroup": "G2", "label": "\u6f64\u8178\u4e38", "nodeSupportPercent": 0.72, "id": 6}}, {"data": {"popup": " ", "name": 7, "myGroup": "G2", "label": "\u4eba\u53c3\u6557\u6bd2\u6563", "nodeSupportPercent": 0.907, "id": 7}}, {"data": {"popup": "  \u6c23(\u6eab) \u5473(\u8f9b,\u82e6) \u7d93\u7d61(\u80ba,\u8180\u80f1) \u4f5c\u7528(infection)", "name": 8, "myGroup": "G3", "label": "\u9ebb\u9ec3", "nodeSupportPercent": 2.4534, "id": 8}}, {"data": {"popup": "  \u6c23(\u5e73) \u5473(\u7518,\u9178) \u7d93\u7d61(\u5fc3,\u5c0f\u8178)", "name": 9, "myGroup": "G3", "label": "\u8d64\u5c0f\u8c46", "nodeSupportPercent": 0.603, "id": 9}}, {"data": {"popup": "  \u6c23(\u5bd2) \u5473(\u82e6) \u7d93\u7d61(\u5fc3,\u80ba,\u5c0f\u8178) \u4f5c\u7528(infection)", "name": 10, "myGroup": "G3", "label": "\u9023\u7ff9", "nodeSupportPercent": 15.898, "id": 10}}, {"data": {"popup": "  \u6c23(\u5bd2) \u5473(\u82e6) \u7d93\u7d61(\u809d)", "name": 11, "myGroup": "G2", "label": "\u831c\u8349", "nodeSupportPercent": 0.647, "id": 11}}, {"data": {"popup": "  \u6c23(\u5bd2) \u5473(\u7518) \u7d93\u7d61(\u814e,\u80c3) \u4f5c\u7528(bacteria,infection)", "name": 12, "myGroup": "G2", "label": "\u77f3\u659b", "nodeSupportPercent": 0.618, "id": 12}}, {"data": {"popup": " ", "name": 13, "myGroup": "G4", "label": "\u91d1\u87ec", "nodeSupportPercent": 1.9415, "id": 13}}, {"data": {"popup": "  \u6c23(\u5bd2) \u5473(\u82e6) \u7d93\u7d61(\u809d,\u81bd,\u80c3)", "name": 14, "myGroup": "G4", "label": "\u9f8d\u81bd\u8349", "nodeSupportPercent": 0.603, "id": 14}}, {"data": {"popup": "  \u6c23(\u5e73) \u5473(\u7518) \u7d93\u7d61(\u5fc3,\u813e,\u814e) \u4f5c\u7528(inflammation)", "name": 15, "myGroup": "G5", "label": "\u832f\u82d3", "nodeSupportPercent": 2.83, "id": 15}}, {"data": {"popup": "  \u6c23(\u5bd2) \u5473(\u7518) \u7d93\u7d61(\u814e,\u8180\u80f1)", "name": 16, "myGroup": "G5", "label": "\u6fa4\u7009", "nodeSupportPercent": 0.611, "id": 16}}, {"data": {"popup": " ", "name": 17, "myGroup": "G2", "label": "\u80c3\u82d3\u6e6f", "nodeSupportPercent": 1.03, "id": 17}}, {"data": {"popup": "  \u6c23(\u5e73) \u5473(\u7518) \u7d93\u7d61(\u5fc3,\u813e,\u80ba,\u80c3) \u4f5c\u7528(allergy,bacteria,inflammation)", "name": 18, "myGroup": "G6", "label": "\u7518\u8349", "nodeSupportPercent": 19.02, "id": 18}}, {"data": {"popup": " ", "name": 19, "myGroup": "G6", "label": "\u8def\u8def\u901a", "nodeSupportPercent": 0.706, "id": 19}}, {"data": {"popup": "  \u6c23(\u6eab) \u5473(\u8f9b,\u7518) \u7d93\u7d61(\u809d,\u5fc3,\u813e)", "name": 20, "myGroup": "G1", "label": "\u7576\u6b78", "nodeSupportPercent": 2.6325, "id": 20}}, {"data": {"popup": " ", "name": 21, "myGroup": "G1", "label": "\u5730\u9ec3", "nodeSupportPercent": 0.552, "id": 21}}, {"data": {"popup": "  \u6c23(\u5bd2) \u5473(\u82e6) \u7d93\u7d61(\u809d,\u80ba,\u81bd,\u5927\u8178,\u80c3) \u4f5c\u7528(bacteria)", "name": 22, "myGroup": "G1", "label": "\u9ec3\u82a9", "nodeSupportPercent": 6.702, "id": 22}}, {"data": {"popup": "  \u6c23(\u6eab) \u5473(\u8f9b) \u7d93\u7d61(\u809d,\u80ba)", "name": 23, "myGroup": "G1", "label": "\u834a\u82a5", "nodeSupportPercent": 7.2687, "id": 23}}, {"data": {"popup": "  \u6c23(\u5e73) \u5473(\u7518,\u82e6) \u7d93\u7d61(\u80ba) \u4f5c\u7528(allergy)", "name": 24, "myGroup": "G2", "label": "\u767e\u90e8", "nodeSupportPercent": 0.687, "id": 24}}, {"data": {"popup": "  \u6c23(\u5bd2) \u5473(\u8f9b,\u82e6) \u7d93\u7d61(\u809d,\u5fc3,\u814e) \u4f5c\u7528(allergy,bacteria,inflammation,oxidation)", "name": 25, "myGroup": "G7", "label": "\u7261\u4e39\u76ae", "nodeSupportPercent": 9.7148, "id": 25}}, {"data": {"popup": " ", "name": 26, "myGroup": "G7", "label": "\u7d2b\u8349\u6839", "nodeSupportPercent": 1.49, "id": 26}}, {"data": {"popup": " ", "name": 27, "myGroup": "G2", "label": "\u53c3\u82d3\u767d\u672e\u6563", "nodeSupportPercent": 2.29, "id": 27}}, {"data": {"popup": "  \u6c23(\u5bd2) \u5473(\u82e6) \u7d93\u7d61(\u8180\u80f1)", "name": 28, "myGroup": "G2", "label": "\u5730\u819a\u5b50", "nodeSupportPercent": 11.971, "id": 28}}, {"data": {"popup": "  \u6c23(\u6eab) \u5473(\u8f9b,\u82e6) \u7d93\u7d61(\u814e) \u4f5c\u7528(allergy,bacteria,inflammation)", "name": 29, "myGroup": "G2", "label": "\u86c7\u5e8a\u5b50", "nodeSupportPercent": 1.89, "id": 29}}, {"data": {"popup": "  \u4f5c\u7528(bacteria,infection,inflammation,oxidation)", "name": 30, "myGroup": "G6", "label": "\u67b3\u6bbc", "nodeSupportPercent": 1.27, "id": 30}}, {"data": {"popup": " ", "name": 31, "myGroup": "G3", "label": "\u7389\u5973\u714e", "nodeSupportPercent": 2.54, "id": 31}}, {"data": {"popup": "  \u6c23(\u5bd2) \u5473(\u7518,\u82e6) \u7d93\u7d61(\u809d,\u80c3) \u4f5c\u7528(bacteria)", "name": 32, "myGroup": "G8", "label": "\u84b2\u516c\u82f1", "nodeSupportPercent": 6.2267, "id": 32}}, {"data": {"popup": "  \u6c23(\u5bd2) \u5473(\u8f9b,\u82e6) \u7d93\u7d61(\u809d,\u5fc3) \u4f5c\u7528(bacteria)", "name": 33, "myGroup": "G8", "label": "\u7d2b\u82b1\u5730\u4e01", "nodeSupportPercent": 1.85, "id": 33}}, {"data": {"popup": "  \u6c23(\u6eab) \u5473(\u8f9b)", "name": 34, "myGroup": "G3", "label": "\u7682\u523a", "nodeSupportPercent": 2.12, "id": 34}}, {"data": {"popup": "  \u6c23(\u5bd2) \u5473(\u82e6) \u7d93\u7d61(\u809d,\u5fc3,\u5927\u8178,\u80c3,\u8180\u80f1) \u4f5c\u7528(allergy,bacteria,infection,oxidation)", "name": 35, "myGroup": "G2", "label": "\u82e6\u53c3", "nodeSupportPercent": 2.52, "id": 35}}, {"data": {"popup": "  \u6c23(\u5bd2) \u5473(\u82e6) \u7d93\u7d61(\u5fc3,\u80ba,\u80c3,\u4e09\u7126) \u4f5c\u7528(allergy,oxidation)", "name": 36, "myGroup": "G3", "label": "\u6894\u5b50", "nodeSupportPercent": 2.43, "id": 36}}, {"data": {"popup": "  \u4f5c\u7528(allergy)", "name": 37, "myGroup": "G2", "label": "\u6eab\u6e05\u98f2", "nodeSupportPercent": 3.9, "id": 37}}, {"data": {"popup": "  \u6c23(\u5bd2) \u5473(\u82e6) \u7d93\u7d61(\u809d,\u5fc3,\u813e,\u5927\u8178,\u80c3) \u4f5c\u7528(allergy,bacteria,infection,inflammation)", "name": 38, "myGroup": "G9", "label": "\u5927\u9ec3", "nodeSupportPercent": 6.011, "id": 38}}, {"data": {"popup": "  \u6c23(\u6eab) \u5473(\u8f9b) \u7d93\u7d61(\u813e,\u80c3) \u4f5c\u7528(infection)", "name": 39, "myGroup": "G9", "label": "\u7802\u4ec1", "nodeSupportPercent": 3.26, "id": 39}}, {"data": {"popup": "  \u6c23(\u6eab) \u5473(\u8f9b) \u7d93\u7d61(\u80ba,\u5927\u8178,\u80c3) \u4f5c\u7528(allergy,bacteria,infection,inflammation)", "name": 40, "myGroup": "G9", "label": "\u767d\u82b7", "nodeSupportPercent": 7.4771, "id": 40}}, {"data": {"popup": "  \u6c23(\u5bd2) \u5473(\u82e6) \u7d93\u7d61(\u809d)", "name": 41, "myGroup": "G7", "label": "\u8d64\u828d", "nodeSupportPercent": 3.98, "id": 41}}, {"data": {"popup": " ", "name": 42, "myGroup": "G2", "label": "\u84ba\u85dc", "nodeSupportPercent": 4.99, "id": 42}}, {"data": {"popup": "  \u6c23(\u5bd2) \u5473(\u7518,\u82e6) \u7d93\u7d61(\u809d,\u5fc3,\u814e) \u4f5c\u7528(allergy,bacteria,infection,inflammation,oxidation)", "name": 43, "myGroup": "G7", "label": "\u751f\u5730\u9ec3", "nodeSupportPercent": 5.61, "id": 43}}, {"data": {"popup": "  \u6c23(\u6eab) \u5473(\u8f9b,\u7518) \u7d93\u7d61(\u809d,\u813e,\u8180\u80f1) \u4f5c\u7528(allergy,bacteria,inflammation,oxidation)", "name": 44, "myGroup": "G1", "label": "\u9632\u98a8", "nodeSupportPercent": 5.44, "id": 44}}, {"data": {"popup": "  \u6c23(\u5bd2) \u5473(\u7518) \u7d93\u7d61(\u80ba,\u5927\u8178,\u80c3) \u4f5c\u7528(infection,inflammation)", "name": 45, "myGroup": "G3", "label": "\u91d1\u9280\u82b1", "nodeSupportPercent": 10.3, "id": 45}}, {"data": {"popup": "  \u6c23(\u5bd2) \u5473(\u82e6) \u7d93\u7d61(\u813e,\u80c3) \u4f5c\u7528(inflammation)", "name": 46, "myGroup": "G2", "label": "\u767d\u9bae\u76ae", "nodeSupportPercent": 13.835, "id": 46}}], "edges": [{"data": {"source": 0, "Lift": 15.736, "is_directed": false, "target": 1, "name": "0-1"}}, {"data": {"source": 2, "Lift": 3.5299, "is_directed": false, "target": 3, "name": "2-3"}}, {"data": {"source": 2, "Lift": 3.2752, "is_directed": false, "target": 21, "name": "2-21"}}, {"data": {"source": 4, "Lift": 1.2894, "is_directed": false, "target": 35, "name": "4-35"}}, {"data": {"source": 4, "Lift": 1.4878, "is_directed": false, "target": 5, "name": "4-5"}}, {"data": {"source": 4, "Lift": 1.5085, "is_directed": false, "target": 6, "name": "4-6"}}, {"data": {"source": 4, "Lift": 1.4506, "is_directed": false, "target": 7, "name": "4-7"}}, {"data": {"source": 4, "Lift": 1.3004, "is_directed": false, "target": 42, "name": "4-42"}}, {"data": {"source": 4, "Lift": 1.2725, "is_directed": false, "target": 11, "name": "4-11"}}, {"data": {"source": 4, "Lift": 1.2587, "is_directed": false, "target": 12, "name": "4-12"}}, {"data": {"source": 4, "Lift": 1.4409, "is_directed": false, "target": 46, "name": "4-46"}}, {"data": {"source": 4, "Lift": 1.3693, "is_directed": false, "target": 17, "name": "4-17"}}, {"data": {"source": 4, "Lift": 1.5807, "is_directed": false, "target": 24, "name": "4-24"}}, {"data": {"source": 4, "Lift": 1.322, "is_directed": false, "target": 26, "name": "4-26"}}, {"data": {"source": 4, "Lift": 1.3013, "is_directed": false, "target": 27, "name": "4-27"}}, {"data": {"source": 4, "Lift": 1.4351, "is_directed": false, "target": 28, "name": "4-28"}}, {"data": {"source": 4, "Lift": 1.4159, "is_directed": false, "target": 29, "name": "4-29"}}, {"data": {"source": 4, "Lift": 1.3064, "is_directed": false, "target": 37, "name": "4-37"}}, {"data": {"source": 8, "Lift": 17.786, "is_directed": false, "target": 9, "name": "8-9"}}, {"data": {"source": 9, "Lift": 5.3753, "is_directed": false, "target": 10, "name": "9-10"}}, {"data": {"source": 10, "Lift": 3.0636, "is_directed": false, "target": 34, "name": "10-34"}}, {"data": {"source": 10, "Lift": 2.5388, "is_directed": false, "target": 36, "name": "10-36"}}, {"data": {"source": 10, "Lift": 2.7771, "is_directed": false, "target": 45, "name": "10-45"}}, {"data": {"source": 10, "Lift": 2.8551, "is_directed": false, "target": 31, "name": "10-31"}}, {"data": {"source": 13, "Lift": 20.603, "is_directed": false, "target": 14, "name": "13-14"}}, {"data": {"source": 15, "Lift": 15.658, "is_directed": false, "target": 16, "name": "15-16"}}, {"data": {"source": 18, "Lift": 2.5607, "is_directed": false, "target": 19, "name": "18-19"}}, {"data": {"source": 18, "Lift": 2.6741, "is_directed": false, "target": 30, "name": "18-30"}}, {"data": {"source": 20, "Lift": 16.1, "is_directed": false, "target": 21, "name": "20-21"}}, {"data": {"source": 21, "Lift": 6.3241, "is_directed": false, "target": 22, "name": "21-22"}}, {"data": {"source": 21, "Lift": 5.9221, "is_directed": false, "target": 23, "name": "21-23"}}, {"data": {"source": 23, "Lift": 6.7909, "is_directed": false, "target": 44, "name": "23-44"}}, {"data": {"source": 25, "Lift": 5.1704, "is_directed": false, "target": 41, "name": "25-41"}}, {"data": {"source": 25, "Lift": 4.1478, "is_directed": false, "target": 26, "name": "25-26"}}, {"data": {"source": 25, "Lift": 4.2839, "is_directed": false, "target": 43, "name": "25-43"}}, {"data": {"source": 28, "Lift": 3.4093, "is_directed": false, "target": 29, "name": "28-29"}}, {"data": {"source": 28, "Lift": 3.1878, "is_directed": false, "target": 46, "name": "28-46"}}, {"data": {"source": 32, "Lift": 8.3639, "is_directed": false, "target": 33, "name": "32-33"}}, {"data": {"source": 38, "Lift": 9.3439, "is_directed": false, "target": 39, "name": "38-39"}}, {"data": {"source": 39, "Lift": 6.822, "is_directed": false, "target": 40, "name": "39-40"}}]}, "data": {"description": "<h1>\u7570\u4f4d\u6027\u76ae\u819a\u708e\u4e2d\u91ab\u6cbb\u7642\u5716\u8b5c</h1><h2>Atopic Dermatitis_(Support=0.5%, Confidence=40.0%)</h2>", "name": "Atopic Dermatitis_(Support=0.5%, Confidence=40.0%)", "tags": ["Atopic Dermatitis", "\u7570\u4f4d\u6027\u76ae\u819a\u708e\u4e2d\u91ab\u6cbb\u7642\u5716\u8b5c"]}}