{"elements": {"nodes": [{"data": {"popup": "  \u4f5c\u7528(inflammation)", "name": 0, "myGroup": "G0", "label": "\u771f\u6b66\u6e6f", "nodeSupportPercent": 0.34735, "id": 0}}, {"data": {"popup": "  \u6c23(\u6eab) \u5473(\u7518) \u7d93\u7d61(\u813e,\u80c3)", "name": 1, "myGroup": "G0", "label": "\u5927\u68d7", "nodeSupportPercent": 0.896, "id": 1}}, {"data": {"popup": " ", "name": 2, "myGroup": "G1", "label": "\u834a\u9632\u6557\u6bd2\u6563", "nodeSupportPercent": 10.362, "id": 2}}, {"data": {"popup": " ", "name": 3, "myGroup": "G1", "label": "\u85ff\u9999\u6b63\u6c23\u6563", "nodeSupportPercent": 0.801, "id": 3}}, {"data": {"popup": "  \u4f5c\u7528(allergy)", "name": 4, "myGroup": "G1", "label": "\u6d88\u98a8\u6563", "nodeSupportPercent": 31.967, "id": 4}}, {"data": {"popup": "  \u4f5c\u7528(infection)", "name": 5, "myGroup": "G2", "label": "\u9ec3\u9023\u89e3\u6bd2\u6e6f", "nodeSupportPercent": 5.5356, "id": 5}}, {"data": {"popup": " ", "name": 6, "myGroup": "G2", "label": "\u56db\u7269\u6e6f", "nodeSupportPercent": 0.852, "id": 6}}, {"data": {"popup": "  \u6c23(\u5e73) \u5473(\u7518) \u7d93\u7d61(\u5fc3,\u813e,\u80ba,\u80c3) \u4f5c\u7528(allergy,bacteria,inflammation)", "name": 7, "myGroup": "G2", "label": "\u7518\u8349", "nodeSupportPercent": 19.02, "id": 7}}, {"data": {"popup": "  \u6c23(\u5bd2) \u5473(\u7518) \u7d93\u7d61(\u809d,\u80ba) \u4f5c\u7528(oxidation)", "name": 8, "myGroup": "G3", "label": "\u87ec\u86fb", "nodeSupportPercent": 12.739, "id": 8}}, {"data": {"popup": " ", "name": 9, "myGroup": "G1", "label": "\u4eba\u53c3\u6557\u6bd2\u6563", "nodeSupportPercent": 0.907, "id": 9}}, {"data": {"popup": "  \u6c23(\u5bd2) \u5473(\u7518) \u7d93\u7d61(\u813e,\u80ba,\u80c3)", "name": 10, "myGroup": "G2", "label": "\u858f\u82e1\u4ec1", "nodeSupportPercent": 11.707, "id": 10}}, {"data": {"popup": "  \u4f5c\u7528(allergy)", "name": 11, "myGroup": "G2", "label": "\u82d3\u6842\u672e\u7518\u6e6f", "nodeSupportPercent": 0.859, "id": 11}}, {"data": {"popup": "  \u6c23(\u5bd2) \u5473(\u8f9b,\u82e6) \u7d93\u7d61(\u809d,\u5fc3,\u814e) \u4f5c\u7528(allergy,bacteria,inflammation,oxidation)", "name": 12, "myGroup": "G3", "label": "\u7261\u4e39\u76ae", "nodeSupportPercent": 9.7148, "id": 12}}, {"data": {"popup": " ", "name": 13, "myGroup": "G3", "label": "\u67f4\u80e1\u6842\u679d\u6e6f", "nodeSupportPercent": 0.768, "id": 13}}, {"data": {"popup": " ", "name": 14, "myGroup": "G4", "label": "\u7099\u7518\u8349", "nodeSupportPercent": 2.34, "id": 14}}, {"data": {"popup": " ", "name": 15, "myGroup": "G4", "label": "\u9ebb\u9ec3\u9644\u5b50\u7d30\u8f9b\u6e6f", "nodeSupportPercent": 0.845, "id": 15}}, {"data": {"popup": "  \u6c23(\u6eab) \u5473(\u8f9b,\u82e6) \u7d93\u7d61(\u813e,\u80ba) \u4f5c\u7528(bacteria,inflammation)", "name": 16, "myGroup": "G2", "label": "\u9673\u76ae", "nodeSupportPercent": 1.9013, "id": 16}}, {"data": {"popup": "  \u6c23(\u5bd2) \u5473(\u82e6) \u7d93\u7d61(\u5fc3,\u80ba,\u80c3)", "name": 17, "myGroup": "G2", "label": "\u5927\u9752\u8449", "nodeSupportPercent": 0.771, "id": 17}}, {"data": {"popup": "  \u6c23(\u5bd2) \u5473(\u7518) \u7d93\u7d61(\u80ba,\u5927\u8178,\u80c3) \u4f5c\u7528(infection,inflammation)", "name": 18, "myGroup": "G3", "label": "\u91d1\u9280\u82b1", "nodeSupportPercent": 10.311, "id": 18}}, {"data": {"popup": "  \u6c23(\u5bd2) \u5473(\u82e6) \u7d93\u7d61(\u813e,\u80c3) \u4f5c\u7528(inflammation)", "name": 19, "myGroup": "G1", "label": "\u767d\u9bae\u76ae", "nodeSupportPercent": 13.835, "id": 19}}, {"data": {"popup": "  \u6c23(\u5bd2) \u5473(\u82e6) \u7d93\u7d61(\u5fc3,\u80ba,\u5c0f\u8178) \u4f5c\u7528(infection)", "name": 20, "myGroup": "G3", "label": "\u9023\u7ff9", "nodeSupportPercent": 15.898, "id": 20}}, {"data": {"popup": " ", "name": 21, "myGroup": "G2", "label": "\u8335\u9673\u4e94\u82d3\u6563", "nodeSupportPercent": 0.973, "id": 21}}, {"data": {"popup": "  \u6c23(\u5bd2) \u5473(\u7518,\u82e6) \u7d93\u7d61(\u809d,\u5fc3,\u814e) \u4f5c\u7528(allergy,bacteria,infection,inflammation,oxidation)", "name": 22, "myGroup": "G3", "label": "\u751f\u5730\u9ec3", "nodeSupportPercent": 5.6051, "id": 22}}, {"data": {"popup": "  \u6c23(\u5bd2) \u5473(\u8f9b,\u82e6) \u7d93\u7d61(\u809d,\u81bd) \u4f5c\u7528(bacteria)", "name": 23, "myGroup": "G3", "label": "\u590f\u67af\u8349", "nodeSupportPercent": 0.819, "id": 23}}, {"data": {"popup": "  \u6c23(\u5bd2) \u5473(\u8f9b,\u82e6) \u7d93\u7d61(\u809d,\u814e,\u81bd) \u4f5c\u7528(inflammation)", "name": 24, "myGroup": "G2", "label": "\u9752\u84bf", "nodeSupportPercent": 0.834, "id": 24}}, {"data": {"popup": " ", "name": 25, "myGroup": "G2", "label": "\u7d2b\u8607\u8449", "nodeSupportPercent": 0.764, "id": 25}}, {"data": {"popup": " ", "name": 26, "myGroup": "G2", "label": "\u80c3\u82d3\u6e6f", "nodeSupportPercent": 1.03, "id": 26}}, {"data": {"popup": " ", "name": 27, "myGroup": "G5", "label": "\u4ed9\u65b9\u6d3b\u547d\u98f2", "nodeSupportPercent": 5.5503, "id": 27}}, {"data": {"popup": " ", "name": 28, "myGroup": "G5", "label": "\u6563\u816b\u6f70\u5805\u6e6f", "nodeSupportPercent": 0.998, "id": 28}}, {"data": {"popup": "  \u6c23(\u5bd2) \u5473(\u8f9b,\u82e6) \u7d93\u7d61(\u809d,\u5927\u8178,\u80c3)", "name": 29, "myGroup": "G2", "label": "\u6557\u91ac\u8349", "nodeSupportPercent": 0.841, "id": 29}}, {"data": {"popup": " ", "name": 30, "myGroup": "G2", "label": "\u56db\u541b\u5b50\u6e6f", "nodeSupportPercent": 1.04, "id": 30}}, {"data": {"popup": "  \u6c23(\u6eab) \u5473(\u8f9b) \u7d93\u7d61(\u813e,\u80c3) \u4f5c\u7528(infection)", "name": 31, "myGroup": "G4", "label": "\u7802\u4ec1", "nodeSupportPercent": 3.2614, "id": 31}}, {"data": {"popup": " ", "name": 32, "myGroup": "G4", "label": "\u7099\u7518\u8349\u6e6f", "nodeSupportPercent": 0.907, "id": 32}}, {"data": {"popup": "  \u6c23(\u5bd2) \u5473(\u82e6) \u7d93\u7d61(\u809d,\u5fc3,\u813e,\u5927\u8178,\u80c3) \u4f5c\u7528(allergy,bacteria,infection,inflammation)", "name": 33, "myGroup": "G4", "label": "\u5927\u9ec3", "nodeSupportPercent": 6.011, "id": 33}}, {"data": {"popup": "  \u6c23(\u5bd2) \u5473(\u82e6) \u7d93\u7d61(\u809d,\u80ba,\u81bd,\u5927\u8178,\u80c3) \u4f5c\u7528(bacteria)", "name": 34, "myGroup": "G4", "label": "\u9ec3\u82a9", "nodeSupportPercent": 6.702, "id": 34}}, {"data": {"popup": "  \u6c23(\u6eab) \u5473(\u8f9b) \u7d93\u7d61(\u80ba,\u5927\u8178,\u80c3) \u4f5c\u7528(allergy,bacteria,infection,inflammation)", "name": 35, "myGroup": "G4", "label": "\u767d\u82b7", "nodeSupportPercent": 7.4771, "id": 35}}, {"data": {"popup": "  \u6c23(\u5e73) \u5473(\u7518) \u7d93\u7d61(\u809d,\u813e,\u80c3)", "name": 36, "myGroup": "G6", "label": "\u9ea5\u82bd", "nodeSupportPercent": 2.1024, "id": 36}}, {"data": {"popup": "  \u6c23(\u5e73) \u5473(\u8f9b,\u7518,\u82e6) \u7d93\u7d61(\u809d,\u4e09\u7126) \u4f5c\u7528(inflammation)", "name": 37, "myGroup": "G6", "label": "\u9999\u9644", "nodeSupportPercent": 0.914, "id": 37}}, {"data": {"popup": " ", "name": 38, "myGroup": "G3", "label": "\u6851\u83ca\u98f2", "nodeSupportPercent": 1.03, "id": 38}}, {"data": {"popup": "  \u6c23(\u5e73) \u5473(\u82e6) \u7d93\u7d61(\u809d,\u5fc3,\u80ba,\u5927\u8178) \u4f5c\u7528(inflammation)", "name": 39, "myGroup": "G2", "label": "\u6843\u4ec1", "nodeSupportPercent": 0.804, "id": 39}}, {"data": {"popup": "  \u6c23(\u6dbc) \u5473(\u8f9b,\u7518) \u7d93\u7d61(\u813e,\u80c3) \u4f5c\u7528(allergy,bacteria)", "name": 40, "myGroup": "G2", "label": "\u845b\u6839", "nodeSupportPercent": 0.87, "id": 40}}, {"data": {"popup": "  \u6c23(\u5bd2) \u5473(\u82e6) \u7d93\u7d61(\u8180\u80f1)", "name": 41, "myGroup": "G1", "label": "\u5730\u819a\u5b50", "nodeSupportPercent": 11.971, "id": 41}}, {"data": {"popup": "  \u6c23(\u5bd2) \u5473(\u7518) \u7d93\u7d61(\u80ba,\u80c3,\u8180\u80f1) \u4f5c\u7528(oxidation)", "name": 42, "myGroup": "G1", "label": "\u767d\u8305\u6839", "nodeSupportPercent": 0.943, "id": 42}}, {"data": {"popup": "  \u6c23(\u6eab) \u5473(\u7518,\u82e6) \u7d93\u7d61(\u813e,\u80c3) \u4f5c\u7528(allergy,bacteria,inflammation,oxidation)", "name": 43, "myGroup": "G0", "label": "\u767d\u672e", "nodeSupportPercent": 2.4936, "id": 43}}, {"data": {"popup": "  \u6c23(\u6eab) \u5473(\u8f9b,\u7518) \u7d93\u7d61(\u809d,\u813e,\u8180\u80f1) \u4f5c\u7528(allergy,bacteria,inflammation,oxidation)", "name": 44, "myGroup": "G3", "label": "\u9632\u98a8", "nodeSupportPercent": 5.4369, "id": 44}}, {"data": {"popup": "  \u6c23(\u5e73) \u5473(\u7518) \u7d93\u7d61(\u80ba,\u80c3) \u4f5c\u7528(bacteria,oxidation)", "name": 45, "myGroup": "G3", "label": "\u7389\u7af9", "nodeSupportPercent": 1.4516, "id": 45}}, {"data": {"popup": "  \u6c23(\u5bd2) \u5473(\u7518,\u82e6) \u7d93\u7d61(\u809d,\u80ba)", "name": 46, "myGroup": "G3", "label": "\u6851\u8449", "nodeSupportPercent": 0.815, "id": 46}}, {"data": {"popup": " ", "name": 47, "myGroup": "G1", "label": "\u84ba\u85dc", "nodeSupportPercent": 4.9872, "id": 47}}, {"data": {"popup": "  \u6c23(\u5bd2) \u5473(\u9e79) \u7d93\u7d61(\u809d,\u80ba,\u8180\u80f1) \u4f5c\u7528(allergy,bacteria,infection,inflammation,oxidation)", "name": 48, "myGroup": "G1", "label": "\u5730\u9f8d", "nodeSupportPercent": 0.837, "id": 48}}, {"data": {"popup": " ", "name": 49, "myGroup": "G3", "label": "\u7af9\u8449\u77f3\u818f\u6e6f", "nodeSupportPercent": 1.13, "id": 49}}, {"data": {"popup": "  \u6c23(\u5bd2) \u5473(\u9e79) \u7d93\u7d61(\u809d,\u814e)", "name": 50, "myGroup": "G2", "label": "\u7261\u8823", "nodeSupportPercent": 0.793, "id": 50}}, {"data": {"popup": "  \u6c23(\u5e73) \u5473(\u7518) \u7d93\u7d61(\u5fc3,\u813e,\u814e) \u4f5c\u7528(inflammation)", "name": 51, "myGroup": "G2", "label": "\u832f\u82d3", "nodeSupportPercent": 2.83, "id": 51}}, {"data": {"popup": "  \u6c23(\u5e73) \u5473(\u7518) \u7d93\u7d61(\u813e,\u80ba,\u814e) \u4f5c\u7528(inflammation,oxidation)", "name": 52, "myGroup": "G2", "label": "\u5c71\u85e5", "nodeSupportPercent": 0.903, "id": 52}}, {"data": {"popup": "  \u6c23(\u6eab) \u5473(\u8f9b) \u7d93\u7d61(\u809d,\u80ba)", "name": 53, "myGroup": "G3", "label": "\u834a\u82a5", "nodeSupportPercent": 7.2687, "id": 53}}, {"data": {"popup": " ", "name": 54, "myGroup": "G2", "label": "\u767d\u864e\u6e6f", "nodeSupportPercent": 1.31, "id": 54}}, {"data": {"popup": "  \u6c23(\u5bd2) \u5473(\u7518,\u82e6) \u7d93\u7d61(\u809d,\u80c3) \u4f5c\u7528(bacteria)", "name": 55, "myGroup": "G3", "label": "\u84b2\u516c\u82f1", "nodeSupportPercent": 6.2267, "id": 55}}, {"data": {"popup": "  \u6c23(\u5bd2) \u5473(\u7518,\u82e6) \u7d93\u7d61(\u5c0f\u8178,\u5927\u8178,\u80c3) \u4f5c\u7528(inflammation)", "name": 56, "myGroup": "G3", "label": "\u767d\u82b1\u86c7\u820c\u8349", "nodeSupportPercent": 0.896, "id": 56}}, {"data": {"popup": " ", "name": 57, "myGroup": "G2", "label": "\u6dbc\u8188\u6563", "nodeSupportPercent": 1.29, "id": 57}}, {"data": {"popup": "  \u6c23(\u5e73) \u5473(\u7518) \u7d93\u7d61(\u813e,\u80ba) \u4f5c\u7528(bacteria,inflammation)", "name": 58, "myGroup": "G2", "label": "\u9ee8\u53c3", "nodeSupportPercent": 0.907, "id": 58}}, {"data": {"popup": "  \u6c23(\u5e73) \u5473(\u7518) \u7d93\u7d61(\u809d,\u80c3) \u4f5c\u7528(allergy,inflammation)", "name": 59, "myGroup": "G1", "label": "\u571f\u832f\u82d3", "nodeSupportPercent": 7.6417, "id": 59}}, {"data": {"popup": " ", "name": 60, "myGroup": "G1", "label": "\u7576\u6b78\u62c8\u75db\u6e6f", "nodeSupportPercent": 1.4, "id": 60}}, {"data": {"popup": "  \u6c23(\u6eab) \u5473(\u8f9b) \u7d93\u7d61(\u813e,\u80ba,\u80c3)", "name": 61, "myGroup": "G1", "label": "\u85ff\u9999", "nodeSupportPercent": 0.984, "id": 61}}, {"data": {"popup": "  \u4f5c\u7528(bacteria,infection,inflammation)", "name": 62, "myGroup": "G1", "label": "\u7389\u5c4f\u98a8\u6563", "nodeSupportPercent": 1.9488, "id": 62}}, {"data": {"popup": "  \u6c23(\u5e73) \u5473(\u7518,\u82e6) \u7d93\u7d61(\u809d,\u5fc3)", "name": 63, "myGroup": "G1", "label": "\u591c\u4ea4\u85e4", "nodeSupportPercent": 0.94, "id": 63}}, {"data": {"popup": "  \u4f5c\u7528(allergy)", "name": 64, "myGroup": "G2", "label": "\u845b\u6839\u6e6f", "nodeSupportPercent": 1.6, "id": 64}}, {"data": {"popup": " ", "name": 65, "myGroup": "G1", "label": "\u77e5\u67cf\u5730\u9ec3\u4e38", "nodeSupportPercent": 1.3, "id": 65}}, {"data": {"popup": "  \u6c23(\u5bd2) \u5473(\u82e6) \u7d93\u7d61(\u814e,\u5927\u8178,\u8180\u80f1) \u4f5c\u7528(allergy,infection)", "name": 66, "myGroup": "G2", "label": "\u9ec3\u67cf", "nodeSupportPercent": 2.2559, "id": 66}}, {"data": {"popup": "  \u6c23(\u5bd2) \u5473(\u7518,\u82e6) \u7d93\u7d61(\u80ba,\u814e,\u80c3) \u4f5c\u7528(bacteria,inflammation)", "name": 67, "myGroup": "G2", "label": "\u77e5\u6bcd", "nodeSupportPercent": 1.13, "id": 67}}, {"data": {"popup": "  \u6c23(\u5bd2) \u5473(\u8f9b,\u7518) \u7d93\u7d61(\u80ba,\u80c3) \u4f5c\u7528(infection)", "name": 68, "myGroup": "G2", "label": "\u77f3\u818f", "nodeSupportPercent": 2.3839, "id": 68}}, {"data": {"popup": "  \u6c23(\u6eab) \u5473(\u8f9b,\u82e6) \u7d93\u7d61(\u80ba,\u8180\u80f1) \u4f5c\u7528(infection)", "name": 69, "myGroup": "G2", "label": "\u9ebb\u9ec3", "nodeSupportPercent": 2.4534, "id": 69}}, {"data": {"popup": "  \u6c23(\u6eab) \u5473(\u8f9b,\u7518) \u7d93\u7d61(\u5fc3,\u80ba,\u8180\u80f1) \u4f5c\u7528(bacteria,infection,inflammation)", "name": 70, "myGroup": "G2", "label": "\u6842\u679d", "nodeSupportPercent": 1.26, "id": 70}}, {"data": {"popup": "  \u6c23(\u6eab) \u5473(\u8f9b) \u7d93\u7d61(\u813e,\u80ba,\u80c3) \u4f5c\u7528(allergy,bacteria,inflammation)", "name": 71, "myGroup": "G2", "label": "\u534a\u590f", "nodeSupportPercent": 1.07, "id": 71}}, {"data": {"popup": " ", "name": 72, "myGroup": "G2", "label": "\u67f4\u80e1\u6e05\u809d\u6e6f", "nodeSupportPercent": 1.51, "id": 72}}, {"data": {"popup": "  \u6c23(\u6eab) \u5473(\u7518,\u82e6) \u7d93\u7d61(\u809d,\u814e) \u4f5c\u7528(allergy,bacteria,inflammation,oxidation)", "name": 73, "myGroup": "G3", "label": "\u4f55\u9996\u70cf", "nodeSupportPercent": 1.36, "id": 73}}, {"data": {"popup": " ", "name": 74, "myGroup": "G1", "label": "\u8f9b\u5937\u6563", "nodeSupportPercent": 1.67, "id": 74}}, {"data": {"popup": "  \u4f5c\u7528(allergy,bacteria)", "name": 75, "myGroup": "G3", "label": "\u516d\u5473\u5730\u9ec3\u4e38", "nodeSupportPercent": 1.7, "id": 75}}, {"data": {"popup": " ", "name": 76, "myGroup": "G2", "label": "\u9ebb\u5b50\u4ec1\u4e38", "nodeSupportPercent": 1.65, "id": 76}}, {"data": {"popup": " ", "name": 77, "myGroup": "G2", "label": "\u9632\u98a8\u901a\u8056\u6563", "nodeSupportPercent": 1.91, "id": 77}}, {"data": {"popup": "  \u4f5c\u7528(allergy,inflammation)", "name": 78, "myGroup": "G1", "label": "\u9999\u7802\u516d\u541b\u5b50\u6e6f", "nodeSupportPercent": 1.95, "id": 78}}, {"data": {"popup": "  \u6c23(\u5bd2) \u5473(\u7518,\u82e6) \u7d93\u7d61(\u80ba,\u80c3) \u4f5c\u7528(allergy,bacteria,inflammation)", "name": 79, "myGroup": "G4", "label": "\u5929\u82b1\u7c89", "nodeSupportPercent": 2.7788, "id": 79}}, {"data": {"popup": "  \u6c23(\u6eab) \u5473(\u8f9b) \u7d93\u7d61(\u80ba,\u814e) \u4f5c\u7528(allergy,bacteria,infection)", "name": 80, "myGroup": "G4", "label": "\u7d30\u8f9b", "nodeSupportPercent": 1.41, "id": 80}}, {"data": {"popup": " ", "name": 81, "myGroup": "G6", "label": "\u795e?", "nodeSupportPercent": 1.7806, "id": 81}}, {"data": {"popup": "  \u6c23(\u6eab) \u5473(\u7518,\u9178) \u7d93\u7d61(\u809d,\u813e,\u80c3) \u4f5c\u7528(bacteria,infection,inflammation,oxidation)", "name": 82, "myGroup": "G6", "label": "\u5c71\u6942", "nodeSupportPercent": 1.47, "id": 82}}, {"data": {"popup": "  \u6c23(\u6eab) \u5473(\u7518) \u7d93\u7d61(\u813e,\u80ba) \u4f5c\u7528(allergy)", "name": 83, "myGroup": "G0", "label": "\u9ec3\u8006", "nodeSupportPercent": 3.1444, "id": 83}}, {"data": {"popup": "  \u4f5c\u7528(allergy)", "name": 84, "myGroup": "G0", "label": "\u8840\u5e9c\u9010\u7600\u6e6f", "nodeSupportPercent": 1.51, "id": 84}}, {"data": {"popup": " ", "name": 85, "myGroup": "G0", "label": "\u4e94\u5473\u6d88\u6bd2\u98f2", "nodeSupportPercent": 4.8154, "id": 85}}, {"data": {"popup": "  \u4f5c\u7528(allergy,bacteria,infection,inflammation)", "name": 86, "myGroup": "G2", "label": "\u5c0f\u9752\u9f8d\u6e6f", "nodeSupportPercent": 1.96, "id": 86}}, {"data": {"popup": "  \u6c23(\u5bd2) \u5473(\u82e6) \u7d93\u7d61(\u809d,\u5fc3,\u5fc3\u5305) \u4f5c\u7528(allergy,bacteria,infection,inflammation,oxidation)", "name": 87, "myGroup": "G3", "label": "\u4e39\u53c3", "nodeSupportPercent": 2.9397, "id": 87}}, {"data": {"popup": "  \u4f5c\u7528(bacteria,infection,inflammation,oxidation)", "name": 88, "myGroup": "G3", "label": "\u67b3\u6bbc", "nodeSupportPercent": 1.2724, "id": 88}}, {"data": {"popup": "  \u6c23(\u6eab) \u5473(\u8f9b) \u7d93\u7d61(\u809d,\u5fc3,\u81bd,\u5fc3\u5305) \u4f5c\u7528(allergy,bacteria,inflammation,oxidation)", "name": 89, "myGroup": "G3", "label": "\u5ddd\u828e", "nodeSupportPercent": 1.07, "id": 89}}, {"data": {"popup": "  \u6c23(\u6eab) \u5473(\u8f9b) \u7d93\u7d61(\u80ba,\u80c3) \u4f5c\u7528(allergy,bacteria,infection,inflammation)", "name": 90, "myGroup": "G3", "label": "\u8f9b\u5937", "nodeSupportPercent": 2.2048, "id": 90}}, {"data": {"popup": "  \u6c23(\u5bd2) \u5473(\u82e6) \u7d93\u7d61(\u809d,\u5fc3,\u5927\u8178,\u80c3) \u4f5c\u7528(oxidation)", "name": 91, "myGroup": "G4", "label": "\u9ec3\u9023", "nodeSupportPercent": 2.4936, "id": 91}}, {"data": {"popup": "  \u6c23(\u6dbc) \u5473(\u8f9b) \u7d93\u7d61(\u809d,\u80ba)", "name": 92, "myGroup": "G3", "label": "\u8584\u8377", "nodeSupportPercent": 2.0768, "id": 92}}, {"data": {"popup": "  \u6c23(\u5bd2) \u5473(\u82e6) \u7d93\u7d61(\u5fc3,\u80ba,\u80c3,\u4e09\u7126) \u4f5c\u7528(allergy,oxidation)", "name": 93, "myGroup": "G3", "label": "\u6894\u5b50", "nodeSupportPercent": 2.4278, "id": 93}}, {"data": {"popup": "  \u6c23(\u6eab) \u5473(\u8f9b,\u7518) \u7d93\u7d61(\u809d,\u5fc3,\u813e)", "name": 94, "myGroup": "G3", "label": "\u7576\u6b78", "nodeSupportPercent": 2.6325, "id": 94}}, {"data": {"popup": "  \u6c23(\u5e73) \u5473(\u8f9b,\u82e6) \u7d93\u7d61(\u80ba)", "name": 95, "myGroup": "G3", "label": "\u6854\u6897", "nodeSupportPercent": 2.8117, "id": 95}}, {"data": {"popup": "  \u6c23(\u5bd2) \u5473(\u8f9b,\u82e6) \u7d93\u7d61(\u809d,\u5fc3,\u81bd,\u5fc3\u5305,\u4e09\u7126) \u4f5c\u7528(oxidation)", "name": 96, "myGroup": "G4", "label": "\u67f4\u80e1", "nodeSupportPercent": 1.29, "id": 96}}, {"data": {"popup": " ", "name": 97, "myGroup": "G1", "label": "\u7d2b\u8349\u6839", "nodeSupportPercent": 1.49, "id": 97}}, {"data": {"popup": "  \u6c23(\u5bd2) \u5473(\u8f9b,\u82e6) \u7d93\u7d61(\u80ba,\u80c3) \u4f5c\u7528(bacteria,infection,inflammation)", "name": 98, "myGroup": "G3", "label": "\u725b\u84a1\u5b50", "nodeSupportPercent": 1.21, "id": 98}}, {"data": {"popup": "  \u6c23(\u5bd2) \u5473(\u9178,\u82e6) \u7d93\u7d61(\u809d,\u813e) \u4f5c\u7528(bacteria,infection,inflammation,oxidation)", "name": 99, "myGroup": "G3", "label": "\u767d\u828d", "nodeSupportPercent": 1.44, "id": 99}}, {"data": {"popup": "  \u6c23(\u5e73) \u5473(\u9178) \u7d93\u7d61(\u809d,\u813e,\u80ba,\u5927\u8178) \u4f5c\u7528(bacteria)", "name": 100, "myGroup": "G3", "label": "\u70cf\u6885", "nodeSupportPercent": 1.52, "id": 100}}, {"data": {"popup": "  \u6c23(\u5bd2) \u5473(\u8f9b,\u82e6) \u7d93\u7d61(\u813e,\u5927\u8178,\u80c3) \u4f5c\u7528(inflammation)", "name": 101, "myGroup": "G2", "label": "\u67b3\u5be6", "nodeSupportPercent": 1.74, "id": 101}}, {"data": {"popup": "  \u6c23(\u5bd2) \u5473(\u7518,\u82e6) \u7d93\u7d61(\u809d,\u80ba)", "name": 102, "myGroup": "G1", "label": "\u83ca\u82b1", "nodeSupportPercent": 1.58, "id": 102}}, {"data": {"popup": " ", "name": 103, "myGroup": "G1", "label": "\u53c3\u82d3\u767d\u672e\u6563", "nodeSupportPercent": 2.29, "id": 103}}, {"data": {"popup": "  \u6c23(\u5e73) \u5473(\u9178,\u82e6) \u7d93\u7d61(\u809d,\u814e) \u4f5c\u7528(allergy,inflammation)", "name": 104, "myGroup": "G2", "label": "\u725b\u819d", "nodeSupportPercent": 1.66, "id": 104}}, {"data": {"popup": "  \u6c23(\u6eab) \u5473(\u8f9b,\u82e6) \u7d93\u7d61(\u813e,\u80c3) \u4f5c\u7528(allergy,inflammation,oxidation)", "name": 105, "myGroup": "G2", "label": "\u84bc\u672e", "nodeSupportPercent": 2.5192, "id": 105}}, {"data": {"popup": " ", "name": 106, "myGroup": "G1", "label": "\u84bc\u8033\u6563", "nodeSupportPercent": 2.2, "id": 106}}, {"data": {"popup": " ", "name": 107, "myGroup": "G1", "label": "\u91d1\u87ec", "nodeSupportPercent": 1.94, "id": 107}}, {"data": {"popup": "  \u6c23(\u5bd2) \u5473(\u8f9b) \u7d93\u7d61(\u80ba)", "name": 108, "myGroup": "G1", "label": "\u9b5a\u8165\u8349", "nodeSupportPercent": 2.13, "id": 108}}, {"data": {"popup": "  \u6c23(\u5bd2) \u5473(\u7518) \u7d93\u7d61(\u80ba,\u814e) \u4f5c\u7528(inflammation)", "name": 109, "myGroup": "G1", "label": "\u5730\u9aa8\u76ae", "nodeSupportPercent": 1.78, "id": 109}}, {"data": {"popup": "  \u6c23(\u6eab) \u5473(\u8f9b,\u82e6) \u7d93\u7d61(\u814e) \u4f5c\u7528(allergy,bacteria,inflammation)", "name": 110, "myGroup": "G1", "label": "\u86c7\u5e8a\u5b50", "nodeSupportPercent": 1.89, "id": 110}}, {"data": {"popup": "  \u6c23(\u5bd2) \u5473(\u7518,\u82e6,\u9e79) \u7d93\u7d61(\u80ba,\u814e,\u80c3) \u4f5c\u7528(inflammation)", "name": 111, "myGroup": "G3", "label": "\u7384\u53c3", "nodeSupportPercent": 3.5795, "id": 111}}, {"data": {"popup": "  \u6c23(\u5bd2) \u5473(\u82e6) \u7d93\u7d61(\u809d)", "name": 112, "myGroup": "G3", "label": "\u8d64\u828d", "nodeSupportPercent": 3.9817, "id": 112}}, {"data": {"popup": " ", "name": 113, "myGroup": "G3", "label": "\u7389\u5973\u714e", "nodeSupportPercent": 2.54, "id": 113}}, {"data": {"popup": "  \u6c23(\u5bd2) \u5473(\u8f9b,\u82e6) \u7d93\u7d61(\u809d,\u5fc3) \u4f5c\u7528(bacteria)", "name": 114, "myGroup": "G5", "label": "\u7d2b\u82b1\u5730\u4e01", "nodeSupportPercent": 1.85, "id": 114}}, {"data": {"popup": "  \u6c23(\u5bd2) \u5473(\u7518) \u7d93\u7d61(\u80ba)", "name": 115, "myGroup": "G5", "label": "\u6851\u767d\u76ae", "nodeSupportPercent": 4.7422, "id": 115}}, {"data": {"popup": " ", "name": 116, "myGroup": "G5", "label": "\u6e05\u4e0a\u9632\u98a8\u6e6f", "nodeSupportPercent": 6.4973, "id": 116}}, {"data": {"popup": "  \u6c23(\u5bd2) \u5473(\u7518) \u7d93\u7d61(\u809d,\u5fc3)", "name": 117, "myGroup": "G1", "label": "\u7d2b\u8349", "nodeSupportPercent": 2.14, "id": 117}}, {"data": {"popup": "  \u4f5c\u7528(allergy)", "name": 118, "myGroup": "G2", "label": "\u7518\u9732\u98f2", "nodeSupportPercent": 2.59, "id": 118}}, {"data": {"popup": "  \u6c23(\u6eab) \u5473(\u8f9b)", "name": 119, "myGroup": "G3", "label": "\u7682\u523a", "nodeSupportPercent": 2.12, "id": 119}}, {"data": {"popup": "  \u4f5c\u7528(allergy,bacteria)", "name": 120, "myGroup": "G2", "label": "\u9280\u7ff9\u6563", "nodeSupportPercent": 2.8, "id": 120}}, {"data": {"popup": " ", "name": 121, "myGroup": "G1", "label": "\u9ebb\u674f\u858f\u7518\u6e6f", "nodeSupportPercent": 2.93, "id": 121}}, {"data": {"popup": "  \u4f5c\u7528(allergy,bacteria,infection,inflammation)", "name": 122, "myGroup": "G3", "label": "\u5c0f\u67f4\u80e1\u6e6f", "nodeSupportPercent": 2.8, "id": 122}}, {"data": {"popup": "  \u6c23(\u5bd2) \u5473(\u82e6) \u4f5c\u7528(bacteria)", "name": 123, "myGroup": "G2", "label": "\u8c9d\u6bcd", "nodeSupportPercent": 2.33, "id": 123}}, {"data": {"popup": "  \u6c23(\u5bd2) \u5473(\u7518,\u82e6) \u7d93\u7d61(\u5fc3,\u80ba,\u80c3) \u4f5c\u7528(infection,oxidation)", "name": 124, "myGroup": "G2", "label": "\u9ea5\u9580\u51ac", "nodeSupportPercent": 2.22, "id": 124}}, {"data": {"popup": "  \u4f5c\u7528(bacteria,infection)", "name": 125, "myGroup": "G1", "label": "\u7518\u9732\u6d88\u6bd2\u4e39", "nodeSupportPercent": 2.74, "id": 125}}, {"data": {"popup": " ", "name": 126, "myGroup": "G1", "label": "\u84bc\u8033\u5b50", "nodeSupportPercent": 2.5, "id": 126}}, {"data": {"popup": "  \u6c23(\u5bd2) \u5473(\u82e6) \u7d93\u7d61(\u809d,\u5fc3,\u5927\u8178,\u80c3,\u8180\u80f1) \u4f5c\u7528(allergy,bacteria,infection,oxidation)", "name": 127, "myGroup": "G1", "label": "\u82e6\u53c3", "nodeSupportPercent": 2.52, "id": 127}}, {"data": {"popup": "  \u6c23(\u6eab) \u5473(\u82e6) \u7d93\u7d61(\u80ba,\u5927\u8178)", "name": 128, "myGroup": "G2", "label": "\u674f\u4ec1", "nodeSupportPercent": 2.5594, "id": 128}}, {"data": {"popup": "  \u4f5c\u7528(allergy)", "name": 129, "myGroup": "G1", "label": "\u6eab\u6e05\u98f2", "nodeSupportPercent": 3.9, "id": 129}}, {"data": {"popup": " ", "name": 130, "myGroup": "G2", "label": "\u834a\u82a5\u9023\u7ff9\u6e6f", "nodeSupportPercent": 4.1, "id": 130}}, {"data": {"popup": "  \u4f5c\u7528(bacteria,infection)", "name": 131, "myGroup": "G3", "label": "\u9ebb\u674f\u7518\u77f3\u6e6f", "nodeSupportPercent": 4.22, "id": 131}}, {"data": {"popup": "  \u4f5c\u7528(allergy)", "name": 132, "myGroup": "G1", "label": "\u8f9b\u5937\u6e05\u80ba\u6e6f", "nodeSupportPercent": 4.24, "id": 132}}, {"data": {"popup": "  \u6c23(\u5e73) \u5473(\u8f9b,\u9e79) \u7d93\u7d61(\u809d,\u80ba)", "name": 133, "myGroup": "G1", "label": "\u6bad\u8836", "nodeSupportPercent": 3.35, "id": 133}}, {"data": {"popup": "  \u4f5c\u7528(allergy,infection)", "name": 134, "myGroup": "G3", "label": "\u52a0\u5473\u900d\u9059\u6563", "nodeSupportPercent": 4.6, "id": 134}}, {"data": {"popup": "  \u4f5c\u7528(inflammation)", "name": 135, "myGroup": "G1", "label": "\u9f8d\u81bd\u7009\u809d\u6e6f", "nodeSupportPercent": 5.23, "id": 135}}, {"data": {"popup": " ", "name": 136, "myGroup": "G1", "label": "\u7576\u6b78\u98f2\u5b50", "nodeSupportPercent": 7.36, "id": 136}}], "edges": [{"data": {"source": 0, "Lift": 58.754, "is_directed": false, "target": 1, "name": "0-1"}}, {"data": {"source": 1, "Lift": 2.3364, "is_directed": false, "target": 20, "name": "1-20"}}, {"data": {"source": 1, "Lift": 9.1663, "is_directed": false, "target": 43, "name": "1-43"}}, {"data": {"source": 1, "Lift": 4.3542, "is_directed": false, "target": 44, "name": "1-44"}}, {"data": {"source": 1, "Lift": 1.073, "is_directed": false, "target": 7, "name": "1-7"}}, {"data": {"source": 2, "Lift": 2.1593, "is_directed": false, "target": 3, "name": "2-3"}}, {"data": {"source": 2, "Lift": 1.0552, "is_directed": false, "target": 4, "name": "2-4"}}, {"data": {"source": 2, "Lift": 1.076, "is_directed": false, "target": 7, "name": "2-7"}}, {"data": {"source": 2, "Lift": 2.065, "is_directed": false, "target": 48, "name": "2-48"}}, {"data": {"source": 2, "Lift": 2.2271, "is_directed": false, "target": 62, "name": "2-62"}}, {"data": {"source": 2, "Lift": 3.0417, "is_directed": false, "target": 63, "name": "2-63"}}, {"data": {"source": 3, "Lift": 1.2427, "is_directed": false, "target": 4, "name": "3-4"}}, {"data": {"source": 4, "Lift": 1.3064, "is_directed": false, "target": 129, "name": "4-129"}}, {"data": {"source": 4, "Lift": 1.226, "is_directed": false, "target": 132, "name": "4-132"}}, {"data": {"source": 4, "Lift": 1.0643, "is_directed": false, "target": 133, "name": "4-133"}}, {"data": {"source": 4, "Lift": 1.1083, "is_directed": false, "target": 135, "name": "4-135"}}, {"data": {"source": 4, "Lift": 1.1406, "is_directed": false, "target": 136, "name": "4-136"}}, {"data": {"source": 4, "Lift": 1.4506, "is_directed": false, "target": 9, "name": "4-9"}}, {"data": {"source": 4, "Lift": 1.0922, "is_directed": false, "target": 10, "name": "4-10"}}, {"data": {"source": 4, "Lift": 1.0526, "is_directed": false, "target": 17, "name": "4-17"}}, {"data": {"source": 4, "Lift": 1.4409, "is_directed": false, "target": 19, "name": "4-19"}}, {"data": {"source": 4, "Lift": 1.3693, "is_directed": false, "target": 26, "name": "4-26"}}, {"data": {"source": 4, "Lift": 1.4351, "is_directed": false, "target": 41, "name": "4-41"}}, {"data": {"source": 4, "Lift": 1.2246, "is_directed": false, "target": 42, "name": "4-42"}}, {"data": {"source": 4, "Lift": 1.3004, "is_directed": false, "target": 47, "name": "4-47"}}, {"data": {"source": 4, "Lift": 1.2158, "is_directed": false, "target": 48, "name": "4-48"}}, {"data": {"source": 4, "Lift": 1.1403, "is_directed": false, "target": 8, "name": "4-8"}}, {"data": {"source": 4, "Lift": 1.0283, "is_directed": false, "target": 59, "name": "4-59"}}, {"data": {"source": 4, "Lift": 1.1048, "is_directed": false, "target": 61, "name": "4-61"}}, {"data": {"source": 4, "Lift": 1.1621, "is_directed": false, "target": 62, "name": "4-62"}}, {"data": {"source": 4, "Lift": 1.2021, "is_directed": false, "target": 74, "name": "4-74"}}, {"data": {"source": 4, "Lift": 1.0761, "is_directed": false, "target": 78, "name": "4-78"}}, {"data": {"source": 4, "Lift": 1.1621, "is_directed": false, "target": 90, "name": "4-90"}}, {"data": {"source": 4, "Lift": 1.322, "is_directed": false, "target": 97, "name": "4-97"}}, {"data": {"source": 4, "Lift": 1.0789, "is_directed": false, "target": 102, "name": "4-102"}}, {"data": {"source": 4, "Lift": 1.3013, "is_directed": false, "target": 103, "name": "4-103"}}, {"data": {"source": 4, "Lift": 1.0601, "is_directed": false, "target": 106, "name": "4-106"}}, {"data": {"source": 4, "Lift": 1.0368, "is_directed": false, "target": 107, "name": "4-107"}}, {"data": {"source": 4, "Lift": 1.2288, "is_directed": false, "target": 108, "name": "4-108"}}, {"data": {"source": 4, "Lift": 1.1154, "is_directed": false, "target": 109, "name": "4-109"}}, {"data": {"source": 4, "Lift": 1.4159, "is_directed": false, "target": 110, "name": "4-110"}}, {"data": {"source": 4, "Lift": 1.126, "is_directed": false, "target": 112, "name": "4-112"}}, {"data": {"source": 4, "Lift": 1.2266, "is_directed": false, "target": 117, "name": "4-117"}}, {"data": {"source": 4, "Lift": 1.1886, "is_directed": false, "target": 119, "name": "4-119"}}, {"data": {"source": 4, "Lift": 1.0092, "is_directed": false, "target": 126, "name": "4-126"}}, {"data": {"source": 4, "Lift": 1.2894, "is_directed": false, "target": 127, "name": "4-127"}}, {"data": {"source": 5, "Lift": 5.6598, "is_directed": false, "target": 6, "name": "5-6"}}, {"data": {"source": 5, "Lift": 1.2015, "is_directed": false, "target": 7, "name": "5-7"}}, {"data": {"source": 6, "Lift": 1.0831, "is_directed": false, "target": 7, "name": "6-7"}}, {"data": {"source": 7, "Lift": 1.1288, "is_directed": false, "target": 8, "name": "7-8"}}, {"data": {"source": 7, "Lift": 1.0541, "is_directed": false, "target": 10, "name": "7-10"}}, {"data": {"source": 7, "Lift": 1.4168, "is_directed": false, "target": 12, "name": "7-12"}}, {"data": {"source": 7, "Lift": 1.1016, "is_directed": false, "target": 13, "name": "7-13"}}, {"data": {"source": 7, "Lift": 1.5267, "is_directed": false, "target": 16, "name": "7-16"}}, {"data": {"source": 7, "Lift": 1.5947, "is_directed": false, "target": 17, "name": "7-17"}}, {"data": {"source": 7, "Lift": 1.2249, "is_directed": false, "target": 18, "name": "7-18"}}, {"data": {"source": 7, "Lift": 1.2298, "is_directed": false, "target": 20, "name": "7-20"}}, {"data": {"source": 7, "Lift": 1.2255, "is_directed": false, "target": 21, "name": "7-21"}}, {"data": {"source": 7, "Lift": 1.4096, "is_directed": false, "target": 22, "name": "7-22"}}, {"data": {"source": 7, "Lift": 1.176, "is_directed": false, "target": 24, "name": "7-24"}}, {"data": {"source": 7, "Lift": 1.2326, "is_directed": false, "target": 25, "name": "7-25"}}, {"data": {"source": 7, "Lift": 1.3258, "is_directed": false, "target": 29, "name": "7-29"}}, {"data": {"source": 7, "Lift": 1.2175, "is_directed": false, "target": 30, "name": "7-30"}}, {"data": {"source": 7, "Lift": 1.6622, "is_directed": false, "target": 31, "name": "7-31"}}, {"data": {"source": 7, "Lift": 1.324, "is_directed": false, "target": 33, "name": "7-33"}}, {"data": {"source": 7, "Lift": 1.4255, "is_directed": false, "target": 34, "name": "7-34"}}, {"data": {"source": 7, "Lift": 1.6634, "is_directed": false, "target": 35, "name": "7-35"}}, {"data": {"source": 7, "Lift": 1.0698, "is_directed": false, "target": 36, "name": "7-36"}}, {"data": {"source": 7, "Lift": 1.0754, "is_directed": false, "target": 39, "name": "7-39"}}, {"data": {"source": 7, "Lift": 1.3254, "is_directed": false, "target": 40, "name": "7-40"}}, {"data": {"source": 7, "Lift": 1.1409, "is_directed": false, "target": 43, "name": "7-43"}}, {"data": {"source": 7, "Lift": 1.63, "is_directed": false, "target": 44, "name": "7-44"}}, {"data": {"source": 7, "Lift": 1.5796, "is_directed": false, "target": 46, "name": "7-46"}}, {"data": {"source": 7, "Lift": 1.1988, "is_directed": false, "target": 47, "name": "7-47"}}, {"data": {"source": 7, "Lift": 1.8826, "is_directed": false, "target": 48, "name": "7-48"}}, {"data": {"source": 7, "Lift": 1.3326, "is_directed": false, "target": 50, "name": "7-50"}}, {"data": {"source": 7, "Lift": 1.3789, "is_directed": false, "target": 51, "name": "7-51"}}, {"data": {"source": 7, "Lift": 1.4049, "is_directed": false, "target": 52, "name": "7-52"}}, {"data": {"source": 7, "Lift": 1.3223, "is_directed": false, "target": 53, "name": "7-53"}}, {"data": {"source": 7, "Lift": 1.1423, "is_directed": false, "target": 54, "name": "7-54"}}, {"data": {"source": 7, "Lift": 1.2009, "is_directed": false, "target": 55, "name": "7-55"}}, {"data": {"source": 7, "Lift": 1.2017, "is_directed": false, "target": 56, "name": "7-56"}}, {"data": {"source": 7, "Lift": 1.5937, "is_directed": false, "target": 57, "name": "7-57"}}, {"data": {"source": 7, "Lift": 1.6748, "is_directed": false, "target": 58, "name": "7-58"}}, {"data": {"source": 7, "Lift": 1.054, "is_directed": false, "target": 59, "name": "7-59"}}, {"data": {"source": 7, "Lift": 1.0554, "is_directed": false, "target": 61, "name": "7-61"}}, {"data": {"source": 7, "Lift": 1.698, "is_directed": false, "target": 63, "name": "7-63"}}, {"data": {"source": 7, "Lift": 1.3084, "is_directed": false, "target": 64, "name": "7-64"}}, {"data": {"source": 7, "Lift": 1.1333, "is_directed": false, "target": 66, "name": "7-66"}}, {"data": {"source": 7, "Lift": 1.3229, "is_directed": false, "target": 67, "name": "7-67"}}, {"data": {"source": 7, "Lift": 1.9272, "is_directed": false, "target": 68, "name": "7-68"}}, {"data": {"source": 7, "Lift": 1.1048, "is_directed": false, "target": 69, "name": "7-69"}}, {"data": {"source": 7, "Lift": 1.9806, "is_directed": false, "target": 71, "name": "7-71"}}, {"data": {"source": 7, "Lift": 1.3461, "is_directed": false, "target": 72, "name": "7-72"}}, {"data": {"source": 7, "Lift": 1.1417, "is_directed": false, "target": 73, "name": "7-73"}}, {"data": {"source": 7, "Lift": 1.1824, "is_directed": false, "target": 74, "name": "7-74"}}, {"data": {"source": 7, "Lift": 1.402, "is_directed": false, "target": 76, "name": "7-76"}}, {"data": {"source": 7, "Lift": 1.3899, "is_directed": false, "target": 77, "name": "7-77"}}, {"data": {"source": 7, "Lift": 1.515, "is_directed": false, "target": 79, "name": "7-79"}}, {"data": {"source": 7, "Lift": 1.4517, "is_directed": false, "target": 82, "name": "7-82"}}, {"data": {"source": 7, "Lift": 1.1432, "is_directed": false, "target": 83, "name": "7-83"}}, {"data": {"source": 7, "Lift": 1.2376, "is_directed": false, "target": 85, "name": "7-85"}}, {"data": {"source": 7, "Lift": 1.0888, "is_directed": false, "target": 86, "name": "7-86"}}, {"data": {"source": 7, "Lift": 2.6741, "is_directed": false, "target": 88, "name": "7-88"}}, {"data": {"source": 7, "Lift": 1.9738, "is_directed": false, "target": 89, "name": "7-89"}}, {"data": {"source": 7, "Lift": 1.2103, "is_directed": false, "target": 91, "name": "7-91"}}, {"data": {"source": 7, "Lift": 1.8235, "is_directed": false, "target": 92, "name": "7-92"}}, {"data": {"source": 7, "Lift": 1.6722, "is_directed": false, "target": 94, "name": "7-94"}}, {"data": {"source": 7, "Lift": 1.5451, "is_directed": false, "target": 95, "name": "7-95"}}, {"data": {"source": 7, "Lift": 1.9511, "is_directed": false, "target": 96, "name": "7-96"}}, {"data": {"source": 7, "Lift": 1.837, "is_directed": false, "target": 98, "name": "7-98"}}, {"data": {"source": 7, "Lift": 1.1979, "is_directed": false, "target": 99, "name": "7-99"}}, {"data": {"source": 7, "Lift": 1.8156, "is_directed": false, "target": 100, "name": "7-100"}}, {"data": {"source": 7, "Lift": 1.5872, "is_directed": false, "target": 101, "name": "7-101"}}, {"data": {"source": 7, "Lift": 1.1684, "is_directed": false, "target": 102, "name": "7-102"}}, {"data": {"source": 7, "Lift": 1.3291, "is_directed": false, "target": 103, "name": "7-103"}}, {"data": {"source": 7, "Lift": 1.2186, "is_directed": false, "target": 104, "name": "7-104"}}, {"data": {"source": 7, "Lift": 1.5262, "is_directed": false, "target": 105, "name": "7-105"}}, {"data": {"source": 7, "Lift": 1.2575, "is_directed": false, "target": 107, "name": "7-107"}}, {"data": {"source": 7, "Lift": 1.5962, "is_directed": false, "target": 108, "name": "7-108"}}, {"data": {"source": 7, "Lift": 1.4446, "is_directed": false, "target": 111, "name": "7-111"}}, {"data": {"source": 7, "Lift": 1.4967, "is_directed": false, "target": 112, "name": "7-112"}}, {"data": {"source": 7, "Lift": 1.166, "is_directed": false, "target": 114, "name": "7-114"}}, {"data": {"source": 7, "Lift": 1.4134, "is_directed": false, "target": 117, "name": "7-117"}}, {"data": {"source": 7, "Lift": 1.0857, "is_directed": false, "target": 118, "name": "7-118"}}, {"data": {"source": 7, "Lift": 1.3348, "is_directed": false, "target": 119, "name": "7-119"}}, {"data": {"source": 7, "Lift": 1.4601, "is_directed": false, "target": 120, "name": "7-120"}}, {"data": {"source": 7, "Lift": 1.574, "is_directed": false, "target": 123, "name": "7-123"}}, {"data": {"source": 7, "Lift": 1.3859, "is_directed": false, "target": 124, "name": "7-124"}}, {"data": {"source": 7, "Lift": 1.1933, "is_directed": false, "target": 125, "name": "7-125"}}, {"data": {"source": 7, "Lift": 1.159, "is_directed": false, "target": 126, "name": "7-126"}}, {"data": {"source": 7, "Lift": 2.0298, "is_directed": false, "target": 127, "name": "7-127"}}, {"data": {"source": 7, "Lift": 1.2693, "is_directed": false, "target": 128, "name": "7-128"}}, {"data": {"source": 7, "Lift": 1.1667, "is_directed": false, "target": 129, "name": "7-129"}}, {"data": {"source": 7, "Lift": 1.5397, "is_directed": false, "target": 130, "name": "7-130"}}, {"data": {"source": 7, "Lift": 1.2442, "is_directed": false, "target": 133, "name": "7-133"}}, {"data": {"source": 7, "Lift": 1.0545, "is_directed": false, "target": 135, "name": "7-135"}}, {"data": {"source": 8, "Lift": 2.601, "is_directed": false, "target": 98, "name": "8-98"}}, {"data": {"source": 8, "Lift": 2.2779, "is_directed": false, "target": 100, "name": "8-100"}}, {"data": {"source": 8, "Lift": 2.825, "is_directed": false, "target": 133, "name": "8-133"}}, {"data": {"source": 8, "Lift": 1.7538, "is_directed": false, "target": 38, "name": "8-38"}}, {"data": {"source": 8, "Lift": 2.1841, "is_directed": false, "target": 9, "name": "8-9"}}, {"data": {"source": 8, "Lift": 1.7343, "is_directed": false, "target": 12, "name": "8-12"}}, {"data": {"source": 8, "Lift": 1.6074, "is_directed": false, "target": 13, "name": "8-13"}}, {"data": {"source": 8, "Lift": 1.8657, "is_directed": false, "target": 46, "name": "8-46"}}, {"data": {"source": 8, "Lift": 2.1275, "is_directed": false, "target": 44, "name": "8-44"}}, {"data": {"source": 8, "Lift": 2.811, "is_directed": false, "target": 48, "name": "8-48"}}, {"data": {"source": 8, "Lift": 1.7077, "is_directed": false, "target": 49, "name": "8-49"}}, {"data": {"source": 8, "Lift": 1.3541, "is_directed": false, "target": 20, "name": "8-20"}}, {"data": {"source": 8, "Lift": 1.9586, "is_directed": false, "target": 53, "name": "8-53"}}, {"data": {"source": 8, "Lift": 1.6205, "is_directed": false, "target": 73, "name": "8-73"}}, {"data": {"source": 8, "Lift": 1.8662, "is_directed": false, "target": 68, "name": "8-68"}}, {"data": {"source": 8, "Lift": 2.8056, "is_directed": false, "target": 92, "name": "8-92"}}, {"data": {"source": 8, "Lift": 1.6136, "is_directed": false, "target": 94, "name": "8-94"}}, {"data": {"source": 10, "Lift": 2.0744, "is_directed": false, "target": 128, "name": "10-128"}}, {"data": {"source": 10, "Lift": 1.9243, "is_directed": false, "target": 66, "name": "10-66"}}, {"data": {"source": 10, "Lift": 1.7781, "is_directed": false, "target": 115, "name": "10-115"}}, {"data": {"source": 10, "Lift": 1.786, "is_directed": false, "target": 39, "name": "10-39"}}, {"data": {"source": 10, "Lift": 2.6586, "is_directed": false, "target": 104, "name": "10-104"}}, {"data": {"source": 10, "Lift": 2.8017, "is_directed": false, "target": 105, "name": "10-105"}}, {"data": {"source": 10, "Lift": 1.7447, "is_directed": false, "target": 11, "name": "10-11"}}, {"data": {"source": 10, "Lift": 1.8098, "is_directed": false, "target": 114, "name": "10-114"}}, {"data": {"source": 10, "Lift": 1.7216, "is_directed": false, "target": 51, "name": "10-51"}}, {"data": {"source": 10, "Lift": 1.4596, "is_directed": false, "target": 20, "name": "10-20"}}, {"data": {"source": 10, "Lift": 1.9145, "is_directed": false, "target": 88, "name": "10-88"}}, {"data": {"source": 10, "Lift": 2.3102, "is_directed": false, "target": 26, "name": "10-26"}}, {"data": {"source": 10, "Lift": 2.2846, "is_directed": false, "target": 59, "name": "10-59"}}, {"data": {"source": 10, "Lift": 2.5201, "is_directed": false, "target": 60, "name": "10-60"}}, {"data": {"source": 12, "Lift": 2.3254, "is_directed": false, "target": 93, "name": "12-93"}}, {"data": {"source": 12, "Lift": 4.1478, "is_directed": false, "target": 97, "name": "12-97"}}, {"data": {"source": 12, "Lift": 2.3874, "is_directed": false, "target": 98, "name": "12-98"}}, {"data": {"source": 12, "Lift": 2.1155, "is_directed": false, "target": 68, "name": "12-68"}}, {"data": {"source": 12, "Lift": 2.5266, "is_directed": false, "target": 39, "name": "12-39"}}, {"data": {"source": 12, "Lift": 2.2077, "is_directed": false, "target": 73, "name": "12-73"}}, {"data": {"source": 12, "Lift": 5.1704, "is_directed": false, "target": 112, "name": "12-112"}}, {"data": {"source": 12, "Lift": 2.1736, "is_directed": false, "target": 44, "name": "12-44"}}, {"data": {"source": 12, "Lift": 2.2548, "is_directed": false, "target": 13, "name": "12-13"}}, {"data": {"source": 12, "Lift": 2.9542, "is_directed": false, "target": 46, "name": "12-46"}}, {"data": {"source": 12, "Lift": 2.4373, "is_directed": false, "target": 45, "name": "12-45"}}, {"data": {"source": 12, "Lift": 2.0785, "is_directed": false, "target": 16, "name": "12-16"}}, {"data": {"source": 12, "Lift": 2.306, "is_directed": false, "target": 49, "name": "12-49"}}, {"data": {"source": 12, "Lift": 1.9368, "is_directed": false, "target": 19, "name": "12-19"}}, {"data": {"source": 12, "Lift": 1.4299, "is_directed": false, "target": 20, "name": "12-20"}}, {"data": {"source": 12, "Lift": 2.8295, "is_directed": false, "target": 17, "name": "12-17"}}, {"data": {"source": 12, "Lift": 4.2839, "is_directed": false, "target": 22, "name": "12-22"}}, {"data": {"source": 12, "Lift": 2.3108, "is_directed": false, "target": 56, "name": "12-56"}}, {"data": {"source": 12, "Lift": 3.4312, "is_directed": false, "target": 88, "name": "12-88"}}, {"data": {"source": 12, "Lift": 2.3093, "is_directed": false, "target": 47, "name": "12-47"}}, {"data": {"source": 12, "Lift": 2.1726, "is_directed": false, "target": 109, "name": "12-109"}}, {"data": {"source": 14, "Lift": 9.0547, "is_directed": false, "target": 31, "name": "14-31"}}, {"data": {"source": 14, "Lift": 5.9007, "is_directed": false, "target": 33, "name": "14-33"}}, {"data": {"source": 14, "Lift": 3.7535, "is_directed": false, "target": 34, "name": "14-34"}}, {"data": {"source": 14, "Lift": 4.1167, "is_directed": false, "target": 35, "name": "14-35"}}, {"data": {"source": 14, "Lift": 13.875, "is_directed": false, "target": 15, "name": "14-15"}}, {"data": {"source": 16, "Lift": 13.211, "is_directed": false, "target": 17, "name": "16-17"}}, {"data": {"source": 16, "Lift": 11.442, "is_directed": false, "target": 30, "name": "16-30"}}, {"data": {"source": 17, "Lift": 2.1144, "is_directed": false, "target": 18, "name": "17-18"}}, {"data": {"source": 17, "Lift": 1.8498, "is_directed": false, "target": 19, "name": "17-19"}}, {"data": {"source": 18, "Lift": 2.1685, "is_directed": false, "target": 97, "name": "18-97"}}, {"data": {"source": 18, "Lift": 1.9648, "is_directed": false, "target": 55, "name": "18-55"}}, {"data": {"source": 18, "Lift": 1.9788, "is_directed": false, "target": 45, "name": "18-45"}}, {"data": {"source": 18, "Lift": 2.0441, "is_directed": false, "target": 46, "name": "18-46"}}, {"data": {"source": 18, "Lift": 2.1398, "is_directed": false, "target": 111, "name": "18-111"}}, {"data": {"source": 18, "Lift": 1.9793, "is_directed": false, "target": 56, "name": "18-56"}}, {"data": {"source": 18, "Lift": 2.7771, "is_directed": false, "target": 20, "name": "18-20"}}, {"data": {"source": 18, "Lift": 2.2278, "is_directed": false, "target": 119, "name": "18-119"}}, {"data": {"source": 18, "Lift": 2.2853, "is_directed": false, "target": 88, "name": "18-88"}}, {"data": {"source": 18, "Lift": 2.2738, "is_directed": false, "target": 25, "name": "18-25"}}, {"data": {"source": 18, "Lift": 2.1392, "is_directed": false, "target": 90, "name": "18-90"}}, {"data": {"source": 19, "Lift": 1.6039, "is_directed": false, "target": 65, "name": "19-65"}}, {"data": {"source": 19, "Lift": 2.1093, "is_directed": false, "target": 63, "name": "19-63"}}, {"data": {"source": 19, "Lift": 1.8602, "is_directed": false, "target": 133, "name": "19-133"}}, {"data": {"source": 19, "Lift": 2.06, "is_directed": false, "target": 97, "name": "19-97"}}, {"data": {"source": 19, "Lift": 1.5368, "is_directed": false, "target": 136, "name": "19-136"}}, {"data": {"source": 19, "Lift": 3.1878, "is_directed": false, "target": 41, "name": "19-41"}}, {"data": {"source": 19, "Lift": 1.5968, "is_directed": false, "target": 42, "name": "19-42"}}, {"data": {"source": 19, "Lift": 1.5996, "is_directed": false, "target": 109, "name": "19-109"}}, {"data": {"source": 19, "Lift": 2.2368, "is_directed": false, "target": 110, "name": "19-110"}}, {"data": {"source": 19, "Lift": 1.9076, "is_directed": false, "target": 47, "name": "19-47"}}, {"data": {"source": 19, "Lift": 2.1106, "is_directed": false, "target": 112, "name": "19-112"}}, {"data": {"source": 19, "Lift": 1.4679, "is_directed": false, "target": 104, "name": "19-104"}}, {"data": {"source": 19, "Lift": 1.5263, "is_directed": false, "target": 84, "name": "19-84"}}, {"data": {"source": 19, "Lift": 1.6089, "is_directed": false, "target": 117, "name": "19-117"}}, {"data": {"source": 19, "Lift": 1.7246, "is_directed": false, "target": 73, "name": "19-73"}}, {"data": {"source": 19, "Lift": 1.6402, "is_directed": false, "target": 121, "name": "19-121"}}, {"data": {"source": 19, "Lift": 1.8536, "is_directed": false, "target": 59, "name": "19-59"}}, {"data": {"source": 19, "Lift": 1.4764, "is_directed": false, "target": 125, "name": "19-125"}}, {"data": {"source": 19, "Lift": 1.6566, "is_directed": false, "target": 126, "name": "19-126"}}, {"data": {"source": 19, "Lift": 2.8324, "is_directed": false, "target": 127, "name": "19-127"}}, {"data": {"source": 20, "Lift": 1.3569, "is_directed": false, "target": 128, "name": "20-128"}}, {"data": {"source": 20, "Lift": 1.3016, "is_directed": false, "target": 131, "name": "20-131"}}, {"data": {"source": 20, "Lift": 1.5963, "is_directed": false, "target": 134, "name": "20-134"}}, {"data": {"source": 20, "Lift": 1.3716, "is_directed": false, "target": 21, "name": "20-21"}}, {"data": {"source": 20, "Lift": 1.3377, "is_directed": false, "target": 22, "name": "20-22"}}, {"data": {"source": 20, "Lift": 1.3011, "is_directed": false, "target": 27, "name": "20-27"}}, {"data": {"source": 20, "Lift": 1.479, "is_directed": false, "target": 34, "name": "20-34"}}, {"data": {"source": 20, "Lift": 1.3335, "is_directed": false, "target": 37, "name": "20-37"}}, {"data": {"source": 20, "Lift": 1.3374, "is_directed": false, "target": 43, "name": "20-43"}}, {"data": {"source": 20, "Lift": 1.8274, "is_directed": false, "target": 44, "name": "20-44"}}, {"data": {"source": 20, "Lift": 1.5317, "is_directed": false, "target": 49, "name": "20-49"}}, {"data": {"source": 20, "Lift": 1.7782, "is_directed": false, "target": 53, "name": "20-53"}}, {"data": {"source": 20, "Lift": 1.8838, "is_directed": false, "target": 55, "name": "20-55"}}, {"data": {"source": 20, "Lift": 1.3351, "is_directed": false, "target": 56, "name": "20-56"}}, {"data": {"source": 20, "Lift": 1.4477, "is_directed": false, "target": 59, "name": "20-59"}}, {"data": {"source": 20, "Lift": 1.5274, "is_directed": false, "target": 60, "name": "20-60"}}, {"data": {"source": 20, "Lift": 1.7664, "is_directed": false, "target": 64, "name": "20-64"}}, {"data": {"source": 20, "Lift": 2.2499, "is_directed": false, "target": 69, "name": "20-69"}}, {"data": {"source": 20, "Lift": 1.2743, "is_directed": false, "target": 75, "name": "20-75"}}, {"data": {"source": 20, "Lift": 1.2994, "is_directed": false, "target": 79, "name": "20-79"}}, {"data": {"source": 20, "Lift": 1.463, "is_directed": false, "target": 87, "name": "20-87"}}, {"data": {"source": 20, "Lift": 2.0606, "is_directed": false, "target": 88, "name": "20-88"}}, {"data": {"source": 20, "Lift": 2.018, "is_directed": false, "target": 89, "name": "20-89"}}, {"data": {"source": 20, "Lift": 1.523, "is_directed": false, "target": 90, "name": "20-90"}}, {"data": {"source": 20, "Lift": 1.6058, "is_directed": false, "target": 92, "name": "20-92"}}, {"data": {"source": 20, "Lift": 2.5388, "is_directed": false, "target": 93, "name": "20-93"}}, {"data": {"source": 20, "Lift": 1.9222, "is_directed": false, "target": 95, "name": "20-95"}}, {"data": {"source": 20, "Lift": 2.3522, "is_directed": false, "target": 96, "name": "20-96"}}, {"data": {"source": 20, "Lift": 1.6483, "is_directed": false, "target": 98, "name": "20-98"}}, {"data": {"source": 20, "Lift": 2.0304, "is_directed": false, "target": 111, "name": "20-111"}}, {"data": {"source": 20, "Lift": 1.4094, "is_directed": false, "target": 112, "name": "20-112"}}, {"data": {"source": 20, "Lift": 2.8551, "is_directed": false, "target": 113, "name": "20-113"}}, {"data": {"source": 20, "Lift": 1.3826, "is_directed": false, "target": 114, "name": "20-114"}}, {"data": {"source": 20, "Lift": 2.4007, "is_directed": false, "target": 115, "name": "20-115"}}, {"data": {"source": 20, "Lift": 1.2634, "is_directed": false, "target": 118, "name": "20-118"}}, {"data": {"source": 20, "Lift": 3.0636, "is_directed": false, "target": 119, "name": "20-119"}}, {"data": {"source": 20, "Lift": 1.7655, "is_directed": false, "target": 122, "name": "20-122"}}, {"data": {"source": 22, "Lift": 4.2005, "is_directed": false, "target": 99, "name": "22-99"}}, {"data": {"source": 22, "Lift": 3.9849, "is_directed": false, "target": 109, "name": "22-109"}}, {"data": {"source": 22, "Lift": 3.991, "is_directed": false, "target": 111, "name": "22-111"}}, {"data": {"source": 22, "Lift": 4.8657, "is_directed": false, "target": 112, "name": "22-112"}}, {"data": {"source": 22, "Lift": 3.5913, "is_directed": false, "target": 49, "name": "22-49"}}, {"data": {"source": 22, "Lift": 3.6637, "is_directed": false, "target": 23, "name": "22-23"}}, {"data": {"source": 27, "Lift": 3.8175, "is_directed": false, "target": 114, "name": "27-114"}}, {"data": {"source": 27, "Lift": 3.9598, "is_directed": false, "target": 28, "name": "27-28"}}, {"data": {"source": 31, "Lift": 6.429, "is_directed": false, "target": 32, "name": "31-32"}}, {"data": {"source": 31, "Lift": 9.3439, "is_directed": false, "target": 33, "name": "31-33"}}, {"data": {"source": 31, "Lift": 5.2022, "is_directed": false, "target": 34, "name": "31-34"}}, {"data": {"source": 31, "Lift": 6.822, "is_directed": false, "target": 35, "name": "31-35"}}, {"data": {"source": 31, "Lift": 9.2791, "is_directed": false, "target": 79, "name": "31-79"}}, {"data": {"source": 31, "Lift": 6.593, "is_directed": false, "target": 80, "name": "31-80"}}, {"data": {"source": 32, "Lift": 5.2324, "is_directed": false, "target": 33, "name": "32-33"}}, {"data": {"source": 32, "Lift": 4.1514, "is_directed": false, "target": 34, "name": "32-34"}}, {"data": {"source": 32, "Lift": 4.6917, "is_directed": false, "target": 35, "name": "32-35"}}, {"data": {"source": 33, "Lift": 4.5685, "is_directed": false, "target": 80, "name": "33-80"}}, {"data": {"source": 33, "Lift": 3.8391, "is_directed": false, "target": 34, "name": "33-34"}}, {"data": {"source": 33, "Lift": 4.0757, "is_directed": false, "target": 35, "name": "33-35"}}, {"data": {"source": 33, "Lift": 5.363, "is_directed": false, "target": 79, "name": "33-79"}}, {"data": {"source": 34, "Lift": 3.0856, "is_directed": false, "target": 96, "name": "34-96"}}, {"data": {"source": 34, "Lift": 3.0561, "is_directed": false, "target": 98, "name": "34-98"}}, {"data": {"source": 34, "Lift": 3.0597, "is_directed": false, "target": 99, "name": "34-99"}}, {"data": {"source": 34, "Lift": 5.772, "is_directed": false, "target": 79, "name": "34-79"}}, {"data": {"source": 34, "Lift": 5.605, "is_directed": false, "target": 80, "name": "34-80"}}, {"data": {"source": 34, "Lift": 3.3855, "is_directed": false, "target": 35, "name": "34-35"}}, {"data": {"source": 34, "Lift": 5.7036, "is_directed": false, "target": 89, "name": "34-89"}}, {"data": {"source": 34, "Lift": 3.6974, "is_directed": false, "target": 91, "name": "34-91"}}, {"data": {"source": 34, "Lift": 4.4044, "is_directed": false, "target": 93, "name": "34-93"}}, {"data": {"source": 34, "Lift": 3.1351, "is_directed": false, "target": 63, "name": "34-63"}}, {"data": {"source": 35, "Lift": 2.9982, "is_directed": false, "target": 45, "name": "35-45"}}, {"data": {"source": 35, "Lift": 4.5577, "is_directed": false, "target": 79, "name": "35-79"}}, {"data": {"source": 35, "Lift": 3.8113, "is_directed": false, "target": 80, "name": "35-80"}}, {"data": {"source": 35, "Lift": 4.1081, "is_directed": false, "target": 89, "name": "35-89"}}, {"data": {"source": 35, "Lift": 2.7784, "is_directed": false, "target": 92, "name": "35-92"}}, {"data": {"source": 35, "Lift": 2.6943, "is_directed": false, "target": 126, "name": "35-126"}}, {"data": {"source": 35, "Lift": 2.7758, "is_directed": false, "target": 127, "name": "35-127"}}, {"data": {"source": 36, "Lift": 12.306, "is_directed": false, "target": 81, "name": "36-81"}}, {"data": {"source": 36, "Lift": 12.069, "is_directed": false, "target": 82, "name": "36-82"}}, {"data": {"source": 36, "Lift": 9.7033, "is_directed": false, "target": 37, "name": "36-37"}}, {"data": {"source": 41, "Lift": 1.9751, "is_directed": false, "target": 42, "name": "41-42"}}, {"data": {"source": 41, "Lift": 2.1581, "is_directed": false, "target": 127, "name": "41-127"}}, {"data": {"source": 41, "Lift": 2.311, "is_directed": false, "target": 109, "name": "41-109"}}, {"data": {"source": 41, "Lift": 3.4093, "is_directed": false, "target": 110, "name": "41-110"}}, {"data": {"source": 41, "Lift": 2.1007, "is_directed": false, "target": 47, "name": "41-47"}}, {"data": {"source": 41, "Lift": 2.0793, "is_directed": false, "target": 48, "name": "41-48"}}, {"data": {"source": 41, "Lift": 2.1493, "is_directed": false, "target": 84, "name": "41-84"}}, {"data": {"source": 41, "Lift": 1.8066, "is_directed": false, "target": 59, "name": "41-59"}}, {"data": {"source": 41, "Lift": 1.6841, "is_directed": false, "target": 125, "name": "41-125"}}, {"data": {"source": 41, "Lift": 1.7317, "is_directed": false, "target": 126, "name": "41-126"}}, {"data": {"source": 41, "Lift": 2.0478, "is_directed": false, "target": 63, "name": "41-63"}}, {"data": {"source": 43, "Lift": 9.5853, "is_directed": false, "target": 51, "name": "43-51"}}, {"data": {"source": 43, "Lift": 6.5283, "is_directed": false, "target": 83, "name": "43-83"}}, {"data": {"source": 43, "Lift": 5.205, "is_directed": false, "target": 44, "name": "43-44"}}, {"data": {"source": 44, "Lift": 3.878, "is_directed": false, "target": 98, "name": "44-98"}}, {"data": {"source": 44, "Lift": 4.6754, "is_directed": false, "target": 100, "name": "44-100"}}, {"data": {"source": 44, "Lift": 3.7106, "is_directed": false, "target": 105, "name": "44-105"}}, {"data": {"source": 44, "Lift": 3.7409, "is_directed": false, "target": 107, "name": "44-107"}}, {"data": {"source": 44, "Lift": 4.1491, "is_directed": false, "target": 83, "name": "44-83"}}, {"data": {"source": 44, "Lift": 6.7909, "is_directed": false, "target": 53, "name": "44-53"}}, {"data": {"source": 44, "Lift": 6.1838, "is_directed": false, "target": 88, "name": "44-88"}}, {"data": {"source": 44, "Lift": 5.5869, "is_directed": false, "target": 89, "name": "44-89"}}, {"data": {"source": 45, "Lift": 14.829, "is_directed": false, "target": 46, "name": "45-46"}}, {"data": {"source": 45, "Lift": 7.2833, "is_directed": false, "target": 87, "name": "45-87"}}, {"data": {"source": 47, "Lift": 4.0278, "is_directed": false, "target": 48, "name": "47-48"}}, {"data": {"source": 51, "Lift": 8.8697, "is_directed": false, "target": 52, "name": "51-52"}}, {"data": {"source": 52, "Lift": 3.3419, "is_directed": false, "target": 53, "name": "52-53"}}, {"data": {"source": 53, "Lift": 4.3667, "is_directed": false, "target": 89, "name": "53-89"}}, {"data": {"source": 53, "Lift": 3.7295, "is_directed": false, "target": 98, "name": "53-98"}}, {"data": {"source": 53, "Lift": 4.0934, "is_directed": false, "target": 92, "name": "53-92"}}, {"data": {"source": 55, "Lift": 3.5397, "is_directed": false, "target": 56, "name": "55-56"}}, {"data": {"source": 55, "Lift": 8.3639, "is_directed": false, "target": 114, "name": "55-114"}}, {"data": {"source": 59, "Lift": 3.1614, "is_directed": false, "target": 114, "name": "59-114"}}, {"data": {"source": 59, "Lift": 3.6901, "is_directed": false, "target": 60, "name": "59-60"}}, {"data": {"source": 59, "Lift": 2.9108, "is_directed": false, "target": 110, "name": "59-110"}}, {"data": {"source": 62, "Lift": 11.181, "is_directed": false, "target": 63, "name": "62-63"}}, {"data": {"source": 66, "Lift": 10.568, "is_directed": false, "target": 104, "name": "66-104"}}, {"data": {"source": 66, "Lift": 11.323, "is_directed": false, "target": 105, "name": "66-105"}}, {"data": {"source": 66, "Lift": 10.152, "is_directed": false, "target": 67, "name": "66-67"}}, {"data": {"source": 67, "Lift": 10.284, "is_directed": false, "target": 68, "name": "67-68"}}, {"data": {"source": 69, "Lift": 12.636, "is_directed": false, "target": 128, "name": "69-128"}}, {"data": {"source": 69, "Lift": 8.5312, "is_directed": false, "target": 70, "name": "69-70"}}, {"data": {"source": 79, "Lift": 8.5772, "is_directed": false, "target": 80, "name": "79-80"}}, {"data": {"source": 81, "Lift": 12.853, "is_directed": false, "target": 82, "name": "81-82"}}, {"data": {"source": 83, "Lift": 8.4137, "is_directed": false, "target": 84, "name": "83-84"}}, {"data": {"source": 84, "Lift": 4.3852, "is_directed": false, "target": 85, "name": "84-85"}}, {"data": {"source": 88, "Lift": 5.8457, "is_directed": false, "target": 112, "name": "88-112"}}, {"data": {"source": 88, "Lift": 16.63, "is_directed": false, "target": 89, "name": "88-89"}}, {"data": {"source": 88, "Lift": 5.78, "is_directed": false, "target": 111, "name": "88-111"}}, {"data": {"source": 88, "Lift": 9.824, "is_directed": false, "target": 92, "name": "88-92"}}, {"data": {"source": 88, "Lift": 10.118, "is_directed": false, "target": 95, "name": "88-95"}}, {"data": {"source": 89, "Lift": 10.526, "is_directed": false, "target": 90, "name": "89-90"}}, {"data": {"source": 89, "Lift": 8.7596, "is_directed": false, "target": 91, "name": "89-91"}}, {"data": {"source": 89, "Lift": 11.175, "is_directed": false, "target": 92, "name": "89-92"}}, {"data": {"source": 89, "Lift": 8.9971, "is_directed": false, "target": 93, "name": "89-93"}}, {"data": {"source": 89, "Lift": 12.705, "is_directed": false, "target": 94, "name": "89-94"}}, {"data": {"source": 89, "Lift": 8.9825, "is_directed": false, "target": 95, "name": "89-95"}}, {"data": {"source": 94, "Lift": 9.9052, "is_directed": false, "target": 99, "name": "94-99"}}, {"data": {"source": 104, "Lift": 10.34, "is_directed": false, "target": 105, "name": "104-105"}}, {"data": {"source": 114, "Lift": 4.3845, "is_directed": false, "target": 115, "name": "114-115"}}, {"data": {"source": 114, "Lift": 3.7182, "is_directed": false, "target": 116, "name": "114-116"}}]}, "data": {"description": "<h1>\u7570\u4f4d\u6027\u76ae\u819a\u708e\u4e2d\u91ab\u6cbb\u7642\u5716\u8b5c</h1><h2>Atopic Dermatitis_(Support=0.75%, Confidence=20.0%)</h2>", "name": "Atopic Dermatitis_(Support=0.75%, Confidence=20.0%)", "tags": ["Atopic Dermatitis", "\u7570\u4f4d\u6027\u76ae\u819a\u708e\u4e2d\u91ab\u6cbb\u7642\u5716\u8b5c"]}}