{"elements": {"nodes": [{"data": {"popup": "  \u4f5c\u7528(allergy)", "name": 0, "myGroup": "G0", "label": "\u6d88\u98a8\u6563", "nodeSupportPercent": 31.967, "id": 0}}, {"data": {"popup": " ", "name": 1, "myGroup": "G0", "label": "\u80c3\u82d3\u6e6f", "nodeSupportPercent": 1.03, "id": 1}}, {"data": {"popup": "  \u6c23(\u5e73) \u5473(\u7518) \u7d93\u7d61(\u5fc3,\u813e,\u80ba,\u80c3) \u4f5c\u7528(allergy,bacteria,inflammation)", "name": 2, "myGroup": "G1", "label": "\u7518\u8349", "nodeSupportPercent": 19.02, "id": 2}}, {"data": {"popup": " ", "name": 3, "myGroup": "G1", "label": "\u6dbc\u8188\u6563", "nodeSupportPercent": 1.29, "id": 3}}, {"data": {"popup": "  \u6c23(\u6eab) \u5473(\u8f9b) \u7d93\u7d61(\u813e,\u80ba,\u80c3) \u4f5c\u7528(allergy,bacteria,inflammation)", "name": 4, "myGroup": "G1", "label": "\u534a\u590f", "nodeSupportPercent": 1.07, "id": 4}}, {"data": {"popup": " ", "name": 5, "myGroup": "G0", "label": "\u8f9b\u5937\u6563", "nodeSupportPercent": 1.67, "id": 5}}, {"data": {"popup": "  \u4f5c\u7528(allergy,inflammation)", "name": 6, "myGroup": "G0", "label": "\u9999\u7802\u516d\u541b\u5b50\u6e6f", "nodeSupportPercent": 1.95, "id": 6}}, {"data": {"popup": "  \u6c23(\u5bd2) \u5473(\u82e6) \u7d93\u7d61(\u809d,\u80ba,\u81bd,\u5927\u8178,\u80c3) \u4f5c\u7528(bacteria)", "name": 7, "myGroup": "G2", "label": "\u9ec3\u82a9", "nodeSupportPercent": 6.702, "id": 7}}, {"data": {"popup": "  \u6c23(\u6eab) \u5473(\u8f9b) \u7d93\u7d61(\u80ba,\u814e) \u4f5c\u7528(allergy,bacteria,infection)", "name": 8, "myGroup": "G2", "label": "\u7d30\u8f9b", "nodeSupportPercent": 1.41, "id": 8}}, {"data": {"popup": "  \u6c23(\u6eab) \u5473(\u8f9b,\u7518) \u7d93\u7d61(\u809d,\u5fc3,\u813e)", "name": 9, "myGroup": "G1", "label": "\u7576\u6b78", "nodeSupportPercent": 2.6325, "id": 9}}, {"data": {"popup": "  \u6c23(\u6eab) \u5473(\u8f9b) \u7d93\u7d61(\u809d,\u5fc3,\u81bd,\u5fc3\u5305) \u4f5c\u7528(allergy,bacteria,inflammation,oxidation)", "name": 10, "myGroup": "G2", "label": "\u5ddd\u828e", "nodeSupportPercent": 1.07, "id": 10}}, {"data": {"popup": "  \u6c23(\u6eab) \u5473(\u8f9b,\u7518) \u7d93\u7d61(\u809d,\u813e,\u8180\u80f1) \u4f5c\u7528(allergy,bacteria,inflammation,oxidation)", "name": 11, "myGroup": "G2", "label": "\u9632\u98a8", "nodeSupportPercent": 5.4369, "id": 11}}, {"data": {"popup": "  \u6c23(\u6eab) \u5473(\u8f9b) \u7d93\u7d61(\u809d,\u80ba)", "name": 12, "myGroup": "G2", "label": "\u834a\u82a5", "nodeSupportPercent": 7.2687, "id": 12}}, {"data": {"popup": "  \u6c23(\u6eab) \u5473(\u8f9b) \u7d93\u7d61(\u80ba,\u5927\u8178,\u80c3) \u4f5c\u7528(allergy,bacteria,infection,inflammation)", "name": 13, "myGroup": "G2", "label": "\u767d\u82b7", "nodeSupportPercent": 7.4771, "id": 13}}, {"data": {"popup": "  \u6c23(\u5bd2) \u5473(\u82e6) \u7d93\u7d61(\u5fc3,\u80ba,\u5c0f\u8178) \u4f5c\u7528(infection)", "name": 14, "myGroup": "G3", "label": "\u9023\u7ff9", "nodeSupportPercent": 15.898, "id": 14}}, {"data": {"popup": "  \u6c23(\u5bd2) \u5473(\u8f9b,\u82e6) \u7d93\u7d61(\u809d,\u5fc3,\u81bd,\u5fc3\u5305,\u4e09\u7126) \u4f5c\u7528(oxidation)", "name": 15, "myGroup": "G3", "label": "\u67f4\u80e1", "nodeSupportPercent": 1.29, "id": 15}}, {"data": {"popup": "  \u4f5c\u7528(bacteria,infection,inflammation)", "name": 16, "myGroup": "G0", "label": "\u7389\u5c4f\u98a8\u6563", "nodeSupportPercent": 1.95, "id": 16}}, {"data": {"popup": "  \u6c23(\u5bd2) \u5473(\u8f9b,\u82e6) \u7d93\u7d61(\u809d,\u5fc3,\u814e) \u4f5c\u7528(allergy,bacteria,inflammation,oxidation)", "name": 17, "myGroup": "G4", "label": "\u7261\u4e39\u76ae", "nodeSupportPercent": 9.7148, "id": 17}}, {"data": {"popup": " ", "name": 18, "myGroup": "G4", "label": "\u7d2b\u8349\u6839", "nodeSupportPercent": 1.49, "id": 18}}, {"data": {"popup": "  \u6c23(\u5bd2) \u5473(\u7518) \u7d93\u7d61(\u809d,\u80ba) \u4f5c\u7528(oxidation)", "name": 19, "myGroup": "G1", "label": "\u87ec\u86fb", "nodeSupportPercent": 12.739, "id": 19}}, {"data": {"popup": "  \u6c23(\u5bd2) \u5473(\u8f9b,\u82e6) \u7d93\u7d61(\u80ba,\u80c3) \u4f5c\u7528(bacteria,infection,inflammation)", "name": 20, "myGroup": "G1", "label": "\u725b\u84a1\u5b50", "nodeSupportPercent": 1.21, "id": 20}}, {"data": {"popup": "  \u6c23(\u5e73) \u5473(\u9178) \u7d93\u7d61(\u809d,\u813e,\u80ba,\u5927\u8178) \u4f5c\u7528(bacteria)", "name": 21, "myGroup": "G1", "label": "\u70cf\u6885", "nodeSupportPercent": 1.52, "id": 21}}, {"data": {"popup": "  \u6c23(\u5bd2) \u5473(\u8f9b,\u82e6) \u7d93\u7d61(\u813e,\u5927\u8178,\u80c3) \u4f5c\u7528(inflammation)", "name": 22, "myGroup": "G1", "label": "\u67b3\u5be6", "nodeSupportPercent": 1.74, "id": 22}}, {"data": {"popup": "  \u6c23(\u5bd2) \u5473(\u7518,\u82e6) \u7d93\u7d61(\u809d,\u80ba)", "name": 23, "myGroup": "G0", "label": "\u83ca\u82b1", "nodeSupportPercent": 1.58, "id": 23}}, {"data": {"popup": " ", "name": 24, "myGroup": "G0", "label": "\u53c3\u82d3\u767d\u672e\u6563", "nodeSupportPercent": 2.29, "id": 24}}, {"data": {"popup": "  \u6c23(\u5bd2) \u5473(\u7518) \u7d93\u7d61(\u813e,\u80ba,\u80c3)", "name": 25, "myGroup": "G5", "label": "\u858f\u82e1\u4ec1", "nodeSupportPercent": 11.707, "id": 25}}, {"data": {"popup": "  \u6c23(\u5e73) \u5473(\u9178,\u82e6) \u7d93\u7d61(\u809d,\u814e) \u4f5c\u7528(allergy,inflammation)", "name": 26, "myGroup": "G5", "label": "\u725b\u819d", "nodeSupportPercent": 1.66, "id": 26}}, {"data": {"popup": " ", "name": 27, "myGroup": "G0", "label": "\u84bc\u8033\u6563", "nodeSupportPercent": 2.2, "id": 27}}, {"data": {"popup": " ", "name": 28, "myGroup": "G0", "label": "\u91d1\u87ec", "nodeSupportPercent": 1.94, "id": 28}}, {"data": {"popup": "  \u6c23(\u5bd2) \u5473(\u8f9b) \u7d93\u7d61(\u80ba)", "name": 29, "myGroup": "G1", "label": "\u9b5a\u8165\u8349", "nodeSupportPercent": 2.13, "id": 29}}, {"data": {"popup": "  \u6c23(\u5bd2) \u5473(\u7518) \u7d93\u7d61(\u80ba,\u814e) \u4f5c\u7528(inflammation)", "name": 30, "myGroup": "G0", "label": "\u5730\u9aa8\u76ae", "nodeSupportPercent": 1.78, "id": 30}}, {"data": {"popup": "  \u6c23(\u5bd2) \u5473(\u82e6) \u7d93\u7d61(\u8180\u80f1)", "name": 31, "myGroup": "G0", "label": "\u5730\u819a\u5b50", "nodeSupportPercent": 11.971, "id": 31}}, {"data": {"popup": "  \u6c23(\u6eab) \u5473(\u8f9b,\u82e6) \u7d93\u7d61(\u814e) \u4f5c\u7528(allergy,bacteria,inflammation)", "name": 32, "myGroup": "G0", "label": "\u86c7\u5e8a\u5b50", "nodeSupportPercent": 1.89, "id": 32}}, {"data": {"popup": "  \u6c23(\u5bd2) \u5473(\u82e6) \u7d93\u7d61(\u813e,\u80c3) \u4f5c\u7528(inflammation)", "name": 33, "myGroup": "G0", "label": "\u767d\u9bae\u76ae", "nodeSupportPercent": 13.835, "id": 33}}, {"data": {"popup": "  \u4f5c\u7528(bacteria,infection,inflammation,oxidation)", "name": 34, "myGroup": "G4", "label": "\u67b3\u6bbc", "nodeSupportPercent": 1.27, "id": 34}}, {"data": {"popup": " ", "name": 35, "myGroup": "G3", "label": "\u7389\u5973\u714e", "nodeSupportPercent": 2.54, "id": 35}}, {"data": {"popup": "  \u6c23(\u5bd2) \u5473(\u7518,\u82e6) \u7d93\u7d61(\u809d,\u80c3) \u4f5c\u7528(bacteria)", "name": 36, "myGroup": "G6", "label": "\u84b2\u516c\u82f1", "nodeSupportPercent": 6.2267, "id": 36}}, {"data": {"popup": "  \u6c23(\u5bd2) \u5473(\u8f9b,\u82e6) \u7d93\u7d61(\u809d,\u5fc3) \u4f5c\u7528(bacteria)", "name": 37, "myGroup": "G6", "label": "\u7d2b\u82b1\u5730\u4e01", "nodeSupportPercent": 1.85, "id": 37}}, {"data": {"popup": "  \u6c23(\u5bd2) \u5473(\u7518) \u7d93\u7d61(\u809d,\u5fc3)", "name": 38, "myGroup": "G0", "label": "\u7d2b\u8349", "nodeSupportPercent": 2.14, "id": 38}}, {"data": {"popup": "  \u6c23(\u6eab) \u5473(\u8f9b)", "name": 39, "myGroup": "G3", "label": "\u7682\u523a", "nodeSupportPercent": 2.12, "id": 39}}, {"data": {"popup": "  \u6c23(\u6eab) \u5473(\u8f9b) \u7d93\u7d61(\u80ba,\u80c3) \u4f5c\u7528(allergy,bacteria,infection,inflammation)", "name": 40, "myGroup": "G0", "label": "\u8f9b\u5937", "nodeSupportPercent": 2.2, "id": 40}}, {"data": {"popup": "  \u6c23(\u5bd2) \u5473(\u82e6) \u7d93\u7d61(\u809d,\u5fc3,\u813e,\u5927\u8178,\u80c3) \u4f5c\u7528(allergy,bacteria,infection,inflammation)", "name": 41, "myGroup": "G2", "label": "\u5927\u9ec3", "nodeSupportPercent": 6.011, "id": 41}}, {"data": {"popup": " ", "name": 42, "myGroup": "G2", "label": "\u7099\u7518\u8349", "nodeSupportPercent": 2.34, "id": 42}}, {"data": {"popup": "  \u6c23(\u5bd2) \u5473(\u8f9b,\u7518) \u7d93\u7d61(\u80ba,\u80c3) \u4f5c\u7528(infection)", "name": 43, "myGroup": "G1", "label": "\u77f3\u818f", "nodeSupportPercent": 2.38, "id": 43}}, {"data": {"popup": " ", "name": 44, "myGroup": "G0", "label": "\u84bc\u8033\u5b50", "nodeSupportPercent": 2.5, "id": 44}}, {"data": {"popup": "  \u6c23(\u6dbc) \u5473(\u8f9b) \u7d93\u7d61(\u809d,\u80ba)", "name": 45, "myGroup": "G1", "label": "\u8584\u8377", "nodeSupportPercent": 2.08, "id": 45}}, {"data": {"popup": "  \u6c23(\u5bd2) \u5473(\u82e6) \u7d93\u7d61(\u809d,\u5fc3,\u5927\u8178,\u80c3,\u8180\u80f1) \u4f5c\u7528(allergy,bacteria,infection,oxidation)", "name": 46, "myGroup": "G0", "label": "\u82e6\u53c3", "nodeSupportPercent": 2.52, "id": 46}}, {"data": {"popup": "  \u6c23(\u6eab) \u5473(\u82e6) \u7d93\u7d61(\u80ba,\u5927\u8178)", "name": 47, "myGroup": "G3", "label": "\u674f\u4ec1", "nodeSupportPercent": 2.5594, "id": 47}}, {"data": {"popup": "  \u6c23(\u6eab) \u5473(\u8f9b,\u82e6) \u7d93\u7d61(\u80ba,\u8180\u80f1) \u4f5c\u7528(infection)", "name": 48, "myGroup": "G3", "label": "\u9ebb\u9ec3", "nodeSupportPercent": 2.45, "id": 48}}, {"data": {"popup": "  \u6c23(\u6eab) \u5473(\u8f9b,\u82e6) \u7d93\u7d61(\u813e,\u80c3) \u4f5c\u7528(allergy,inflammation,oxidation)", "name": 49, "myGroup": "G5", "label": "\u84bc\u672e", "nodeSupportPercent": 2.52, "id": 49}}, {"data": {"popup": "  \u6c23(\u5bd2) \u5473(\u82e6) \u7d93\u7d61(\u5fc3,\u80ba,\u80c3,\u4e09\u7126) \u4f5c\u7528(allergy,oxidation)", "name": 50, "myGroup": "G3", "label": "\u6894\u5b50", "nodeSupportPercent": 2.43, "id": 50}}, {"data": {"popup": "  \u6c23(\u6eab) \u5473(\u8f9b) \u7d93\u7d61(\u813e,\u80c3) \u4f5c\u7528(infection)", "name": 51, "myGroup": "G2", "label": "\u7802\u4ec1", "nodeSupportPercent": 3.2614, "id": 51}}, {"data": {"popup": "  \u6c23(\u5bd2) \u5473(\u7518,\u82e6) \u7d93\u7d61(\u80ba,\u80c3) \u4f5c\u7528(allergy,bacteria,inflammation)", "name": 52, "myGroup": "G2", "label": "\u5929\u82b1\u7c89", "nodeSupportPercent": 2.78, "id": 52}}, {"data": {"popup": "  \u4f5c\u7528(allergy)", "name": 53, "myGroup": "G0", "label": "\u6eab\u6e05\u98f2", "nodeSupportPercent": 3.9, "id": 53}}, {"data": {"popup": "  \u4f5c\u7528(allergy)", "name": 54, "myGroup": "G0", "label": "\u8f9b\u5937\u6e05\u80ba\u6e6f", "nodeSupportPercent": 4.24, "id": 54}}, {"data": {"popup": "  \u6c23(\u5e73) \u5473(\u8f9b,\u82e6) \u7d93\u7d61(\u80ba)", "name": 55, "myGroup": "G3", "label": "\u6854\u6897", "nodeSupportPercent": 2.81, "id": 55}}, {"data": {"popup": "  \u6c23(\u5e73) \u5473(\u8f9b,\u9e79) \u7d93\u7d61(\u809d,\u80ba)", "name": 56, "myGroup": "G1", "label": "\u6bad\u8836", "nodeSupportPercent": 3.35, "id": 56}}, {"data": {"popup": "  \u6c23(\u5bd2) \u5473(\u7518,\u82e6,\u9e79) \u7d93\u7d61(\u80ba,\u814e,\u80c3) \u4f5c\u7528(inflammation)", "name": 57, "myGroup": "G3", "label": "\u7384\u53c3", "nodeSupportPercent": 3.58, "id": 57}}, {"data": {"popup": "  \u4f5c\u7528(inflammation)", "name": 58, "myGroup": "G0", "label": "\u9f8d\u81bd\u7009\u809d\u6e6f", "nodeSupportPercent": 5.23, "id": 58}}, {"data": {"popup": "  \u6c23(\u5bd2) \u5473(\u7518) \u7d93\u7d61(\u80ba)", "name": 59, "myGroup": "G3", "label": "\u6851\u767d\u76ae", "nodeSupportPercent": 4.74, "id": 59}}, {"data": {"popup": "  \u6c23(\u5bd2) \u5473(\u82e6) \u7d93\u7d61(\u809d)", "name": 60, "myGroup": "G4", "label": "\u8d64\u828d", "nodeSupportPercent": 3.98, "id": 60}}, {"data": {"popup": " ", "name": 61, "myGroup": "G0", "label": "\u84ba\u85dc", "nodeSupportPercent": 4.99, "id": 61}}, {"data": {"popup": " ", "name": 62, "myGroup": "G0", "label": "\u7576\u6b78\u98f2\u5b50", "nodeSupportPercent": 7.36, "id": 62}}, {"data": {"popup": "  \u6c23(\u5bd2) \u5473(\u7518,\u82e6) \u7d93\u7d61(\u809d,\u5fc3,\u814e) \u4f5c\u7528(allergy,bacteria,infection,inflammation,oxidation)", "name": 63, "myGroup": "G4", "label": "\u751f\u5730\u9ec3", "nodeSupportPercent": 5.61, "id": 63}}, {"data": {"popup": "  \u6c23(\u5e73) \u5473(\u7518) \u7d93\u7d61(\u809d,\u80c3) \u4f5c\u7528(allergy,inflammation)", "name": 64, "myGroup": "G0", "label": "\u571f\u832f\u82d3", "nodeSupportPercent": 7.64, "id": 64}}, {"data": {"popup": " ", "name": 65, "myGroup": "G0", "label": "\u834a\u9632\u6557\u6bd2\u6563", "nodeSupportPercent": 10.4, "id": 65}}, {"data": {"popup": "  \u6c23(\u5bd2) \u5473(\u7518) \u7d93\u7d61(\u80ba,\u5927\u8178,\u80c3) \u4f5c\u7528(infection,inflammation)", "name": 66, "myGroup": "G3", "label": "\u91d1\u9280\u82b1", "nodeSupportPercent": 10.3, "id": 66}}], "edges": [{"data": {"source": 0, "Lift": 1.3693, "is_directed": false, "target": 1, "name": "0-1"}}, {"data": {"source": 0, "Lift": 1.2021, "is_directed": false, "target": 5, "name": "0-5"}}, {"data": {"source": 0, "Lift": 1.0761, "is_directed": false, "target": 6, "name": "0-6"}}, {"data": {"source": 0, "Lift": 1.1621, "is_directed": false, "target": 16, "name": "0-16"}}, {"data": {"source": 0, "Lift": 1.322, "is_directed": false, "target": 18, "name": "0-18"}}, {"data": {"source": 0, "Lift": 1.1403, "is_directed": false, "target": 19, "name": "0-19"}}, {"data": {"source": 0, "Lift": 1.0789, "is_directed": false, "target": 23, "name": "0-23"}}, {"data": {"source": 0, "Lift": 1.3013, "is_directed": false, "target": 24, "name": "0-24"}}, {"data": {"source": 0, "Lift": 1.0922, "is_directed": false, "target": 25, "name": "0-25"}}, {"data": {"source": 0, "Lift": 1.0601, "is_directed": false, "target": 27, "name": "0-27"}}, {"data": {"source": 0, "Lift": 1.0368, "is_directed": false, "target": 28, "name": "0-28"}}, {"data": {"source": 0, "Lift": 1.2288, "is_directed": false, "target": 29, "name": "0-29"}}, {"data": {"source": 0, "Lift": 1.1154, "is_directed": false, "target": 30, "name": "0-30"}}, {"data": {"source": 0, "Lift": 1.4351, "is_directed": false, "target": 31, "name": "0-31"}}, {"data": {"source": 0, "Lift": 1.4159, "is_directed": false, "target": 32, "name": "0-32"}}, {"data": {"source": 0, "Lift": 1.4409, "is_directed": false, "target": 33, "name": "0-33"}}, {"data": {"source": 0, "Lift": 1.2266, "is_directed": false, "target": 38, "name": "0-38"}}, {"data": {"source": 0, "Lift": 1.1886, "is_directed": false, "target": 39, "name": "0-39"}}, {"data": {"source": 0, "Lift": 1.1621, "is_directed": false, "target": 40, "name": "0-40"}}, {"data": {"source": 0, "Lift": 1.0092, "is_directed": false, "target": 44, "name": "0-44"}}, {"data": {"source": 0, "Lift": 1.2894, "is_directed": false, "target": 46, "name": "0-46"}}, {"data": {"source": 0, "Lift": 1.3064, "is_directed": false, "target": 53, "name": "0-53"}}, {"data": {"source": 0, "Lift": 1.226, "is_directed": false, "target": 54, "name": "0-54"}}, {"data": {"source": 0, "Lift": 1.0643, "is_directed": false, "target": 56, "name": "0-56"}}, {"data": {"source": 0, "Lift": 1.1083, "is_directed": false, "target": 58, "name": "0-58"}}, {"data": {"source": 0, "Lift": 1.126, "is_directed": false, "target": 60, "name": "0-60"}}, {"data": {"source": 0, "Lift": 1.3004, "is_directed": false, "target": 61, "name": "0-61"}}, {"data": {"source": 0, "Lift": 1.1406, "is_directed": false, "target": 62, "name": "0-62"}}, {"data": {"source": 0, "Lift": 1.0283, "is_directed": false, "target": 64, "name": "0-64"}}, {"data": {"source": 0, "Lift": 1.0552, "is_directed": false, "target": 65, "name": "0-65"}}, {"data": {"source": 2, "Lift": 2.6741, "is_directed": false, "target": 34, "name": "2-34"}}, {"data": {"source": 2, "Lift": 1.5937, "is_directed": false, "target": 3, "name": "2-3"}}, {"data": {"source": 2, "Lift": 1.9806, "is_directed": false, "target": 4, "name": "2-4"}}, {"data": {"source": 2, "Lift": 1.6722, "is_directed": false, "target": 9, "name": "2-9"}}, {"data": {"source": 2, "Lift": 1.9738, "is_directed": false, "target": 10, "name": "2-10"}}, {"data": {"source": 2, "Lift": 1.9272, "is_directed": false, "target": 43, "name": "2-43"}}, {"data": {"source": 2, "Lift": 1.6634, "is_directed": false, "target": 13, "name": "2-13"}}, {"data": {"source": 2, "Lift": 2.0298, "is_directed": false, "target": 46, "name": "2-46"}}, {"data": {"source": 2, "Lift": 1.8235, "is_directed": false, "target": 45, "name": "2-45"}}, {"data": {"source": 2, "Lift": 1.63, "is_directed": false, "target": 11, "name": "2-11"}}, {"data": {"source": 2, "Lift": 1.6622, "is_directed": false, "target": 51, "name": "2-51"}}, {"data": {"source": 2, "Lift": 1.837, "is_directed": false, "target": 20, "name": "2-20"}}, {"data": {"source": 2, "Lift": 1.8156, "is_directed": false, "target": 21, "name": "2-21"}}, {"data": {"source": 2, "Lift": 1.5872, "is_directed": false, "target": 22, "name": "2-22"}}, {"data": {"source": 2, "Lift": 1.9511, "is_directed": false, "target": 15, "name": "2-15"}}, {"data": {"source": 2, "Lift": 1.5962, "is_directed": false, "target": 29, "name": "2-29"}}, {"data": {"source": 7, "Lift": 5.605, "is_directed": false, "target": 8, "name": "7-8"}}, {"data": {"source": 7, "Lift": 5.7036, "is_directed": false, "target": 10, "name": "7-10"}}, {"data": {"source": 7, "Lift": 5.2022, "is_directed": false, "target": 51, "name": "7-51"}}, {"data": {"source": 7, "Lift": 5.772, "is_directed": false, "target": 52, "name": "7-52"}}, {"data": {"source": 9, "Lift": 12.705, "is_directed": false, "target": 10, "name": "9-10"}}, {"data": {"source": 10, "Lift": 5.5869, "is_directed": false, "target": 11, "name": "10-11"}}, {"data": {"source": 10, "Lift": 4.3667, "is_directed": false, "target": 12, "name": "10-12"}}, {"data": {"source": 10, "Lift": 4.1081, "is_directed": false, "target": 13, "name": "10-13"}}, {"data": {"source": 10, "Lift": 2.018, "is_directed": false, "target": 14, "name": "10-14"}}, {"data": {"source": 11, "Lift": 6.1838, "is_directed": false, "target": 34, "name": "11-34"}}, {"data": {"source": 11, "Lift": 6.7909, "is_directed": false, "target": 12, "name": "11-12"}}, {"data": {"source": 13, "Lift": 4.0757, "is_directed": false, "target": 41, "name": "13-41"}}, {"data": {"source": 13, "Lift": 4.1167, "is_directed": false, "target": 42, "name": "13-42"}}, {"data": {"source": 13, "Lift": 6.822, "is_directed": false, "target": 51, "name": "13-51"}}, {"data": {"source": 13, "Lift": 4.5577, "is_directed": false, "target": 52, "name": "13-52"}}, {"data": {"source": 14, "Lift": 2.0606, "is_directed": false, "target": 34, "name": "14-34"}}, {"data": {"source": 14, "Lift": 2.8551, "is_directed": false, "target": 35, "name": "14-35"}}, {"data": {"source": 14, "Lift": 3.0636, "is_directed": false, "target": 39, "name": "14-39"}}, {"data": {"source": 14, "Lift": 2.7771, "is_directed": false, "target": 66, "name": "14-66"}}, {"data": {"source": 14, "Lift": 2.3522, "is_directed": false, "target": 15, "name": "14-15"}}, {"data": {"source": 14, "Lift": 2.2499, "is_directed": false, "target": 48, "name": "14-48"}}, {"data": {"source": 14, "Lift": 2.5388, "is_directed": false, "target": 50, "name": "14-50"}}, {"data": {"source": 14, "Lift": 1.9222, "is_directed": false, "target": 55, "name": "14-55"}}, {"data": {"source": 14, "Lift": 2.0304, "is_directed": false, "target": 57, "name": "14-57"}}, {"data": {"source": 14, "Lift": 2.4007, "is_directed": false, "target": 59, "name": "14-59"}}, {"data": {"source": 17, "Lift": 4.1478, "is_directed": false, "target": 18, "name": "17-18"}}, {"data": {"source": 17, "Lift": 5.1704, "is_directed": false, "target": 60, "name": "17-60"}}, {"data": {"source": 17, "Lift": 3.4312, "is_directed": false, "target": 34, "name": "17-34"}}, {"data": {"source": 17, "Lift": 4.2839, "is_directed": false, "target": 63, "name": "17-63"}}, {"data": {"source": 19, "Lift": 2.825, "is_directed": false, "target": 56, "name": "19-56"}}, {"data": {"source": 19, "Lift": 2.601, "is_directed": false, "target": 20, "name": "19-20"}}, {"data": {"source": 19, "Lift": 2.8056, "is_directed": false, "target": 45, "name": "19-45"}}, {"data": {"source": 25, "Lift": 2.8017, "is_directed": false, "target": 49, "name": "25-49"}}, {"data": {"source": 25, "Lift": 2.6586, "is_directed": false, "target": 26, "name": "25-26"}}, {"data": {"source": 31, "Lift": 3.4093, "is_directed": false, "target": 32, "name": "31-32"}}, {"data": {"source": 31, "Lift": 3.1878, "is_directed": false, "target": 33, "name": "31-33"}}, {"data": {"source": 32, "Lift": 2.2368, "is_directed": false, "target": 33, "name": "32-33"}}, {"data": {"source": 33, "Lift": 2.8324, "is_directed": false, "target": 46, "name": "33-46"}}, {"data": {"source": 36, "Lift": 8.3639, "is_directed": false, "target": 37, "name": "36-37"}}, {"data": {"source": 41, "Lift": 5.9007, "is_directed": false, "target": 42, "name": "41-42"}}, {"data": {"source": 41, "Lift": 9.3439, "is_directed": false, "target": 51, "name": "41-51"}}, {"data": {"source": 41, "Lift": 5.363, "is_directed": false, "target": 52, "name": "41-52"}}, {"data": {"source": 47, "Lift": 12.636, "is_directed": false, "target": 48, "name": "47-48"}}, {"data": {"source": 51, "Lift": 9.2791, "is_directed": false, "target": 52, "name": "51-52"}}]}, "data": {"description": "<h1>\u7570\u4f4d\u6027\u76ae\u819a\u708e\u4e2d\u91ab\u6cbb\u7642\u5716\u8b5c</h1><h2>Atopic Dermatitis_(Support=1.0%, Confidence=30.0%)</h2>", "name": "Atopic Dermatitis_(Support=1.0%, Confidence=30.0%)", "tags": ["Atopic Dermatitis", "\u7570\u4f4d\u6027\u76ae\u819a\u708e\u4e2d\u91ab\u6cbb\u7642\u5716\u8b5c"]}}