{"elements": {"nodes": [{"data": {"popup": "  \u4f5c\u7528(allergy)", "name": 0, "myGroup": "G0", "label": "\u6d88\u98a8\u6563", "nodeSupportPercent": 31.967, "id": 0}}, {"data": {"popup": " ", "name": 1, "myGroup": "G0", "label": "\u4eba\u53c3\u6557\u6bd2\u6563", "nodeSupportPercent": 0.907, "id": 1}}, {"data": {"popup": " ", "name": 2, "myGroup": "G0", "label": "\u80c3\u82d3\u6e6f", "nodeSupportPercent": 1.03, "id": 2}}, {"data": {"popup": "  \u6c23(\u5bd2) \u5473(\u8f9b,\u82e6) \u7d93\u7d61(\u809d,\u5fc3,\u814e) \u4f5c\u7528(allergy,bacteria,inflammation,oxidation)", "name": 3, "myGroup": "G1", "label": "\u7261\u4e39\u76ae", "nodeSupportPercent": 9.7148, "id": 3}}, {"data": {"popup": " ", "name": 4, "myGroup": "G1", "label": "\u7d2b\u8349\u6839", "nodeSupportPercent": 1.49, "id": 4}}, {"data": {"popup": " ", "name": 5, "myGroup": "G0", "label": "\u53c3\u82d3\u767d\u672e\u6563", "nodeSupportPercent": 2.29, "id": 5}}, {"data": {"popup": "  \u6c23(\u5bd2) \u5473(\u82e6) \u7d93\u7d61(\u8180\u80f1)", "name": 6, "myGroup": "G0", "label": "\u5730\u819a\u5b50", "nodeSupportPercent": 11.971, "id": 6}}, {"data": {"popup": "  \u6c23(\u6eab) \u5473(\u8f9b,\u82e6) \u7d93\u7d61(\u814e) \u4f5c\u7528(allergy,bacteria,inflammation)", "name": 7, "myGroup": "G0", "label": "\u86c7\u5e8a\u5b50", "nodeSupportPercent": 1.89, "id": 7}}, {"data": {"popup": "  \u6c23(\u5e73) \u5473(\u7518) \u7d93\u7d61(\u5fc3,\u813e,\u80ba,\u80c3) \u4f5c\u7528(allergy,bacteria,inflammation)", "name": 8, "myGroup": "G2", "label": "\u7518\u8349", "nodeSupportPercent": 19.02, "id": 8}}, {"data": {"popup": "  \u4f5c\u7528(bacteria,infection,inflammation,oxidation)", "name": 9, "myGroup": "G2", "label": "\u67b3\u6bbc", "nodeSupportPercent": 1.27, "id": 9}}, {"data": {"popup": "  \u6c23(\u5bd2) \u5473(\u82e6) \u7d93\u7d61(\u5fc3,\u80ba,\u5c0f\u8178) \u4f5c\u7528(infection)", "name": 10, "myGroup": "G3", "label": "\u9023\u7ff9", "nodeSupportPercent": 15.898, "id": 10}}, {"data": {"popup": " ", "name": 11, "myGroup": "G3", "label": "\u7389\u5973\u714e", "nodeSupportPercent": 2.54, "id": 11}}, {"data": {"popup": "  \u6c23(\u5bd2) \u5473(\u7518,\u82e6) \u7d93\u7d61(\u809d,\u80c3) \u4f5c\u7528(bacteria)", "name": 12, "myGroup": "G4", "label": "\u84b2\u516c\u82f1", "nodeSupportPercent": 6.2267, "id": 12}}, {"data": {"popup": "  \u6c23(\u5bd2) \u5473(\u8f9b,\u82e6) \u7d93\u7d61(\u809d,\u5fc3) \u4f5c\u7528(bacteria)", "name": 13, "myGroup": "G4", "label": "\u7d2b\u82b1\u5730\u4e01", "nodeSupportPercent": 1.85, "id": 13}}, {"data": {"popup": "  \u6c23(\u6eab) \u5473(\u8f9b)", "name": 14, "myGroup": "G3", "label": "\u7682\u523a", "nodeSupportPercent": 2.12, "id": 14}}, {"data": {"popup": "  \u6c23(\u5bd2) \u5473(\u82e6) \u7d93\u7d61(\u809d,\u5fc3,\u5927\u8178,\u80c3,\u8180\u80f1) \u4f5c\u7528(allergy,bacteria,infection,oxidation)", "name": 15, "myGroup": "G0", "label": "\u82e6\u53c3", "nodeSupportPercent": 2.52, "id": 15}}, {"data": {"popup": "  \u6c23(\u5bd2) \u5473(\u82e6) \u7d93\u7d61(\u5fc3,\u80ba,\u80c3,\u4e09\u7126) \u4f5c\u7528(allergy,oxidation)", "name": 16, "myGroup": "G3", "label": "\u6894\u5b50", "nodeSupportPercent": 2.43, "id": 16}}, {"data": {"popup": "  \u4f5c\u7528(allergy)", "name": 17, "myGroup": "G0", "label": "\u6eab\u6e05\u98f2", "nodeSupportPercent": 3.9, "id": 17}}, {"data": {"popup": "  \u6c23(\u5bd2) \u5473(\u82e6) \u7d93\u7d61(\u809d,\u5fc3,\u813e,\u5927\u8178,\u80c3) \u4f5c\u7528(allergy,bacteria,infection,inflammation)", "name": 18, "myGroup": "G5", "label": "\u5927\u9ec3", "nodeSupportPercent": 6.011, "id": 18}}, {"data": {"popup": "  \u6c23(\u6eab) \u5473(\u8f9b) \u7d93\u7d61(\u813e,\u80c3) \u4f5c\u7528(infection)", "name": 19, "myGroup": "G5", "label": "\u7802\u4ec1", "nodeSupportPercent": 3.26, "id": 19}}, {"data": {"popup": "  \u6c23(\u6eab) \u5473(\u8f9b) \u7d93\u7d61(\u80ba,\u5927\u8178,\u80c3) \u4f5c\u7528(allergy,bacteria,infection,inflammation)", "name": 20, "myGroup": "G5", "label": "\u767d\u82b7", "nodeSupportPercent": 7.4771, "id": 20}}, {"data": {"popup": "  \u6c23(\u5bd2) \u5473(\u82e6) \u7d93\u7d61(\u809d)", "name": 21, "myGroup": "G1", "label": "\u8d64\u828d", "nodeSupportPercent": 3.98, "id": 21}}, {"data": {"popup": " ", "name": 22, "myGroup": "G0", "label": "\u84ba\u85dc", "nodeSupportPercent": 4.99, "id": 22}}, {"data": {"popup": "  \u6c23(\u5bd2) \u5473(\u7518,\u82e6) \u7d93\u7d61(\u809d,\u5fc3,\u814e) \u4f5c\u7528(allergy,bacteria,infection,inflammation,oxidation)", "name": 23, "myGroup": "G1", "label": "\u751f\u5730\u9ec3", "nodeSupportPercent": 5.61, "id": 23}}, {"data": {"popup": "  \u6c23(\u6eab) \u5473(\u8f9b) \u7d93\u7d61(\u809d,\u80ba)", "name": 24, "myGroup": "G6", "label": "\u834a\u82a5", "nodeSupportPercent": 7.2687, "id": 24}}, {"data": {"popup": "  \u6c23(\u6eab) \u5473(\u8f9b,\u7518) \u7d93\u7d61(\u809d,\u813e,\u8180\u80f1) \u4f5c\u7528(allergy,bacteria,inflammation,oxidation)", "name": 25, "myGroup": "G6", "label": "\u9632\u98a8", "nodeSupportPercent": 5.44, "id": 25}}, {"data": {"popup": "  \u6c23(\u5bd2) \u5473(\u7518) \u7d93\u7d61(\u80ba,\u5927\u8178,\u80c3) \u4f5c\u7528(infection,inflammation)", "name": 26, "myGroup": "G3", "label": "\u91d1\u9280\u82b1", "nodeSupportPercent": 10.3, "id": 26}}, {"data": {"popup": "  \u6c23(\u5bd2) \u5473(\u82e6) \u7d93\u7d61(\u813e,\u80c3) \u4f5c\u7528(inflammation)", "name": 27, "myGroup": "G0", "label": "\u767d\u9bae\u76ae", "nodeSupportPercent": 13.835, "id": 27}}], "edges": [{"data": {"source": 0, "Lift": 1.4506, "is_directed": false, "target": 1, "name": "0-1"}}, {"data": {"source": 0, "Lift": 1.3693, "is_directed": false, "target": 2, "name": "0-2"}}, {"data": {"source": 0, "Lift": 1.322, "is_directed": false, "target": 4, "name": "0-4"}}, {"data": {"source": 0, "Lift": 1.3013, "is_directed": false, "target": 5, "name": "0-5"}}, {"data": {"source": 0, "Lift": 1.4351, "is_directed": false, "target": 6, "name": "0-6"}}, {"data": {"source": 0, "Lift": 1.4159, "is_directed": false, "target": 7, "name": "0-7"}}, {"data": {"source": 0, "Lift": 1.2894, "is_directed": false, "target": 15, "name": "0-15"}}, {"data": {"source": 0, "Lift": 1.3064, "is_directed": false, "target": 17, "name": "0-17"}}, {"data": {"source": 0, "Lift": 1.3004, "is_directed": false, "target": 22, "name": "0-22"}}, {"data": {"source": 0, "Lift": 1.4409, "is_directed": false, "target": 27, "name": "0-27"}}, {"data": {"source": 3, "Lift": 4.1478, "is_directed": false, "target": 4, "name": "3-4"}}, {"data": {"source": 3, "Lift": 5.1704, "is_directed": false, "target": 21, "name": "3-21"}}, {"data": {"source": 3, "Lift": 4.2839, "is_directed": false, "target": 23, "name": "3-23"}}, {"data": {"source": 6, "Lift": 3.1878, "is_directed": false, "target": 27, "name": "6-27"}}, {"data": {"source": 6, "Lift": 3.4093, "is_directed": false, "target": 7, "name": "6-7"}}, {"data": {"source": 8, "Lift": 2.6741, "is_directed": false, "target": 9, "name": "8-9"}}, {"data": {"source": 10, "Lift": 2.5388, "is_directed": false, "target": 16, "name": "10-16"}}, {"data": {"source": 10, "Lift": 2.7771, "is_directed": false, "target": 26, "name": "10-26"}}, {"data": {"source": 10, "Lift": 2.8551, "is_directed": false, "target": 11, "name": "10-11"}}, {"data": {"source": 10, "Lift": 3.0636, "is_directed": false, "target": 14, "name": "10-14"}}, {"data": {"source": 12, "Lift": 8.3639, "is_directed": false, "target": 13, "name": "12-13"}}, {"data": {"source": 18, "Lift": 9.3439, "is_directed": false, "target": 19, "name": "18-19"}}, {"data": {"source": 19, "Lift": 6.822, "is_directed": false, "target": 20, "name": "19-20"}}, {"data": {"source": 24, "Lift": 6.7909, "is_directed": false, "target": 25, "name": "24-25"}}]}, "data": {"description": "<h1>\u7570\u4f4d\u6027\u76ae\u819a\u708e\u4e2d\u91ab\u6cbb\u7642\u5716\u8b5c</h1><h2>Atopic Dermatitis_(Support=0.75%, Confidence=40.0%)</h2>", "name": "Atopic Dermatitis_(Support=0.75%, Confidence=40.0%)", "tags": ["Atopic Dermatitis", "\u7570\u4f4d\u6027\u76ae\u819a\u708e\u4e2d\u91ab\u6cbb\u7642\u5716\u8b5c"]}}