{"elements": {"nodes": [{"data": {"popup": "  \u6c23(\u5bd2) \u5473(\u7518) \u7d93\u7d61(\u813e,\u80ba,\u80c3)", "name": 0, "myGroup": "G0", "label": "\u858f\u82e1\u4ec1", "nodeSupportPercent": 11.707, "id": 0}}, {"data": {"popup": " ", "name": 1, "myGroup": "G1", "label": "\u80c3\u82d3\u6e6f", "nodeSupportPercent": 1.03, "id": 1}}, {"data": {"popup": "  \u4f5c\u7528(allergy)", "name": 2, "myGroup": "G1", "label": "\u6d88\u98a8\u6563", "nodeSupportPercent": 31.967, "id": 2}}, {"data": {"popup": "  \u6c23(\u6eab) \u5473(\u8f9b,\u82e6) \u7d93\u7d61(\u813e,\u80ba) \u4f5c\u7528(bacteria,inflammation)", "name": 3, "myGroup": "G0", "label": "\u9673\u76ae", "nodeSupportPercent": 1.9013, "id": 3}}, {"data": {"popup": " ", "name": 4, "myGroup": "G0", "label": "\u56db\u541b\u5b50\u6e6f", "nodeSupportPercent": 1.04, "id": 4}}, {"data": {"popup": "  \u6c23(\u5e73) \u5473(\u7518) \u7d93\u7d61(\u5fc3,\u813e,\u80ba,\u80c3) \u4f5c\u7528(allergy,bacteria,inflammation)", "name": 5, "myGroup": "G0", "label": "\u7518\u8349", "nodeSupportPercent": 19.02, "id": 5}}, {"data": {"popup": "  \u6c23(\u5bd2) \u5473(\u7518) \u7d93\u7d61(\u809d,\u80ba) \u4f5c\u7528(oxidation)", "name": 6, "myGroup": "G2", "label": "\u87ec\u86fb", "nodeSupportPercent": 12.739, "id": 6}}, {"data": {"popup": " ", "name": 7, "myGroup": "G2", "label": "\u6851\u83ca\u98f2", "nodeSupportPercent": 1.03, "id": 7}}, {"data": {"popup": "  \u6c23(\u5bd2) \u5473(\u7518,\u82e6) \u7d93\u7d61(\u809d,\u5fc3,\u814e) \u4f5c\u7528(allergy,bacteria,infection,inflammation,oxidation)", "name": 8, "myGroup": "G2", "label": "\u751f\u5730\u9ec3", "nodeSupportPercent": 5.6051, "id": 8}}, {"data": {"popup": " ", "name": 9, "myGroup": "G2", "label": "\u7af9\u8449\u77f3\u818f\u6e6f", "nodeSupportPercent": 1.13, "id": 9}}, {"data": {"popup": "  \u6c23(\u5bd2) \u5473(\u8f9b,\u82e6) \u7d93\u7d61(\u809d,\u5fc3,\u814e) \u4f5c\u7528(allergy,bacteria,inflammation,oxidation)", "name": 10, "myGroup": "G2", "label": "\u7261\u4e39\u76ae", "nodeSupportPercent": 9.7148, "id": 10}}, {"data": {"popup": "  \u6c23(\u5bd2) \u5473(\u82e6) \u7d93\u7d61(\u5fc3,\u80ba,\u5c0f\u8178) \u4f5c\u7528(infection)", "name": 11, "myGroup": "G2", "label": "\u9023\u7ff9", "nodeSupportPercent": 15.898, "id": 11}}, {"data": {"popup": " ", "name": 12, "myGroup": "G0", "label": "\u767d\u864e\u6e6f", "nodeSupportPercent": 1.31, "id": 12}}, {"data": {"popup": " ", "name": 13, "myGroup": "G0", "label": "\u6dbc\u8188\u6563", "nodeSupportPercent": 1.29, "id": 13}}, {"data": {"popup": "  \u6c23(\u5e73) \u5473(\u7518) \u7d93\u7d61(\u809d,\u80c3) \u4f5c\u7528(allergy,inflammation)", "name": 14, "myGroup": "G1", "label": "\u571f\u832f\u82d3", "nodeSupportPercent": 7.6417, "id": 14}}, {"data": {"popup": " ", "name": 15, "myGroup": "G1", "label": "\u7576\u6b78\u62c8\u75db\u6e6f", "nodeSupportPercent": 1.4, "id": 15}}, {"data": {"popup": "  \u4f5c\u7528(allergy)", "name": 16, "myGroup": "G0", "label": "\u845b\u6839\u6e6f", "nodeSupportPercent": 1.6, "id": 16}}, {"data": {"popup": "  \u6c23(\u5bd2) \u5473(\u82e6) \u7d93\u7d61(\u813e,\u80c3) \u4f5c\u7528(inflammation)", "name": 17, "myGroup": "G1", "label": "\u767d\u9bae\u76ae", "nodeSupportPercent": 13.835, "id": 17}}, {"data": {"popup": " ", "name": 18, "myGroup": "G1", "label": "\u77e5\u67cf\u5730\u9ec3\u4e38", "nodeSupportPercent": 1.3, "id": 18}}, {"data": {"popup": "  \u6c23(\u5bd2) \u5473(\u82e6) \u7d93\u7d61(\u814e,\u5927\u8178,\u8180\u80f1) \u4f5c\u7528(allergy,infection)", "name": 19, "myGroup": "G0", "label": "\u9ec3\u67cf", "nodeSupportPercent": 2.2559, "id": 19}}, {"data": {"popup": "  \u6c23(\u5bd2) \u5473(\u7518,\u82e6) \u7d93\u7d61(\u80ba,\u814e,\u80c3) \u4f5c\u7528(bacteria,inflammation)", "name": 20, "myGroup": "G0", "label": "\u77e5\u6bcd", "nodeSupportPercent": 1.13, "id": 20}}, {"data": {"popup": "  \u6c23(\u5bd2) \u5473(\u8f9b,\u7518) \u7d93\u7d61(\u80ba,\u80c3) \u4f5c\u7528(infection)", "name": 21, "myGroup": "G0", "label": "\u77f3\u818f", "nodeSupportPercent": 2.3839, "id": 21}}, {"data": {"popup": "  \u6c23(\u6eab) \u5473(\u8f9b,\u82e6) \u7d93\u7d61(\u80ba,\u8180\u80f1) \u4f5c\u7528(infection)", "name": 22, "myGroup": "G0", "label": "\u9ebb\u9ec3", "nodeSupportPercent": 2.4534, "id": 22}}, {"data": {"popup": "  \u6c23(\u6eab) \u5473(\u8f9b,\u7518) \u7d93\u7d61(\u5fc3,\u80ba,\u8180\u80f1) \u4f5c\u7528(bacteria,infection,inflammation)", "name": 23, "myGroup": "G0", "label": "\u6842\u679d", "nodeSupportPercent": 1.26, "id": 23}}, {"data": {"popup": "  \u6c23(\u6eab) \u5473(\u8f9b) \u7d93\u7d61(\u813e,\u80ba,\u80c3) \u4f5c\u7528(allergy,bacteria,inflammation)", "name": 24, "myGroup": "G0", "label": "\u534a\u590f", "nodeSupportPercent": 1.07, "id": 24}}, {"data": {"popup": " ", "name": 25, "myGroup": "G0", "label": "\u67f4\u80e1\u6e05\u809d\u6e6f", "nodeSupportPercent": 1.51, "id": 25}}, {"data": {"popup": "  \u6c23(\u6eab) \u5473(\u7518,\u82e6) \u7d93\u7d61(\u809d,\u814e) \u4f5c\u7528(allergy,bacteria,inflammation,oxidation)", "name": 26, "myGroup": "G2", "label": "\u4f55\u9996\u70cf", "nodeSupportPercent": 1.36, "id": 26}}, {"data": {"popup": " ", "name": 27, "myGroup": "G1", "label": "\u8f9b\u5937\u6563", "nodeSupportPercent": 1.67, "id": 27}}, {"data": {"popup": "  \u4f5c\u7528(allergy,bacteria)", "name": 28, "myGroup": "G2", "label": "\u516d\u5473\u5730\u9ec3\u4e38", "nodeSupportPercent": 1.7, "id": 28}}, {"data": {"popup": " ", "name": 29, "myGroup": "G0", "label": "\u9ebb\u5b50\u4ec1\u4e38", "nodeSupportPercent": 1.65, "id": 29}}, {"data": {"popup": " ", "name": 30, "myGroup": "G0", "label": "\u9632\u98a8\u901a\u8056\u6563", "nodeSupportPercent": 1.91, "id": 30}}, {"data": {"popup": "  \u4f5c\u7528(allergy,inflammation)", "name": 31, "myGroup": "G1", "label": "\u9999\u7802\u516d\u541b\u5b50\u6e6f", "nodeSupportPercent": 1.95, "id": 31}}, {"data": {"popup": "  \u6c23(\u5bd2) \u5473(\u7518,\u82e6) \u7d93\u7d61(\u80ba,\u80c3) \u4f5c\u7528(allergy,bacteria,inflammation)", "name": 32, "myGroup": "G3", "label": "\u5929\u82b1\u7c89", "nodeSupportPercent": 2.7788, "id": 32}}, {"data": {"popup": "  \u6c23(\u6eab) \u5473(\u8f9b) \u7d93\u7d61(\u80ba,\u814e) \u4f5c\u7528(allergy,bacteria,infection)", "name": 33, "myGroup": "G3", "label": "\u7d30\u8f9b", "nodeSupportPercent": 1.41, "id": 33}}, {"data": {"popup": "  \u6c23(\u6eab) \u5473(\u8f9b) \u7d93\u7d61(\u813e,\u80c3) \u4f5c\u7528(infection)", "name": 34, "myGroup": "G3", "label": "\u7802\u4ec1", "nodeSupportPercent": 3.2614, "id": 34}}, {"data": {"popup": "  \u6c23(\u5bd2) \u5473(\u82e6) \u7d93\u7d61(\u809d,\u5fc3,\u813e,\u5927\u8178,\u80c3) \u4f5c\u7528(allergy,bacteria,infection,inflammation)", "name": 35, "myGroup": "G3", "label": "\u5927\u9ec3", "nodeSupportPercent": 6.011, "id": 35}}, {"data": {"popup": "  \u6c23(\u5bd2) \u5473(\u82e6) \u7d93\u7d61(\u809d,\u80ba,\u81bd,\u5927\u8178,\u80c3) \u4f5c\u7528(bacteria)", "name": 36, "myGroup": "G3", "label": "\u9ec3\u82a9", "nodeSupportPercent": 6.702, "id": 36}}, {"data": {"popup": "  \u6c23(\u6eab) \u5473(\u8f9b) \u7d93\u7d61(\u80ba,\u5927\u8178,\u80c3) \u4f5c\u7528(allergy,bacteria,infection,inflammation)", "name": 37, "myGroup": "G3", "label": "\u767d\u82b7", "nodeSupportPercent": 7.4771, "id": 37}}, {"data": {"popup": " ", "name": 38, "myGroup": "G0", "label": "\u795e?", "nodeSupportPercent": 1.7806, "id": 38}}, {"data": {"popup": "  \u6c23(\u6eab) \u5473(\u7518,\u9178) \u7d93\u7d61(\u809d,\u813e,\u80c3) \u4f5c\u7528(bacteria,infection,inflammation,oxidation)", "name": 39, "myGroup": "G0", "label": "\u5c71\u6942", "nodeSupportPercent": 1.47, "id": 39}}, {"data": {"popup": "  \u6c23(\u5e73) \u5473(\u7518) \u7d93\u7d61(\u809d,\u813e,\u80c3)", "name": 40, "myGroup": "G0", "label": "\u9ea5\u82bd", "nodeSupportPercent": 2.1024, "id": 40}}, {"data": {"popup": "  \u6c23(\u6eab) \u5473(\u7518) \u7d93\u7d61(\u813e,\u80ba) \u4f5c\u7528(allergy)", "name": 41, "myGroup": "G0", "label": "\u9ec3\u8006", "nodeSupportPercent": 3.1444, "id": 41}}, {"data": {"popup": "  \u4f5c\u7528(allergy)", "name": 42, "myGroup": "G1", "label": "\u8840\u5e9c\u9010\u7600\u6e6f", "nodeSupportPercent": 1.51, "id": 42}}, {"data": {"popup": " ", "name": 43, "myGroup": "G1", "label": "\u4e94\u5473\u6d88\u6bd2\u98f2", "nodeSupportPercent": 4.8154, "id": 43}}, {"data": {"popup": "  \u6c23(\u5bd2) \u5473(\u82e6) \u7d93\u7d61(\u8180\u80f1)", "name": 44, "myGroup": "G1", "label": "\u5730\u819a\u5b50", "nodeSupportPercent": 11.971, "id": 44}}, {"data": {"popup": "  \u4f5c\u7528(allergy,bacteria,infection,inflammation)", "name": 45, "myGroup": "G0", "label": "\u5c0f\u9752\u9f8d\u6e6f", "nodeSupportPercent": 1.96, "id": 45}}, {"data": {"popup": "  \u6c23(\u5bd2) \u5473(\u82e6) \u7d93\u7d61(\u809d,\u5fc3,\u5fc3\u5305) \u4f5c\u7528(allergy,bacteria,infection,inflammation,oxidation)", "name": 46, "myGroup": "G2", "label": "\u4e39\u53c3", "nodeSupportPercent": 2.9397, "id": 46}}, {"data": {"popup": "  \u6c23(\u5e73) \u5473(\u7518) \u7d93\u7d61(\u80ba,\u80c3) \u4f5c\u7528(bacteria,oxidation)", "name": 47, "myGroup": "G2", "label": "\u7389\u7af9", "nodeSupportPercent": 1.45, "id": 47}}, {"data": {"popup": "  \u6c23(\u5bd2) \u5473(\u7518) \u7d93\u7d61(\u80ba,\u5927\u8178,\u80c3) \u4f5c\u7528(infection,inflammation)", "name": 48, "myGroup": "G2", "label": "\u91d1\u9280\u82b1", "nodeSupportPercent": 10.311, "id": 48}}, {"data": {"popup": "  \u4f5c\u7528(bacteria,infection,inflammation,oxidation)", "name": 49, "myGroup": "G2", "label": "\u67b3\u6bbc", "nodeSupportPercent": 1.2724, "id": 49}}, {"data": {"popup": "  \u6c23(\u6eab) \u5473(\u8f9b) \u7d93\u7d61(\u809d,\u5fc3,\u81bd,\u5fc3\u5305) \u4f5c\u7528(allergy,bacteria,inflammation,oxidation)", "name": 50, "myGroup": "G2", "label": "\u5ddd\u828e", "nodeSupportPercent": 1.07, "id": 50}}, {"data": {"popup": "  \u6c23(\u6eab) \u5473(\u8f9b) \u7d93\u7d61(\u80ba,\u80c3) \u4f5c\u7528(allergy,bacteria,infection,inflammation)", "name": 51, "myGroup": "G2", "label": "\u8f9b\u5937", "nodeSupportPercent": 2.2048, "id": 51}}, {"data": {"popup": "  \u6c23(\u5bd2) \u5473(\u82e6) \u7d93\u7d61(\u809d,\u5fc3,\u5927\u8178,\u80c3) \u4f5c\u7528(oxidation)", "name": 52, "myGroup": "G3", "label": "\u9ec3\u9023", "nodeSupportPercent": 2.4936, "id": 52}}, {"data": {"popup": "  \u6c23(\u6dbc) \u5473(\u8f9b) \u7d93\u7d61(\u809d,\u80ba)", "name": 53, "myGroup": "G2", "label": "\u8584\u8377", "nodeSupportPercent": 2.0768, "id": 53}}, {"data": {"popup": "  \u6c23(\u5bd2) \u5473(\u82e6) \u7d93\u7d61(\u5fc3,\u80ba,\u80c3,\u4e09\u7126) \u4f5c\u7528(allergy,oxidation)", "name": 54, "myGroup": "G2", "label": "\u6894\u5b50", "nodeSupportPercent": 2.4278, "id": 54}}, {"data": {"popup": "  \u6c23(\u6eab) \u5473(\u8f9b,\u7518) \u7d93\u7d61(\u809d,\u5fc3,\u813e)", "name": 55, "myGroup": "G3", "label": "\u7576\u6b78", "nodeSupportPercent": 2.6325, "id": 55}}, {"data": {"popup": "  \u6c23(\u5e73) \u5473(\u8f9b,\u82e6) \u7d93\u7d61(\u80ba)", "name": 56, "myGroup": "G2", "label": "\u6854\u6897", "nodeSupportPercent": 2.8117, "id": 56}}, {"data": {"popup": "  \u6c23(\u6eab) \u5473(\u8f9b,\u7518) \u7d93\u7d61(\u809d,\u813e,\u8180\u80f1) \u4f5c\u7528(allergy,bacteria,inflammation,oxidation)", "name": 57, "myGroup": "G2", "label": "\u9632\u98a8", "nodeSupportPercent": 5.4369, "id": 57}}, {"data": {"popup": "  \u6c23(\u6eab) \u5473(\u8f9b) \u7d93\u7d61(\u809d,\u80ba)", "name": 58, "myGroup": "G2", "label": "\u834a\u82a5", "nodeSupportPercent": 7.2687, "id": 58}}, {"data": {"popup": "  \u6c23(\u5bd2) \u5473(\u8f9b,\u82e6) \u7d93\u7d61(\u809d,\u5fc3,\u81bd,\u5fc3\u5305,\u4e09\u7126) \u4f5c\u7528(oxidation)", "name": 59, "myGroup": "G3", "label": "\u67f4\u80e1", "nodeSupportPercent": 1.29, "id": 59}}, {"data": {"popup": " ", "name": 60, "myGroup": "G1", "label": "\u834a\u9632\u6557\u6bd2\u6563", "nodeSupportPercent": 10.362, "id": 60}}, {"data": {"popup": "  \u4f5c\u7528(bacteria,infection,inflammation)", "name": 61, "myGroup": "G1", "label": "\u7389\u5c4f\u98a8\u6563", "nodeSupportPercent": 1.95, "id": 61}}, {"data": {"popup": " ", "name": 62, "myGroup": "G1", "label": "\u7d2b\u8349\u6839", "nodeSupportPercent": 1.49, "id": 62}}, {"data": {"popup": "  \u6c23(\u5bd2) \u5473(\u8f9b,\u82e6) \u7d93\u7d61(\u80ba,\u80c3) \u4f5c\u7528(bacteria,infection,inflammation)", "name": 63, "myGroup": "G2", "label": "\u725b\u84a1\u5b50", "nodeSupportPercent": 1.21, "id": 63}}, {"data": {"popup": "  \u6c23(\u5bd2) \u5473(\u9178,\u82e6) \u7d93\u7d61(\u809d,\u813e) \u4f5c\u7528(bacteria,infection,inflammation,oxidation)", "name": 64, "myGroup": "G3", "label": "\u767d\u828d", "nodeSupportPercent": 1.44, "id": 64}}, {"data": {"popup": "  \u6c23(\u5e73) \u5473(\u9178) \u7d93\u7d61(\u809d,\u813e,\u80ba,\u5927\u8178) \u4f5c\u7528(bacteria)", "name": 65, "myGroup": "G2", "label": "\u70cf\u6885", "nodeSupportPercent": 1.52, "id": 65}}, {"data": {"popup": "  \u6c23(\u5bd2) \u5473(\u8f9b,\u82e6) \u7d93\u7d61(\u813e,\u5927\u8178,\u80c3) \u4f5c\u7528(inflammation)", "name": 66, "myGroup": "G0", "label": "\u67b3\u5be6", "nodeSupportPercent": 1.74, "id": 66}}, {"data": {"popup": "  \u6c23(\u5bd2) \u5473(\u7518,\u82e6) \u7d93\u7d61(\u809d,\u80ba)", "name": 67, "myGroup": "G1", "label": "\u83ca\u82b1", "nodeSupportPercent": 1.58, "id": 67}}, {"data": {"popup": " ", "name": 68, "myGroup": "G1", "label": "\u53c3\u82d3\u767d\u672e\u6563", "nodeSupportPercent": 2.29, "id": 68}}, {"data": {"popup": "  \u6c23(\u5e73) \u5473(\u9178,\u82e6) \u7d93\u7d61(\u809d,\u814e) \u4f5c\u7528(allergy,inflammation)", "name": 69, "myGroup": "G0", "label": "\u725b\u819d", "nodeSupportPercent": 1.66, "id": 69}}, {"data": {"popup": "  \u6c23(\u6eab) \u5473(\u8f9b,\u82e6) \u7d93\u7d61(\u813e,\u80c3) \u4f5c\u7528(allergy,inflammation,oxidation)", "name": 70, "myGroup": "G0", "label": "\u84bc\u672e", "nodeSupportPercent": 2.5192, "id": 70}}, {"data": {"popup": " ", "name": 71, "myGroup": "G1", "label": "\u84bc\u8033\u6563", "nodeSupportPercent": 2.2, "id": 71}}, {"data": {"popup": " ", "name": 72, "myGroup": "G1", "label": "\u91d1\u87ec", "nodeSupportPercent": 1.94, "id": 72}}, {"data": {"popup": "  \u6c23(\u5bd2) \u5473(\u8f9b) \u7d93\u7d61(\u80ba)", "name": 73, "myGroup": "G1", "label": "\u9b5a\u8165\u8349", "nodeSupportPercent": 2.13, "id": 73}}, {"data": {"popup": "  \u6c23(\u5bd2) \u5473(\u7518) \u7d93\u7d61(\u80ba,\u814e) \u4f5c\u7528(inflammation)", "name": 74, "myGroup": "G1", "label": "\u5730\u9aa8\u76ae", "nodeSupportPercent": 1.78, "id": 74}}, {"data": {"popup": "  \u6c23(\u6eab) \u5473(\u8f9b,\u82e6) \u7d93\u7d61(\u814e) \u4f5c\u7528(allergy,bacteria,inflammation)", "name": 75, "myGroup": "G1", "label": "\u86c7\u5e8a\u5b50", "nodeSupportPercent": 1.89, "id": 75}}, {"data": {"popup": "  \u6c23(\u5bd2) \u5473(\u7518,\u82e6,\u9e79) \u7d93\u7d61(\u80ba,\u814e,\u80c3) \u4f5c\u7528(inflammation)", "name": 76, "myGroup": "G2", "label": "\u7384\u53c3", "nodeSupportPercent": 3.5795, "id": 76}}, {"data": {"popup": "  \u6c23(\u5bd2) \u5473(\u82e6) \u7d93\u7d61(\u809d)", "name": 77, "myGroup": "G2", "label": "\u8d64\u828d", "nodeSupportPercent": 3.9817, "id": 77}}, {"data": {"popup": " ", "name": 78, "myGroup": "G2", "label": "\u7389\u5973\u714e", "nodeSupportPercent": 2.54, "id": 78}}, {"data": {"popup": " ", "name": 79, "myGroup": "G2", "label": "\u4ed9\u65b9\u6d3b\u547d\u98f2", "nodeSupportPercent": 5.5503, "id": 79}}, {"data": {"popup": "  \u6c23(\u5bd2) \u5473(\u8f9b,\u82e6) \u7d93\u7d61(\u809d,\u5fc3) \u4f5c\u7528(bacteria)", "name": 80, "myGroup": "G2", "label": "\u7d2b\u82b1\u5730\u4e01", "nodeSupportPercent": 1.85, "id": 80}}, {"data": {"popup": "  \u6c23(\u5bd2) \u5473(\u7518) \u7d93\u7d61(\u80ba)", "name": 81, "myGroup": "G2", "label": "\u6851\u767d\u76ae", "nodeSupportPercent": 4.7422, "id": 81}}, {"data": {"popup": " ", "name": 82, "myGroup": "G2", "label": "\u6e05\u4e0a\u9632\u98a8\u6e6f", "nodeSupportPercent": 6.4973, "id": 82}}, {"data": {"popup": "  \u6c23(\u5bd2) \u5473(\u7518,\u82e6) \u7d93\u7d61(\u809d,\u80c3) \u4f5c\u7528(bacteria)", "name": 83, "myGroup": "G2", "label": "\u84b2\u516c\u82f1", "nodeSupportPercent": 6.2267, "id": 83}}, {"data": {"popup": "  \u6c23(\u5bd2) \u5473(\u7518) \u7d93\u7d61(\u809d,\u5fc3)", "name": 84, "myGroup": "G1", "label": "\u7d2b\u8349", "nodeSupportPercent": 2.14, "id": 84}}, {"data": {"popup": "  \u4f5c\u7528(allergy)", "name": 85, "myGroup": "G0", "label": "\u7518\u9732\u98f2", "nodeSupportPercent": 2.59, "id": 85}}, {"data": {"popup": "  \u6c23(\u6eab) \u5473(\u8f9b)", "name": 86, "myGroup": "G2", "label": "\u7682\u523a", "nodeSupportPercent": 2.12, "id": 86}}, {"data": {"popup": "  \u4f5c\u7528(allergy,bacteria)", "name": 87, "myGroup": "G0", "label": "\u9280\u7ff9\u6563", "nodeSupportPercent": 2.8, "id": 87}}, {"data": {"popup": " ", "name": 88, "myGroup": "G1", "label": "\u9ebb\u674f\u858f\u7518\u6e6f", "nodeSupportPercent": 2.93, "id": 88}}, {"data": {"popup": "  \u4f5c\u7528(allergy,bacteria,infection,inflammation)", "name": 89, "myGroup": "G2", "label": "\u5c0f\u67f4\u80e1\u6e6f", "nodeSupportPercent": 2.8, "id": 89}}, {"data": {"popup": " ", "name": 90, "myGroup": "G3", "label": "\u7099\u7518\u8349", "nodeSupportPercent": 2.34, "id": 90}}, {"data": {"popup": "  \u6c23(\u5bd2) \u5473(\u82e6) \u4f5c\u7528(bacteria)", "name": 91, "myGroup": "G0", "label": "\u8c9d\u6bcd", "nodeSupportPercent": 2.33, "id": 91}}, {"data": {"popup": "  \u6c23(\u5bd2) \u5473(\u7518,\u82e6) \u7d93\u7d61(\u5fc3,\u80ba,\u80c3) \u4f5c\u7528(infection,oxidation)", "name": 92, "myGroup": "G0", "label": "\u9ea5\u9580\u51ac", "nodeSupportPercent": 2.22, "id": 92}}, {"data": {"popup": "  \u4f5c\u7528(bacteria,infection)", "name": 93, "myGroup": "G1", "label": "\u7518\u9732\u6d88\u6bd2\u4e39", "nodeSupportPercent": 2.74, "id": 93}}, {"data": {"popup": " ", "name": 94, "myGroup": "G1", "label": "\u84bc\u8033\u5b50", "nodeSupportPercent": 2.5, "id": 94}}, {"data": {"popup": "  \u6c23(\u5bd2) \u5473(\u82e6) \u7d93\u7d61(\u809d,\u5fc3,\u5927\u8178,\u80c3,\u8180\u80f1) \u4f5c\u7528(allergy,bacteria,infection,oxidation)", "name": 95, "myGroup": "G1", "label": "\u82e6\u53c3", "nodeSupportPercent": 2.52, "id": 95}}, {"data": {"popup": "  \u6c23(\u6eab) \u5473(\u82e6) \u7d93\u7d61(\u80ba,\u5927\u8178)", "name": 96, "myGroup": "G0", "label": "\u674f\u4ec1", "nodeSupportPercent": 2.5594, "id": 96}}, {"data": {"popup": "  \u6c23(\u5e73) \u5473(\u7518) \u7d93\u7d61(\u5fc3,\u813e,\u814e) \u4f5c\u7528(inflammation)", "name": 97, "myGroup": "G0", "label": "\u832f\u82d3", "nodeSupportPercent": 2.83, "id": 97}}, {"data": {"popup": "  \u6c23(\u6eab) \u5473(\u7518,\u82e6) \u7d93\u7d61(\u813e,\u80c3) \u4f5c\u7528(allergy,bacteria,inflammation,oxidation)", "name": 98, "myGroup": "G0", "label": "\u767d\u672e", "nodeSupportPercent": 2.49, "id": 98}}, {"data": {"popup": "  \u4f5c\u7528(allergy)", "name": 99, "myGroup": "G1", "label": "\u6eab\u6e05\u98f2", "nodeSupportPercent": 3.9, "id": 99}}, {"data": {"popup": " ", "name": 100, "myGroup": "G0", "label": "\u834a\u82a5\u9023\u7ff9\u6e6f", "nodeSupportPercent": 4.1, "id": 100}}, {"data": {"popup": "  \u4f5c\u7528(bacteria,infection)", "name": 101, "myGroup": "G2", "label": "\u9ebb\u674f\u7518\u77f3\u6e6f", "nodeSupportPercent": 4.22, "id": 101}}, {"data": {"popup": "  \u4f5c\u7528(allergy)", "name": 102, "myGroup": "G1", "label": "\u8f9b\u5937\u6e05\u80ba\u6e6f", "nodeSupportPercent": 4.24, "id": 102}}, {"data": {"popup": "  \u6c23(\u5e73) \u5473(\u8f9b,\u9e79) \u7d93\u7d61(\u809d,\u80ba)", "name": 103, "myGroup": "G1", "label": "\u6bad\u8836", "nodeSupportPercent": 3.35, "id": 103}}, {"data": {"popup": "  \u4f5c\u7528(allergy,infection)", "name": 104, "myGroup": "G2", "label": "\u52a0\u5473\u900d\u9059\u6563", "nodeSupportPercent": 4.6, "id": 104}}, {"data": {"popup": "  \u4f5c\u7528(inflammation)", "name": 105, "myGroup": "G1", "label": "\u9f8d\u81bd\u7009\u809d\u6e6f", "nodeSupportPercent": 5.23, "id": 105}}, {"data": {"popup": "  \u4f5c\u7528(infection)", "name": 106, "myGroup": "G0", "label": "\u9ec3\u9023\u89e3\u6bd2\u6e6f", "nodeSupportPercent": 5.54, "id": 106}}, {"data": {"popup": " ", "name": 107, "myGroup": "G1", "label": "\u84ba\u85dc", "nodeSupportPercent": 4.99, "id": 107}}, {"data": {"popup": " ", "name": 108, "myGroup": "G1", "label": "\u7576\u6b78\u98f2\u5b50", "nodeSupportPercent": 7.36, "id": 108}}], "edges": [{"data": {"source": 0, "Lift": 2.0744, "is_directed": false, "target": 96, "name": "0-96"}}, {"data": {"source": 0, "Lift": 2.3102, "is_directed": false, "target": 1, "name": "0-1"}}, {"data": {"source": 0, "Lift": 1.0922, "is_directed": false, "target": 2, "name": "0-2"}}, {"data": {"source": 0, "Lift": 2.6586, "is_directed": false, "target": 69, "name": "0-69"}}, {"data": {"source": 0, "Lift": 2.8017, "is_directed": false, "target": 70, "name": "0-70"}}, {"data": {"source": 0, "Lift": 1.7216, "is_directed": false, "target": 97, "name": "0-97"}}, {"data": {"source": 0, "Lift": 1.4596, "is_directed": false, "target": 11, "name": "0-11"}}, {"data": {"source": 0, "Lift": 2.2846, "is_directed": false, "target": 14, "name": "0-14"}}, {"data": {"source": 0, "Lift": 2.5201, "is_directed": false, "target": 15, "name": "0-15"}}, {"data": {"source": 0, "Lift": 1.8098, "is_directed": false, "target": 80, "name": "0-80"}}, {"data": {"source": 0, "Lift": 1.9145, "is_directed": false, "target": 49, "name": "0-49"}}, {"data": {"source": 0, "Lift": 1.9243, "is_directed": false, "target": 19, "name": "0-19"}}, {"data": {"source": 0, "Lift": 1.0541, "is_directed": false, "target": 5, "name": "0-5"}}, {"data": {"source": 0, "Lift": 1.7781, "is_directed": false, "target": 81, "name": "0-81"}}, {"data": {"source": 1, "Lift": 1.3693, "is_directed": false, "target": 2, "name": "1-2"}}, {"data": {"source": 2, "Lift": 1.1403, "is_directed": false, "target": 6, "name": "2-6"}}, {"data": {"source": 2, "Lift": 1.0283, "is_directed": false, "target": 14, "name": "2-14"}}, {"data": {"source": 2, "Lift": 1.4409, "is_directed": false, "target": 17, "name": "2-17"}}, {"data": {"source": 2, "Lift": 1.2021, "is_directed": false, "target": 27, "name": "2-27"}}, {"data": {"source": 2, "Lift": 1.0761, "is_directed": false, "target": 31, "name": "2-31"}}, {"data": {"source": 2, "Lift": 1.4351, "is_directed": false, "target": 44, "name": "2-44"}}, {"data": {"source": 2, "Lift": 1.1621, "is_directed": false, "target": 51, "name": "2-51"}}, {"data": {"source": 2, "Lift": 1.0552, "is_directed": false, "target": 60, "name": "2-60"}}, {"data": {"source": 2, "Lift": 1.1621, "is_directed": false, "target": 61, "name": "2-61"}}, {"data": {"source": 2, "Lift": 1.322, "is_directed": false, "target": 62, "name": "2-62"}}, {"data": {"source": 2, "Lift": 1.0789, "is_directed": false, "target": 67, "name": "2-67"}}, {"data": {"source": 2, "Lift": 1.3013, "is_directed": false, "target": 68, "name": "2-68"}}, {"data": {"source": 2, "Lift": 1.0601, "is_directed": false, "target": 71, "name": "2-71"}}, {"data": {"source": 2, "Lift": 1.0368, "is_directed": false, "target": 72, "name": "2-72"}}, {"data": {"source": 2, "Lift": 1.2288, "is_directed": false, "target": 73, "name": "2-73"}}, {"data": {"source": 2, "Lift": 1.1154, "is_directed": false, "target": 74, "name": "2-74"}}, {"data": {"source": 2, "Lift": 1.4159, "is_directed": false, "target": 75, "name": "2-75"}}, {"data": {"source": 2, "Lift": 1.126, "is_directed": false, "target": 77, "name": "2-77"}}, {"data": {"source": 2, "Lift": 1.2266, "is_directed": false, "target": 84, "name": "2-84"}}, {"data": {"source": 2, "Lift": 1.1886, "is_directed": false, "target": 86, "name": "2-86"}}, {"data": {"source": 2, "Lift": 1.0092, "is_directed": false, "target": 94, "name": "2-94"}}, {"data": {"source": 2, "Lift": 1.2894, "is_directed": false, "target": 95, "name": "2-95"}}, {"data": {"source": 2, "Lift": 1.3064, "is_directed": false, "target": 99, "name": "2-99"}}, {"data": {"source": 2, "Lift": 1.226, "is_directed": false, "target": 102, "name": "2-102"}}, {"data": {"source": 2, "Lift": 1.0643, "is_directed": false, "target": 103, "name": "2-103"}}, {"data": {"source": 2, "Lift": 1.1083, "is_directed": false, "target": 105, "name": "2-105"}}, {"data": {"source": 2, "Lift": 1.3004, "is_directed": false, "target": 107, "name": "2-107"}}, {"data": {"source": 2, "Lift": 1.1406, "is_directed": false, "target": 108, "name": "2-108"}}, {"data": {"source": 3, "Lift": 2.0785, "is_directed": false, "target": 10, "name": "3-10"}}, {"data": {"source": 3, "Lift": 11.442, "is_directed": false, "target": 4, "name": "3-4"}}, {"data": {"source": 3, "Lift": 1.5267, "is_directed": false, "target": 5, "name": "3-5"}}, {"data": {"source": 4, "Lift": 1.2175, "is_directed": false, "target": 5, "name": "4-5"}}, {"data": {"source": 5, "Lift": 1.1288, "is_directed": false, "target": 6, "name": "5-6"}}, {"data": {"source": 5, "Lift": 1.4096, "is_directed": false, "target": 8, "name": "5-8"}}, {"data": {"source": 5, "Lift": 1.4168, "is_directed": false, "target": 10, "name": "5-10"}}, {"data": {"source": 5, "Lift": 1.2298, "is_directed": false, "target": 11, "name": "5-11"}}, {"data": {"source": 5, "Lift": 1.1423, "is_directed": false, "target": 12, "name": "5-12"}}, {"data": {"source": 5, "Lift": 1.5937, "is_directed": false, "target": 13, "name": "5-13"}}, {"data": {"source": 5, "Lift": 1.054, "is_directed": false, "target": 14, "name": "5-14"}}, {"data": {"source": 5, "Lift": 1.3084, "is_directed": false, "target": 16, "name": "5-16"}}, {"data": {"source": 5, "Lift": 1.1333, "is_directed": false, "target": 19, "name": "5-19"}}, {"data": {"source": 5, "Lift": 1.3229, "is_directed": false, "target": 20, "name": "5-20"}}, {"data": {"source": 5, "Lift": 1.9272, "is_directed": false, "target": 21, "name": "5-21"}}, {"data": {"source": 5, "Lift": 1.1048, "is_directed": false, "target": 22, "name": "5-22"}}, {"data": {"source": 5, "Lift": 1.9806, "is_directed": false, "target": 24, "name": "5-24"}}, {"data": {"source": 5, "Lift": 1.3461, "is_directed": false, "target": 25, "name": "5-25"}}, {"data": {"source": 5, "Lift": 1.1417, "is_directed": false, "target": 26, "name": "5-26"}}, {"data": {"source": 5, "Lift": 1.1824, "is_directed": false, "target": 27, "name": "5-27"}}, {"data": {"source": 5, "Lift": 1.402, "is_directed": false, "target": 29, "name": "5-29"}}, {"data": {"source": 5, "Lift": 1.3899, "is_directed": false, "target": 30, "name": "5-30"}}, {"data": {"source": 5, "Lift": 1.515, "is_directed": false, "target": 32, "name": "5-32"}}, {"data": {"source": 5, "Lift": 1.6622, "is_directed": false, "target": 34, "name": "5-34"}}, {"data": {"source": 5, "Lift": 1.324, "is_directed": false, "target": 35, "name": "5-35"}}, {"data": {"source": 5, "Lift": 1.4255, "is_directed": false, "target": 36, "name": "5-36"}}, {"data": {"source": 5, "Lift": 1.6634, "is_directed": false, "target": 37, "name": "5-37"}}, {"data": {"source": 5, "Lift": 1.4517, "is_directed": false, "target": 39, "name": "5-39"}}, {"data": {"source": 5, "Lift": 1.0698, "is_directed": false, "target": 40, "name": "5-40"}}, {"data": {"source": 5, "Lift": 1.1432, "is_directed": false, "target": 41, "name": "5-41"}}, {"data": {"source": 5, "Lift": 1.2376, "is_directed": false, "target": 43, "name": "5-43"}}, {"data": {"source": 5, "Lift": 1.0888, "is_directed": false, "target": 45, "name": "5-45"}}, {"data": {"source": 5, "Lift": 1.2249, "is_directed": false, "target": 48, "name": "5-48"}}, {"data": {"source": 5, "Lift": 2.6741, "is_directed": false, "target": 49, "name": "5-49"}}, {"data": {"source": 5, "Lift": 1.9738, "is_directed": false, "target": 50, "name": "5-50"}}, {"data": {"source": 5, "Lift": 1.2103, "is_directed": false, "target": 52, "name": "5-52"}}, {"data": {"source": 5, "Lift": 1.8235, "is_directed": false, "target": 53, "name": "5-53"}}, {"data": {"source": 5, "Lift": 1.6722, "is_directed": false, "target": 55, "name": "5-55"}}, {"data": {"source": 5, "Lift": 1.5451, "is_directed": false, "target": 56, "name": "5-56"}}, {"data": {"source": 5, "Lift": 1.63, "is_directed": false, "target": 57, "name": "5-57"}}, {"data": {"source": 5, "Lift": 1.3223, "is_directed": false, "target": 58, "name": "5-58"}}, {"data": {"source": 5, "Lift": 1.9511, "is_directed": false, "target": 59, "name": "5-59"}}, {"data": {"source": 5, "Lift": 1.076, "is_directed": false, "target": 60, "name": "5-60"}}, {"data": {"source": 5, "Lift": 1.837, "is_directed": false, "target": 63, "name": "5-63"}}, {"data": {"source": 5, "Lift": 1.1979, "is_directed": false, "target": 64, "name": "5-64"}}, {"data": {"source": 5, "Lift": 1.8156, "is_directed": false, "target": 65, "name": "5-65"}}, {"data": {"source": 5, "Lift": 1.5872, "is_directed": false, "target": 66, "name": "5-66"}}, {"data": {"source": 5, "Lift": 1.1684, "is_directed": false, "target": 67, "name": "5-67"}}, {"data": {"source": 5, "Lift": 1.3291, "is_directed": false, "target": 68, "name": "5-68"}}, {"data": {"source": 5, "Lift": 1.2186, "is_directed": false, "target": 69, "name": "5-69"}}, {"data": {"source": 5, "Lift": 1.5262, "is_directed": false, "target": 70, "name": "5-70"}}, {"data": {"source": 5, "Lift": 1.2575, "is_directed": false, "target": 72, "name": "5-72"}}, {"data": {"source": 5, "Lift": 1.5962, "is_directed": false, "target": 73, "name": "5-73"}}, {"data": {"source": 5, "Lift": 1.4446, "is_directed": false, "target": 76, "name": "5-76"}}, {"data": {"source": 5, "Lift": 1.4967, "is_directed": false, "target": 77, "name": "5-77"}}, {"data": {"source": 5, "Lift": 1.166, "is_directed": false, "target": 80, "name": "5-80"}}, {"data": {"source": 5, "Lift": 1.2009, "is_directed": false, "target": 83, "name": "5-83"}}, {"data": {"source": 5, "Lift": 1.4134, "is_directed": false, "target": 84, "name": "5-84"}}, {"data": {"source": 5, "Lift": 1.0857, "is_directed": false, "target": 85, "name": "5-85"}}, {"data": {"source": 5, "Lift": 1.3348, "is_directed": false, "target": 86, "name": "5-86"}}, {"data": {"source": 5, "Lift": 1.4601, "is_directed": false, "target": 87, "name": "5-87"}}, {"data": {"source": 5, "Lift": 1.574, "is_directed": false, "target": 91, "name": "5-91"}}, {"data": {"source": 5, "Lift": 1.3859, "is_directed": false, "target": 92, "name": "5-92"}}, {"data": {"source": 5, "Lift": 1.1933, "is_directed": false, "target": 93, "name": "5-93"}}, {"data": {"source": 5, "Lift": 1.159, "is_directed": false, "target": 94, "name": "5-94"}}, {"data": {"source": 5, "Lift": 2.0298, "is_directed": false, "target": 95, "name": "5-95"}}, {"data": {"source": 5, "Lift": 1.2693, "is_directed": false, "target": 96, "name": "5-96"}}, {"data": {"source": 5, "Lift": 1.3789, "is_directed": false, "target": 97, "name": "5-97"}}, {"data": {"source": 5, "Lift": 1.1409, "is_directed": false, "target": 98, "name": "5-98"}}, {"data": {"source": 5, "Lift": 1.1667, "is_directed": false, "target": 99, "name": "5-99"}}, {"data": {"source": 5, "Lift": 1.5397, "is_directed": false, "target": 100, "name": "5-100"}}, {"data": {"source": 5, "Lift": 1.2442, "is_directed": false, "target": 103, "name": "5-103"}}, {"data": {"source": 5, "Lift": 1.0545, "is_directed": false, "target": 105, "name": "5-105"}}, {"data": {"source": 5, "Lift": 1.2015, "is_directed": false, "target": 106, "name": "5-106"}}, {"data": {"source": 5, "Lift": 1.1988, "is_directed": false, "target": 107, "name": "5-107"}}, {"data": {"source": 6, "Lift": 2.2779, "is_directed": false, "target": 65, "name": "6-65"}}, {"data": {"source": 6, "Lift": 2.825, "is_directed": false, "target": 103, "name": "6-103"}}, {"data": {"source": 6, "Lift": 1.7077, "is_directed": false, "target": 9, "name": "6-9"}}, {"data": {"source": 6, "Lift": 1.7343, "is_directed": false, "target": 10, "name": "6-10"}}, {"data": {"source": 6, "Lift": 1.3541, "is_directed": false, "target": 11, "name": "6-11"}}, {"data": {"source": 6, "Lift": 2.8056, "is_directed": false, "target": 53, "name": "6-53"}}, {"data": {"source": 6, "Lift": 1.8662, "is_directed": false, "target": 21, "name": "6-21"}}, {"data": {"source": 6, "Lift": 1.6136, "is_directed": false, "target": 55, "name": "6-55"}}, {"data": {"source": 6, "Lift": 1.7538, "is_directed": false, "target": 7, "name": "6-7"}}, {"data": {"source": 6, "Lift": 2.1275, "is_directed": false, "target": 57, "name": "6-57"}}, {"data": {"source": 6, "Lift": 1.9586, "is_directed": false, "target": 58, "name": "6-58"}}, {"data": {"source": 6, "Lift": 1.6205, "is_directed": false, "target": 26, "name": "6-26"}}, {"data": {"source": 6, "Lift": 2.601, "is_directed": false, "target": 63, "name": "6-63"}}, {"data": {"source": 8, "Lift": 4.2005, "is_directed": false, "target": 64, "name": "8-64"}}, {"data": {"source": 8, "Lift": 3.5913, "is_directed": false, "target": 9, "name": "8-9"}}, {"data": {"source": 8, "Lift": 3.9849, "is_directed": false, "target": 74, "name": "8-74"}}, {"data": {"source": 8, "Lift": 1.3377, "is_directed": false, "target": 11, "name": "8-11"}}, {"data": {"source": 8, "Lift": 3.991, "is_directed": false, "target": 76, "name": "8-76"}}, {"data": {"source": 8, "Lift": 4.8657, "is_directed": false, "target": 77, "name": "8-77"}}, {"data": {"source": 8, "Lift": 4.2839, "is_directed": false, "target": 10, "name": "8-10"}}, {"data": {"source": 9, "Lift": 2.306, "is_directed": false, "target": 10, "name": "9-10"}}, {"data": {"source": 9, "Lift": 1.5317, "is_directed": false, "target": 11, "name": "9-11"}}, {"data": {"source": 10, "Lift": 2.3093, "is_directed": false, "target": 107, "name": "10-107"}}, {"data": {"source": 10, "Lift": 1.9368, "is_directed": false, "target": 17, "name": "10-17"}}, {"data": {"source": 10, "Lift": 2.1726, "is_directed": false, "target": 74, "name": "10-74"}}, {"data": {"source": 10, "Lift": 1.4299, "is_directed": false, "target": 11, "name": "10-11"}}, {"data": {"source": 10, "Lift": 5.1704, "is_directed": false, "target": 77, "name": "10-77"}}, {"data": {"source": 10, "Lift": 2.4373, "is_directed": false, "target": 47, "name": "10-47"}}, {"data": {"source": 10, "Lift": 3.4312, "is_directed": false, "target": 49, "name": "10-49"}}, {"data": {"source": 10, "Lift": 2.1155, "is_directed": false, "target": 21, "name": "10-21"}}, {"data": {"source": 10, "Lift": 2.3254, "is_directed": false, "target": 54, "name": "10-54"}}, {"data": {"source": 10, "Lift": 2.1736, "is_directed": false, "target": 57, "name": "10-57"}}, {"data": {"source": 10, "Lift": 2.2077, "is_directed": false, "target": 26, "name": "10-26"}}, {"data": {"source": 10, "Lift": 4.1478, "is_directed": false, "target": 62, "name": "10-62"}}, {"data": {"source": 10, "Lift": 2.3874, "is_directed": false, "target": 63, "name": "10-63"}}, {"data": {"source": 11, "Lift": 1.4477, "is_directed": false, "target": 14, "name": "11-14"}}, {"data": {"source": 11, "Lift": 1.5274, "is_directed": false, "target": 15, "name": "11-15"}}, {"data": {"source": 11, "Lift": 1.7664, "is_directed": false, "target": 16, "name": "11-16"}}, {"data": {"source": 11, "Lift": 2.2499, "is_directed": false, "target": 22, "name": "11-22"}}, {"data": {"source": 11, "Lift": 1.2743, "is_directed": false, "target": 28, "name": "11-28"}}, {"data": {"source": 11, "Lift": 1.2994, "is_directed": false, "target": 32, "name": "11-32"}}, {"data": {"source": 11, "Lift": 1.479, "is_directed": false, "target": 36, "name": "11-36"}}, {"data": {"source": 11, "Lift": 1.463, "is_directed": false, "target": 46, "name": "11-46"}}, {"data": {"source": 11, "Lift": 2.7771, "is_directed": false, "target": 48, "name": "11-48"}}, {"data": {"source": 11, "Lift": 2.0606, "is_directed": false, "target": 49, "name": "11-49"}}, {"data": {"source": 11, "Lift": 2.018, "is_directed": false, "target": 50, "name": "11-50"}}, {"data": {"source": 11, "Lift": 1.523, "is_directed": false, "target": 51, "name": "11-51"}}, {"data": {"source": 11, "Lift": 1.6058, "is_directed": false, "target": 53, "name": "11-53"}}, {"data": {"source": 11, "Lift": 2.5388, "is_directed": false, "target": 54, "name": "11-54"}}, {"data": {"source": 11, "Lift": 1.9222, "is_directed": false, "target": 56, "name": "11-56"}}, {"data": {"source": 11, "Lift": 1.8274, "is_directed": false, "target": 57, "name": "11-57"}}, {"data": {"source": 11, "Lift": 1.7782, "is_directed": false, "target": 58, "name": "11-58"}}, {"data": {"source": 11, "Lift": 2.3522, "is_directed": false, "target": 59, "name": "11-59"}}, {"data": {"source": 11, "Lift": 1.6483, "is_directed": false, "target": 63, "name": "11-63"}}, {"data": {"source": 11, "Lift": 2.0304, "is_directed": false, "target": 76, "name": "11-76"}}, {"data": {"source": 11, "Lift": 1.4094, "is_directed": false, "target": 77, "name": "11-77"}}, {"data": {"source": 11, "Lift": 2.8551, "is_directed": false, "target": 78, "name": "11-78"}}, {"data": {"source": 11, "Lift": 1.3011, "is_directed": false, "target": 79, "name": "11-79"}}, {"data": {"source": 11, "Lift": 1.3826, "is_directed": false, "target": 80, "name": "11-80"}}, {"data": {"source": 11, "Lift": 2.4007, "is_directed": false, "target": 81, "name": "11-81"}}, {"data": {"source": 11, "Lift": 1.8838, "is_directed": false, "target": 83, "name": "11-83"}}, {"data": {"source": 11, "Lift": 1.2634, "is_directed": false, "target": 85, "name": "11-85"}}, {"data": {"source": 11, "Lift": 3.0636, "is_directed": false, "target": 86, "name": "11-86"}}, {"data": {"source": 11, "Lift": 1.7655, "is_directed": false, "target": 89, "name": "11-89"}}, {"data": {"source": 11, "Lift": 1.3569, "is_directed": false, "target": 96, "name": "11-96"}}, {"data": {"source": 11, "Lift": 1.3374, "is_directed": false, "target": 98, "name": "11-98"}}, {"data": {"source": 11, "Lift": 1.3016, "is_directed": false, "target": 101, "name": "11-101"}}, {"data": {"source": 11, "Lift": 1.5963, "is_directed": false, "target": 104, "name": "11-104"}}, {"data": {"source": 14, "Lift": 3.1614, "is_directed": false, "target": 80, "name": "14-80"}}, {"data": {"source": 14, "Lift": 1.8536, "is_directed": false, "target": 17, "name": "14-17"}}, {"data": {"source": 14, "Lift": 2.9108, "is_directed": false, "target": 75, "name": "14-75"}}, {"data": {"source": 14, "Lift": 1.8066, "is_directed": false, "target": 44, "name": "14-44"}}, {"data": {"source": 14, "Lift": 3.6901, "is_directed": false, "target": 15, "name": "14-15"}}, {"data": {"source": 17, "Lift": 1.9076, "is_directed": false, "target": 107, "name": "17-107"}}, {"data": {"source": 17, "Lift": 1.4679, "is_directed": false, "target": 69, "name": "17-69"}}, {"data": {"source": 17, "Lift": 1.8602, "is_directed": false, "target": 103, "name": "17-103"}}, {"data": {"source": 17, "Lift": 3.1878, "is_directed": false, "target": 44, "name": "17-44"}}, {"data": {"source": 17, "Lift": 1.5263, "is_directed": false, "target": 42, "name": "17-42"}}, {"data": {"source": 17, "Lift": 2.2368, "is_directed": false, "target": 75, "name": "17-75"}}, {"data": {"source": 17, "Lift": 1.5368, "is_directed": false, "target": 108, "name": "17-108"}}, {"data": {"source": 17, "Lift": 2.1106, "is_directed": false, "target": 77, "name": "17-77"}}, {"data": {"source": 17, "Lift": 1.4764, "is_directed": false, "target": 93, "name": "17-93"}}, {"data": {"source": 17, "Lift": 1.6039, "is_directed": false, "target": 18, "name": "17-18"}}, {"data": {"source": 17, "Lift": 1.6089, "is_directed": false, "target": 84, "name": "17-84"}}, {"data": {"source": 17, "Lift": 1.6566, "is_directed": false, "target": 94, "name": "17-94"}}, {"data": {"source": 17, "Lift": 1.6402, "is_directed": false, "target": 88, "name": "17-88"}}, {"data": {"source": 17, "Lift": 1.7246, "is_directed": false, "target": 26, "name": "17-26"}}, {"data": {"source": 17, "Lift": 1.5996, "is_directed": false, "target": 74, "name": "17-74"}}, {"data": {"source": 17, "Lift": 2.06, "is_directed": false, "target": 62, "name": "17-62"}}, {"data": {"source": 17, "Lift": 2.8324, "is_directed": false, "target": 95, "name": "17-95"}}, {"data": {"source": 19, "Lift": 10.152, "is_directed": false, "target": 20, "name": "19-20"}}, {"data": {"source": 19, "Lift": 10.568, "is_directed": false, "target": 69, "name": "19-69"}}, {"data": {"source": 19, "Lift": 11.323, "is_directed": false, "target": 70, "name": "19-70"}}, {"data": {"source": 20, "Lift": 10.284, "is_directed": false, "target": 21, "name": "20-21"}}, {"data": {"source": 22, "Lift": 12.636, "is_directed": false, "target": 96, "name": "22-96"}}, {"data": {"source": 22, "Lift": 8.5312, "is_directed": false, "target": 23, "name": "22-23"}}, {"data": {"source": 32, "Lift": 8.5772, "is_directed": false, "target": 33, "name": "32-33"}}, {"data": {"source": 32, "Lift": 9.2791, "is_directed": false, "target": 34, "name": "32-34"}}, {"data": {"source": 32, "Lift": 5.363, "is_directed": false, "target": 35, "name": "32-35"}}, {"data": {"source": 32, "Lift": 5.772, "is_directed": false, "target": 36, "name": "32-36"}}, {"data": {"source": 32, "Lift": 4.5577, "is_directed": false, "target": 37, "name": "32-37"}}, {"data": {"source": 33, "Lift": 6.593, "is_directed": false, "target": 34, "name": "33-34"}}, {"data": {"source": 33, "Lift": 4.5685, "is_directed": false, "target": 35, "name": "33-35"}}, {"data": {"source": 33, "Lift": 5.605, "is_directed": false, "target": 36, "name": "33-36"}}, {"data": {"source": 33, "Lift": 3.8113, "is_directed": false, "target": 37, "name": "33-37"}}, {"data": {"source": 34, "Lift": 9.0547, "is_directed": false, "target": 90, "name": "34-90"}}, {"data": {"source": 34, "Lift": 9.3439, "is_directed": false, "target": 35, "name": "34-35"}}, {"data": {"source": 34, "Lift": 5.2022, "is_directed": false, "target": 36, "name": "34-36"}}, {"data": {"source": 34, "Lift": 6.822, "is_directed": false, "target": 37, "name": "34-37"}}, {"data": {"source": 35, "Lift": 5.9007, "is_directed": false, "target": 90, "name": "35-90"}}, {"data": {"source": 35, "Lift": 3.8391, "is_directed": false, "target": 36, "name": "35-36"}}, {"data": {"source": 35, "Lift": 4.0757, "is_directed": false, "target": 37, "name": "35-37"}}, {"data": {"source": 36, "Lift": 3.0597, "is_directed": false, "target": 64, "name": "36-64"}}, {"data": {"source": 36, "Lift": 3.3855, "is_directed": false, "target": 37, "name": "36-37"}}, {"data": {"source": 36, "Lift": 5.7036, "is_directed": false, "target": 50, "name": "36-50"}}, {"data": {"source": 36, "Lift": 3.6974, "is_directed": false, "target": 52, "name": "36-52"}}, {"data": {"source": 36, "Lift": 4.4044, "is_directed": false, "target": 54, "name": "36-54"}}, {"data": {"source": 36, "Lift": 3.7535, "is_directed": false, "target": 90, "name": "36-90"}}, {"data": {"source": 36, "Lift": 3.0856, "is_directed": false, "target": 59, "name": "36-59"}}, {"data": {"source": 36, "Lift": 3.0561, "is_directed": false, "target": 63, "name": "36-63"}}, {"data": {"source": 37, "Lift": 2.9982, "is_directed": false, "target": 47, "name": "37-47"}}, {"data": {"source": 37, "Lift": 4.1081, "is_directed": false, "target": 50, "name": "37-50"}}, {"data": {"source": 37, "Lift": 2.7784, "is_directed": false, "target": 53, "name": "37-53"}}, {"data": {"source": 37, "Lift": 4.1167, "is_directed": false, "target": 90, "name": "37-90"}}, {"data": {"source": 37, "Lift": 2.6943, "is_directed": false, "target": 94, "name": "37-94"}}, {"data": {"source": 37, "Lift": 2.7758, "is_directed": false, "target": 95, "name": "37-95"}}, {"data": {"source": 38, "Lift": 12.306, "is_directed": false, "target": 40, "name": "38-40"}}, {"data": {"source": 38, "Lift": 12.853, "is_directed": false, "target": 39, "name": "38-39"}}, {"data": {"source": 39, "Lift": 12.069, "is_directed": false, "target": 40, "name": "39-40"}}, {"data": {"source": 41, "Lift": 4.1491, "is_directed": false, "target": 57, "name": "41-57"}}, {"data": {"source": 41, "Lift": 8.4137, "is_directed": false, "target": 42, "name": "41-42"}}, {"data": {"source": 41, "Lift": 6.5283, "is_directed": false, "target": 98, "name": "41-98"}}, {"data": {"source": 42, "Lift": 4.3852, "is_directed": false, "target": 43, "name": "42-43"}}, {"data": {"source": 42, "Lift": 2.1493, "is_directed": false, "target": 44, "name": "42-44"}}, {"data": {"source": 44, "Lift": 2.1007, "is_directed": false, "target": 107, "name": "44-107"}}, {"data": {"source": 44, "Lift": 2.311, "is_directed": false, "target": 74, "name": "44-74"}}, {"data": {"source": 44, "Lift": 3.4093, "is_directed": false, "target": 75, "name": "44-75"}}, {"data": {"source": 44, "Lift": 1.6841, "is_directed": false, "target": 93, "name": "44-93"}}, {"data": {"source": 44, "Lift": 1.7317, "is_directed": false, "target": 94, "name": "44-94"}}, {"data": {"source": 44, "Lift": 2.1581, "is_directed": false, "target": 95, "name": "44-95"}}, {"data": {"source": 46, "Lift": 7.2833, "is_directed": false, "target": 47, "name": "46-47"}}, {"data": {"source": 47, "Lift": 1.9788, "is_directed": false, "target": 48, "name": "47-48"}}, {"data": {"source": 48, "Lift": 2.1392, "is_directed": false, "target": 51, "name": "48-51"}}, {"data": {"source": 48, "Lift": 2.1398, "is_directed": false, "target": 76, "name": "48-76"}}, {"data": {"source": 48, "Lift": 2.2853, "is_directed": false, "target": 49, "name": "48-49"}}, {"data": {"source": 48, "Lift": 1.9648, "is_directed": false, "target": 83, "name": "48-83"}}, {"data": {"source": 48, "Lift": 2.2278, "is_directed": false, "target": 86, "name": "48-86"}}, {"data": {"source": 48, "Lift": 2.1685, "is_directed": false, "target": 62, "name": "48-62"}}, {"data": {"source": 49, "Lift": 5.78, "is_directed": false, "target": 76, "name": "49-76"}}, {"data": {"source": 49, "Lift": 5.8457, "is_directed": false, "target": 77, "name": "49-77"}}, {"data": {"source": 49, "Lift": 16.63, "is_directed": false, "target": 50, "name": "49-50"}}, {"data": {"source": 49, "Lift": 9.824, "is_directed": false, "target": 53, "name": "49-53"}}, {"data": {"source": 49, "Lift": 10.118, "is_directed": false, "target": 56, "name": "49-56"}}, {"data": {"source": 49, "Lift": 6.1838, "is_directed": false, "target": 57, "name": "49-57"}}, {"data": {"source": 50, "Lift": 10.526, "is_directed": false, "target": 51, "name": "50-51"}}, {"data": {"source": 50, "Lift": 8.7596, "is_directed": false, "target": 52, "name": "50-52"}}, {"data": {"source": 50, "Lift": 11.175, "is_directed": false, "target": 53, "name": "50-53"}}, {"data": {"source": 50, "Lift": 8.9971, "is_directed": false, "target": 54, "name": "50-54"}}, {"data": {"source": 50, "Lift": 12.705, "is_directed": false, "target": 55, "name": "50-55"}}, {"data": {"source": 50, "Lift": 8.9825, "is_directed": false, "target": 56, "name": "50-56"}}, {"data": {"source": 50, "Lift": 5.5869, "is_directed": false, "target": 57, "name": "50-57"}}, {"data": {"source": 50, "Lift": 4.3667, "is_directed": false, "target": 58, "name": "50-58"}}, {"data": {"source": 53, "Lift": 4.0934, "is_directed": false, "target": 58, "name": "53-58"}}, {"data": {"source": 55, "Lift": 9.9052, "is_directed": false, "target": 64, "name": "55-64"}}, {"data": {"source": 57, "Lift": 4.6754, "is_directed": false, "target": 65, "name": "57-65"}}, {"data": {"source": 57, "Lift": 5.205, "is_directed": false, "target": 98, "name": "57-98"}}, {"data": {"source": 57, "Lift": 3.7106, "is_directed": false, "target": 70, "name": "57-70"}}, {"data": {"source": 57, "Lift": 3.7409, "is_directed": false, "target": 72, "name": "57-72"}}, {"data": {"source": 57, "Lift": 6.7909, "is_directed": false, "target": 58, "name": "57-58"}}, {"data": {"source": 57, "Lift": 3.878, "is_directed": false, "target": 63, "name": "57-63"}}, {"data": {"source": 58, "Lift": 3.7295, "is_directed": false, "target": 63, "name": "58-63"}}, {"data": {"source": 60, "Lift": 2.2271, "is_directed": false, "target": 61, "name": "60-61"}}, {"data": {"source": 69, "Lift": 10.34, "is_directed": false, "target": 70, "name": "69-70"}}, {"data": {"source": 79, "Lift": 3.8175, "is_directed": false, "target": 80, "name": "79-80"}}, {"data": {"source": 80, "Lift": 4.3845, "is_directed": false, "target": 81, "name": "80-81"}}, {"data": {"source": 80, "Lift": 3.7182, "is_directed": false, "target": 82, "name": "80-82"}}, {"data": {"source": 80, "Lift": 8.3639, "is_directed": false, "target": 83, "name": "80-83"}}, {"data": {"source": 97, "Lift": 9.5853, "is_directed": false, "target": 98, "name": "97-98"}}]}, "data": {"description": "<h1>\u7570\u4f4d\u6027\u76ae\u819a\u708e\u4e2d\u91ab\u6cbb\u7642\u5716\u8b5c</h1><h2>Atopic Dermatitis_(Support=1.0%, Confidence=20.0%)</h2>", "name": "Atopic Dermatitis_(Support=1.0%, Confidence=20.0%)", "tags": ["Atopic Dermatitis", "\u7570\u4f4d\u6027\u76ae\u819a\u708e\u4e2d\u91ab\u6cbb\u7642\u5716\u8b5c"]}}