{"elements": {"nodes": [{"data": {"popup": "  \u6c23(\u5e73) \u5473(\u8f9b,\u82e6) \u7d93\u7d61(\u5c0f\u8178,\u5927\u8178)", "name": 0, "myGroup": "G0", "label": "\u90c1\u674e\u4ec1", "nodeSupportPercent": 0.44759, "id": 0}}, {"data": {"popup": "  \u6c23(\u5bd2) \u5473(\u82e6) \u7d93\u7d61(\u809d)", "name": 1, "myGroup": "G0", "label": "\u8349\u6c7a\u660e", "nodeSupportPercent": 0.507, "id": 1}}, {"data": {"popup": "  \u4f5c\u7528(allergy,inflammation,oxidation)", "name": 2, "myGroup": "G1", "label": "\u6d88\u98a8\u6563", "nodeSupportPercent": 47.268, "id": 2}}, {"data": {"popup": " ", "name": 3, "myGroup": "G1", "label": "\u5b89\u4e2d\u6563", "nodeSupportPercent": 0.527, "id": 3}}, {"data": {"popup": " ", "name": 4, "myGroup": "G1", "label": "\u5c0e\u8d64\u6563", "nodeSupportPercent": 0.501, "id": 4}}, {"data": {"popup": "  \u6c23(\u5bd2) \u5473(\u82e6) \u4f5c\u7528(bacteria)", "name": 5, "myGroup": "G0", "label": "\u8c9d\u6bcd", "nodeSupportPercent": 1.2625, "id": 5}}, {"data": {"popup": "  \u6c23(\u6eab) \u5473(\u8f9b,\u82e6) \u7d93\u7d61(\u813e,\u80ba,\u5927\u8178,\u80c3) \u4f5c\u7528(bacteria,inflammation)", "name": 6, "myGroup": "G0", "label": "\u539a\u6734", "nodeSupportPercent": 1.7008, "id": 6}}, {"data": {"popup": " ", "name": 7, "myGroup": "G0", "label": "\u4ed9\u65b9\u6d3b\u547d\u98f2", "nodeSupportPercent": 2.5734, "id": 7}}, {"data": {"popup": "  \u4f5c\u7528(bacteria)", "name": 8, "myGroup": "G0", "label": "\u9280\u7ff9\u6563", "nodeSupportPercent": 3.6311, "id": 8}}, {"data": {"popup": "  \u4f5c\u7528(bacteria)", "name": 9, "myGroup": "G0", "label": "\u6851\u83ca\u98f2", "nodeSupportPercent": 0.645, "id": 9}}, {"data": {"popup": " ", "name": 10, "myGroup": "G1", "label": "\u53c3\u82d3\u767d\u672e\u6563", "nodeSupportPercent": 0.611, "id": 10}}, {"data": {"popup": " ", "name": 11, "myGroup": "G1", "label": "\u6ecb\u9670\u964d\u706b\u6e6f", "nodeSupportPercent": 0.55, "id": 11}}, {"data": {"popup": "  \u6c23(\u6eab) \u5473(\u8f9b,\u82e6) \u7d93\u7d61(\u814e,\u8180\u80f1) \u4f5c\u7528(inflammation,oxidation)", "name": 12, "myGroup": "G1", "label": "\u7f8c\u6d3b", "nodeSupportPercent": 0.531, "id": 12}}, {"data": {"popup": " ", "name": 13, "myGroup": "G1", "label": "\u832f\u795e", "nodeSupportPercent": 0.562, "id": 13}}, {"data": {"popup": "  \u6c23(\u5e73) \u5473(\u7518)", "name": 14, "myGroup": "G1", "label": "\u5408\u6b61\u76ae", "nodeSupportPercent": 0.504, "id": 14}}, {"data": {"popup": " ", "name": 15, "myGroup": "G1", "label": "\u80c3\u82d3\u6e6f", "nodeSupportPercent": 0.762, "id": 15}}, {"data": {"popup": "  \u6c23(\u5bd2) \u5473(\u8f9b,\u82e6) \u7d93\u7d61(\u809d,\u5fc3,\u814e) \u4f5c\u7528(allergy,bacteria,infection,inflammation,oxidation)", "name": 16, "myGroup": "G2", "label": "\u7261\u4e39\u76ae", "nodeSupportPercent": 13.788, "id": 16}}, {"data": {"popup": "  \u6c23(\u5bd2) \u5473(\u82e6) \u7d93\u7d61(\u809d)", "name": 17, "myGroup": "G2", "label": "\u831c\u8349", "nodeSupportPercent": 0.735, "id": 17}}, {"data": {"popup": " ", "name": 18, "myGroup": "G1", "label": "\u8335\u9673\u4e94\u82d3\u6563", "nodeSupportPercent": 0.869, "id": 18}}, {"data": {"popup": "  \u6c23(\u5bd2) \u5473(\u82e6) \u7d93\u7d61(\u5fc3,\u80c3) \u4f5c\u7528(allergy,bacteria,inflammation)", "name": 19, "myGroup": "G1", "label": "\u677f\u85cd\u6839", "nodeSupportPercent": 0.708, "id": 19}}, {"data": {"popup": " ", "name": 20, "myGroup": "G1", "label": "\u6e05\u80c3\u6563", "nodeSupportPercent": 0.976, "id": 20}}, {"data": {"popup": "  \u4f5c\u7528(allergy)", "name": 21, "myGroup": "G1", "label": "\u8f9b\u5937\u6e05\u80ba\u6e6f", "nodeSupportPercent": 0.979, "id": 21}}, {"data": {"popup": "  \u6c23(\u6eab) \u5473(\u8f9b,\u82e6) \u7d93\u7d61(\u80ba,\u8180\u80f1) \u4f5c\u7528(allergy,bacteria)", "name": 22, "myGroup": "G3", "label": "\u9ebb\u9ec3", "nodeSupportPercent": 3.5231, "id": 22}}, {"data": {"popup": "  \u6c23(\u5e73) \u5473(\u7518,\u9178) \u7d93\u7d61(\u5fc3,\u5c0f\u8178)", "name": 23, "myGroup": "G3", "label": "\u8d64\u5c0f\u8c46", "nodeSupportPercent": 0.763, "id": 23}}, {"data": {"popup": "  \u6c23(\u5bd2) \u5473(\u82e6) \u7d93\u7d61(\u5fc3,\u80ba,\u5c0f\u8178)", "name": 24, "myGroup": "G3", "label": "\u9023\u7ff9", "nodeSupportPercent": 13.447, "id": 24}}, {"data": {"popup": " ", "name": 25, "myGroup": "G4", "label": "\u834a\u9632\u6557\u6bd2\u6563", "nodeSupportPercent": 13.514, "id": 25}}, {"data": {"popup": " ", "name": 26, "myGroup": "G4", "label": "\u666e\u6fdf\u6d88\u6bd2\u98f2", "nodeSupportPercent": 1.1, "id": 26}}, {"data": {"popup": "  \u6c23(\u5bd2) \u5473(\u7518) \u7d93\u7d61(\u809d,\u80ba) \u4f5c\u7528(inflammation)", "name": 27, "myGroup": "G3", "label": "\u87ec\u86fb", "nodeSupportPercent": 15.938, "id": 27}}, {"data": {"popup": "  \u6c23(\u5bd2) \u5473(\u9e79) \u7d93\u7d61(\u809d,\u80ba,\u8180\u80f1) \u4f5c\u7528(allergy,bacteria,infection)", "name": 28, "myGroup": "G3", "label": "\u5730\u9f8d", "nodeSupportPercent": 0.928, "id": 28}}, {"data": {"popup": " ", "name": 29, "myGroup": "G2", "label": "\u5730\u9ec3", "nodeSupportPercent": 0.878, "id": 29}}, {"data": {"popup": "  \u6c23(\u5bd2) \u5473(\u82e6) \u7d93\u7d61(\u809d,\u81bd,\u80c3)", "name": 30, "myGroup": "G1", "label": "\u9f8d\u81bd\u8349", "nodeSupportPercent": 0.897, "id": 30}}, {"data": {"popup": "  \u6c23(\u5bd2) \u5473(\u8f9b) \u7d93\u7d61(\u80ba) \u4f5c\u7528(allergy)", "name": 31, "myGroup": "G1", "label": "\u9b5a\u8165\u8349", "nodeSupportPercent": 1.02, "id": 31}}, {"data": {"popup": "  \u6c23(\u5e73) \u5473(\u8f9b,\u82e6) \u7d93\u7d61(\u809d) \u4f5c\u7528(bacteria,infection,inflammation,oxidation)", "name": 32, "myGroup": "G1", "label": "\u767d\u84ba\u85dc", "nodeSupportPercent": 1.18, "id": 32}}, {"data": {"popup": "  \u6c23(\u5e73) \u5473(\u7518) \u7d93\u7d61(\u809d,\u5fc3) \u4f5c\u7528(inflammation)", "name": 33, "myGroup": "G1", "label": "\u9178\u68d7\u4ec1", "nodeSupportPercent": 1.08, "id": 33}}, {"data": {"popup": "  \u6c23(\u5bd2) \u5473(\u7518) \u7d93\u7d61(\u80ba,\u80c3,\u8180\u80f1) \u4f5c\u7528(oxidation)", "name": 34, "myGroup": "G1", "label": "\u767d\u8305\u6839", "nodeSupportPercent": 1.12, "id": 34}}, {"data": {"popup": "  \u6c23(\u5bd2) \u5473(\u7518) \u7d93\u7d61(\u809d,\u80ba,\u814e) \u4f5c\u7528(oxidation)", "name": 35, "myGroup": "G1", "label": "\u8eca\u524d\u5b50", "nodeSupportPercent": 1.06, "id": 35}}, {"data": {"popup": "  \u6c23(\u5bd2) \u5473(\u82e6) \u7d93\u7d61(\u813e,\u80c3) \u4f5c\u7528(allergy,infection,inflammation)", "name": 36, "myGroup": "G5", "label": "\u767d\u9bae\u76ae", "nodeSupportPercent": 17.019, "id": 36}}, {"data": {"popup": "  \u6c23(\u6dbc) \u5473(\u7518) \u7d93\u7d61(\u5fc3)", "name": 37, "myGroup": "G5", "label": "\u6d6e\u5c0f\u9ea5", "nodeSupportPercent": 2.09, "id": 37}}, {"data": {"popup": "  \u6c23(\u6eab) \u5473(\u8f9b) \u7d93\u7d61(\u813e,\u80c3) \u4f5c\u7528(bacteria,infection,inflammation)", "name": 38, "myGroup": "G6", "label": "\u7802\u4ec1", "nodeSupportPercent": 2.8769, "id": 38}}, {"data": {"popup": " ", "name": 39, "myGroup": "G6", "label": "\u7099\u7518\u8349", "nodeSupportPercent": 1.23, "id": 39}}, {"data": {"popup": "  \u6c23(\u6eab) \u5473(\u8f9b) \u7d93\u7d61(\u80ba,\u5927\u8178,\u80c3) \u4f5c\u7528(allergy,infection,inflammation,oxidation)", "name": 40, "myGroup": "G6", "label": "\u767d\u82b7", "nodeSupportPercent": 3.949, "id": 40}}, {"data": {"popup": "  \u6c23(\u5bd2) \u5473(\u82e6) \u7d93\u7d61(\u809d,\u80ba,\u81bd,\u5927\u8178,\u80c3) \u4f5c\u7528(allergy)", "name": 41, "myGroup": "G6", "label": "\u9ec3\u82a9", "nodeSupportPercent": 5.7589, "id": 41}}, {"data": {"popup": "  \u6c23(\u5bd2) \u5473(\u82e6) \u7d93\u7d61(\u809d,\u5fc3,\u813e,\u5927\u8178,\u80c3) \u4f5c\u7528(allergy,bacteria,infection,inflammation)", "name": 42, "myGroup": "G6", "label": "\u5927\u9ec3", "nodeSupportPercent": 7.6707, "id": 42}}, {"data": {"popup": "  \u6c23(\u5bd2) \u5473(\u7518,\u82e6) \u7d93\u7d61(\u809d,\u80c3)", "name": 43, "myGroup": "G7", "label": "\u84b2\u516c\u82f1", "nodeSupportPercent": 4.0818, "id": 43}}, {"data": {"popup": "  \u6c23(\u5bd2) \u5473(\u8f9b,\u82e6) \u7d93\u7d61(\u809d,\u5fc3) \u4f5c\u7528(bacteria)", "name": 44, "myGroup": "G7", "label": "\u7d2b\u82b1\u5730\u4e01", "nodeSupportPercent": 1.27, "id": 44}}, {"data": {"popup": "  \u6c23(\u5bd2) \u5473(\u8f9b,\u82e6) \u7d93\u7d61(\u80ba,\u80c3) \u4f5c\u7528(bacteria,infection,inflammation)", "name": 45, "myGroup": "G3", "label": "\u725b\u84a1\u5b50", "nodeSupportPercent": 1.02, "id": 45}}, {"data": {"popup": " ", "name": 46, "myGroup": "G8", "label": "\u6842\u679d\u6e6f", "nodeSupportPercent": 5.8135, "id": 46}}, {"data": {"popup": "  \u4f5c\u7528(inflammation)", "name": 47, "myGroup": "G8", "label": "\u9ebb\u9ec3\u6e6f", "nodeSupportPercent": 1.99, "id": 47}}, {"data": {"popup": " ", "name": 48, "myGroup": "G1", "label": "\u9ebb\u674f\u858f\u7518\u6e6f", "nodeSupportPercent": 1.87, "id": 48}}, {"data": {"popup": "  \u4f5c\u7528(infection)", "name": 49, "myGroup": "G1", "label": "\u77e5\u67cf\u5730\u9ec3\u4e38", "nodeSupportPercent": 1.66, "id": 49}}, {"data": {"popup": " ", "name": 50, "myGroup": "G1", "label": "\u67f4\u80e1\u6e05\u809d\u6e6f", "nodeSupportPercent": 2.25, "id": 50}}, {"data": {"popup": " ", "name": 51, "myGroup": "G2", "label": "\u7d2b\u8349\u6839", "nodeSupportPercent": 1.7, "id": 51}}, {"data": {"popup": " ", "name": 52, "myGroup": "G1", "label": "\u84bc\u8033\u5b50", "nodeSupportPercent": 2.0, "id": 52}}, {"data": {"popup": "  \u6c23(\u6eab) \u5473(\u8f9b,\u82e6) \u7d93\u7d61(\u814e) \u4f5c\u7528(allergy,bacteria)", "name": 53, "myGroup": "G1", "label": "\u86c7\u5e8a\u5b50", "nodeSupportPercent": 2.21, "id": 53}}, {"data": {"popup": "  \u6c23(\u6eab) \u5473(\u82e6) \u7d93\u7d61(\u80ba,\u5927\u8178) \u4f5c\u7528(inflammation)", "name": 54, "myGroup": "G3", "label": "\u674f\u4ec1", "nodeSupportPercent": 1.97, "id": 54}}, {"data": {"popup": "  \u6c23(\u5bd2) \u5473(\u7518) \u7d93\u7d61(\u80ba,\u814e) \u4f5c\u7528(inflammation)", "name": 55, "myGroup": "G2", "label": "\u5730\u9aa8\u76ae", "nodeSupportPercent": 3.12, "id": 55}}, {"data": {"popup": "  \u6c23(\u5bd2) \u5473(\u82e6) \u7d93\u7d61(\u809d,\u5fc3,\u5927\u8178,\u80c3,\u8180\u80f1) \u4f5c\u7528(allergy,infection,oxidation)", "name": 56, "myGroup": "G1", "label": "\u82e6\u53c3", "nodeSupportPercent": 3.44, "id": 56}}, {"data": {"popup": "  \u6c23(\u5e73) \u5473(\u8f9b,\u9e79) \u7d93\u7d61(\u809d,\u80ba)", "name": 57, "myGroup": "G3", "label": "\u6bad\u8836", "nodeSupportPercent": 3.69, "id": 57}}, {"data": {"popup": "  \u4f5c\u7528(allergy)", "name": 58, "myGroup": "G1", "label": "\u6eab\u6e05\u98f2", "nodeSupportPercent": 7.1, "id": 58}}, {"data": {"popup": " ", "name": 59, "myGroup": "G1", "label": "\u9f8d\u81bd\u7009\u809d\u6e6f", "nodeSupportPercent": 7.09, "id": 59}}, {"data": {"popup": "  \u6c23(\u5bd2) \u5473(\u82e6) \u7d93\u7d61(\u809d)", "name": 60, "myGroup": "G2", "label": "\u8d64\u828d", "nodeSupportPercent": 5.15, "id": 60}}, {"data": {"popup": " ", "name": 61, "myGroup": "G1", "label": "\u84ba\u85dc", "nodeSupportPercent": 6.09, "id": 61}}, {"data": {"popup": "  \u4f5c\u7528(allergy,inflammation)", "name": 62, "myGroup": "G1", "label": "\u9ec3\u9023\u89e3\u6bd2\u6e6f", "nodeSupportPercent": 8.22, "id": 62}}, {"data": {"popup": "  \u6c23(\u6eab) \u5473(\u8f9b) \u7d93\u7d61(\u809d,\u80ba)", "name": 63, "myGroup": "G9", "label": "\u834a\u82a5", "nodeSupportPercent": 8.3714, "id": 63}}, {"data": {"popup": "  \u6c23(\u6eab) \u5473(\u8f9b,\u7518) \u7d93\u7d61(\u809d,\u813e,\u8180\u80f1) \u4f5c\u7528(allergy,bacteria,inflammation)", "name": 64, "myGroup": "G9", "label": "\u9632\u98a8", "nodeSupportPercent": 6.08, "id": 64}}, {"data": {"popup": "  \u6c23(\u5bd2) \u5473(\u7518,\u82e6) \u7d93\u7d61(\u809d,\u5fc3,\u814e) \u4f5c\u7528(allergy,bacteria,infection,inflammation,oxidation)", "name": 65, "myGroup": "G2", "label": "\u751f\u5730\u9ec3", "nodeSupportPercent": 6.54, "id": 65}}, {"data": {"popup": "  \u6c23(\u5e73) \u5473(\u7518) \u7d93\u7d61(\u809d,\u80c3) \u4f5c\u7528(allergy,inflammation)", "name": 66, "myGroup": "G1", "label": "\u571f\u832f\u82d3", "nodeSupportPercent": 7.97, "id": 66}}, {"data": {"popup": "  \u6c23(\u5bd2) \u5473(\u7518) \u7d93\u7d61(\u80ba,\u5927\u8178,\u80c3) \u4f5c\u7528(allergy,bacteria,infection,inflammation,oxidation)", "name": 67, "myGroup": "G3", "label": "\u91d1\u9280\u82b1", "nodeSupportPercent": 8.45, "id": 67}}, {"data": {"popup": "  \u6c23(\u5bd2) \u5473(\u82e6) \u7d93\u7d61(\u8180\u80f1) \u4f5c\u7528(allergy)", "name": 68, "myGroup": "G5", "label": "\u5730\u819a\u5b50", "nodeSupportPercent": 13.7, "id": 68}}], "edges": [{"data": {"source": 0, "Lift": 153.63, "is_directed": false, "target": 1, "name": "0-1"}}, {"data": {"source": 1, "Lift": 11.787, "is_directed": false, "target": 8, "name": "1-8"}}, {"data": {"source": 1, "Lift": 33.579, "is_directed": false, "target": 5, "name": "1-5"}}, {"data": {"source": 1, "Lift": 24.21, "is_directed": false, "target": 6, "name": "1-6"}}, {"data": {"source": 1, "Lift": 16.71, "is_directed": false, "target": 7, "name": "1-7"}}, {"data": {"source": 2, "Lift": 1.0826, "is_directed": false, "target": 3, "name": "2-3"}}, {"data": {"source": 2, "Lift": 1.0426, "is_directed": false, "target": 4, "name": "2-4"}}, {"data": {"source": 2, "Lift": 1.407, "is_directed": false, "target": 9, "name": "2-9"}}, {"data": {"source": 2, "Lift": 1.1967, "is_directed": false, "target": 10, "name": "2-10"}}, {"data": {"source": 2, "Lift": 1.3247, "is_directed": false, "target": 11, "name": "2-11"}}, {"data": {"source": 2, "Lift": 1.0578, "is_directed": false, "target": 12, "name": "2-12"}}, {"data": {"source": 2, "Lift": 1.0617, "is_directed": false, "target": 13, "name": "2-13"}}, {"data": {"source": 2, "Lift": 1.0017, "is_directed": false, "target": 14, "name": "2-14"}}, {"data": {"source": 2, "Lift": 1.0364, "is_directed": false, "target": 15, "name": "2-15"}}, {"data": {"source": 2, "Lift": 1.1792, "is_directed": false, "target": 18, "name": "2-18"}}, {"data": {"source": 2, "Lift": 1.0486, "is_directed": false, "target": 19, "name": "2-19"}}, {"data": {"source": 2, "Lift": 1.2083, "is_directed": false, "target": 20, "name": "2-20"}}, {"data": {"source": 2, "Lift": 1.0344, "is_directed": false, "target": 21, "name": "2-21"}}, {"data": {"source": 2, "Lift": 1.4558, "is_directed": false, "target": 26, "name": "2-26"}}, {"data": {"source": 2, "Lift": 1.0105, "is_directed": false, "target": 27, "name": "2-27"}}, {"data": {"source": 2, "Lift": 1.3346, "is_directed": false, "target": 28, "name": "2-28"}}, {"data": {"source": 2, "Lift": 1.3222, "is_directed": false, "target": 30, "name": "2-30"}}, {"data": {"source": 2, "Lift": 1.0407, "is_directed": false, "target": 31, "name": "2-31"}}, {"data": {"source": 2, "Lift": 1.067, "is_directed": false, "target": 32, "name": "2-32"}}, {"data": {"source": 2, "Lift": 1.0759, "is_directed": false, "target": 33, "name": "2-33"}}, {"data": {"source": 2, "Lift": 1.0792, "is_directed": false, "target": 34, "name": "2-34"}}, {"data": {"source": 2, "Lift": 1.031, "is_directed": false, "target": 35, "name": "2-35"}}, {"data": {"source": 2, "Lift": 1.1272, "is_directed": false, "target": 36, "name": "2-36"}}, {"data": {"source": 2, "Lift": 1.0334, "is_directed": false, "target": 48, "name": "2-48"}}, {"data": {"source": 2, "Lift": 1.0021, "is_directed": false, "target": 49, "name": "2-49"}}, {"data": {"source": 2, "Lift": 1.052, "is_directed": false, "target": 50, "name": "2-50"}}, {"data": {"source": 2, "Lift": 1.1972, "is_directed": false, "target": 52, "name": "2-52"}}, {"data": {"source": 2, "Lift": 1.2402, "is_directed": false, "target": 53, "name": "2-53"}}, {"data": {"source": 2, "Lift": 1.0062, "is_directed": false, "target": 55, "name": "2-55"}}, {"data": {"source": 2, "Lift": 1.1729, "is_directed": false, "target": 56, "name": "2-56"}}, {"data": {"source": 2, "Lift": 1.0218, "is_directed": false, "target": 58, "name": "2-58"}}, {"data": {"source": 2, "Lift": 1.1054, "is_directed": false, "target": 59, "name": "2-59"}}, {"data": {"source": 2, "Lift": 1.0428, "is_directed": false, "target": 61, "name": "2-61"}}, {"data": {"source": 2, "Lift": 1.0585, "is_directed": false, "target": 62, "name": "2-62"}}, {"data": {"source": 2, "Lift": 1.295, "is_directed": false, "target": 66, "name": "2-66"}}, {"data": {"source": 2, "Lift": 1.0078, "is_directed": false, "target": 67, "name": "2-67"}}, {"data": {"source": 2, "Lift": 1.3084, "is_directed": false, "target": 68, "name": "2-68"}}, {"data": {"source": 8, "Lift": 11.991, "is_directed": false, "target": 9, "name": "8-9"}}, {"data": {"source": 16, "Lift": 3.821, "is_directed": false, "target": 65, "name": "16-65"}}, {"data": {"source": 16, "Lift": 3.0474, "is_directed": false, "target": 17, "name": "16-17"}}, {"data": {"source": 16, "Lift": 3.0552, "is_directed": false, "target": 51, "name": "16-51"}}, {"data": {"source": 16, "Lift": 3.5117, "is_directed": false, "target": 55, "name": "16-55"}}, {"data": {"source": 16, "Lift": 3.617, "is_directed": false, "target": 60, "name": "16-60"}}, {"data": {"source": 16, "Lift": 2.9419, "is_directed": false, "target": 29, "name": "16-29"}}, {"data": {"source": 22, "Lift": 15.898, "is_directed": false, "target": 54, "name": "22-54"}}, {"data": {"source": 22, "Lift": 11.782, "is_directed": false, "target": 23, "name": "22-23"}}, {"data": {"source": 23, "Lift": 5.5423, "is_directed": false, "target": 24, "name": "23-24"}}, {"data": {"source": 24, "Lift": 3.5436, "is_directed": false, "target": 67, "name": "24-67"}}, {"data": {"source": 24, "Lift": 3.1914, "is_directed": false, "target": 45, "name": "24-45"}}, {"data": {"source": 25, "Lift": 3.3371, "is_directed": false, "target": 26, "name": "25-26"}}, {"data": {"source": 27, "Lift": 3.0872, "is_directed": false, "target": 57, "name": "27-57"}}, {"data": {"source": 27, "Lift": 3.2693, "is_directed": false, "target": 28, "name": "27-28"}}, {"data": {"source": 27, "Lift": 2.6037, "is_directed": false, "target": 45, "name": "27-45"}}, {"data": {"source": 36, "Lift": 2.5235, "is_directed": false, "target": 68, "name": "36-68"}}, {"data": {"source": 36, "Lift": 5.1976, "is_directed": false, "target": 37, "name": "36-37"}}, {"data": {"source": 38, "Lift": 10.506, "is_directed": false, "target": 40, "name": "38-40"}}, {"data": {"source": 38, "Lift": 6.1779, "is_directed": false, "target": 42, "name": "38-42"}}, {"data": {"source": 38, "Lift": 18.865, "is_directed": false, "target": 39, "name": "38-39"}}, {"data": {"source": 39, "Lift": 13.17, "is_directed": false, "target": 40, "name": "39-40"}}, {"data": {"source": 39, "Lift": 7.8096, "is_directed": false, "target": 41, "name": "39-41"}}, {"data": {"source": 39, "Lift": 6.8568, "is_directed": false, "target": 42, "name": "39-42"}}, {"data": {"source": 43, "Lift": 11.762, "is_directed": false, "target": 44, "name": "43-44"}}, {"data": {"source": 46, "Lift": 13.396, "is_directed": false, "target": 47, "name": "46-47"}}, {"data": {"source": 63, "Lift": 6.2941, "is_directed": false, "target": 64, "name": "63-64"}}]}, "data": {"description": "<h1>\u8541\u9ebb\u75b9\u4e2d\u91ab\u6cbb\u7642\u5716\u8b5c</h1><h2>urticaria_(Support=0.5%, Confidence=40.0%)</h2>", "name": "urticaria_(Support=0.5%, Confidence=40.0%)", "tags": ["urticaria", "\u8541\u9ebb\u75b9\u4e2d\u91ab\u6cbb\u7642\u5716\u8b5c"]}}