{"elements": {"nodes": [{"data": {"popup": " ", "name": 0, "myGroup": "G0", "label": "\u834a\u9632\u6557\u6bd2\u6563", "nodeSupportPercent": 13.514, "id": 0}}, {"data": {"popup": " ", "name": 1, "myGroup": "G0", "label": "\u666e\u6fdf\u6d88\u6bd2\u98f2", "nodeSupportPercent": 1.1, "id": 1}}, {"data": {"popup": "  \u4f5c\u7528(allergy,inflammation,oxidation)", "name": 2, "myGroup": "G1", "label": "\u6d88\u98a8\u6563", "nodeSupportPercent": 47.268, "id": 2}}, {"data": {"popup": "  \u6c23(\u5bd2) \u5473(\u8f9b) \u7d93\u7d61(\u80ba) \u4f5c\u7528(allergy)", "name": 3, "myGroup": "G1", "label": "\u9b5a\u8165\u8349", "nodeSupportPercent": 1.02, "id": 3}}, {"data": {"popup": "  \u6c23(\u5e73) \u5473(\u8f9b,\u82e6) \u7d93\u7d61(\u809d) \u4f5c\u7528(bacteria,infection,inflammation,oxidation)", "name": 4, "myGroup": "G1", "label": "\u767d\u84ba\u85dc", "nodeSupportPercent": 1.18, "id": 4}}, {"data": {"popup": "  \u6c23(\u5e73) \u5473(\u7518) \u7d93\u7d61(\u809d,\u5fc3) \u4f5c\u7528(inflammation)", "name": 5, "myGroup": "G1", "label": "\u9178\u68d7\u4ec1", "nodeSupportPercent": 1.08, "id": 5}}, {"data": {"popup": "  \u6c23(\u5bd2) \u5473(\u7518) \u7d93\u7d61(\u80ba,\u80c3,\u8180\u80f1) \u4f5c\u7528(oxidation)", "name": 6, "myGroup": "G1", "label": "\u767d\u8305\u6839", "nodeSupportPercent": 1.12, "id": 6}}, {"data": {"popup": "  \u6c23(\u5bd2) \u5473(\u7518) \u7d93\u7d61(\u809d,\u80ba,\u814e) \u4f5c\u7528(oxidation)", "name": 7, "myGroup": "G1", "label": "\u8eca\u524d\u5b50", "nodeSupportPercent": 1.06, "id": 7}}, {"data": {"popup": "  \u6c23(\u5bd2) \u5473(\u82e6) \u7d93\u7d61(\u813e,\u80c3) \u4f5c\u7528(allergy,infection,inflammation)", "name": 8, "myGroup": "G2", "label": "\u767d\u9bae\u76ae", "nodeSupportPercent": 17.019, "id": 8}}, {"data": {"popup": "  \u6c23(\u6dbc) \u5473(\u7518) \u7d93\u7d61(\u5fc3)", "name": 9, "myGroup": "G2", "label": "\u6d6e\u5c0f\u9ea5", "nodeSupportPercent": 2.09, "id": 9}}, {"data": {"popup": "  \u6c23(\u6eab) \u5473(\u8f9b) \u7d93\u7d61(\u813e,\u80c3) \u4f5c\u7528(bacteria,infection,inflammation)", "name": 10, "myGroup": "G3", "label": "\u7802\u4ec1", "nodeSupportPercent": 2.8769, "id": 10}}, {"data": {"popup": " ", "name": 11, "myGroup": "G3", "label": "\u7099\u7518\u8349", "nodeSupportPercent": 1.23, "id": 11}}, {"data": {"popup": "  \u6c23(\u6eab) \u5473(\u8f9b) \u7d93\u7d61(\u80ba,\u5927\u8178,\u80c3) \u4f5c\u7528(allergy,infection,inflammation,oxidation)", "name": 12, "myGroup": "G3", "label": "\u767d\u82b7", "nodeSupportPercent": 3.949, "id": 12}}, {"data": {"popup": "  \u6c23(\u5bd2) \u5473(\u82e6) \u7d93\u7d61(\u809d,\u80ba,\u81bd,\u5927\u8178,\u80c3) \u4f5c\u7528(allergy)", "name": 13, "myGroup": "G3", "label": "\u9ec3\u82a9", "nodeSupportPercent": 5.7589, "id": 13}}, {"data": {"popup": "  \u6c23(\u5bd2) \u5473(\u82e6) \u7d93\u7d61(\u809d,\u5fc3,\u813e,\u5927\u8178,\u80c3) \u4f5c\u7528(allergy,bacteria,infection,inflammation)", "name": 14, "myGroup": "G3", "label": "\u5927\u9ec3", "nodeSupportPercent": 7.6707, "id": 14}}, {"data": {"popup": "  \u6c23(\u5bd2) \u5473(\u7518,\u82e6) \u7d93\u7d61(\u809d,\u80c3)", "name": 15, "myGroup": "G4", "label": "\u84b2\u516c\u82f1", "nodeSupportPercent": 4.0818, "id": 15}}, {"data": {"popup": "  \u6c23(\u5bd2) \u5473(\u8f9b,\u82e6) \u7d93\u7d61(\u809d,\u5fc3) \u4f5c\u7528(bacteria)", "name": 16, "myGroup": "G4", "label": "\u7d2b\u82b1\u5730\u4e01", "nodeSupportPercent": 1.27, "id": 16}}, {"data": {"popup": "  \u6c23(\u5bd2) \u5473(\u82e6) \u7d93\u7d61(\u5fc3,\u80ba,\u5c0f\u8178)", "name": 17, "myGroup": "G5", "label": "\u9023\u7ff9", "nodeSupportPercent": 13.447, "id": 17}}, {"data": {"popup": "  \u6c23(\u5bd2) \u5473(\u8f9b,\u82e6) \u7d93\u7d61(\u80ba,\u80c3) \u4f5c\u7528(bacteria,infection,inflammation)", "name": 18, "myGroup": "G5", "label": "\u725b\u84a1\u5b50", "nodeSupportPercent": 1.02, "id": 18}}, {"data": {"popup": "  \u6c23(\u5bd2) \u5473(\u7518) \u7d93\u7d61(\u809d,\u80ba) \u4f5c\u7528(inflammation)", "name": 19, "myGroup": "G5", "label": "\u87ec\u86fb", "nodeSupportPercent": 15.938, "id": 19}}, {"data": {"popup": " ", "name": 20, "myGroup": "G6", "label": "\u6842\u679d\u6e6f", "nodeSupportPercent": 5.8135, "id": 20}}, {"data": {"popup": "  \u4f5c\u7528(inflammation)", "name": 21, "myGroup": "G6", "label": "\u9ebb\u9ec3\u6e6f", "nodeSupportPercent": 1.99, "id": 21}}, {"data": {"popup": " ", "name": 22, "myGroup": "G1", "label": "\u9ebb\u674f\u858f\u7518\u6e6f", "nodeSupportPercent": 1.87, "id": 22}}, {"data": {"popup": "  \u4f5c\u7528(infection)", "name": 23, "myGroup": "G1", "label": "\u77e5\u67cf\u5730\u9ec3\u4e38", "nodeSupportPercent": 1.66, "id": 23}}, {"data": {"popup": " ", "name": 24, "myGroup": "G1", "label": "\u67f4\u80e1\u6e05\u809d\u6e6f", "nodeSupportPercent": 2.25, "id": 24}}, {"data": {"popup": "  \u6c23(\u5bd2) \u5473(\u8f9b,\u82e6) \u7d93\u7d61(\u809d,\u5fc3,\u814e) \u4f5c\u7528(allergy,bacteria,infection,inflammation,oxidation)", "name": 25, "myGroup": "G7", "label": "\u7261\u4e39\u76ae", "nodeSupportPercent": 13.788, "id": 25}}, {"data": {"popup": " ", "name": 26, "myGroup": "G7", "label": "\u7d2b\u8349\u6839", "nodeSupportPercent": 1.7, "id": 26}}, {"data": {"popup": " ", "name": 27, "myGroup": "G1", "label": "\u84bc\u8033\u5b50", "nodeSupportPercent": 2.0, "id": 27}}, {"data": {"popup": "  \u6c23(\u6eab) \u5473(\u8f9b,\u82e6) \u7d93\u7d61(\u814e) \u4f5c\u7528(allergy,bacteria)", "name": 28, "myGroup": "G1", "label": "\u86c7\u5e8a\u5b50", "nodeSupportPercent": 2.21, "id": 28}}, {"data": {"popup": "  \u6c23(\u6eab) \u5473(\u8f9b,\u82e6) \u7d93\u7d61(\u80ba,\u8180\u80f1) \u4f5c\u7528(allergy,bacteria)", "name": 29, "myGroup": "G8", "label": "\u9ebb\u9ec3", "nodeSupportPercent": 3.5231, "id": 29}}, {"data": {"popup": "  \u6c23(\u6eab) \u5473(\u82e6) \u7d93\u7d61(\u80ba,\u5927\u8178) \u4f5c\u7528(inflammation)", "name": 30, "myGroup": "G8", "label": "\u674f\u4ec1", "nodeSupportPercent": 1.97, "id": 30}}, {"data": {"popup": "  \u6c23(\u5bd2) \u5473(\u7518) \u7d93\u7d61(\u80ba,\u814e) \u4f5c\u7528(inflammation)", "name": 31, "myGroup": "G7", "label": "\u5730\u9aa8\u76ae", "nodeSupportPercent": 3.12, "id": 31}}, {"data": {"popup": "  \u6c23(\u5bd2) \u5473(\u82e6) \u7d93\u7d61(\u809d,\u5fc3,\u5927\u8178,\u80c3,\u8180\u80f1) \u4f5c\u7528(allergy,infection,oxidation)", "name": 32, "myGroup": "G1", "label": "\u82e6\u53c3", "nodeSupportPercent": 3.44, "id": 32}}, {"data": {"popup": "  \u6c23(\u5e73) \u5473(\u8f9b,\u9e79) \u7d93\u7d61(\u809d,\u80ba)", "name": 33, "myGroup": "G5", "label": "\u6bad\u8836", "nodeSupportPercent": 3.69, "id": 33}}, {"data": {"popup": "  \u4f5c\u7528(allergy)", "name": 34, "myGroup": "G1", "label": "\u6eab\u6e05\u98f2", "nodeSupportPercent": 7.1, "id": 34}}, {"data": {"popup": " ", "name": 35, "myGroup": "G1", "label": "\u9f8d\u81bd\u7009\u809d\u6e6f", "nodeSupportPercent": 7.09, "id": 35}}, {"data": {"popup": "  \u6c23(\u5bd2) \u5473(\u82e6) \u7d93\u7d61(\u809d)", "name": 36, "myGroup": "G7", "label": "\u8d64\u828d", "nodeSupportPercent": 5.15, "id": 36}}, {"data": {"popup": " ", "name": 37, "myGroup": "G1", "label": "\u84ba\u85dc", "nodeSupportPercent": 6.09, "id": 37}}, {"data": {"popup": "  \u4f5c\u7528(allergy,inflammation)", "name": 38, "myGroup": "G1", "label": "\u9ec3\u9023\u89e3\u6bd2\u6e6f", "nodeSupportPercent": 8.22, "id": 38}}, {"data": {"popup": "  \u6c23(\u6eab) \u5473(\u8f9b) \u7d93\u7d61(\u809d,\u80ba)", "name": 39, "myGroup": "G9", "label": "\u834a\u82a5", "nodeSupportPercent": 8.3714, "id": 39}}, {"data": {"popup": "  \u6c23(\u6eab) \u5473(\u8f9b,\u7518) \u7d93\u7d61(\u809d,\u813e,\u8180\u80f1) \u4f5c\u7528(allergy,bacteria,inflammation)", "name": 40, "myGroup": "G9", "label": "\u9632\u98a8", "nodeSupportPercent": 6.08, "id": 40}}, {"data": {"popup": "  \u6c23(\u5bd2) \u5473(\u7518,\u82e6) \u7d93\u7d61(\u809d,\u5fc3,\u814e) \u4f5c\u7528(allergy,bacteria,infection,inflammation,oxidation)", "name": 41, "myGroup": "G7", "label": "\u751f\u5730\u9ec3", "nodeSupportPercent": 6.54, "id": 41}}, {"data": {"popup": "  \u6c23(\u5e73) \u5473(\u7518) \u7d93\u7d61(\u809d,\u80c3) \u4f5c\u7528(allergy,inflammation)", "name": 42, "myGroup": "G1", "label": "\u571f\u832f\u82d3", "nodeSupportPercent": 7.97, "id": 42}}, {"data": {"popup": "  \u6c23(\u5bd2) \u5473(\u7518) \u7d93\u7d61(\u80ba,\u5927\u8178,\u80c3) \u4f5c\u7528(allergy,bacteria,infection,inflammation,oxidation)", "name": 43, "myGroup": "G5", "label": "\u91d1\u9280\u82b1", "nodeSupportPercent": 8.45, "id": 43}}, {"data": {"popup": "  \u6c23(\u5bd2) \u5473(\u82e6) \u7d93\u7d61(\u8180\u80f1) \u4f5c\u7528(allergy)", "name": 44, "myGroup": "G2", "label": "\u5730\u819a\u5b50", "nodeSupportPercent": 13.7, "id": 44}}], "edges": [{"data": {"source": 0, "Lift": 3.3371, "is_directed": false, "target": 1, "name": "0-1"}}, {"data": {"source": 1, "Lift": 1.4558, "is_directed": false, "target": 2, "name": "1-2"}}, {"data": {"source": 2, "Lift": 1.1729, "is_directed": false, "target": 32, "name": "2-32"}}, {"data": {"source": 2, "Lift": 1.0105, "is_directed": false, "target": 19, "name": "2-19"}}, {"data": {"source": 2, "Lift": 1.0218, "is_directed": false, "target": 34, "name": "2-34"}}, {"data": {"source": 2, "Lift": 1.0407, "is_directed": false, "target": 3, "name": "2-3"}}, {"data": {"source": 2, "Lift": 1.067, "is_directed": false, "target": 4, "name": "2-4"}}, {"data": {"source": 2, "Lift": 1.0759, "is_directed": false, "target": 5, "name": "2-5"}}, {"data": {"source": 2, "Lift": 1.0792, "is_directed": false, "target": 6, "name": "2-6"}}, {"data": {"source": 2, "Lift": 1.031, "is_directed": false, "target": 7, "name": "2-7"}}, {"data": {"source": 2, "Lift": 1.1272, "is_directed": false, "target": 8, "name": "2-8"}}, {"data": {"source": 2, "Lift": 1.0062, "is_directed": false, "target": 31, "name": "2-31"}}, {"data": {"source": 2, "Lift": 1.295, "is_directed": false, "target": 42, "name": "2-42"}}, {"data": {"source": 2, "Lift": 1.0078, "is_directed": false, "target": 43, "name": "2-43"}}, {"data": {"source": 2, "Lift": 1.3084, "is_directed": false, "target": 44, "name": "2-44"}}, {"data": {"source": 2, "Lift": 1.1972, "is_directed": false, "target": 27, "name": "2-27"}}, {"data": {"source": 2, "Lift": 1.1054, "is_directed": false, "target": 35, "name": "2-35"}}, {"data": {"source": 2, "Lift": 1.0334, "is_directed": false, "target": 22, "name": "2-22"}}, {"data": {"source": 2, "Lift": 1.0021, "is_directed": false, "target": 23, "name": "2-23"}}, {"data": {"source": 2, "Lift": 1.052, "is_directed": false, "target": 24, "name": "2-24"}}, {"data": {"source": 2, "Lift": 1.0585, "is_directed": false, "target": 38, "name": "2-38"}}, {"data": {"source": 2, "Lift": 1.2402, "is_directed": false, "target": 28, "name": "2-28"}}, {"data": {"source": 2, "Lift": 1.0428, "is_directed": false, "target": 37, "name": "2-37"}}, {"data": {"source": 8, "Lift": 5.1976, "is_directed": false, "target": 9, "name": "8-9"}}, {"data": {"source": 8, "Lift": 2.5235, "is_directed": false, "target": 44, "name": "8-44"}}, {"data": {"source": 10, "Lift": 18.865, "is_directed": false, "target": 11, "name": "10-11"}}, {"data": {"source": 10, "Lift": 10.506, "is_directed": false, "target": 12, "name": "10-12"}}, {"data": {"source": 10, "Lift": 6.1779, "is_directed": false, "target": 14, "name": "10-14"}}, {"data": {"source": 11, "Lift": 13.17, "is_directed": false, "target": 12, "name": "11-12"}}, {"data": {"source": 11, "Lift": 7.8096, "is_directed": false, "target": 13, "name": "11-13"}}, {"data": {"source": 11, "Lift": 6.8568, "is_directed": false, "target": 14, "name": "11-14"}}, {"data": {"source": 15, "Lift": 11.762, "is_directed": false, "target": 16, "name": "15-16"}}, {"data": {"source": 17, "Lift": 3.1914, "is_directed": false, "target": 18, "name": "17-18"}}, {"data": {"source": 17, "Lift": 3.5436, "is_directed": false, "target": 43, "name": "17-43"}}, {"data": {"source": 18, "Lift": 2.6037, "is_directed": false, "target": 19, "name": "18-19"}}, {"data": {"source": 19, "Lift": 3.0872, "is_directed": false, "target": 33, "name": "19-33"}}, {"data": {"source": 20, "Lift": 13.396, "is_directed": false, "target": 21, "name": "20-21"}}, {"data": {"source": 25, "Lift": 3.821, "is_directed": false, "target": 41, "name": "25-41"}}, {"data": {"source": 25, "Lift": 3.0552, "is_directed": false, "target": 26, "name": "25-26"}}, {"data": {"source": 25, "Lift": 3.617, "is_directed": false, "target": 36, "name": "25-36"}}, {"data": {"source": 25, "Lift": 3.5117, "is_directed": false, "target": 31, "name": "25-31"}}, {"data": {"source": 29, "Lift": 15.898, "is_directed": false, "target": 30, "name": "29-30"}}, {"data": {"source": 39, "Lift": 6.2941, "is_directed": false, "target": 40, "name": "39-40"}}]}, "data": {"description": "<h1>\u8541\u9ebb\u75b9\u4e2d\u91ab\u6cbb\u7642\u5716\u8b5c</h1><h2>urticaria_(Support=1.0%, Confidence=40.0%)</h2>", "name": "urticaria_(Support=1.0%, Confidence=40.0%)", "tags": ["urticaria", "\u8541\u9ebb\u75b9\u4e2d\u91ab\u6cbb\u7642\u5716\u8b5c"]}}