{"elements": {"nodes": [{"data": {"popup": " ", "name": 0, "myGroup": "G0", "label": "\u6e05\u80c3\u6563", "nodeSupportPercent": 0.97646, "id": 0}}, {"data": {"popup": " ", "name": 1, "myGroup": "G0", "label": "\u666e\u6fdf\u6d88\u6bd2\u98f2", "nodeSupportPercent": 1.1, "id": 1}}, {"data": {"popup": "  \u6c23(\u6eab) \u5473(\u8f9b,\u7518) \u7d93\u7d61(\u809d,\u813e,\u8180\u80f1) \u4f5c\u7528(allergy,bacteria,inflammation)", "name": 2, "myGroup": "G0", "label": "\u9632\u98a8", "nodeSupportPercent": 6.081, "id": 2}}, {"data": {"popup": " ", "name": 3, "myGroup": "G0", "label": "\u6843\u7d05\u56db\u7269\u6e6f", "nodeSupportPercent": 1.01, "id": 3}}, {"data": {"popup": "  \u6c23(\u6eab) \u5473(\u8f9b) \u7d93\u7d61(\u809d,\u80ba)", "name": 4, "myGroup": "G0", "label": "\u834a\u82a5", "nodeSupportPercent": 8.3714, "id": 4}}, {"data": {"popup": "  \u6c23(\u5bd2) \u5473(\u82e6) \u7d93\u7d61(\u5fc3,\u80ba,\u5c0f\u8178)", "name": 5, "myGroup": "G1", "label": "\u9023\u7ff9", "nodeSupportPercent": 13.447, "id": 5}}, {"data": {"popup": " ", "name": 6, "myGroup": "G1", "label": "\u6e05\u4e0a\u9632\u98a8\u6e6f", "nodeSupportPercent": 3.0549, "id": 6}}, {"data": {"popup": " ", "name": 7, "myGroup": "G0", "label": "\u834a\u9632\u6557\u6bd2\u6563", "nodeSupportPercent": 13.514, "id": 7}}, {"data": {"popup": "  \u4f5c\u7528(allergy,inflammation,oxidation)", "name": 8, "myGroup": "G2", "label": "\u6d88\u98a8\u6563", "nodeSupportPercent": 47.268, "id": 8}}, {"data": {"popup": "  \u6c23(\u5bd2) \u5473(\u7518) \u7d93\u7d61(\u809d,\u80ba,\u814e) \u4f5c\u7528(oxidation)", "name": 9, "myGroup": "G2", "label": "\u8eca\u524d\u5b50", "nodeSupportPercent": 1.0577, "id": 9}}, {"data": {"popup": "  \u6c23(\u5bd2) \u5473(\u8f9b) \u7d93\u7d61(\u80ba) \u4f5c\u7528(allergy)", "name": 10, "myGroup": "G2", "label": "\u9b5a\u8165\u8349", "nodeSupportPercent": 1.02, "id": 10}}, {"data": {"popup": "  \u6c23(\u5bd2) \u5473(\u82e6) \u7d93\u7d61(\u8180\u80f1) \u4f5c\u7528(allergy)", "name": 11, "myGroup": "G0", "label": "\u5730\u819a\u5b50", "nodeSupportPercent": 13.697, "id": 11}}, {"data": {"popup": "  \u6c23(\u5e73) \u5473(\u8f9b,\u82e6) \u7d93\u7d61(\u809d) \u4f5c\u7528(bacteria,infection,inflammation,oxidation)", "name": 12, "myGroup": "G0", "label": "\u767d\u84ba\u85dc", "nodeSupportPercent": 1.18, "id": 12}}, {"data": {"popup": "  \u6c23(\u5bd2) \u5473(\u82e6) \u7d93\u7d61(\u813e,\u80c3) \u4f5c\u7528(allergy,infection,inflammation)", "name": 13, "myGroup": "G3", "label": "\u767d\u9bae\u76ae", "nodeSupportPercent": 17.019, "id": 13}}, {"data": {"popup": "  \u6c23(\u5bd2) \u5473(\u7518) \u7d93\u7d61(\u809d,\u80ba) \u4f5c\u7528(inflammation)", "name": 14, "myGroup": "G0", "label": "\u87ec\u86fb", "nodeSupportPercent": 15.938, "id": 14}}, {"data": {"popup": "  \u6c23(\u5e73) \u5473(\u7518) \u7d93\u7d61(\u809d,\u5fc3) \u4f5c\u7528(inflammation)", "name": 15, "myGroup": "G2", "label": "\u9178\u68d7\u4ec1", "nodeSupportPercent": 1.08, "id": 15}}, {"data": {"popup": "  \u6c23(\u5bd2) \u5473(\u8f9b,\u82e6) \u7d93\u7d61(\u809d,\u5fc3,\u814e) \u4f5c\u7528(allergy,bacteria,infection,inflammation,oxidation)", "name": 16, "myGroup": "G3", "label": "\u7261\u4e39\u76ae", "nodeSupportPercent": 13.788, "id": 16}}, {"data": {"popup": "  \u6c23(\u5e73) \u5473(\u9178) \u7d93\u7d61(\u809d,\u813e,\u80ba,\u5927\u8178) \u4f5c\u7528(bacteria)", "name": 17, "myGroup": "G0", "label": "\u70cf\u6885", "nodeSupportPercent": 1.11, "id": 17}}, {"data": {"popup": "  \u6c23(\u5bd2) \u5473(\u7518) \u7d93\u7d61(\u80ba,\u80c3,\u8180\u80f1) \u4f5c\u7528(oxidation)", "name": 18, "myGroup": "G2", "label": "\u767d\u8305\u6839", "nodeSupportPercent": 1.12, "id": 18}}, {"data": {"popup": "  \u6c23(\u6eab) \u5473(\u8f9b,\u82e6) \u7d93\u7d61(\u813e,\u80ba,\u5927\u8178,\u80c3) \u4f5c\u7528(bacteria,inflammation)", "name": 19, "myGroup": "G4", "label": "\u539a\u6734", "nodeSupportPercent": 1.7008, "id": 19}}, {"data": {"popup": "  \u6c23(\u5bd2) \u5473(\u8f9b,\u82e6) \u7d93\u7d61(\u813e,\u5927\u8178,\u80c3) \u4f5c\u7528(bacteria,infection,inflammation)", "name": 20, "myGroup": "G4", "label": "\u67b3\u5be6", "nodeSupportPercent": 1.13, "id": 20}}, {"data": {"popup": "  \u6c23(\u5bd2) \u5473(\u82e6) \u7d93\u7d61(\u809d,\u5fc3,\u813e,\u5927\u8178,\u80c3) \u4f5c\u7528(allergy,bacteria,infection,inflammation)", "name": 21, "myGroup": "G4", "label": "\u5927\u9ec3", "nodeSupportPercent": 7.6707, "id": 21}}, {"data": {"popup": "  \u4f5c\u7528(bacteria,inflammation,oxidation)", "name": 22, "myGroup": "G2", "label": "\u67b3\u6bbc", "nodeSupportPercent": 1.3016, "id": 22}}, {"data": {"popup": "  \u6c23(\u6dbc) \u5473(\u8f9b) \u7d93\u7d61(\u809d,\u80ba)", "name": 23, "myGroup": "G0", "label": "\u8584\u8377", "nodeSupportPercent": 2.8481, "id": 23}}, {"data": {"popup": "  \u6c23(\u6dbc) \u5473(\u7518) \u7d93\u7d61(\u5fc3)", "name": 24, "myGroup": "G0", "label": "\u6d6e\u5c0f\u9ea5", "nodeSupportPercent": 2.09, "id": 24}}, {"data": {"popup": "  \u6c23(\u5e73) \u5473(\u7518) \u7d93\u7d61(\u5fc3,\u813e,\u80ba,\u80c3) \u4f5c\u7528(allergy,bacteria,inflammation)", "name": 25, "myGroup": "G4", "label": "\u7518\u8349", "nodeSupportPercent": 8.7634, "id": 25}}, {"data": {"popup": " ", "name": 26, "myGroup": "G4", "label": "\u67f4\u80e1\u6842\u679d\u6e6f", "nodeSupportPercent": 1.37, "id": 26}}, {"data": {"popup": "  \u6c23(\u6eab) \u5473(\u8f9b,\u7518) \u7d93\u7d61(\u809d,\u5fc3,\u813e) \u4f5c\u7528(allergy,bacteria,inflammation)", "name": 27, "myGroup": "G5", "label": "\u7576\u6b78", "nodeSupportPercent": 2.6001, "id": 27}}, {"data": {"popup": "  \u6c23(\u6eab) \u5473(\u8f9b) \u7d93\u7d61(\u809d,\u5fc3,\u81bd,\u5fc3\u5305) \u4f5c\u7528(allergy,bacteria,inflammation,oxidation)", "name": 28, "myGroup": "G5", "label": "\u5ddd\u828e", "nodeSupportPercent": 1.05, "id": 28}}, {"data": {"popup": "  \u6c23(\u5bd2) \u5473(\u7518,\u82e6) \u7d93\u7d61(\u80ba,\u80c3) \u4f5c\u7528(allergy,bacteria,inflammation)", "name": 29, "myGroup": "G4", "label": "\u5929\u82b1\u7c89", "nodeSupportPercent": 2.1957, "id": 29}}, {"data": {"popup": " ", "name": 30, "myGroup": "G4", "label": "\u7099\u7518\u8349", "nodeSupportPercent": 1.23, "id": 30}}, {"data": {"popup": "  \u6c23(\u6eab) \u5473(\u8f9b) \u7d93\u7d61(\u813e,\u80c3) \u4f5c\u7528(bacteria,infection,inflammation)", "name": 31, "myGroup": "G4", "label": "\u7802\u4ec1", "nodeSupportPercent": 2.8769, "id": 31}}, {"data": {"popup": "  \u6c23(\u6eab) \u5473(\u8f9b) \u7d93\u7d61(\u80ba,\u5927\u8178,\u80c3) \u4f5c\u7528(allergy,infection,inflammation,oxidation)", "name": 32, "myGroup": "G4", "label": "\u767d\u82b7", "nodeSupportPercent": 3.949, "id": 32}}, {"data": {"popup": "  \u6c23(\u5bd2) \u5473(\u82e6) \u7d93\u7d61(\u809d,\u80ba,\u81bd,\u5927\u8178,\u80c3) \u4f5c\u7528(allergy)", "name": 33, "myGroup": "G4", "label": "\u9ec3\u82a9", "nodeSupportPercent": 5.7589, "id": 33}}, {"data": {"popup": "  \u4f5c\u7528(bacteria,infection)", "name": 34, "myGroup": "G5", "label": "\u7518\u9732\u6d88\u6bd2\u4e39", "nodeSupportPercent": 2.2276, "id": 34}}, {"data": {"popup": "  \u6c23(\u5bd2) \u5473(\u8f9b,\u82e6) \u7d93\u7d61(\u809d,\u5fc3) \u4f5c\u7528(bacteria)", "name": 35, "myGroup": "G5", "label": "\u7d2b\u82b1\u5730\u4e01", "nodeSupportPercent": 1.27, "id": 35}}, {"data": {"popup": "  \u6c23(\u5bd2) \u5473(\u7518,\u82e6) \u7d93\u7d61(\u809d,\u80c3)", "name": 36, "myGroup": "G5", "label": "\u84b2\u516c\u82f1", "nodeSupportPercent": 4.0818, "id": 36}}, {"data": {"popup": "  \u6c23(\u5bd2) \u5473(\u7518) \u7d93\u7d61(\u813e,\u80ba,\u80c3)", "name": 37, "myGroup": "G5", "label": "\u858f\u82e1\u4ec1", "nodeSupportPercent": 7.7551, "id": 37}}, {"data": {"popup": "  \u6c23(\u5e73) \u5473(\u9178,\u82e6) \u7d93\u7d61(\u809d,\u814e) \u4f5c\u7528(allergy,inflammation)", "name": 38, "myGroup": "G3", "label": "\u725b\u819d", "nodeSupportPercent": 1.03, "id": 38}}, {"data": {"popup": "  \u6c23(\u5bd2) \u5473(\u82e6) \u7d93\u7d61(\u809d)", "name": 39, "myGroup": "G3", "label": "\u8d64\u828d", "nodeSupportPercent": 5.1519, "id": 39}}, {"data": {"popup": "  \u6c23(\u5bd2) \u5473(\u8f9b,\u82e6) \u7d93\u7d61(\u80ba,\u80c3) \u4f5c\u7528(bacteria,infection,inflammation)", "name": 40, "myGroup": "G0", "label": "\u725b\u84a1\u5b50", "nodeSupportPercent": 1.02, "id": 40}}, {"data": {"popup": "  \u6c23(\u5bd2) \u5473(\u7518) \u7d93\u7d61(\u80ba,\u5927\u8178,\u80c3) \u4f5c\u7528(allergy,bacteria,infection,inflammation,oxidation)", "name": 41, "myGroup": "G1", "label": "\u91d1\u9280\u82b1", "nodeSupportPercent": 8.4537, "id": 41}}, {"data": {"popup": "  \u6c23(\u5bd2) \u5473(\u7518,\u82e6) \u7d93\u7d61(\u809d,\u80ba)", "name": 42, "myGroup": "G1", "label": "\u83ca\u82b1", "nodeSupportPercent": 1.17, "id": 42}}, {"data": {"popup": " ", "name": 43, "myGroup": "G4", "label": "\u7d2b\u8607\u8449", "nodeSupportPercent": 1.72, "id": 43}}, {"data": {"popup": "  \u4f5c\u7528(allergy,inflammation)", "name": 44, "myGroup": "G2", "label": "\u9ec3\u9023\u89e3\u6bd2\u6e6f", "nodeSupportPercent": 8.2243, "id": 44}}, {"data": {"popup": " ", "name": 45, "myGroup": "G2", "label": "\u56db\u7269\u6e6f", "nodeSupportPercent": 1.89, "id": 45}}, {"data": {"popup": "  \u6c23(\u5bd2) \u5473(\u82e6) \u7d93\u7d61(\u814e,\u5927\u8178,\u8180\u80f1) \u4f5c\u7528(allergy)", "name": 46, "myGroup": "G3", "label": "\u9ec3\u67cf", "nodeSupportPercent": 1.993, "id": 46}}, {"data": {"popup": "  \u6c23(\u5bd2) \u5473(\u7518,\u82e6) \u7d93\u7d61(\u80ba,\u814e,\u80c3) \u4f5c\u7528(bacteria,inflammation)", "name": 47, "myGroup": "G3", "label": "\u77e5\u6bcd", "nodeSupportPercent": 1.4, "id": 47}}, {"data": {"popup": "  \u6c23(\u5bd2) \u5473(\u8f9b,\u7518) \u7d93\u7d61(\u80ba,\u80c3) \u4f5c\u7528(infection)", "name": 48, "myGroup": "G3", "label": "\u77f3\u818f", "nodeSupportPercent": 2.454, "id": 48}}, {"data": {"popup": "  \u6c23(\u5bd2) \u5473(\u7518,\u82e6) \u7d93\u7d61(\u809d,\u5fc3,\u814e) \u4f5c\u7528(allergy,bacteria,infection,inflammation,oxidation)", "name": 49, "myGroup": "G3", "label": "\u751f\u5730\u9ec3", "nodeSupportPercent": 6.5389, "id": 49}}, {"data": {"popup": " ", "name": 50, "myGroup": "G1", "label": "\u6842\u679d\u6e6f", "nodeSupportPercent": 5.8135, "id": 50}}, {"data": {"popup": "  \u4f5c\u7528(inflammation)", "name": 51, "myGroup": "G1", "label": "\u9ebb\u9ec3\u6e6f", "nodeSupportPercent": 1.99, "id": 51}}, {"data": {"popup": " ", "name": 52, "myGroup": "G2", "label": "\u9ebb\u674f\u858f\u7518\u6e6f", "nodeSupportPercent": 1.87, "id": 52}}, {"data": {"popup": "  \u6c23(\u5bd2) \u5473(\u82e6) \u7d93\u7d61(\u809d,\u813e,\u81bd,\u80c3) \u4f5c\u7528(infection)", "name": 53, "myGroup": "G1", "label": "\u8335\u9673\u84bf", "nodeSupportPercent": 1.47, "id": 53}}, {"data": {"popup": "  \u4f5c\u7528(infection)", "name": 54, "myGroup": "G2", "label": "\u77e5\u67cf\u5730\u9ec3\u4e38", "nodeSupportPercent": 1.66, "id": 54}}, {"data": {"popup": "  \u6c23(\u5e73) \u5473(\u7518,\u82e6) \u7d93\u7d61(\u809d,\u5fc3)", "name": 55, "myGroup": "G3", "label": "\u591c\u4ea4\u85e4", "nodeSupportPercent": 1.58, "id": 55}}, {"data": {"popup": "  \u6c23(\u6eab) \u5473(\u8f9b,\u82e6) \u7d93\u7d61(\u80ba,\u8180\u80f1) \u4f5c\u7528(allergy,bacteria)", "name": 56, "myGroup": "G1", "label": "\u9ebb\u9ec3", "nodeSupportPercent": 3.5231, "id": 56}}, {"data": {"popup": "  \u6c23(\u6eab) \u5473(\u8f9b,\u7518) \u7d93\u7d61(\u5fc3,\u80ba,\u8180\u80f1) \u4f5c\u7528(infection,oxidation)", "name": 57, "myGroup": "G1", "label": "\u6842\u679d", "nodeSupportPercent": 1.43, "id": 57}}, {"data": {"popup": "  \u6c23(\u5bd2) \u5473(\u7518,\u82e6,\u9e79) \u7d93\u7d61(\u80ba,\u814e,\u80c3) \u4f5c\u7528(inflammation)", "name": 58, "myGroup": "G3", "label": "\u7384\u53c3", "nodeSupportPercent": 3.5045, "id": 58}}, {"data": {"popup": "  \u6c23(\u5bd2) \u5473(\u7518,\u82e6) \u7d93\u7d61(\u5fc3,\u80ba,\u80c3) \u4f5c\u7528(allergy,inflammation)", "name": 59, "myGroup": "G3", "label": "\u9ea5\u9580\u51ac", "nodeSupportPercent": 1.47, "id": 59}}, {"data": {"popup": "  \u6c23(\u5bd2) \u5473(\u8f9b,\u82e6) \u7d93\u7d61(\u809d,\u5fc3,\u81bd,\u5fc3\u5305,\u4e09\u7126) \u4f5c\u7528(allergy,infection,inflammation,oxidation)", "name": 60, "myGroup": "G4", "label": "\u67f4\u80e1", "nodeSupportPercent": 1.55, "id": 60}}, {"data": {"popup": " ", "name": 61, "myGroup": "G2", "label": "\u67f4\u80e1\u6e05\u809d\u6e6f", "nodeSupportPercent": 2.25, "id": 61}}, {"data": {"popup": "  \u4f5c\u7528(bacteria)", "name": 62, "myGroup": "G0", "label": "\u845b\u6839\u6e6f", "nodeSupportPercent": 2.36, "id": 62}}, {"data": {"popup": "  \u6c23(\u5bd2) \u5473(\u9178,\u82e6) \u7d93\u7d61(\u809d,\u813e) \u4f5c\u7528(bacteria,infection,inflammation,oxidation)", "name": 63, "myGroup": "G5", "label": "\u767d\u828d", "nodeSupportPercent": 1.58, "id": 63}}, {"data": {"popup": " ", "name": 64, "myGroup": "G3", "label": "\u84ba\u85dc", "nodeSupportPercent": 6.0913, "id": 64}}, {"data": {"popup": "  \u6c23(\u6eab) \u5473(\u7518,\u82e6) \u7d93\u7d61(\u809d,\u814e) \u4f5c\u7528(allergy,bacteria,infection)", "name": 65, "myGroup": "G3", "label": "\u4f55\u9996\u70cf", "nodeSupportPercent": 1.78, "id": 65}}, {"data": {"popup": " ", "name": 66, "myGroup": "G3", "label": "\u7d2b\u8349\u6839", "nodeSupportPercent": 1.7, "id": 66}}, {"data": {"popup": " ", "name": 67, "myGroup": "G0", "label": "\u84bc\u8033\u5b50", "nodeSupportPercent": 2.0, "id": 67}}, {"data": {"popup": " ", "name": 68, "myGroup": "G3", "label": "\u834a\u82a5\u9023\u7ff9\u6e6f", "nodeSupportPercent": 2.41, "id": 68}}, {"data": {"popup": "  \u6c23(\u6eab) \u5473(\u8f9b,\u82e6) \u7d93\u7d61(\u814e) \u4f5c\u7528(allergy,bacteria)", "name": 69, "myGroup": "G2", "label": "\u86c7\u5e8a\u5b50", "nodeSupportPercent": 2.21, "id": 69}}, {"data": {"popup": "  \u6c23(\u6eab) \u5473(\u82e6) \u7d93\u7d61(\u80ba,\u5927\u8178) \u4f5c\u7528(inflammation)", "name": 70, "myGroup": "G1", "label": "\u674f\u4ec1", "nodeSupportPercent": 1.97, "id": 70}}, {"data": {"popup": "  \u4f5c\u7528(allergy,infection)", "name": 71, "myGroup": "G1", "label": "\u52a0\u5473\u900d\u9059\u6563", "nodeSupportPercent": 6.5337, "id": 71}}, {"data": {"popup": " ", "name": 72, "myGroup": "G1", "label": "\u7389\u5973\u714e", "nodeSupportPercent": 2.42, "id": 72}}, {"data": {"popup": "  \u4f5c\u7528(bacteria,inflammation)", "name": 73, "myGroup": "G1", "label": "\u9ebb\u674f\u7518\u77f3\u6e6f", "nodeSupportPercent": 2.59, "id": 73}}, {"data": {"popup": " ", "name": 74, "myGroup": "G3", "label": "\u4e94\u5473\u6d88\u6bd2\u98f2", "nodeSupportPercent": 2.93, "id": 74}}, {"data": {"popup": "  \u6c23(\u5e73) \u5473(\u7518) \u7d93\u7d61(\u809d,\u80c3) \u4f5c\u7528(allergy,inflammation)", "name": 75, "myGroup": "G1", "label": "\u571f\u832f\u82d3", "nodeSupportPercent": 7.9711, "id": 75}}, {"data": {"popup": "  \u6c23(\u5e73) \u5473(\u7518) \u7d93\u7d61(\u5fc3,\u813e,\u814e) \u4f5c\u7528(inflammation)", "name": 76, "myGroup": "G5", "label": "\u832f\u82d3", "nodeSupportPercent": 2.1803, "id": 76}}, {"data": {"popup": "  \u6c23(\u6eab) \u5473(\u7518,\u82e6) \u7d93\u7d61(\u813e,\u80c3) \u4f5c\u7528(allergy,bacteria,inflammation,oxidation)", "name": 77, "myGroup": "G5", "label": "\u767d\u672e", "nodeSupportPercent": 2.17, "id": 77}}, {"data": {"popup": "  \u6c23(\u6eab) \u5473(\u8f9b,\u82e6) \u7d93\u7d61(\u813e,\u80c3) \u4f5c\u7528(allergy,oxidation)", "name": 78, "myGroup": "G5", "label": "\u84bc\u672e", "nodeSupportPercent": 2.5106, "id": 78}}, {"data": {"popup": "  \u6c23(\u6eab) \u5473(\u7518) \u7d93\u7d61(\u813e,\u80ba) \u4f5c\u7528(infection,inflammation,oxidation)", "name": 79, "myGroup": "G5", "label": "\u9ec3\u8006", "nodeSupportPercent": 3.235, "id": 79}}, {"data": {"popup": "  \u6c23(\u5bd2) \u5473(\u82e6) \u7d93\u7d61(\u809d,\u5fc3,\u5927\u8178,\u80c3) \u4f5c\u7528(allergy,bacteria)", "name": 80, "myGroup": "G4", "label": "\u9ec3\u9023", "nodeSupportPercent": 2.33, "id": 80}}, {"data": {"popup": "  \u6c23(\u5bd2) \u5473(\u82e6) \u7d93\u7d61(\u5fc3,\u80ba,\u80c3,\u4e09\u7126) \u4f5c\u7528(allergy,bacteria,infection,inflammation)", "name": 81, "myGroup": "G1", "label": "\u6894\u5b50", "nodeSupportPercent": 2.44, "id": 81}}, {"data": {"popup": " ", "name": 82, "myGroup": "G0", "label": "\u91d1\u87ec", "nodeSupportPercent": 2.95, "id": 82}}, {"data": {"popup": "  \u6c23(\u5bd2) \u5473(\u7518) \u7d93\u7d61(\u809d,\u5fc3)", "name": 83, "myGroup": "G3", "label": "\u7d2b\u8349", "nodeSupportPercent": 2.8, "id": 83}}, {"data": {"popup": "  \u4f5c\u7528(allergy,bacteria,infection,inflammation)", "name": 84, "myGroup": "G1", "label": "\u5c0f\u67f4\u80e1\u6e6f", "nodeSupportPercent": 3.36, "id": 84}}, {"data": {"popup": "  \u6c23(\u5bd2) \u5473(\u7518) \u7d93\u7d61(\u80ba,\u814e) \u4f5c\u7528(inflammation)", "name": 85, "myGroup": "G3", "label": "\u5730\u9aa8\u76ae", "nodeSupportPercent": 3.12, "id": 85}}, {"data": {"popup": "  \u6c23(\u5bd2) \u5473(\u82e6) \u7d93\u7d61(\u809d,\u5fc3,\u5927\u8178,\u80c3,\u8180\u80f1) \u4f5c\u7528(allergy,infection,oxidation)", "name": 86, "myGroup": "G2", "label": "\u82e6\u53c3", "nodeSupportPercent": 3.44, "id": 86}}, {"data": {"popup": "  \u6c23(\u5e73) \u5473(\u8f9b,\u9e79) \u7d93\u7d61(\u809d,\u80ba)", "name": 87, "myGroup": "G3", "label": "\u6bad\u8836", "nodeSupportPercent": 3.69, "id": 87}}, {"data": {"popup": "  \u6c23(\u5bd2) \u5473(\u7518) \u7d93\u7d61(\u80ba) \u4f5c\u7528(allergy,inflammation)", "name": 88, "myGroup": "G3", "label": "\u6851\u767d\u76ae", "nodeSupportPercent": 3.6, "id": 88}}, {"data": {"popup": "  \u4f5c\u7528(allergy)", "name": 89, "myGroup": "G2", "label": "\u6eab\u6e05\u98f2", "nodeSupportPercent": 7.1, "id": 89}}, {"data": {"popup": " ", "name": 90, "myGroup": "G2", "label": "\u9f8d\u81bd\u7009\u809d\u6e6f", "nodeSupportPercent": 7.09, "id": 90}}], "edges": [{"data": {"source": 0, "Lift": 21.228, "is_directed": false, "target": 1, "name": "0-1"}}, {"data": {"source": 1, "Lift": 1.4558, "is_directed": false, "target": 8, "name": "1-8"}}, {"data": {"source": 1, "Lift": 6.7853, "is_directed": false, "target": 6, "name": "1-6"}}, {"data": {"source": 1, "Lift": 3.3371, "is_directed": false, "target": 7, "name": "1-7"}}, {"data": {"source": 2, "Lift": 3.9067, "is_directed": false, "target": 3, "name": "2-3"}}, {"data": {"source": 2, "Lift": 6.2941, "is_directed": false, "target": 4, "name": "2-4"}}, {"data": {"source": 2, "Lift": 4.5147, "is_directed": false, "target": 77, "name": "2-77"}}, {"data": {"source": 2, "Lift": 1.9385, "is_directed": false, "target": 14, "name": "2-14"}}, {"data": {"source": 2, "Lift": 3.9647, "is_directed": false, "target": 79, "name": "2-79"}}, {"data": {"source": 2, "Lift": 3.6596, "is_directed": false, "target": 78, "name": "2-78"}}, {"data": {"source": 3, "Lift": 3.1652, "is_directed": false, "target": 4, "name": "3-4"}}, {"data": {"source": 3, "Lift": 1.7666, "is_directed": false, "target": 5, "name": "3-5"}}, {"data": {"source": 4, "Lift": 3.6107, "is_directed": false, "target": 67, "name": "4-67"}}, {"data": {"source": 4, "Lift": 1.7431, "is_directed": false, "target": 5, "name": "4-5"}}, {"data": {"source": 4, "Lift": 3.0468, "is_directed": false, "target": 40, "name": "4-40"}}, {"data": {"source": 4, "Lift": 1.5102, "is_directed": false, "target": 11, "name": "4-11"}}, {"data": {"source": 4, "Lift": 2.0822, "is_directed": false, "target": 14, "name": "4-14"}}, {"data": {"source": 4, "Lift": 2.4191, "is_directed": false, "target": 82, "name": "4-82"}}, {"data": {"source": 4, "Lift": 3.9099, "is_directed": false, "target": 23, "name": "4-23"}}, {"data": {"source": 5, "Lift": 1.7548, "is_directed": false, "target": 66, "name": "5-66"}}, {"data": {"source": 5, "Lift": 1.6832, "is_directed": false, "target": 6, "name": "5-6"}}, {"data": {"source": 5, "Lift": 1.593, "is_directed": false, "target": 70, "name": "5-70"}}, {"data": {"source": 5, "Lift": 1.8234, "is_directed": false, "target": 71, "name": "5-71"}}, {"data": {"source": 5, "Lift": 3.1914, "is_directed": false, "target": 40, "name": "5-40"}}, {"data": {"source": 5, "Lift": 1.5399, "is_directed": false, "target": 73, "name": "5-73"}}, {"data": {"source": 5, "Lift": 2.3174, "is_directed": false, "target": 42, "name": "5-42"}}, {"data": {"source": 5, "Lift": 1.941, "is_directed": false, "target": 75, "name": "5-75"}}, {"data": {"source": 5, "Lift": 1.5509, "is_directed": false, "target": 12, "name": "5-12"}}, {"data": {"source": 5, "Lift": 2.2128, "is_directed": false, "target": 81, "name": "5-81"}}, {"data": {"source": 5, "Lift": 2.2785, "is_directed": false, "target": 84, "name": "5-84"}}, {"data": {"source": 5, "Lift": 2.0579, "is_directed": false, "target": 53, "name": "5-53"}}, {"data": {"source": 5, "Lift": 3.5436, "is_directed": false, "target": 41, "name": "5-41"}}, {"data": {"source": 5, "Lift": 2.8113, "is_directed": false, "target": 72, "name": "5-72"}}, {"data": {"source": 5, "Lift": 2.6644, "is_directed": false, "target": 88, "name": "5-88"}}, {"data": {"source": 5, "Lift": 1.4964, "is_directed": false, "target": 56, "name": "5-56"}}, {"data": {"source": 5, "Lift": 1.9104, "is_directed": false, "target": 58, "name": "5-58"}}, {"data": {"source": 5, "Lift": 1.5729, "is_directed": false, "target": 39, "name": "5-39"}}, {"data": {"source": 5, "Lift": 1.6941, "is_directed": false, "target": 37, "name": "5-37"}}, {"data": {"source": 6, "Lift": 2.4742, "is_directed": false, "target": 41, "name": "6-41"}}, {"data": {"source": 6, "Lift": 2.6789, "is_directed": false, "target": 75, "name": "6-75"}}, {"data": {"source": 7, "Lift": 2.205, "is_directed": false, "target": 24, "name": "7-24"}}, {"data": {"source": 7, "Lift": 1.8518, "is_directed": false, "target": 67, "name": "7-67"}}, {"data": {"source": 8, "Lift": 1.0428, "is_directed": false, "target": 64, "name": "8-64"}}, {"data": {"source": 8, "Lift": 1.1972, "is_directed": false, "target": 67, "name": "8-67"}}, {"data": {"source": 8, "Lift": 1.2402, "is_directed": false, "target": 69, "name": "8-69"}}, {"data": {"source": 8, "Lift": 1.0585, "is_directed": false, "target": 44, "name": "8-44"}}, {"data": {"source": 8, "Lift": 1.031, "is_directed": false, "target": 9, "name": "8-9"}}, {"data": {"source": 8, "Lift": 1.0407, "is_directed": false, "target": 10, "name": "8-10"}}, {"data": {"source": 8, "Lift": 1.3084, "is_directed": false, "target": 11, "name": "8-11"}}, {"data": {"source": 8, "Lift": 1.067, "is_directed": false, "target": 12, "name": "8-12"}}, {"data": {"source": 8, "Lift": 1.1272, "is_directed": false, "target": 13, "name": "8-13"}}, {"data": {"source": 8, "Lift": 1.0105, "is_directed": false, "target": 14, "name": "8-14"}}, {"data": {"source": 8, "Lift": 1.0759, "is_directed": false, "target": 15, "name": "8-15"}}, {"data": {"source": 8, "Lift": 1.0792, "is_directed": false, "target": 18, "name": "8-18"}}, {"data": {"source": 8, "Lift": 1.0334, "is_directed": false, "target": 52, "name": "8-52"}}, {"data": {"source": 8, "Lift": 1.0062, "is_directed": false, "target": 85, "name": "8-85"}}, {"data": {"source": 8, "Lift": 1.0021, "is_directed": false, "target": 54, "name": "8-54"}}, {"data": {"source": 8, "Lift": 1.0078, "is_directed": false, "target": 41, "name": "8-41"}}, {"data": {"source": 8, "Lift": 1.0218, "is_directed": false, "target": 89, "name": "8-89"}}, {"data": {"source": 8, "Lift": 1.1054, "is_directed": false, "target": 90, "name": "8-90"}}, {"data": {"source": 8, "Lift": 1.295, "is_directed": false, "target": 75, "name": "8-75"}}, {"data": {"source": 8, "Lift": 1.1729, "is_directed": false, "target": 86, "name": "8-86"}}, {"data": {"source": 8, "Lift": 1.052, "is_directed": false, "target": 61, "name": "8-61"}}, {"data": {"source": 9, "Lift": 19.959, "is_directed": false, "target": 10, "name": "9-10"}}, {"data": {"source": 9, "Lift": 16.517, "is_directed": false, "target": 22, "name": "9-22"}}, {"data": {"source": 11, "Lift": 1.5132, "is_directed": false, "target": 64, "name": "11-64"}}, {"data": {"source": 11, "Lift": 1.9474, "is_directed": false, "target": 67, "name": "11-67"}}, {"data": {"source": 11, "Lift": 2.6842, "is_directed": false, "target": 69, "name": "11-69"}}, {"data": {"source": 11, "Lift": 1.67, "is_directed": false, "target": 40, "name": "11-40"}}, {"data": {"source": 11, "Lift": 1.6324, "is_directed": false, "target": 42, "name": "11-42"}}, {"data": {"source": 11, "Lift": 2.389, "is_directed": false, "target": 12, "name": "11-12"}}, {"data": {"source": 11, "Lift": 2.5235, "is_directed": false, "target": 13, "name": "11-13"}}, {"data": {"source": 11, "Lift": 1.4682, "is_directed": false, "target": 14, "name": "11-14"}}, {"data": {"source": 11, "Lift": 1.9594, "is_directed": false, "target": 86, "name": "11-86"}}, {"data": {"source": 11, "Lift": 2.0547, "is_directed": false, "target": 23, "name": "11-23"}}, {"data": {"source": 11, "Lift": 1.6928, "is_directed": false, "target": 24, "name": "11-24"}}, {"data": {"source": 12, "Lift": 1.8048, "is_directed": false, "target": 13, "name": "12-13"}}, {"data": {"source": 12, "Lift": 1.2757, "is_directed": false, "target": 14, "name": "12-14"}}, {"data": {"source": 13, "Lift": 1.1938, "is_directed": false, "target": 14, "name": "13-14"}}, {"data": {"source": 13, "Lift": 1.4699, "is_directed": false, "target": 16, "name": "13-16"}}, {"data": {"source": 13, "Lift": 1.815, "is_directed": false, "target": 23, "name": "13-23"}}, {"data": {"source": 13, "Lift": 5.1976, "is_directed": false, "target": 24, "name": "13-24"}}, {"data": {"source": 13, "Lift": 1.2008, "is_directed": false, "target": 26, "name": "13-26"}}, {"data": {"source": 13, "Lift": 1.281, "is_directed": false, "target": 34, "name": "13-34"}}, {"data": {"source": 13, "Lift": 1.3822, "is_directed": false, "target": 38, "name": "13-38"}}, {"data": {"source": 13, "Lift": 1.481, "is_directed": false, "target": 39, "name": "13-39"}}, {"data": {"source": 13, "Lift": 1.4036, "is_directed": false, "target": 40, "name": "13-40"}}, {"data": {"source": 13, "Lift": 1.5517, "is_directed": false, "target": 42, "name": "13-42"}}, {"data": {"source": 13, "Lift": 1.3194, "is_directed": false, "target": 49, "name": "13-49"}}, {"data": {"source": 13, "Lift": 1.2739, "is_directed": false, "target": 52, "name": "13-52"}}, {"data": {"source": 13, "Lift": 1.3215, "is_directed": false, "target": 55, "name": "13-55"}}, {"data": {"source": 13, "Lift": 1.3032, "is_directed": false, "target": 64, "name": "13-64"}}, {"data": {"source": 13, "Lift": 1.3704, "is_directed": false, "target": 65, "name": "13-65"}}, {"data": {"source": 13, "Lift": 2.0284, "is_directed": false, "target": 66, "name": "13-66"}}, {"data": {"source": 13, "Lift": 1.2103, "is_directed": false, "target": 68, "name": "13-68"}}, {"data": {"source": 13, "Lift": 1.3992, "is_directed": false, "target": 69, "name": "13-69"}}, {"data": {"source": 13, "Lift": 1.3308, "is_directed": false, "target": 74, "name": "13-74"}}, {"data": {"source": 13, "Lift": 1.589, "is_directed": false, "target": 75, "name": "13-75"}}, {"data": {"source": 13, "Lift": 1.7846, "is_directed": false, "target": 83, "name": "13-83"}}, {"data": {"source": 13, "Lift": 1.2104, "is_directed": false, "target": 85, "name": "13-85"}}, {"data": {"source": 13, "Lift": 2.2619, "is_directed": false, "target": 86, "name": "13-86"}}, {"data": {"source": 13, "Lift": 1.2834, "is_directed": false, "target": 87, "name": "13-87"}}, {"data": {"source": 13, "Lift": 1.2037, "is_directed": false, "target": 88, "name": "13-88"}}, {"data": {"source": 14, "Lift": 1.6661, "is_directed": false, "target": 64, "name": "14-64"}}, {"data": {"source": 14, "Lift": 2.3817, "is_directed": false, "target": 66, "name": "14-66"}}, {"data": {"source": 14, "Lift": 2.2745, "is_directed": false, "target": 67, "name": "14-67"}}, {"data": {"source": 14, "Lift": 1.6007, "is_directed": false, "target": 17, "name": "14-17"}}, {"data": {"source": 14, "Lift": 1.5263, "is_directed": false, "target": 39, "name": "14-39"}}, {"data": {"source": 14, "Lift": 2.6037, "is_directed": false, "target": 40, "name": "14-40"}}, {"data": {"source": 14, "Lift": 1.5037, "is_directed": false, "target": 73, "name": "14-73"}}, {"data": {"source": 14, "Lift": 1.7122, "is_directed": false, "target": 42, "name": "14-42"}}, {"data": {"source": 14, "Lift": 2.2168, "is_directed": false, "target": 23, "name": "14-23"}}, {"data": {"source": 14, "Lift": 1.3106, "is_directed": false, "target": 16, "name": "14-16"}}, {"data": {"source": 14, "Lift": 1.5333, "is_directed": false, "target": 49, "name": "14-49"}}, {"data": {"source": 14, "Lift": 1.3417, "is_directed": false, "target": 53, "name": "14-53"}}, {"data": {"source": 14, "Lift": 3.0872, "is_directed": false, "target": 87, "name": "14-87"}}, {"data": {"source": 14, "Lift": 1.6782, "is_directed": false, "target": 26, "name": "14-26"}}, {"data": {"source": 14, "Lift": 1.3482, "is_directed": false, "target": 27, "name": "14-27"}}, {"data": {"source": 14, "Lift": 1.8302, "is_directed": false, "target": 62, "name": "14-62"}}, {"data": {"source": 16, "Lift": 1.6883, "is_directed": false, "target": 17, "name": "16-17"}}, {"data": {"source": 16, "Lift": 2.057, "is_directed": false, "target": 18, "name": "16-18"}}, {"data": {"source": 16, "Lift": 1.5056, "is_directed": false, "target": 25, "name": "16-25"}}, {"data": {"source": 16, "Lift": 1.4617, "is_directed": false, "target": 33, "name": "16-33"}}, {"data": {"source": 16, "Lift": 3.617, "is_directed": false, "target": 39, "name": "16-39"}}, {"data": {"source": 16, "Lift": 2.5106, "is_directed": false, "target": 40, "name": "16-40"}}, {"data": {"source": 16, "Lift": 1.6153, "is_directed": false, "target": 42, "name": "16-42"}}, {"data": {"source": 16, "Lift": 1.8834, "is_directed": false, "target": 46, "name": "16-46"}}, {"data": {"source": 16, "Lift": 1.9863, "is_directed": false, "target": 47, "name": "16-47"}}, {"data": {"source": 16, "Lift": 3.821, "is_directed": false, "target": 49, "name": "16-49"}}, {"data": {"source": 16, "Lift": 1.6277, "is_directed": false, "target": 54, "name": "16-54"}}, {"data": {"source": 16, "Lift": 2.0357, "is_directed": false, "target": 58, "name": "16-58"}}, {"data": {"source": 16, "Lift": 1.5917, "is_directed": false, "target": 63, "name": "16-63"}}, {"data": {"source": 16, "Lift": 1.687, "is_directed": false, "target": 64, "name": "16-64"}}, {"data": {"source": 16, "Lift": 1.5782, "is_directed": false, "target": 65, "name": "16-65"}}, {"data": {"source": 16, "Lift": 3.0552, "is_directed": false, "target": 66, "name": "16-66"}}, {"data": {"source": 16, "Lift": 1.5654, "is_directed": false, "target": 72, "name": "16-72"}}, {"data": {"source": 16, "Lift": 1.5941, "is_directed": false, "target": 73, "name": "16-73"}}, {"data": {"source": 16, "Lift": 2.1246, "is_directed": false, "target": 81, "name": "16-81"}}, {"data": {"source": 16, "Lift": 2.0749, "is_directed": false, "target": 83, "name": "16-83"}}, {"data": {"source": 16, "Lift": 3.5117, "is_directed": false, "target": 85, "name": "16-85"}}, {"data": {"source": 16, "Lift": 1.7946, "is_directed": false, "target": 88, "name": "16-88"}}, {"data": {"source": 19, "Lift": 14.592, "is_directed": false, "target": 20, "name": "19-20"}}, {"data": {"source": 20, "Lift": 3.271, "is_directed": false, "target": 21, "name": "20-21"}}, {"data": {"source": 21, "Lift": 4.2833, "is_directed": false, "target": 32, "name": "21-32"}}, {"data": {"source": 21, "Lift": 3.1957, "is_directed": false, "target": 33, "name": "21-33"}}, {"data": {"source": 21, "Lift": 2.6889, "is_directed": false, "target": 80, "name": "21-80"}}, {"data": {"source": 21, "Lift": 4.8139, "is_directed": false, "target": 29, "name": "21-29"}}, {"data": {"source": 21, "Lift": 6.8568, "is_directed": false, "target": 30, "name": "21-30"}}, {"data": {"source": 21, "Lift": 6.1779, "is_directed": false, "target": 31, "name": "21-31"}}, {"data": {"source": 23, "Lift": 9.8215, "is_directed": false, "target": 24, "name": "23-24"}}, {"data": {"source": 25, "Lift": 3.1415, "is_directed": false, "target": 40, "name": "25-40"}}, {"data": {"source": 25, "Lift": 2.2891, "is_directed": false, "target": 26, "name": "25-26"}}, {"data": {"source": 25, "Lift": 2.6858, "is_directed": false, "target": 43, "name": "25-43"}}, {"data": {"source": 25, "Lift": 2.4242, "is_directed": false, "target": 31, "name": "25-31"}}, {"data": {"source": 27, "Lift": 6.3366, "is_directed": false, "target": 79, "name": "27-79"}}, {"data": {"source": 27, "Lift": 12.405, "is_directed": false, "target": 28, "name": "27-28"}}, {"data": {"source": 27, "Lift": 8.315, "is_directed": false, "target": 63, "name": "27-63"}}, {"data": {"source": 29, "Lift": 8.9827, "is_directed": false, "target": 32, "name": "29-32"}}, {"data": {"source": 29, "Lift": 6.713, "is_directed": false, "target": 33, "name": "29-33"}}, {"data": {"source": 29, "Lift": 15.715, "is_directed": false, "target": 30, "name": "29-30"}}, {"data": {"source": 29, "Lift": 12.135, "is_directed": false, "target": 31, "name": "29-31"}}, {"data": {"source": 30, "Lift": 13.17, "is_directed": false, "target": 32, "name": "30-32"}}, {"data": {"source": 30, "Lift": 7.8096, "is_directed": false, "target": 33, "name": "30-33"}}, {"data": {"source": 30, "Lift": 18.865, "is_directed": false, "target": 31, "name": "30-31"}}, {"data": {"source": 31, "Lift": 10.506, "is_directed": false, "target": 32, "name": "31-32"}}, {"data": {"source": 31, "Lift": 5.7819, "is_directed": false, "target": 33, "name": "31-33"}}, {"data": {"source": 32, "Lift": 5.1487, "is_directed": false, "target": 33, "name": "32-33"}}, {"data": {"source": 33, "Lift": 4.6376, "is_directed": false, "target": 80, "name": "33-80"}}, {"data": {"source": 33, "Lift": 4.136, "is_directed": false, "target": 60, "name": "33-60"}}, {"data": {"source": 34, "Lift": 9.9189, "is_directed": false, "target": 35, "name": "34-35"}}, {"data": {"source": 35, "Lift": 11.762, "is_directed": false, "target": 36, "name": "35-36"}}, {"data": {"source": 35, "Lift": 3.1425, "is_directed": false, "target": 37, "name": "35-37"}}, {"data": {"source": 37, "Lift": 3.1497, "is_directed": false, "target": 78, "name": "37-78"}}, {"data": {"source": 39, "Lift": 4.833, "is_directed": false, "target": 40, "name": "39-40"}}, {"data": {"source": 39, "Lift": 3.9798, "is_directed": false, "target": 49, "name": "39-49"}}, {"data": {"source": 39, "Lift": 3.9008, "is_directed": false, "target": 66, "name": "39-66"}}, {"data": {"source": 40, "Lift": 2.8854, "is_directed": false, "target": 41, "name": "40-41"}}, {"data": {"source": 41, "Lift": 2.8323, "is_directed": false, "target": 42, "name": "41-42"}}, {"data": {"source": 41, "Lift": 2.6095, "is_directed": false, "target": 75, "name": "41-75"}}, {"data": {"source": 41, "Lift": 2.864, "is_directed": false, "target": 84, "name": "41-84"}}, {"data": {"source": 41, "Lift": 2.5378, "is_directed": false, "target": 53, "name": "41-53"}}, {"data": {"source": 44, "Lift": 2.8111, "is_directed": false, "target": 45, "name": "44-45"}}, {"data": {"source": 46, "Lift": 11.899, "is_directed": false, "target": 47, "name": "46-47"}}, {"data": {"source": 47, "Lift": 11.1, "is_directed": false, "target": 48, "name": "47-48"}}, {"data": {"source": 47, "Lift": 3.2675, "is_directed": false, "target": 49, "name": "47-49"}}, {"data": {"source": 49, "Lift": 3.6594, "is_directed": false, "target": 58, "name": "49-58"}}, {"data": {"source": 49, "Lift": 3.5399, "is_directed": false, "target": 59, "name": "49-59"}}, {"data": {"source": 50, "Lift": 4.9685, "is_directed": false, "target": 56, "name": "50-56"}}, {"data": {"source": 50, "Lift": 13.396, "is_directed": false, "target": 51, "name": "50-51"}}, {"data": {"source": 50, "Lift": 6.2551, "is_directed": false, "target": 70, "name": "50-70"}}, {"data": {"source": 56, "Lift": 8.1768, "is_directed": false, "target": 57, "name": "56-57"}}, {"data": {"source": 56, "Lift": 15.898, "is_directed": false, "target": 70, "name": "56-70"}}, {"data": {"source": 58, "Lift": 6.5649, "is_directed": false, "target": 59, "name": "58-59"}}, {"data": {"source": 64, "Lift": 4.3417, "is_directed": false, "target": 65, "name": "64-65"}}, {"data": {"source": 71, "Lift": 3.6618, "is_directed": false, "target": 72, "name": "71-72"}}, {"data": {"source": 75, "Lift": 2.7379, "is_directed": false, "target": 84, "name": "75-84"}}, {"data": {"source": 76, "Lift": 9.1991, "is_directed": false, "target": 77, "name": "76-77"}}, {"data": {"source": 77, "Lift": 10.331, "is_directed": false, "target": 78, "name": "77-78"}}, {"data": {"source": 77, "Lift": 8.384, "is_directed": false, "target": 79, "name": "77-79"}}, {"data": {"source": 78, "Lift": 6.4105, "is_directed": false, "target": 79, "name": "78-79"}}]}, "data": {"description": "<h1>\u8541\u9ebb\u75b9\u4e2d\u91ab\u6cbb\u7642\u5716\u8b5c</h1><h2>urticaria_(Support=1.0%, Confidence=20.0%)</h2>", "name": "urticaria_(Support=1.0%, Confidence=20.0%)", "tags": ["urticaria", "\u8541\u9ebb\u75b9\u4e2d\u91ab\u6cbb\u7642\u5716\u8b5c"]}}