{"elements": {"nodes": [{"data": {"popup": " ", "name": 0, "myGroup": "G0", "label": "\u834a\u9632\u6557\u6bd2\u6563", "nodeSupportPercent": 13.514, "id": 0}}, {"data": {"popup": " ", "name": 1, "myGroup": "G0", "label": "\u666e\u6fdf\u6d88\u6bd2\u98f2", "nodeSupportPercent": 1.1, "id": 1}}, {"data": {"popup": "  \u4f5c\u7528(allergy,inflammation,oxidation)", "name": 2, "myGroup": "G1", "label": "\u6d88\u98a8\u6563", "nodeSupportPercent": 47.268, "id": 2}}, {"data": {"popup": "  \u6c23(\u5bd2) \u5473(\u8f9b) \u7d93\u7d61(\u80ba) \u4f5c\u7528(allergy)", "name": 3, "myGroup": "G1", "label": "\u9b5a\u8165\u8349", "nodeSupportPercent": 1.02, "id": 3}}, {"data": {"popup": "  \u6c23(\u5bd2) \u5473(\u82e6) \u7d93\u7d61(\u8180\u80f1) \u4f5c\u7528(allergy)", "name": 4, "myGroup": "G1", "label": "\u5730\u819a\u5b50", "nodeSupportPercent": 13.697, "id": 4}}, {"data": {"popup": "  \u6c23(\u5e73) \u5473(\u8f9b,\u82e6) \u7d93\u7d61(\u809d) \u4f5c\u7528(bacteria,infection,inflammation,oxidation)", "name": 5, "myGroup": "G1", "label": "\u767d\u84ba\u85dc", "nodeSupportPercent": 1.18, "id": 5}}, {"data": {"popup": "  \u6c23(\u5bd2) \u5473(\u82e6) \u7d93\u7d61(\u813e,\u80c3) \u4f5c\u7528(allergy,infection,inflammation)", "name": 6, "myGroup": "G1", "label": "\u767d\u9bae\u76ae", "nodeSupportPercent": 17.019, "id": 6}}, {"data": {"popup": "  \u6c23(\u5e73) \u5473(\u7518) \u7d93\u7d61(\u809d,\u5fc3) \u4f5c\u7528(inflammation)", "name": 7, "myGroup": "G1", "label": "\u9178\u68d7\u4ec1", "nodeSupportPercent": 1.08, "id": 7}}, {"data": {"popup": "  \u6c23(\u5bd2) \u5473(\u7518) \u7d93\u7d61(\u80ba,\u80c3,\u8180\u80f1) \u4f5c\u7528(oxidation)", "name": 8, "myGroup": "G1", "label": "\u767d\u8305\u6839", "nodeSupportPercent": 1.12, "id": 8}}, {"data": {"popup": "  \u6c23(\u5bd2) \u5473(\u7518) \u7d93\u7d61(\u809d,\u80ba,\u814e) \u4f5c\u7528(oxidation)", "name": 9, "myGroup": "G1", "label": "\u8eca\u524d\u5b50", "nodeSupportPercent": 1.06, "id": 9}}, {"data": {"popup": "  \u6c23(\u6dbc) \u5473(\u7518) \u7d93\u7d61(\u5fc3)", "name": 10, "myGroup": "G1", "label": "\u6d6e\u5c0f\u9ea5", "nodeSupportPercent": 2.09, "id": 10}}, {"data": {"popup": "  \u6c23(\u6eab) \u5473(\u8f9b,\u7518) \u7d93\u7d61(\u809d,\u5fc3,\u813e) \u4f5c\u7528(allergy,bacteria,inflammation)", "name": 11, "myGroup": "G2", "label": "\u7576\u6b78", "nodeSupportPercent": 2.6001, "id": 11}}, {"data": {"popup": "  \u6c23(\u6eab) \u5473(\u8f9b) \u7d93\u7d61(\u809d,\u5fc3,\u81bd,\u5fc3\u5305) \u4f5c\u7528(allergy,bacteria,inflammation,oxidation)", "name": 12, "myGroup": "G2", "label": "\u5ddd\u828e", "nodeSupportPercent": 1.05, "id": 12}}, {"data": {"popup": "  \u6c23(\u5bd2) \u5473(\u7518,\u82e6) \u7d93\u7d61(\u80ba,\u80c3) \u4f5c\u7528(allergy,bacteria,inflammation)", "name": 13, "myGroup": "G3", "label": "\u5929\u82b1\u7c89", "nodeSupportPercent": 2.1957, "id": 13}}, {"data": {"popup": " ", "name": 14, "myGroup": "G3", "label": "\u7099\u7518\u8349", "nodeSupportPercent": 1.23, "id": 14}}, {"data": {"popup": "  \u6c23(\u6eab) \u5473(\u8f9b) \u7d93\u7d61(\u813e,\u80c3) \u4f5c\u7528(bacteria,infection,inflammation)", "name": 15, "myGroup": "G3", "label": "\u7802\u4ec1", "nodeSupportPercent": 2.8769, "id": 15}}, {"data": {"popup": "  \u6c23(\u6eab) \u5473(\u8f9b) \u7d93\u7d61(\u80ba,\u5927\u8178,\u80c3) \u4f5c\u7528(allergy,infection,inflammation,oxidation)", "name": 16, "myGroup": "G3", "label": "\u767d\u82b7", "nodeSupportPercent": 3.949, "id": 16}}, {"data": {"popup": "  \u6c23(\u5bd2) \u5473(\u82e6) \u7d93\u7d61(\u809d,\u80ba,\u81bd,\u5927\u8178,\u80c3) \u4f5c\u7528(allergy)", "name": 17, "myGroup": "G3", "label": "\u9ec3\u82a9", "nodeSupportPercent": 5.7589, "id": 17}}, {"data": {"popup": "  \u6c23(\u5bd2) \u5473(\u82e6) \u7d93\u7d61(\u809d,\u5fc3,\u813e,\u5927\u8178,\u80c3) \u4f5c\u7528(allergy,bacteria,infection,inflammation)", "name": 18, "myGroup": "G3", "label": "\u5927\u9ec3", "nodeSupportPercent": 7.6707, "id": 18}}, {"data": {"popup": "  \u6c23(\u5bd2) \u5473(\u7518,\u82e6) \u7d93\u7d61(\u809d,\u80c3)", "name": 19, "myGroup": "G4", "label": "\u84b2\u516c\u82f1", "nodeSupportPercent": 4.0818, "id": 19}}, {"data": {"popup": "  \u6c23(\u5bd2) \u5473(\u8f9b,\u82e6) \u7d93\u7d61(\u809d,\u5fc3) \u4f5c\u7528(bacteria)", "name": 20, "myGroup": "G4", "label": "\u7d2b\u82b1\u5730\u4e01", "nodeSupportPercent": 1.27, "id": 20}}, {"data": {"popup": "  \u6c23(\u5bd2) \u5473(\u82e6) \u7d93\u7d61(\u5fc3,\u80ba,\u5c0f\u8178)", "name": 21, "myGroup": "G5", "label": "\u9023\u7ff9", "nodeSupportPercent": 13.447, "id": 21}}, {"data": {"popup": "  \u6c23(\u5bd2) \u5473(\u8f9b,\u82e6) \u7d93\u7d61(\u80ba,\u80c3) \u4f5c\u7528(bacteria,infection,inflammation)", "name": 22, "myGroup": "G6", "label": "\u725b\u84a1\u5b50", "nodeSupportPercent": 1.02, "id": 22}}, {"data": {"popup": "  \u6c23(\u5bd2) \u5473(\u8f9b,\u82e6) \u7d93\u7d61(\u809d,\u5fc3,\u814e) \u4f5c\u7528(allergy,bacteria,infection,inflammation,oxidation)", "name": 23, "myGroup": "G6", "label": "\u7261\u4e39\u76ae", "nodeSupportPercent": 13.788, "id": 23}}, {"data": {"popup": "  \u6c23(\u5bd2) \u5473(\u7518) \u7d93\u7d61(\u809d,\u80ba) \u4f5c\u7528(inflammation)", "name": 24, "myGroup": "G7", "label": "\u87ec\u86fb", "nodeSupportPercent": 15.938, "id": 24}}, {"data": {"popup": "  \u6c23(\u5bd2) \u5473(\u7518,\u82e6) \u7d93\u7d61(\u809d,\u80ba)", "name": 25, "myGroup": "G5", "label": "\u83ca\u82b1", "nodeSupportPercent": 1.17, "id": 25}}, {"data": {"popup": " ", "name": 26, "myGroup": "G8", "label": "\u6842\u679d\u6e6f", "nodeSupportPercent": 5.8135, "id": 26}}, {"data": {"popup": "  \u4f5c\u7528(inflammation)", "name": 27, "myGroup": "G8", "label": "\u9ebb\u9ec3\u6e6f", "nodeSupportPercent": 1.99, "id": 27}}, {"data": {"popup": " ", "name": 28, "myGroup": "G1", "label": "\u9ebb\u674f\u858f\u7518\u6e6f", "nodeSupportPercent": 1.87, "id": 28}}, {"data": {"popup": "  \u4f5c\u7528(infection)", "name": 29, "myGroup": "G1", "label": "\u77e5\u67cf\u5730\u9ec3\u4e38", "nodeSupportPercent": 1.66, "id": 29}}, {"data": {"popup": " ", "name": 30, "myGroup": "G1", "label": "\u67f4\u80e1\u6e05\u809d\u6e6f", "nodeSupportPercent": 2.25, "id": 30}}, {"data": {"popup": " ", "name": 31, "myGroup": "G6", "label": "\u7d2b\u8349\u6839", "nodeSupportPercent": 1.7, "id": 31}}, {"data": {"popup": "  \u6c23(\u6eab) \u5473(\u8f9b) \u7d93\u7d61(\u809d,\u80ba)", "name": 32, "myGroup": "G7", "label": "\u834a\u82a5", "nodeSupportPercent": 8.3714, "id": 32}}, {"data": {"popup": " ", "name": 33, "myGroup": "G7", "label": "\u84bc\u8033\u5b50", "nodeSupportPercent": 2.0, "id": 33}}, {"data": {"popup": "  \u6c23(\u6eab) \u5473(\u8f9b,\u82e6) \u7d93\u7d61(\u814e) \u4f5c\u7528(allergy,bacteria)", "name": 34, "myGroup": "G1", "label": "\u86c7\u5e8a\u5b50", "nodeSupportPercent": 2.21, "id": 34}}, {"data": {"popup": "  \u6c23(\u6eab) \u5473(\u8f9b,\u82e6) \u7d93\u7d61(\u80ba,\u8180\u80f1) \u4f5c\u7528(allergy,bacteria)", "name": 35, "myGroup": "G8", "label": "\u9ebb\u9ec3", "nodeSupportPercent": 3.5231, "id": 35}}, {"data": {"popup": "  \u6c23(\u6eab) \u5473(\u82e6) \u7d93\u7d61(\u80ba,\u5927\u8178) \u4f5c\u7528(inflammation)", "name": 36, "myGroup": "G8", "label": "\u674f\u4ec1", "nodeSupportPercent": 1.97, "id": 36}}, {"data": {"popup": " ", "name": 37, "myGroup": "G5", "label": "\u7389\u5973\u714e", "nodeSupportPercent": 2.42, "id": 37}}, {"data": {"popup": "  \u6c23(\u6dbc) \u5473(\u8f9b) \u7d93\u7d61(\u809d,\u80ba)", "name": 38, "myGroup": "G7", "label": "\u8584\u8377", "nodeSupportPercent": 2.85, "id": 38}}, {"data": {"popup": "  \u6c23(\u5bd2) \u5473(\u7518) \u7d93\u7d61(\u809d,\u5fc3)", "name": 39, "myGroup": "G1", "label": "\u7d2b\u8349", "nodeSupportPercent": 2.8, "id": 39}}, {"data": {"popup": "  \u4f5c\u7528(allergy,bacteria,infection,inflammation)", "name": 40, "myGroup": "G5", "label": "\u5c0f\u67f4\u80e1\u6e6f", "nodeSupportPercent": 3.36, "id": 40}}, {"data": {"popup": "  \u6c23(\u5bd2) \u5473(\u7518) \u7d93\u7d61(\u80ba,\u814e) \u4f5c\u7528(inflammation)", "name": 41, "myGroup": "G6", "label": "\u5730\u9aa8\u76ae", "nodeSupportPercent": 3.12, "id": 41}}, {"data": {"popup": "  \u6c23(\u5bd2) \u5473(\u82e6) \u7d93\u7d61(\u809d,\u5fc3,\u5927\u8178,\u80c3,\u8180\u80f1) \u4f5c\u7528(allergy,infection,oxidation)", "name": 42, "myGroup": "G1", "label": "\u82e6\u53c3", "nodeSupportPercent": 3.44, "id": 42}}, {"data": {"popup": "  \u6c23(\u5e73) \u5473(\u8f9b,\u9e79) \u7d93\u7d61(\u809d,\u80ba)", "name": 43, "myGroup": "G7", "label": "\u6bad\u8836", "nodeSupportPercent": 3.69, "id": 43}}, {"data": {"popup": "  \u6c23(\u5bd2) \u5473(\u7518) \u7d93\u7d61(\u80ba) \u4f5c\u7528(allergy,inflammation)", "name": 44, "myGroup": "G5", "label": "\u6851\u767d\u76ae", "nodeSupportPercent": 3.6, "id": 44}}, {"data": {"popup": "  \u4f5c\u7528(allergy)", "name": 45, "myGroup": "G1", "label": "\u6eab\u6e05\u98f2", "nodeSupportPercent": 7.1, "id": 45}}, {"data": {"popup": " ", "name": 46, "myGroup": "G1", "label": "\u9f8d\u81bd\u7009\u809d\u6e6f", "nodeSupportPercent": 7.09, "id": 46}}, {"data": {"popup": "  \u6c23(\u5bd2) \u5473(\u82e6) \u7d93\u7d61(\u809d)", "name": 47, "myGroup": "G6", "label": "\u8d64\u828d", "nodeSupportPercent": 5.15, "id": 47}}, {"data": {"popup": " ", "name": 48, "myGroup": "G1", "label": "\u84ba\u85dc", "nodeSupportPercent": 6.09, "id": 48}}, {"data": {"popup": "  \u4f5c\u7528(allergy,inflammation)", "name": 49, "myGroup": "G1", "label": "\u9ec3\u9023\u89e3\u6bd2\u6e6f", "nodeSupportPercent": 8.22, "id": 49}}, {"data": {"popup": "  \u6c23(\u6eab) \u5473(\u8f9b,\u7518) \u7d93\u7d61(\u809d,\u813e,\u8180\u80f1) \u4f5c\u7528(allergy,bacteria,inflammation)", "name": 50, "myGroup": "G7", "label": "\u9632\u98a8", "nodeSupportPercent": 6.08, "id": 50}}, {"data": {"popup": "  \u6c23(\u5bd2) \u5473(\u7518,\u82e6) \u7d93\u7d61(\u809d,\u5fc3,\u814e) \u4f5c\u7528(allergy,bacteria,infection,inflammation,oxidation)", "name": 51, "myGroup": "G6", "label": "\u751f\u5730\u9ec3", "nodeSupportPercent": 6.54, "id": 51}}, {"data": {"popup": "  \u6c23(\u5e73) \u5473(\u7518) \u7d93\u7d61(\u809d,\u80c3) \u4f5c\u7528(allergy,inflammation)", "name": 52, "myGroup": "G1", "label": "\u571f\u832f\u82d3", "nodeSupportPercent": 7.97, "id": 52}}, {"data": {"popup": "  \u6c23(\u5bd2) \u5473(\u7518) \u7d93\u7d61(\u80ba,\u5927\u8178,\u80c3) \u4f5c\u7528(allergy,bacteria,infection,inflammation,oxidation)", "name": 53, "myGroup": "G5", "label": "\u91d1\u9280\u82b1", "nodeSupportPercent": 8.45, "id": 53}}], "edges": [{"data": {"source": 0, "Lift": 3.3371, "is_directed": false, "target": 1, "name": "0-1"}}, {"data": {"source": 1, "Lift": 1.4558, "is_directed": false, "target": 2, "name": "1-2"}}, {"data": {"source": 2, "Lift": 1.1972, "is_directed": false, "target": 33, "name": "2-33"}}, {"data": {"source": 2, "Lift": 1.2402, "is_directed": false, "target": 34, "name": "2-34"}}, {"data": {"source": 2, "Lift": 1.0407, "is_directed": false, "target": 3, "name": "2-3"}}, {"data": {"source": 2, "Lift": 1.3084, "is_directed": false, "target": 4, "name": "2-4"}}, {"data": {"source": 2, "Lift": 1.067, "is_directed": false, "target": 5, "name": "2-5"}}, {"data": {"source": 2, "Lift": 1.1272, "is_directed": false, "target": 6, "name": "2-6"}}, {"data": {"source": 2, "Lift": 1.0759, "is_directed": false, "target": 7, "name": "2-7"}}, {"data": {"source": 2, "Lift": 1.0792, "is_directed": false, "target": 8, "name": "2-8"}}, {"data": {"source": 2, "Lift": 1.031, "is_directed": false, "target": 9, "name": "2-9"}}, {"data": {"source": 2, "Lift": 1.1729, "is_directed": false, "target": 42, "name": "2-42"}}, {"data": {"source": 2, "Lift": 1.0218, "is_directed": false, "target": 45, "name": "2-45"}}, {"data": {"source": 2, "Lift": 1.1054, "is_directed": false, "target": 46, "name": "2-46"}}, {"data": {"source": 2, "Lift": 1.0428, "is_directed": false, "target": 48, "name": "2-48"}}, {"data": {"source": 2, "Lift": 1.0585, "is_directed": false, "target": 49, "name": "2-49"}}, {"data": {"source": 2, "Lift": 1.295, "is_directed": false, "target": 52, "name": "2-52"}}, {"data": {"source": 2, "Lift": 1.0078, "is_directed": false, "target": 53, "name": "2-53"}}, {"data": {"source": 2, "Lift": 1.0062, "is_directed": false, "target": 41, "name": "2-41"}}, {"data": {"source": 2, "Lift": 1.0105, "is_directed": false, "target": 24, "name": "2-24"}}, {"data": {"source": 2, "Lift": 1.0334, "is_directed": false, "target": 28, "name": "2-28"}}, {"data": {"source": 2, "Lift": 1.0021, "is_directed": false, "target": 29, "name": "2-29"}}, {"data": {"source": 2, "Lift": 1.052, "is_directed": false, "target": 30, "name": "2-30"}}, {"data": {"source": 4, "Lift": 2.6842, "is_directed": false, "target": 34, "name": "4-34"}}, {"data": {"source": 4, "Lift": 2.389, "is_directed": false, "target": 5, "name": "4-5"}}, {"data": {"source": 4, "Lift": 2.5235, "is_directed": false, "target": 6, "name": "4-6"}}, {"data": {"source": 5, "Lift": 1.8048, "is_directed": false, "target": 6, "name": "5-6"}}, {"data": {"source": 6, "Lift": 2.2619, "is_directed": false, "target": 42, "name": "6-42"}}, {"data": {"source": 6, "Lift": 1.7846, "is_directed": false, "target": 39, "name": "6-39"}}, {"data": {"source": 6, "Lift": 5.1976, "is_directed": false, "target": 10, "name": "6-10"}}, {"data": {"source": 6, "Lift": 1.815, "is_directed": false, "target": 38, "name": "6-38"}}, {"data": {"source": 6, "Lift": 2.0284, "is_directed": false, "target": 31, "name": "6-31"}}, {"data": {"source": 11, "Lift": 12.405, "is_directed": false, "target": 12, "name": "11-12"}}, {"data": {"source": 13, "Lift": 8.9827, "is_directed": false, "target": 16, "name": "13-16"}}, {"data": {"source": 13, "Lift": 6.713, "is_directed": false, "target": 17, "name": "13-17"}}, {"data": {"source": 13, "Lift": 4.8139, "is_directed": false, "target": 18, "name": "13-18"}}, {"data": {"source": 13, "Lift": 15.715, "is_directed": false, "target": 14, "name": "13-14"}}, {"data": {"source": 13, "Lift": 12.135, "is_directed": false, "target": 15, "name": "13-15"}}, {"data": {"source": 14, "Lift": 13.17, "is_directed": false, "target": 16, "name": "14-16"}}, {"data": {"source": 14, "Lift": 7.8096, "is_directed": false, "target": 17, "name": "14-17"}}, {"data": {"source": 14, "Lift": 6.8568, "is_directed": false, "target": 18, "name": "14-18"}}, {"data": {"source": 14, "Lift": 18.865, "is_directed": false, "target": 15, "name": "14-15"}}, {"data": {"source": 15, "Lift": 10.506, "is_directed": false, "target": 16, "name": "15-16"}}, {"data": {"source": 15, "Lift": 5.7819, "is_directed": false, "target": 17, "name": "15-17"}}, {"data": {"source": 15, "Lift": 6.1779, "is_directed": false, "target": 18, "name": "15-18"}}, {"data": {"source": 16, "Lift": 4.2833, "is_directed": false, "target": 18, "name": "16-18"}}, {"data": {"source": 19, "Lift": 11.762, "is_directed": false, "target": 20, "name": "19-20"}}, {"data": {"source": 21, "Lift": 2.8113, "is_directed": false, "target": 37, "name": "21-37"}}, {"data": {"source": 21, "Lift": 2.2785, "is_directed": false, "target": 40, "name": "21-40"}}, {"data": {"source": 21, "Lift": 2.6644, "is_directed": false, "target": 44, "name": "21-44"}}, {"data": {"source": 21, "Lift": 3.5436, "is_directed": false, "target": 53, "name": "21-53"}}, {"data": {"source": 21, "Lift": 3.1914, "is_directed": false, "target": 22, "name": "21-22"}}, {"data": {"source": 21, "Lift": 2.3174, "is_directed": false, "target": 25, "name": "21-25"}}, {"data": {"source": 22, "Lift": 2.6037, "is_directed": false, "target": 24, "name": "22-24"}}, {"data": {"source": 22, "Lift": 2.5106, "is_directed": false, "target": 23, "name": "22-23"}}, {"data": {"source": 23, "Lift": 3.5117, "is_directed": false, "target": 41, "name": "23-41"}}, {"data": {"source": 23, "Lift": 3.821, "is_directed": false, "target": 51, "name": "23-51"}}, {"data": {"source": 23, "Lift": 3.617, "is_directed": false, "target": 47, "name": "23-47"}}, {"data": {"source": 23, "Lift": 3.0552, "is_directed": false, "target": 31, "name": "23-31"}}, {"data": {"source": 24, "Lift": 2.0822, "is_directed": false, "target": 32, "name": "24-32"}}, {"data": {"source": 24, "Lift": 2.2745, "is_directed": false, "target": 33, "name": "24-33"}}, {"data": {"source": 24, "Lift": 2.2168, "is_directed": false, "target": 38, "name": "24-38"}}, {"data": {"source": 24, "Lift": 3.0872, "is_directed": false, "target": 43, "name": "24-43"}}, {"data": {"source": 24, "Lift": 1.9385, "is_directed": false, "target": 50, "name": "24-50"}}, {"data": {"source": 24, "Lift": 2.3817, "is_directed": false, "target": 31, "name": "24-31"}}, {"data": {"source": 26, "Lift": 13.396, "is_directed": false, "target": 27, "name": "26-27"}}, {"data": {"source": 26, "Lift": 6.2551, "is_directed": false, "target": 36, "name": "26-36"}}, {"data": {"source": 32, "Lift": 3.6107, "is_directed": false, "target": 33, "name": "32-33"}}, {"data": {"source": 32, "Lift": 6.2941, "is_directed": false, "target": 50, "name": "32-50"}}, {"data": {"source": 32, "Lift": 3.9099, "is_directed": false, "target": 38, "name": "32-38"}}, {"data": {"source": 35, "Lift": 15.898, "is_directed": false, "target": 36, "name": "35-36"}}]}, "data": {"description": "<h1>\u8541\u9ebb\u75b9\u4e2d\u91ab\u6cbb\u7642\u5716\u8b5c</h1><h2>urticaria_(Support=1.0%, Confidence=30.0%)</h2>", "name": "urticaria_(Support=1.0%, Confidence=30.0%)", "tags": ["urticaria", "\u8541\u9ebb\u75b9\u4e2d\u91ab\u6cbb\u7642\u5716\u8b5c"]}}