{"elements": {"nodes": [{"data": {"popup": "  \u6c23(\u6eab) \u5473(\u8f9b,\u9e79) \u7d93\u7d61(\u8180\u80f1) \u4f5c\u7528(inflammation)", "name": 0, "myGroup": "G0", "label": "\u5a01\u9748\u4ed9", "nodeSupportPercent": 0.36836, "id": 0}}, {"data": {"popup": " ", "name": 1, "myGroup": "G0", "label": "\u6563\u816b\u6f70\u5805\u6e6f", "nodeSupportPercent": 0.751, "id": 1}}, {"data": {"popup": "  \u4f5c\u7528(allergy,bacteria,infection,inflammation,oxidation)", "name": 2, "myGroup": "G1", "label": "\u534a\u679d\u84ee", "nodeSupportPercent": 0.40849, "id": 2}}, {"data": {"popup": "  \u6c23(\u5bd2) \u5473(\u7518,\u82e6) \u7d93\u7d61(\u5c0f\u8178,\u5927\u8178,\u80c3) \u4f5c\u7528(inflammation)", "name": 3, "myGroup": "G1", "label": "\u767d\u82b1\u86c7\u820c\u8349", "nodeSupportPercent": 0.929, "id": 3}}, {"data": {"popup": "  \u6c23(\u5bd2) \u5473(\u82e6) \u7d93\u7d61(\u8180\u80f1) \u4f5c\u7528(allergy)", "name": 4, "myGroup": "G0", "label": "\u5730\u819a\u5b50", "nodeSupportPercent": 13.697, "id": 4}}, {"data": {"popup": "  \u6c23(\u5e73) \u5473(\u82e6) \u7d93\u7d61(\u809d,\u80c3,\u8180\u80f1)", "name": 5, "myGroup": "G0", "label": "\u8406\u85a2", "nodeSupportPercent": 0.38585, "id": 5}}, {"data": {"popup": "  \u6c23(\u5bd2) \u5473(\u82e6) \u7d93\u7d61(\u809d,\u81bd,\u80c3)", "name": 6, "myGroup": "G0", "label": "\u9f8d\u81bd\u8349", "nodeSupportPercent": 0.897, "id": 6}}, {"data": {"popup": "  \u4f5c\u7528(bacteria,inflammation)", "name": 7, "myGroup": "G2", "label": "\u9ebb\u674f\u7518\u77f3\u6e6f", "nodeSupportPercent": 2.5888, "id": 7}}, {"data": {"popup": " ", "name": 8, "myGroup": "G3", "label": "\u7009\u767d\u6563", "nodeSupportPercent": 0.799, "id": 8}}, {"data": {"popup": "  \u6c23(\u5bd2) \u5473(\u82e6) \u7d93\u7d61(\u5fc3,\u80ba,\u5c0f\u8178)", "name": 9, "myGroup": "G3", "label": "\u9023\u7ff9", "nodeSupportPercent": 13.447, "id": 9}}, {"data": {"popup": "  \u4f5c\u7528(allergy,inflammation,oxidation)", "name": 10, "myGroup": "G4", "label": "\u6d88\u98a8\u6563", "nodeSupportPercent": 47.268, "id": 10}}, {"data": {"popup": " ", "name": 11, "myGroup": "G4", "label": "\u80c3\u82d3\u6e6f", "nodeSupportPercent": 0.762, "id": 11}}, {"data": {"popup": "  \u6c23(\u5bd2) \u5473(\u8f9b,\u82e6) \u7d93\u7d61(\u809d,\u5fc3,\u814e) \u4f5c\u7528(allergy,bacteria,infection,inflammation,oxidation)", "name": 12, "myGroup": "G2", "label": "\u7261\u4e39\u76ae", "nodeSupportPercent": 13.788, "id": 12}}, {"data": {"popup": " ", "name": 13, "myGroup": "G2", "label": "\u7af9\u8449\u77f3\u818f\u6e6f", "nodeSupportPercent": 0.797, "id": 13}}, {"data": {"popup": " ", "name": 14, "myGroup": "G4", "label": "\u834a\u9632\u6557\u6bd2\u6563", "nodeSupportPercent": 13.514, "id": 14}}, {"data": {"popup": " ", "name": 15, "myGroup": "G4", "label": "\u85ff\u9999\u6b63\u6c23\u6563", "nodeSupportPercent": 0.819, "id": 15}}, {"data": {"popup": " ", "name": 16, "myGroup": "G2", "label": "\u845b\u6839\u9ec3\u82a9\u9ec3\u9023\u6e6f", "nodeSupportPercent": 0.826, "id": 16}}, {"data": {"popup": "  \u6c23(\u5bd2) \u5473(\u7518) \u7d93\u7d61(\u809d,\u80ba) \u4f5c\u7528(inflammation)", "name": 17, "myGroup": "G2", "label": "\u87ec\u86fb", "nodeSupportPercent": 15.938, "id": 17}}, {"data": {"popup": " ", "name": 18, "myGroup": "G2", "label": "\u6dbc\u8188\u6563", "nodeSupportPercent": 0.908, "id": 18}}, {"data": {"popup": " ", "name": 19, "myGroup": "G4", "label": "\u8335\u9673\u4e94\u82d3\u6563", "nodeSupportPercent": 0.869, "id": 19}}, {"data": {"popup": " ", "name": 20, "myGroup": "G2", "label": "\u67f4\u80e1\u52a0\u9f8d\u9aa8\u7261\u8823\u6e6f", "nodeSupportPercent": 0.901, "id": 20}}, {"data": {"popup": " ", "name": 21, "myGroup": "G4", "label": "\u666e\u6fdf\u6d88\u6bd2\u98f2", "nodeSupportPercent": 1.102, "id": 21}}, {"data": {"popup": " ", "name": 22, "myGroup": "G4", "label": "\u6e05\u80c3\u6563", "nodeSupportPercent": 0.976, "id": 22}}, {"data": {"popup": "  \u4f5c\u7528(allergy)", "name": 23, "myGroup": "G4", "label": "\u8f9b\u5937\u6e05\u80ba\u6e6f", "nodeSupportPercent": 0.979, "id": 23}}, {"data": {"popup": "  \u6c23(\u6eab) \u5473(\u7518,\u82e6) \u7d93\u7d61(\u809d)", "name": 24, "myGroup": "G3", "label": "\u96de\u8840\u85e4", "nodeSupportPercent": 0.782, "id": 24}}, {"data": {"popup": "  \u6c23(\u6eab) \u5473(\u8f9b,\u82e6) \u7d93\u7d61(\u80ba,\u8180\u80f1) \u4f5c\u7528(allergy,bacteria)", "name": 25, "myGroup": "G3", "label": "\u9ebb\u9ec3", "nodeSupportPercent": 3.5231, "id": 25}}, {"data": {"popup": "  \u6c23(\u5e73) \u5473(\u7518,\u9178) \u7d93\u7d61(\u5fc3,\u5c0f\u8178)", "name": 26, "myGroup": "G3", "label": "\u8d64\u5c0f\u8c46", "nodeSupportPercent": 0.763, "id": 26}}, {"data": {"popup": "  \u6c23(\u5bd2) \u5473(\u7518) \u7d93\u7d61(\u80ba) \u4f5c\u7528(allergy,inflammation)", "name": 27, "myGroup": "G3", "label": "\u6851\u767d\u76ae", "nodeSupportPercent": 3.6013, "id": 27}}, {"data": {"popup": "  \u6c23(\u5bd2) \u5473(\u7518) \u7d93\u7d61(\u813e,\u80ba,\u80c3)", "name": 28, "myGroup": "G1", "label": "\u858f\u82e1\u4ec1", "nodeSupportPercent": 7.7551, "id": 28}}, {"data": {"popup": "  \u6c23(\u6eab) \u5473(\u8f9b) \u7d93\u7d61(\u80ba,\u80c3) \u4f5c\u7528(allergy,bacteria,infection,inflammation)", "name": 29, "myGroup": "G1", "label": "\u8f9b\u5937", "nodeSupportPercent": 0.927, "id": 29}}, {"data": {"popup": "  \u6c23(\u6eab) \u5473(\u8f9b,\u7518) \u7d93\u7d61(\u809d,\u813e,\u8180\u80f1) \u4f5c\u7528(allergy,bacteria,inflammation)", "name": 30, "myGroup": "G0", "label": "\u9632\u98a8", "nodeSupportPercent": 6.081, "id": 30}}, {"data": {"popup": " ", "name": 31, "myGroup": "G0", "label": "\u6843\u7d05\u56db\u7269\u6e6f", "nodeSupportPercent": 1.01, "id": 31}}, {"data": {"popup": "  \u6c23(\u6eab) \u5473(\u8f9b) \u7d93\u7d61(\u809d,\u80ba)", "name": 32, "myGroup": "G0", "label": "\u834a\u82a5", "nodeSupportPercent": 8.3714, "id": 32}}, {"data": {"popup": "  \u6c23(\u5e73) \u5473(\u7518) \u7d93\u7d61(\u80ba,\u80c3) \u4f5c\u7528(oxidation)", "name": 33, "myGroup": "G0", "label": "\u7389\u7af9", "nodeSupportPercent": 0.834, "id": 33}}, {"data": {"popup": "  \u6c23(\u5bd2) \u5473(\u7518,\u82e6) \u7d93\u7d61(\u809d,\u80c3)", "name": 34, "myGroup": "G1", "label": "\u84b2\u516c\u82f1", "nodeSupportPercent": 4.0818, "id": 34}}, {"data": {"popup": "  \u4f5c\u7528(allergy,inflammation)", "name": 35, "myGroup": "G1", "label": "\u9ec3\u9023\u89e3\u6bd2\u6e6f", "nodeSupportPercent": 8.2243, "id": 35}}, {"data": {"popup": "  \u6c23(\u5e73) \u5473(\u82e6) \u7d93\u7d61(\u809d,\u5fc3,\u80ba,\u5927\u8178) \u4f5c\u7528(bacteria)", "name": 36, "myGroup": "G2", "label": "\u6843\u4ec1", "nodeSupportPercent": 0.88694, "id": 36}}, {"data": {"popup": "  \u6c23(\u6eab) \u5473(\u8f9b) \u7d93\u7d61(\u809d,\u5fc3) \u4f5c\u7528(bacteria,infection)", "name": 37, "myGroup": "G2", "label": "\u7d05\u82b1", "nodeSupportPercent": 0.846, "id": 37}}, {"data": {"popup": "  \u6c23(\u5e73) \u5473(\u7518) \u7d93\u7d61(\u5fc3,\u813e,\u80ba,\u80c3) \u4f5c\u7528(allergy,bacteria,inflammation)", "name": 38, "myGroup": "G2", "label": "\u7518\u8349", "nodeSupportPercent": 8.7634, "id": 38}}, {"data": {"popup": " ", "name": 39, "myGroup": "G3", "label": "\u6e05\u4e0a\u9632\u98a8\u6e6f", "nodeSupportPercent": 3.0549, "id": 39}}, {"data": {"popup": " ", "name": 40, "myGroup": "G2", "label": "\u7576\u6b78\u98f2\u5b50", "nodeSupportPercent": 7.7973, "id": 40}}, {"data": {"popup": "  \u6c23(\u5bd2) \u5473(\u9e79) \u7d93\u7d61(\u809d,\u80ba,\u8180\u80f1) \u4f5c\u7528(allergy,bacteria,infection)", "name": 41, "myGroup": "G2", "label": "\u5730\u9f8d", "nodeSupportPercent": 0.928, "id": 41}}, {"data": {"popup": "  \u6c23(\u5bd2) \u5473(\u7518,\u82e6) \u7d93\u7d61(\u809d,\u5fc3,\u814e) \u4f5c\u7528(allergy,bacteria,infection,inflammation,oxidation)", "name": 42, "myGroup": "G2", "label": "\u751f\u5730\u9ec3", "nodeSupportPercent": 6.5389, "id": 42}}, {"data": {"popup": "  \u6c23(\u5bd2) \u5473(\u82e6) \u7d93\u7d61(\u813e,\u80c3) \u4f5c\u7528(allergy,infection,inflammation)", "name": 43, "myGroup": "G2", "label": "\u767d\u9bae\u76ae", "nodeSupportPercent": 17.019, "id": 43}}, {"data": {"popup": " ", "name": 44, "myGroup": "G5", "label": "\u7099\u7518\u8349", "nodeSupportPercent": 1.2285, "id": 44}}, {"data": {"popup": "  \u6c23(\u6eab) \u5473(\u8f9b) \u7d93\u7d61(\u80ba,\u814e) \u4f5c\u7528(allergy)", "name": 45, "myGroup": "G5", "label": "\u7d30\u8f9b", "nodeSupportPercent": 0.956, "id": 45}}, {"data": {"popup": "  \u6c23(\u5bd2) \u5473(\u7518,\u82e6) \u7d93\u7d61(\u80ba,\u80c3) \u4f5c\u7528(allergy,bacteria,inflammation)", "name": 46, "myGroup": "G5", "label": "\u5929\u82b1\u7c89", "nodeSupportPercent": 2.1957, "id": 46}}, {"data": {"popup": "  \u6c23(\u6eab) \u5473(\u8f9b) \u7d93\u7d61(\u813e,\u80c3) \u4f5c\u7528(bacteria,infection,inflammation)", "name": 47, "myGroup": "G5", "label": "\u7802\u4ec1", "nodeSupportPercent": 2.8769, "id": 47}}, {"data": {"popup": "  \u6c23(\u6eab) \u5473(\u8f9b) \u7d93\u7d61(\u80ba,\u5927\u8178,\u80c3) \u4f5c\u7528(allergy,infection,inflammation,oxidation)", "name": 48, "myGroup": "G5", "label": "\u767d\u82b7", "nodeSupportPercent": 3.949, "id": 48}}, {"data": {"popup": "  \u6c23(\u5bd2) \u5473(\u82e6) \u7d93\u7d61(\u809d,\u80ba,\u81bd,\u5927\u8178,\u80c3) \u4f5c\u7528(allergy)", "name": 49, "myGroup": "G5", "label": "\u9ec3\u82a9", "nodeSupportPercent": 5.7589, "id": 49}}, {"data": {"popup": "  \u6c23(\u5bd2) \u5473(\u82e6) \u7d93\u7d61(\u809d,\u5fc3,\u813e,\u5927\u8178,\u80c3) \u4f5c\u7528(allergy,bacteria,infection,inflammation)", "name": 50, "myGroup": "G5", "label": "\u5927\u9ec3", "nodeSupportPercent": 7.6707, "id": 50}}, {"data": {"popup": " ", "name": 51, "myGroup": "G2", "label": "\u5730\u9ec3", "nodeSupportPercent": 0.878, "id": 51}}, {"data": {"popup": " ", "name": 52, "myGroup": "G0", "label": "\u4e94\u5473\u6d88\u6bd2\u98f2", "nodeSupportPercent": 2.9304, "id": 52}}, {"data": {"popup": "  \u6c23(\u6eab) \u5473(\u7518,\u82e6) \u7d93\u7d61(\u813e,\u80c3) \u4f5c\u7528(allergy,bacteria,inflammation,oxidation)", "name": 53, "myGroup": "G0", "label": "\u767d\u672e", "nodeSupportPercent": 2.17, "id": 53}}, {"data": {"popup": " ", "name": 54, "myGroup": "G0", "label": "\u91d1\u87ec", "nodeSupportPercent": 2.9469, "id": 54}}, {"data": {"popup": "  \u6c23(\u6eab) \u5473(\u8f9b,\u82e6) \u7d93\u7d61(\u813e,\u80c3) \u4f5c\u7528(allergy,oxidation)", "name": 55, "myGroup": "G0", "label": "\u84bc\u672e", "nodeSupportPercent": 2.5106, "id": 55}}, {"data": {"popup": "  \u6c23(\u6eab) \u5473(\u7518) \u7d93\u7d61(\u813e,\u80ba) \u4f5c\u7528(infection,inflammation,oxidation)", "name": 56, "myGroup": "G0", "label": "\u9ec3\u8006", "nodeSupportPercent": 3.235, "id": 56}}, {"data": {"popup": "  \u6c23(\u5bd2) \u5473(\u7518) \u7d93\u7d61(\u809d,\u80ba,\u814e) \u4f5c\u7528(oxidation)", "name": 57, "myGroup": "G4", "label": "\u8eca\u524d\u5b50", "nodeSupportPercent": 1.0577, "id": 57}}, {"data": {"popup": "  \u6c23(\u5bd2) \u5473(\u8f9b) \u7d93\u7d61(\u80ba) \u4f5c\u7528(allergy)", "name": 58, "myGroup": "G4", "label": "\u9b5a\u8165\u8349", "nodeSupportPercent": 1.02, "id": 58}}, {"data": {"popup": "  \u6c23(\u5e73) \u5473(\u8f9b,\u82e6) \u7d93\u7d61(\u809d) \u4f5c\u7528(bacteria,infection,inflammation,oxidation)", "name": 59, "myGroup": "G4", "label": "\u767d\u84ba\u85dc", "nodeSupportPercent": 1.18, "id": 59}}, {"data": {"popup": "  \u6c23(\u5e73) \u5473(\u7518) \u7d93\u7d61(\u5fc3,\u813e,\u814e) \u4f5c\u7528(inflammation)", "name": 60, "myGroup": "G0", "label": "\u832f\u82d3", "nodeSupportPercent": 2.1803, "id": 60}}, {"data": {"popup": "  \u6c23(\u5bd2) \u5473(\u7518) \u7d93\u7d61(\u814e,\u8180\u80f1) \u4f5c\u7528(allergy)", "name": 61, "myGroup": "G0", "label": "\u6fa4\u7009", "nodeSupportPercent": 0.885, "id": 61}}, {"data": {"popup": "  \u6c23(\u6eab) \u5473(\u8f9b) \u7d93\u7d61(\u813e,\u80ba,\u80c3)", "name": 62, "myGroup": "G0", "label": "\u85ff\u9999", "nodeSupportPercent": 0.893, "id": 62}}, {"data": {"popup": "  \u6c23(\u5e73) \u5473(\u7518) \u7d93\u7d61(\u809d,\u5fc3) \u4f5c\u7528(inflammation)", "name": 63, "myGroup": "G4", "label": "\u9178\u68d7\u4ec1", "nodeSupportPercent": 1.08, "id": 63}}, {"data": {"popup": "  \u6c23(\u5e73) \u5473(\u9178) \u7d93\u7d61(\u809d,\u813e,\u80ba,\u5927\u8178) \u4f5c\u7528(bacteria)", "name": 64, "myGroup": "G2", "label": "\u70cf\u6885", "nodeSupportPercent": 1.11, "id": 64}}, {"data": {"popup": "  \u6c23(\u5bd2) \u5473(\u7518) \u7d93\u7d61(\u80ba,\u80c3,\u8180\u80f1) \u4f5c\u7528(oxidation)", "name": 65, "myGroup": "G4", "label": "\u767d\u8305\u6839", "nodeSupportPercent": 1.12, "id": 65}}, {"data": {"popup": "  \u6c23(\u6eab) \u5473(\u8f9b,\u82e6) \u7d93\u7d61(\u813e,\u80ba,\u5927\u8178,\u80c3) \u4f5c\u7528(bacteria,inflammation)", "name": 66, "myGroup": "G5", "label": "\u539a\u6734", "nodeSupportPercent": 1.7008, "id": 66}}, {"data": {"popup": "  \u6c23(\u5bd2) \u5473(\u8f9b,\u82e6) \u7d93\u7d61(\u813e,\u5927\u8178,\u80c3) \u4f5c\u7528(bacteria,infection,inflammation)", "name": 67, "myGroup": "G5", "label": "\u67b3\u5be6", "nodeSupportPercent": 1.13, "id": 67}}, {"data": {"popup": "  \u4f5c\u7528(bacteria,inflammation,oxidation)", "name": 68, "myGroup": "G4", "label": "\u67b3\u6bbc", "nodeSupportPercent": 1.3016, "id": 68}}, {"data": {"popup": "  \u6c23(\u6dbc) \u5473(\u8f9b) \u7d93\u7d61(\u809d,\u80ba)", "name": 69, "myGroup": "G0", "label": "\u8584\u8377", "nodeSupportPercent": 2.8481, "id": 69}}, {"data": {"popup": "  \u6c23(\u6dbc) \u5473(\u7518) \u7d93\u7d61(\u5fc3)", "name": 70, "myGroup": "G0", "label": "\u6d6e\u5c0f\u9ea5", "nodeSupportPercent": 2.09, "id": 70}}, {"data": {"popup": " ", "name": 71, "myGroup": "G2", "label": "\u67f4\u80e1\u6842\u679d\u6e6f", "nodeSupportPercent": 1.37, "id": 71}}, {"data": {"popup": "  \u6c23(\u6eab) \u5473(\u8f9b,\u7518) \u7d93\u7d61(\u809d,\u5fc3,\u813e) \u4f5c\u7528(allergy,bacteria,inflammation)", "name": 72, "myGroup": "G6", "label": "\u7576\u6b78", "nodeSupportPercent": 2.6001, "id": 72}}, {"data": {"popup": "  \u6c23(\u6eab) \u5473(\u8f9b) \u7d93\u7d61(\u809d,\u5fc3,\u81bd,\u5fc3\u5305) \u4f5c\u7528(allergy,bacteria,inflammation,oxidation)", "name": 73, "myGroup": "G6", "label": "\u5ddd\u828e", "nodeSupportPercent": 1.05, "id": 73}}, {"data": {"popup": "  \u4f5c\u7528(bacteria,infection)", "name": 74, "myGroup": "G1", "label": "\u7518\u9732\u6d88\u6bd2\u4e39", "nodeSupportPercent": 2.2276, "id": 74}}, {"data": {"popup": "  \u6c23(\u5bd2) \u5473(\u8f9b,\u82e6) \u7d93\u7d61(\u809d,\u5fc3) \u4f5c\u7528(bacteria)", "name": 75, "myGroup": "G1", "label": "\u7d2b\u82b1\u5730\u4e01", "nodeSupportPercent": 1.27, "id": 75}}, {"data": {"popup": "  \u6c23(\u5e73) \u5473(\u9178,\u82e6) \u7d93\u7d61(\u809d,\u814e) \u4f5c\u7528(allergy,inflammation)", "name": 76, "myGroup": "G2", "label": "\u725b\u819d", "nodeSupportPercent": 1.03, "id": 76}}, {"data": {"popup": "  \u6c23(\u5bd2) \u5473(\u82e6) \u7d93\u7d61(\u809d)", "name": 77, "myGroup": "G2", "label": "\u8d64\u828d", "nodeSupportPercent": 5.1519, "id": 77}}, {"data": {"popup": "  \u6c23(\u5bd2) \u5473(\u8f9b,\u82e6) \u7d93\u7d61(\u80ba,\u80c3) \u4f5c\u7528(bacteria,infection,inflammation)", "name": 78, "myGroup": "G2", "label": "\u725b\u84a1\u5b50", "nodeSupportPercent": 1.02, "id": 78}}, {"data": {"popup": "  \u6c23(\u5bd2) \u5473(\u7518) \u7d93\u7d61(\u80ba,\u5927\u8178,\u80c3) \u4f5c\u7528(allergy,bacteria,infection,inflammation,oxidation)", "name": 79, "myGroup": "G3", "label": "\u91d1\u9280\u82b1", "nodeSupportPercent": 8.4537, "id": 79}}, {"data": {"popup": "  \u6c23(\u5bd2) \u5473(\u7518,\u82e6) \u7d93\u7d61(\u809d,\u80ba)", "name": 80, "myGroup": "G3", "label": "\u83ca\u82b1", "nodeSupportPercent": 1.17, "id": 80}}, {"data": {"popup": " ", "name": 81, "myGroup": "G2", "label": "\u7d2b\u8607\u8449", "nodeSupportPercent": 1.72, "id": 81}}, {"data": {"popup": " ", "name": 82, "myGroup": "G1", "label": "\u56db\u7269\u6e6f", "nodeSupportPercent": 1.89, "id": 82}}, {"data": {"popup": "  \u6c23(\u5bd2) \u5473(\u82e6) \u7d93\u7d61(\u814e,\u5927\u8178,\u8180\u80f1) \u4f5c\u7528(allergy)", "name": 83, "myGroup": "G2", "label": "\u9ec3\u67cf", "nodeSupportPercent": 1.993, "id": 83}}, {"data": {"popup": "  \u6c23(\u5bd2) \u5473(\u7518,\u82e6) \u7d93\u7d61(\u80ba,\u814e,\u80c3) \u4f5c\u7528(bacteria,inflammation)", "name": 84, "myGroup": "G2", "label": "\u77e5\u6bcd", "nodeSupportPercent": 1.4, "id": 84}}, {"data": {"popup": "  \u6c23(\u5bd2) \u5473(\u8f9b,\u7518) \u7d93\u7d61(\u80ba,\u80c3) \u4f5c\u7528(infection)", "name": 85, "myGroup": "G2", "label": "\u77f3\u818f", "nodeSupportPercent": 2.454, "id": 85}}, {"data": {"popup": " ", "name": 86, "myGroup": "G3", "label": "\u6842\u679d\u6e6f", "nodeSupportPercent": 5.8135, "id": 86}}, {"data": {"popup": "  \u4f5c\u7528(inflammation)", "name": 87, "myGroup": "G3", "label": "\u9ebb\u9ec3\u6e6f", "nodeSupportPercent": 1.99, "id": 87}}, {"data": {"popup": " ", "name": 88, "myGroup": "G4", "label": "\u9ebb\u674f\u858f\u7518\u6e6f", "nodeSupportPercent": 1.87, "id": 88}}, {"data": {"popup": "  \u6c23(\u5bd2) \u5473(\u82e6) \u7d93\u7d61(\u809d,\u813e,\u81bd,\u80c3) \u4f5c\u7528(infection)", "name": 89, "myGroup": "G3", "label": "\u8335\u9673\u84bf", "nodeSupportPercent": 1.47, "id": 89}}, {"data": {"popup": "  \u4f5c\u7528(infection)", "name": 90, "myGroup": "G4", "label": "\u77e5\u67cf\u5730\u9ec3\u4e38", "nodeSupportPercent": 1.66, "id": 90}}, {"data": {"popup": "  \u6c23(\u5e73) \u5473(\u7518,\u82e6) \u7d93\u7d61(\u809d,\u5fc3)", "name": 91, "myGroup": "G2", "label": "\u591c\u4ea4\u85e4", "nodeSupportPercent": 1.58, "id": 91}}, {"data": {"popup": "  \u6c23(\u6eab) \u5473(\u8f9b,\u7518) \u7d93\u7d61(\u5fc3,\u80ba,\u8180\u80f1) \u4f5c\u7528(infection,oxidation)", "name": 92, "myGroup": "G3", "label": "\u6842\u679d", "nodeSupportPercent": 1.43, "id": 92}}, {"data": {"popup": "  \u6c23(\u5bd2) \u5473(\u7518,\u82e6,\u9e79) \u7d93\u7d61(\u80ba,\u814e,\u80c3) \u4f5c\u7528(inflammation)", "name": 93, "myGroup": "G2", "label": "\u7384\u53c3", "nodeSupportPercent": 3.5045, "id": 93}}, {"data": {"popup": "  \u6c23(\u5bd2) \u5473(\u7518,\u82e6) \u7d93\u7d61(\u5fc3,\u80ba,\u80c3) \u4f5c\u7528(allergy,inflammation)", "name": 94, "myGroup": "G2", "label": "\u9ea5\u9580\u51ac", "nodeSupportPercent": 1.47, "id": 94}}, {"data": {"popup": "  \u6c23(\u5bd2) \u5473(\u8f9b,\u82e6) \u7d93\u7d61(\u809d,\u5fc3,\u81bd,\u5fc3\u5305,\u4e09\u7126) \u4f5c\u7528(allergy,infection,inflammation,oxidation)", "name": 95, "myGroup": "G5", "label": "\u67f4\u80e1", "nodeSupportPercent": 1.55, "id": 95}}, {"data": {"popup": " ", "name": 96, "myGroup": "G4", "label": "\u67f4\u80e1\u6e05\u809d\u6e6f", "nodeSupportPercent": 2.25, "id": 96}}, {"data": {"popup": "  \u4f5c\u7528(bacteria)", "name": 97, "myGroup": "G2", "label": "\u845b\u6839\u6e6f", "nodeSupportPercent": 2.36, "id": 97}}, {"data": {"popup": "  \u6c23(\u5bd2) \u5473(\u9178,\u82e6) \u7d93\u7d61(\u809d,\u813e) \u4f5c\u7528(bacteria,infection,inflammation,oxidation)", "name": 98, "myGroup": "G6", "label": "\u767d\u828d", "nodeSupportPercent": 1.58, "id": 98}}, {"data": {"popup": " ", "name": 99, "myGroup": "G2", "label": "\u84ba\u85dc", "nodeSupportPercent": 6.0913, "id": 99}}, {"data": {"popup": "  \u6c23(\u6eab) \u5473(\u7518,\u82e6) \u7d93\u7d61(\u809d,\u814e) \u4f5c\u7528(allergy,bacteria,infection)", "name": 100, "myGroup": "G2", "label": "\u4f55\u9996\u70cf", "nodeSupportPercent": 1.78, "id": 100}}, {"data": {"popup": " ", "name": 101, "myGroup": "G2", "label": "\u7d2b\u8349\u6839", "nodeSupportPercent": 1.7, "id": 101}}, {"data": {"popup": " ", "name": 102, "myGroup": "G4", "label": "\u84bc\u8033\u5b50", "nodeSupportPercent": 2.0, "id": 102}}, {"data": {"popup": " ", "name": 103, "myGroup": "G2", "label": "\u834a\u82a5\u9023\u7ff9\u6e6f", "nodeSupportPercent": 2.41, "id": 103}}, {"data": {"popup": "  \u6c23(\u6eab) \u5473(\u8f9b,\u82e6) \u7d93\u7d61(\u814e) \u4f5c\u7528(allergy,bacteria)", "name": 104, "myGroup": "G4", "label": "\u86c7\u5e8a\u5b50", "nodeSupportPercent": 2.21, "id": 104}}, {"data": {"popup": "  \u6c23(\u6eab) \u5473(\u82e6) \u7d93\u7d61(\u80ba,\u5927\u8178) \u4f5c\u7528(inflammation)", "name": 105, "myGroup": "G3", "label": "\u674f\u4ec1", "nodeSupportPercent": 1.97, "id": 105}}, {"data": {"popup": "  \u4f5c\u7528(allergy,infection)", "name": 106, "myGroup": "G3", "label": "\u52a0\u5473\u900d\u9059\u6563", "nodeSupportPercent": 6.5337, "id": 106}}, {"data": {"popup": " ", "name": 107, "myGroup": "G3", "label": "\u7389\u5973\u714e", "nodeSupportPercent": 2.42, "id": 107}}, {"data": {"popup": "  \u6c23(\u5e73) \u5473(\u7518) \u7d93\u7d61(\u809d,\u80c3) \u4f5c\u7528(allergy,inflammation)", "name": 108, "myGroup": "G3", "label": "\u571f\u832f\u82d3", "nodeSupportPercent": 7.9711, "id": 108}}, {"data": {"popup": "  \u6c23(\u5bd2) \u5473(\u82e6) \u7d93\u7d61(\u809d,\u5fc3,\u5927\u8178,\u80c3) \u4f5c\u7528(allergy,bacteria)", "name": 109, "myGroup": "G5", "label": "\u9ec3\u9023", "nodeSupportPercent": 2.33, "id": 109}}, {"data": {"popup": "  \u6c23(\u5bd2) \u5473(\u82e6) \u7d93\u7d61(\u5fc3,\u80ba,\u80c3,\u4e09\u7126) \u4f5c\u7528(allergy,bacteria,infection,inflammation)", "name": 110, "myGroup": "G3", "label": "\u6894\u5b50", "nodeSupportPercent": 2.44, "id": 110}}, {"data": {"popup": "  \u6c23(\u5bd2) \u5473(\u7518) \u7d93\u7d61(\u809d,\u5fc3)", "name": 111, "myGroup": "G2", "label": "\u7d2b\u8349", "nodeSupportPercent": 2.8, "id": 111}}, {"data": {"popup": "  \u4f5c\u7528(allergy,bacteria,infection,inflammation)", "name": 112, "myGroup": "G3", "label": "\u5c0f\u67f4\u80e1\u6e6f", "nodeSupportPercent": 3.36, "id": 112}}, {"data": {"popup": "  \u6c23(\u5bd2) \u5473(\u7518) \u7d93\u7d61(\u80ba,\u814e) \u4f5c\u7528(inflammation)", "name": 113, "myGroup": "G2", "label": "\u5730\u9aa8\u76ae", "nodeSupportPercent": 3.12, "id": 113}}, {"data": {"popup": "  \u6c23(\u5bd2) \u5473(\u82e6) \u7d93\u7d61(\u809d,\u5fc3,\u5927\u8178,\u80c3,\u8180\u80f1) \u4f5c\u7528(allergy,infection,oxidation)", "name": 114, "myGroup": "G4", "label": "\u82e6\u53c3", "nodeSupportPercent": 3.44, "id": 114}}, {"data": {"popup": "  \u6c23(\u5e73) \u5473(\u8f9b,\u9e79) \u7d93\u7d61(\u809d,\u80ba)", "name": 115, "myGroup": "G2", "label": "\u6bad\u8836", "nodeSupportPercent": 3.69, "id": 115}}, {"data": {"popup": "  \u4f5c\u7528(allergy)", "name": 116, "myGroup": "G4", "label": "\u6eab\u6e05\u98f2", "nodeSupportPercent": 7.1, "id": 116}}, {"data": {"popup": " ", "name": 117, "myGroup": "G4", "label": "\u9f8d\u81bd\u7009\u809d\u6e6f", "nodeSupportPercent": 7.09, "id": 117}}], "edges": [{"data": {"source": 0, "Lift": 63.964, "is_directed": false, "target": 1, "name": "0-1"}}, {"data": {"source": 1, "Lift": 2.6303, "is_directed": false, "target": 4, "name": "1-4"}}, {"data": {"source": 2, "Lift": 65.607, "is_directed": false, "target": 3, "name": "2-3"}}, {"data": {"source": 3, "Lift": 4.9649, "is_directed": false, "target": 34, "name": "3-34"}}, {"data": {"source": 3, "Lift": 2.72, "is_directed": false, "target": 35, "name": "3-35"}}, {"data": {"source": 4, "Lift": 1.5102, "is_directed": false, "target": 32, "name": "4-32"}}, {"data": {"source": 4, "Lift": 1.4674, "is_directed": false, "target": 33, "name": "4-33"}}, {"data": {"source": 4, "Lift": 1.5132, "is_directed": false, "target": 99, "name": "4-99"}}, {"data": {"source": 4, "Lift": 1.9474, "is_directed": false, "target": 102, "name": "4-102"}}, {"data": {"source": 4, "Lift": 1.6928, "is_directed": false, "target": 70, "name": "4-70"}}, {"data": {"source": 4, "Lift": 2.6842, "is_directed": false, "target": 104, "name": "4-104"}}, {"data": {"source": 4, "Lift": 1.9345, "is_directed": false, "target": 41, "name": "4-41"}}, {"data": {"source": 4, "Lift": 1.3084, "is_directed": false, "target": 10, "name": "4-10"}}, {"data": {"source": 4, "Lift": 2.5235, "is_directed": false, "target": 43, "name": "4-43"}}, {"data": {"source": 4, "Lift": 1.67, "is_directed": false, "target": 78, "name": "4-78"}}, {"data": {"source": 4, "Lift": 1.6324, "is_directed": false, "target": 80, "name": "4-80"}}, {"data": {"source": 4, "Lift": 1.4682, "is_directed": false, "target": 17, "name": "4-17"}}, {"data": {"source": 4, "Lift": 1.9594, "is_directed": false, "target": 114, "name": "4-114"}}, {"data": {"source": 4, "Lift": 1.5748, "is_directed": false, "target": 51, "name": "4-51"}}, {"data": {"source": 4, "Lift": 2.389, "is_directed": false, "target": 59, "name": "4-59"}}, {"data": {"source": 4, "Lift": 2.0547, "is_directed": false, "target": 69, "name": "4-69"}}, {"data": {"source": 5, "Lift": 84.408, "is_directed": false, "target": 6, "name": "5-6"}}, {"data": {"source": 6, "Lift": 1.3222, "is_directed": false, "target": 10, "name": "6-10"}}, {"data": {"source": 6, "Lift": 8.8835, "is_directed": false, "target": 52, "name": "6-52"}}, {"data": {"source": 6, "Lift": 13.37, "is_directed": false, "target": 53, "name": "6-53"}}, {"data": {"source": 6, "Lift": 9.4565, "is_directed": false, "target": 54, "name": "6-54"}}, {"data": {"source": 6, "Lift": 13.521, "is_directed": false, "target": 55, "name": "6-55"}}, {"data": {"source": 6, "Lift": 8.827, "is_directed": false, "target": 56, "name": "6-56"}}, {"data": {"source": 6, "Lift": 4.9975, "is_directed": false, "target": 30, "name": "6-30"}}, {"data": {"source": 7, "Lift": 8.0537, "is_directed": false, "target": 8, "name": "7-8"}}, {"data": {"source": 7, "Lift": 1.5399, "is_directed": false, "target": 9, "name": "7-9"}}, {"data": {"source": 7, "Lift": 1.5941, "is_directed": false, "target": 12, "name": "7-12"}}, {"data": {"source": 7, "Lift": 1.5037, "is_directed": false, "target": 17, "name": "7-17"}}, {"data": {"source": 8, "Lift": 1.6749, "is_directed": false, "target": 9, "name": "8-9"}}, {"data": {"source": 9, "Lift": 1.9801, "is_directed": false, "target": 19, "name": "9-19"}}, {"data": {"source": 9, "Lift": 1.683, "is_directed": false, "target": 24, "name": "9-24"}}, {"data": {"source": 9, "Lift": 1.4964, "is_directed": false, "target": 25, "name": "9-25"}}, {"data": {"source": 9, "Lift": 5.5423, "is_directed": false, "target": 26, "name": "9-26"}}, {"data": {"source": 9, "Lift": 2.6644, "is_directed": false, "target": 27, "name": "9-27"}}, {"data": {"source": 9, "Lift": 1.6941, "is_directed": false, "target": 28, "name": "9-28"}}, {"data": {"source": 9, "Lift": 1.7666, "is_directed": false, "target": 31, "name": "9-31"}}, {"data": {"source": 9, "Lift": 1.7431, "is_directed": false, "target": 32, "name": "9-32"}}, {"data": {"source": 9, "Lift": 1.6832, "is_directed": false, "target": 39, "name": "9-39"}}, {"data": {"source": 9, "Lift": 1.7087, "is_directed": false, "target": 51, "name": "9-51"}}, {"data": {"source": 9, "Lift": 1.5509, "is_directed": false, "target": 59, "name": "9-59"}}, {"data": {"source": 9, "Lift": 1.5729, "is_directed": false, "target": 77, "name": "9-77"}}, {"data": {"source": 9, "Lift": 3.1914, "is_directed": false, "target": 78, "name": "9-78"}}, {"data": {"source": 9, "Lift": 3.5436, "is_directed": false, "target": 79, "name": "9-79"}}, {"data": {"source": 9, "Lift": 2.3174, "is_directed": false, "target": 80, "name": "9-80"}}, {"data": {"source": 9, "Lift": 2.0579, "is_directed": false, "target": 89, "name": "9-89"}}, {"data": {"source": 9, "Lift": 1.9104, "is_directed": false, "target": 93, "name": "9-93"}}, {"data": {"source": 9, "Lift": 1.7548, "is_directed": false, "target": 101, "name": "9-101"}}, {"data": {"source": 9, "Lift": 1.593, "is_directed": false, "target": 105, "name": "9-105"}}, {"data": {"source": 9, "Lift": 1.8234, "is_directed": false, "target": 106, "name": "9-106"}}, {"data": {"source": 9, "Lift": 2.8113, "is_directed": false, "target": 107, "name": "9-107"}}, {"data": {"source": 9, "Lift": 1.941, "is_directed": false, "target": 108, "name": "9-108"}}, {"data": {"source": 9, "Lift": 2.2128, "is_directed": false, "target": 110, "name": "9-110"}}, {"data": {"source": 9, "Lift": 2.2785, "is_directed": false, "target": 112, "name": "9-112"}}, {"data": {"source": 10, "Lift": 1.0364, "is_directed": false, "target": 11, "name": "10-11"}}, {"data": {"source": 10, "Lift": 1.0105, "is_directed": false, "target": 17, "name": "10-17"}}, {"data": {"source": 10, "Lift": 1.1792, "is_directed": false, "target": 19, "name": "10-19"}}, {"data": {"source": 10, "Lift": 1.4558, "is_directed": false, "target": 21, "name": "10-21"}}, {"data": {"source": 10, "Lift": 1.2083, "is_directed": false, "target": 22, "name": "10-22"}}, {"data": {"source": 10, "Lift": 1.0344, "is_directed": false, "target": 23, "name": "10-23"}}, {"data": {"source": 10, "Lift": 1.0585, "is_directed": false, "target": 35, "name": "10-35"}}, {"data": {"source": 10, "Lift": 1.3346, "is_directed": false, "target": 41, "name": "10-41"}}, {"data": {"source": 10, "Lift": 1.1272, "is_directed": false, "target": 43, "name": "10-43"}}, {"data": {"source": 10, "Lift": 1.031, "is_directed": false, "target": 57, "name": "10-57"}}, {"data": {"source": 10, "Lift": 1.0407, "is_directed": false, "target": 58, "name": "10-58"}}, {"data": {"source": 10, "Lift": 1.067, "is_directed": false, "target": 59, "name": "10-59"}}, {"data": {"source": 10, "Lift": 1.0759, "is_directed": false, "target": 63, "name": "10-63"}}, {"data": {"source": 10, "Lift": 1.0792, "is_directed": false, "target": 65, "name": "10-65"}}, {"data": {"source": 10, "Lift": 1.0078, "is_directed": false, "target": 79, "name": "10-79"}}, {"data": {"source": 10, "Lift": 1.0334, "is_directed": false, "target": 88, "name": "10-88"}}, {"data": {"source": 10, "Lift": 1.0021, "is_directed": false, "target": 90, "name": "10-90"}}, {"data": {"source": 10, "Lift": 1.052, "is_directed": false, "target": 96, "name": "10-96"}}, {"data": {"source": 10, "Lift": 1.0428, "is_directed": false, "target": 99, "name": "10-99"}}, {"data": {"source": 10, "Lift": 1.1972, "is_directed": false, "target": 102, "name": "10-102"}}, {"data": {"source": 10, "Lift": 1.2402, "is_directed": false, "target": 104, "name": "10-104"}}, {"data": {"source": 10, "Lift": 1.295, "is_directed": false, "target": 108, "name": "10-108"}}, {"data": {"source": 10, "Lift": 1.0062, "is_directed": false, "target": 113, "name": "10-113"}}, {"data": {"source": 10, "Lift": 1.1729, "is_directed": false, "target": 114, "name": "10-114"}}, {"data": {"source": 10, "Lift": 1.0218, "is_directed": false, "target": 116, "name": "10-116"}}, {"data": {"source": 10, "Lift": 1.1054, "is_directed": false, "target": 117, "name": "10-117"}}, {"data": {"source": 12, "Lift": 1.4786, "is_directed": false, "target": 13, "name": "12-13"}}, {"data": {"source": 12, "Lift": 1.5445, "is_directed": false, "target": 16, "name": "12-16"}}, {"data": {"source": 12, "Lift": 1.3106, "is_directed": false, "target": 17, "name": "12-17"}}, {"data": {"source": 12, "Lift": 1.5979, "is_directed": false, "target": 20, "name": "12-20"}}, {"data": {"source": 12, "Lift": 1.7946, "is_directed": false, "target": 27, "name": "12-27"}}, {"data": {"source": 12, "Lift": 1.8333, "is_directed": false, "target": 33, "name": "12-33"}}, {"data": {"source": 12, "Lift": 1.6491, "is_directed": false, "target": 36, "name": "12-36"}}, {"data": {"source": 12, "Lift": 1.5056, "is_directed": false, "target": 38, "name": "12-38"}}, {"data": {"source": 12, "Lift": 2.3318, "is_directed": false, "target": 41, "name": "12-41"}}, {"data": {"source": 12, "Lift": 3.821, "is_directed": false, "target": 42, "name": "12-42"}}, {"data": {"source": 12, "Lift": 1.4699, "is_directed": false, "target": 43, "name": "12-43"}}, {"data": {"source": 12, "Lift": 1.4617, "is_directed": false, "target": 49, "name": "12-49"}}, {"data": {"source": 12, "Lift": 2.9419, "is_directed": false, "target": 51, "name": "12-51"}}, {"data": {"source": 12, "Lift": 1.771, "is_directed": false, "target": 61, "name": "12-61"}}, {"data": {"source": 12, "Lift": 1.6883, "is_directed": false, "target": 64, "name": "12-64"}}, {"data": {"source": 12, "Lift": 2.057, "is_directed": false, "target": 65, "name": "12-65"}}, {"data": {"source": 12, "Lift": 3.617, "is_directed": false, "target": 77, "name": "12-77"}}, {"data": {"source": 12, "Lift": 2.5106, "is_directed": false, "target": 78, "name": "12-78"}}, {"data": {"source": 12, "Lift": 1.6153, "is_directed": false, "target": 80, "name": "12-80"}}, {"data": {"source": 12, "Lift": 1.8834, "is_directed": false, "target": 83, "name": "12-83"}}, {"data": {"source": 12, "Lift": 1.9863, "is_directed": false, "target": 84, "name": "12-84"}}, {"data": {"source": 12, "Lift": 1.6277, "is_directed": false, "target": 90, "name": "12-90"}}, {"data": {"source": 12, "Lift": 2.0357, "is_directed": false, "target": 93, "name": "12-93"}}, {"data": {"source": 12, "Lift": 1.5917, "is_directed": false, "target": 98, "name": "12-98"}}, {"data": {"source": 12, "Lift": 1.687, "is_directed": false, "target": 99, "name": "12-99"}}, {"data": {"source": 12, "Lift": 1.5782, "is_directed": false, "target": 100, "name": "12-100"}}, {"data": {"source": 12, "Lift": 3.0552, "is_directed": false, "target": 101, "name": "12-101"}}, {"data": {"source": 12, "Lift": 1.5654, "is_directed": false, "target": 107, "name": "12-107"}}, {"data": {"source": 12, "Lift": 2.1246, "is_directed": false, "target": 110, "name": "12-110"}}, {"data": {"source": 12, "Lift": 2.0749, "is_directed": false, "target": 111, "name": "12-111"}}, {"data": {"source": 12, "Lift": 3.5117, "is_directed": false, "target": 113, "name": "12-113"}}, {"data": {"source": 14, "Lift": 1.8518, "is_directed": false, "target": 102, "name": "14-102"}}, {"data": {"source": 14, "Lift": 2.205, "is_directed": false, "target": 70, "name": "14-70"}}, {"data": {"source": 14, "Lift": 1.5803, "is_directed": false, "target": 15, "name": "14-15"}}, {"data": {"source": 14, "Lift": 3.3371, "is_directed": false, "target": 21, "name": "14-21"}}, {"data": {"source": 14, "Lift": 2.3704, "is_directed": false, "target": 22, "name": "14-22"}}, {"data": {"source": 14, "Lift": 2.6445, "is_directed": false, "target": 29, "name": "14-29"}}, {"data": {"source": 17, "Lift": 1.2876, "is_directed": false, "target": 18, "name": "17-18"}}, {"data": {"source": 17, "Lift": 1.2548, "is_directed": false, "target": 24, "name": "17-24"}}, {"data": {"source": 17, "Lift": 2.0801, "is_directed": false, "target": 26, "name": "17-26"}}, {"data": {"source": 17, "Lift": 1.9385, "is_directed": false, "target": 30, "name": "17-30"}}, {"data": {"source": 17, "Lift": 2.0822, "is_directed": false, "target": 32, "name": "17-32"}}, {"data": {"source": 17, "Lift": 1.3129, "is_directed": false, "target": 37, "name": "17-37"}}, {"data": {"source": 17, "Lift": 3.2693, "is_directed": false, "target": 41, "name": "17-41"}}, {"data": {"source": 17, "Lift": 1.5333, "is_directed": false, "target": 42, "name": "17-42"}}, {"data": {"source": 17, "Lift": 1.1938, "is_directed": false, "target": 43, "name": "17-43"}}, {"data": {"source": 17, "Lift": 1.6476, "is_directed": false, "target": 51, "name": "17-51"}}, {"data": {"source": 17, "Lift": 1.2757, "is_directed": false, "target": 59, "name": "17-59"}}, {"data": {"source": 17, "Lift": 1.6007, "is_directed": false, "target": 64, "name": "17-64"}}, {"data": {"source": 17, "Lift": 2.2168, "is_directed": false, "target": 69, "name": "17-69"}}, {"data": {"source": 17, "Lift": 1.6782, "is_directed": false, "target": 71, "name": "17-71"}}, {"data": {"source": 17, "Lift": 1.3482, "is_directed": false, "target": 72, "name": "17-72"}}, {"data": {"source": 17, "Lift": 1.5263, "is_directed": false, "target": 77, "name": "17-77"}}, {"data": {"source": 17, "Lift": 2.6037, "is_directed": false, "target": 78, "name": "17-78"}}, {"data": {"source": 17, "Lift": 1.7122, "is_directed": false, "target": 80, "name": "17-80"}}, {"data": {"source": 17, "Lift": 1.3417, "is_directed": false, "target": 89, "name": "17-89"}}, {"data": {"source": 17, "Lift": 1.8302, "is_directed": false, "target": 97, "name": "17-97"}}, {"data": {"source": 17, "Lift": 1.6661, "is_directed": false, "target": 99, "name": "17-99"}}, {"data": {"source": 17, "Lift": 2.3817, "is_directed": false, "target": 101, "name": "17-101"}}, {"data": {"source": 17, "Lift": 2.2745, "is_directed": false, "target": 102, "name": "17-102"}}, {"data": {"source": 17, "Lift": 3.0872, "is_directed": false, "target": 115, "name": "17-115"}}, {"data": {"source": 21, "Lift": 21.228, "is_directed": false, "target": 22, "name": "21-22"}}, {"data": {"source": 21, "Lift": 6.7853, "is_directed": false, "target": 39, "name": "21-39"}}, {"data": {"source": 25, "Lift": 15.898, "is_directed": false, "target": 105, "name": "25-105"}}, {"data": {"source": 25, "Lift": 11.782, "is_directed": false, "target": 26, "name": "25-26"}}, {"data": {"source": 25, "Lift": 8.1768, "is_directed": false, "target": 92, "name": "25-92"}}, {"data": {"source": 25, "Lift": 4.9685, "is_directed": false, "target": 86, "name": "25-86"}}, {"data": {"source": 26, "Lift": 8.5699, "is_directed": false, "target": 27, "name": "26-27"}}, {"data": {"source": 27, "Lift": 1.2037, "is_directed": false, "target": 43, "name": "27-43"}}, {"data": {"source": 28, "Lift": 3.1425, "is_directed": false, "target": 75, "name": "28-75"}}, {"data": {"source": 28, "Lift": 2.619, "is_directed": false, "target": 29, "name": "28-29"}}, {"data": {"source": 28, "Lift": 3.1497, "is_directed": false, "target": 55, "name": "28-55"}}, {"data": {"source": 30, "Lift": 6.2941, "is_directed": false, "target": 32, "name": "30-32"}}, {"data": {"source": 30, "Lift": 3.9647, "is_directed": false, "target": 56, "name": "30-56"}}, {"data": {"source": 30, "Lift": 3.6596, "is_directed": false, "target": 55, "name": "30-55"}}, {"data": {"source": 30, "Lift": 4.5147, "is_directed": false, "target": 53, "name": "30-53"}}, {"data": {"source": 30, "Lift": 3.9067, "is_directed": false, "target": 31, "name": "30-31"}}, {"data": {"source": 31, "Lift": 3.1652, "is_directed": false, "target": 32, "name": "31-32"}}, {"data": {"source": 32, "Lift": 3.6107, "is_directed": false, "target": 102, "name": "32-102"}}, {"data": {"source": 32, "Lift": 3.0468, "is_directed": false, "target": 78, "name": "32-78"}}, {"data": {"source": 32, "Lift": 2.4191, "is_directed": false, "target": 54, "name": "32-54"}}, {"data": {"source": 32, "Lift": 2.5047, "is_directed": false, "target": 62, "name": "32-62"}}, {"data": {"source": 32, "Lift": 3.9099, "is_directed": false, "target": 69, "name": "32-69"}}, {"data": {"source": 34, "Lift": 11.762, "is_directed": false, "target": 75, "name": "34-75"}}, {"data": {"source": 35, "Lift": 2.8111, "is_directed": false, "target": 82, "name": "35-82"}}, {"data": {"source": 36, "Lift": 37.171, "is_directed": false, "target": 37, "name": "36-37"}}, {"data": {"source": 37, "Lift": 2.3044, "is_directed": false, "target": 38, "name": "37-38"}}, {"data": {"source": 38, "Lift": 2.6858, "is_directed": false, "target": 81, "name": "38-81"}}, {"data": {"source": 38, "Lift": 2.2891, "is_directed": false, "target": 71, "name": "38-71"}}, {"data": {"source": 38, "Lift": 3.1415, "is_directed": false, "target": 78, "name": "38-78"}}, {"data": {"source": 38, "Lift": 2.4242, "is_directed": false, "target": 47, "name": "38-47"}}, {"data": {"source": 39, "Lift": 2.6789, "is_directed": false, "target": 108, "name": "39-108"}}, {"data": {"source": 39, "Lift": 2.4742, "is_directed": false, "target": 79, "name": "39-79"}}, {"data": {"source": 40, "Lift": 3.0854, "is_directed": false, "target": 41, "name": "40-41"}}, {"data": {"source": 41, "Lift": 4.6117, "is_directed": false, "target": 42, "name": "41-42"}}, {"data": {"source": 41, "Lift": 1.2182, "is_directed": false, "target": 43, "name": "41-43"}}, {"data": {"source": 42, "Lift": 1.3194, "is_directed": false, "target": 43, "name": "42-43"}}, {"data": {"source": 42, "Lift": 3.2675, "is_directed": false, "target": 84, "name": "42-84"}}, {"data": {"source": 42, "Lift": 3.9798, "is_directed": false, "target": 77, "name": "42-77"}}, {"data": {"source": 42, "Lift": 3.5399, "is_directed": false, "target": 94, "name": "42-94"}}, {"data": {"source": 42, "Lift": 3.6594, "is_directed": false, "target": 93, "name": "42-93"}}, {"data": {"source": 43, "Lift": 1.3019, "is_directed": false, "target": 51, "name": "43-51"}}, {"data": {"source": 43, "Lift": 1.3308, "is_directed": false, "target": 52, "name": "43-52"}}, {"data": {"source": 43, "Lift": 1.8048, "is_directed": false, "target": 59, "name": "43-59"}}, {"data": {"source": 43, "Lift": 1.1914, "is_directed": false, "target": 62, "name": "43-62"}}, {"data": {"source": 43, "Lift": 1.815, "is_directed": false, "target": 69, "name": "43-69"}}, {"data": {"source": 43, "Lift": 5.1976, "is_directed": false, "target": 70, "name": "43-70"}}, {"data": {"source": 43, "Lift": 1.2008, "is_directed": false, "target": 71, "name": "43-71"}}, {"data": {"source": 43, "Lift": 1.281, "is_directed": false, "target": 74, "name": "43-74"}}, {"data": {"source": 43, "Lift": 1.3822, "is_directed": false, "target": 76, "name": "43-76"}}, {"data": {"source": 43, "Lift": 1.481, "is_directed": false, "target": 77, "name": "43-77"}}, {"data": {"source": 43, "Lift": 1.4036, "is_directed": false, "target": 78, "name": "43-78"}}, {"data": {"source": 43, "Lift": 1.5517, "is_directed": false, "target": 80, "name": "43-80"}}, {"data": {"source": 43, "Lift": 1.2739, "is_directed": false, "target": 88, "name": "43-88"}}, {"data": {"source": 43, "Lift": 1.3215, "is_directed": false, "target": 91, "name": "43-91"}}, {"data": {"source": 43, "Lift": 1.3032, "is_directed": false, "target": 99, "name": "43-99"}}, {"data": {"source": 43, "Lift": 1.3704, "is_directed": false, "target": 100, "name": "43-100"}}, {"data": {"source": 43, "Lift": 2.0284, "is_directed": false, "target": 101, "name": "43-101"}}, {"data": {"source": 43, "Lift": 1.2103, "is_directed": false, "target": 103, "name": "43-103"}}, {"data": {"source": 43, "Lift": 1.3992, "is_directed": false, "target": 104, "name": "43-104"}}, {"data": {"source": 43, "Lift": 1.589, "is_directed": false, "target": 108, "name": "43-108"}}, {"data": {"source": 43, "Lift": 1.7846, "is_directed": false, "target": 111, "name": "43-111"}}, {"data": {"source": 43, "Lift": 1.2104, "is_directed": false, "target": 113, "name": "43-113"}}, {"data": {"source": 43, "Lift": 2.2619, "is_directed": false, "target": 114, "name": "43-114"}}, {"data": {"source": 43, "Lift": 1.2834, "is_directed": false, "target": 115, "name": "43-115"}}, {"data": {"source": 44, "Lift": 17.699, "is_directed": false, "target": 45, "name": "44-45"}}, {"data": {"source": 44, "Lift": 15.715, "is_directed": false, "target": 46, "name": "44-46"}}, {"data": {"source": 44, "Lift": 18.865, "is_directed": false, "target": 47, "name": "44-47"}}, {"data": {"source": 44, "Lift": 13.17, "is_directed": false, "target": 48, "name": "44-48"}}, {"data": {"source": 44, "Lift": 7.8096, "is_directed": false, "target": 49, "name": "44-49"}}, {"data": {"source": 44, "Lift": 6.8568, "is_directed": false, "target": 50, "name": "44-50"}}, {"data": {"source": 45, "Lift": 7.8503, "is_directed": false, "target": 48, "name": "45-48"}}, {"data": {"source": 45, "Lift": 4.9345, "is_directed": false, "target": 49, "name": "45-49"}}, {"data": {"source": 45, "Lift": 4.7712, "is_directed": false, "target": 50, "name": "45-50"}}, {"data": {"source": 45, "Lift": 9.6086, "is_directed": false, "target": 46, "name": "45-46"}}, {"data": {"source": 45, "Lift": 9.8405, "is_directed": false, "target": 47, "name": "45-47"}}, {"data": {"source": 46, "Lift": 8.9827, "is_directed": false, "target": 48, "name": "46-48"}}, {"data": {"source": 46, "Lift": 6.713, "is_directed": false, "target": 49, "name": "46-49"}}, {"data": {"source": 46, "Lift": 4.8139, "is_directed": false, "target": 50, "name": "46-50"}}, {"data": {"source": 46, "Lift": 12.135, "is_directed": false, "target": 47, "name": "46-47"}}, {"data": {"source": 47, "Lift": 10.506, "is_directed": false, "target": 48, "name": "47-48"}}, {"data": {"source": 47, "Lift": 5.7819, "is_directed": false, "target": 49, "name": "47-49"}}, {"data": {"source": 47, "Lift": 6.1779, "is_directed": false, "target": 50, "name": "47-50"}}, {"data": {"source": 48, "Lift": 5.1487, "is_directed": false, "target": 49, "name": "48-49"}}, {"data": {"source": 48, "Lift": 4.2833, "is_directed": false, "target": 50, "name": "48-50"}}, {"data": {"source": 49, "Lift": 3.1957, "is_directed": false, "target": 50, "name": "49-50"}}, {"data": {"source": 49, "Lift": 4.6376, "is_directed": false, "target": 109, "name": "49-109"}}, {"data": {"source": 49, "Lift": 4.136, "is_directed": false, "target": 95, "name": "49-95"}}, {"data": {"source": 50, "Lift": 3.271, "is_directed": false, "target": 67, "name": "50-67"}}, {"data": {"source": 50, "Lift": 2.6889, "is_directed": false, "target": 109, "name": "50-109"}}, {"data": {"source": 53, "Lift": 8.384, "is_directed": false, "target": 56, "name": "53-56"}}, {"data": {"source": 53, "Lift": 9.1991, "is_directed": false, "target": 60, "name": "53-60"}}, {"data": {"source": 53, "Lift": 10.331, "is_directed": false, "target": 55, "name": "53-55"}}, {"data": {"source": 55, "Lift": 6.4105, "is_directed": false, "target": 56, "name": "55-56"}}, {"data": {"source": 56, "Lift": 6.3366, "is_directed": false, "target": 72, "name": "56-72"}}, {"data": {"source": 57, "Lift": 19.959, "is_directed": false, "target": 58, "name": "57-58"}}, {"data": {"source": 57, "Lift": 16.517, "is_directed": false, "target": 68, "name": "57-68"}}, {"data": {"source": 60, "Lift": 10.986, "is_directed": false, "target": 61, "name": "60-61"}}, {"data": {"source": 66, "Lift": 14.592, "is_directed": false, "target": 67, "name": "66-67"}}, {"data": {"source": 69, "Lift": 9.8215, "is_directed": false, "target": 70, "name": "69-70"}}, {"data": {"source": 72, "Lift": 12.405, "is_directed": false, "target": 73, "name": "72-73"}}, {"data": {"source": 72, "Lift": 8.315, "is_directed": false, "target": 98, "name": "72-98"}}, {"data": {"source": 74, "Lift": 9.9189, "is_directed": false, "target": 75, "name": "74-75"}}, {"data": {"source": 77, "Lift": 3.9008, "is_directed": false, "target": 101, "name": "77-101"}}, {"data": {"source": 77, "Lift": 4.833, "is_directed": false, "target": 78, "name": "77-78"}}, {"data": {"source": 78, "Lift": 2.8854, "is_directed": false, "target": 79, "name": "78-79"}}, {"data": {"source": 79, "Lift": 2.864, "is_directed": false, "target": 112, "name": "79-112"}}, {"data": {"source": 79, "Lift": 2.8323, "is_directed": false, "target": 80, "name": "79-80"}}, {"data": {"source": 79, "Lift": 2.6095, "is_directed": false, "target": 108, "name": "79-108"}}, {"data": {"source": 79, "Lift": 2.5378, "is_directed": false, "target": 89, "name": "79-89"}}, {"data": {"source": 83, "Lift": 11.899, "is_directed": false, "target": 84, "name": "83-84"}}, {"data": {"source": 84, "Lift": 11.1, "is_directed": false, "target": 85, "name": "84-85"}}, {"data": {"source": 86, "Lift": 6.2551, "is_directed": false, "target": 105, "name": "86-105"}}, {"data": {"source": 86, "Lift": 13.396, "is_directed": false, "target": 87, "name": "86-87"}}, {"data": {"source": 93, "Lift": 6.5649, "is_directed": false, "target": 94, "name": "93-94"}}, {"data": {"source": 99, "Lift": 4.3417, "is_directed": false, "target": 100, "name": "99-100"}}, {"data": {"source": 106, "Lift": 3.6618, "is_directed": false, "target": 107, "name": "106-107"}}, {"data": {"source": 108, "Lift": 2.7379, "is_directed": false, "target": 112, "name": "108-112"}}]}, "data": {"description": "<h1>\u8541\u9ebb\u75b9\u4e2d\u91ab\u6cbb\u7642\u5716\u8b5c</h1><h2>urticaria_(Support=0.75%, Confidence=20.0%)</h2>", "name": "urticaria_(Support=0.75%, Confidence=20.0%)", "tags": ["urticaria", "\u8541\u9ebb\u75b9\u4e2d\u91ab\u6cbb\u7642\u5716\u8b5c"]}}