{"elements": {"nodes": [{"data": {"popup": "  \u6c23(\u5bd2) \u5473(\u82e6) \u7d93\u7d61(\u809d,\u5fc3,\u5fc3\u5305) \u4f5c\u7528(allergy,bacteria,infection,inflammation,oxidation)", "name": 0, "myGroup": "G1", "label": "\u4e39\u53c3", "nodeSupportPercent": 6.653822507542071, "id": 0}}, {"data": {"popup": " ", "name": 1, "myGroup": "G1", "label": "\u4e94\u5473\u6d88\u6bd2\u98f2", "nodeSupportPercent": 10.27508900358874, "id": 1}}, {"data": {"popup": " ", "name": 2, "myGroup": "G1", "label": "\u4ed9\u65b9\u6d3b\u547d\u98f2", "nodeSupportPercent": 27.865987046224674, "id": 2}}, {"data": {"popup": "  \u4f5c\u7528(allergy,infection)", "name": 5, "myGroup": "G1", "label": "\u52a0\u5473\u900d\u9059\u6563", "nodeSupportPercent": 17.622353126206374, "id": 5}}, {"data": {"popup": "  \u6c23(\u5e73) \u5473(\u7518) \u7d93\u7d61(\u809d,\u80c3) \u4f5c\u7528(allergy,inflammation)", "name": 8, "myGroup": "G0", "label": "\u571f\u832f\u82d3", "nodeSupportPercent": 5.021017714931157, "id": 8}}, {"data": {"popup": "  \u6c23(\u5bd2) \u5473(\u8f9b,\u82e6) \u7d93\u7d61(\u809d,\u81bd) \u4f5c\u7528(bacteria)", "name": 11, "myGroup": "G1", "label": "\u590f\u67af\u8349", "nodeSupportPercent": 3.2709712471940637, "id": 11}}, {"data": {"popup": "  \u6c23(\u5bd2) \u5473(\u82e6) \u7d93\u7d61(\u809d,\u5fc3,\u813e,\u5927\u8178,\u80c3) \u4f5c\u7528(allergy,bacteria,infection,inflammation)", "name": 14, "myGroup": "G3", "label": "\u5927\u9ec3", "nodeSupportPercent": 11.087916958579374, "id": 14}}, {"data": {"popup": "  \u6c23(\u5bd2) \u5473(\u7518,\u82e6) \u7d93\u7d61(\u80ba,\u80c3) \u4f5c\u7528(allergy,bacteria,inflammation)", "name": 16, "myGroup": "G3", "label": "\u5929\u82b1\u7c89", "nodeSupportPercent": 4.2989805693370124, "id": 16}}, {"data": {"popup": " ", "name": 24, "myGroup": "G2", "label": "\u6563\u816b\u6f70\u5805\u6e6f", "nodeSupportPercent": 5.338070659555911, "id": 24}}, {"data": {"popup": "  \u6c23(\u5e73) \u5473(\u82e6) \u7d93\u7d61(\u80ba,\u80c3) \u4f5c\u7528(inflammation)", "name": 27, "myGroup": "G1", "label": "\u6787\u6777\u8449", "nodeSupportPercent": 2.4395561973663518, "id": 27}}, {"data": {"popup": "  \u6c23(\u5bd2) \u5473(\u7518) \u7d93\u7d61(\u80ba) \u4f5c\u7528(allergy)", "name": 37, "myGroup": "G1", "label": "\u6851\u767d\u76ae", "nodeSupportPercent": 6.057605696229679, "id": 37}}, {"data": {"popup": "  \u6c23(\u5bd2) \u5473(\u82e6) \u7d93\u7d61(\u5fc3,\u80ba,\u80c3,\u4e09\u7126)", "name": 39, "myGroup": "G0", "label": "\u6894\u5b50", "nodeSupportPercent": 3.4772165110593214, "id": 39}}, {"data": {"popup": " ", "name": 42, "myGroup": "G2", "label": "\u6e05\u4e0a\u9632\u98a8\u6e6f", "nodeSupportPercent": 31.193791910324418, "id": 42}}, {"data": {"popup": " ", "name": 44, "myGroup": "G0", "label": "\u6eab\u6e05\u98f2", "nodeSupportPercent": 4.384409716761271, "id": 44}}, {"data": {"popup": " ", "name": 47, "myGroup": "G3", "label": "\u7099\u7518\u8349", "nodeSupportPercent": 1.5538096395533378, "id": 47}}, {"data": {"popup": "  \u6c23(\u5bd2) \u5473(\u8f9b,\u82e6) \u7d93\u7d61(\u809d,\u5fc3,\u814e) \u4f5c\u7528(allergy,bacteria,infection,inflammation,oxidation)", "name": 48, "myGroup": "G2", "label": "\u7261\u4e39\u76ae", "nodeSupportPercent": 7.8276690353297775, "id": 48}}, {"data": {"popup": "  \u6c23(\u5bd2) \u5473(\u7518,\u82e6,\u9e79) \u7d93\u7d61(\u80ba,\u814e,\u80c3) \u4f5c\u7528(inflammation)", "name": 50, "myGroup": "G0", "label": "\u7384\u53c3", "nodeSupportPercent": 3.3299495288886347, "id": 50}}, {"data": {"popup": "  \u6c23(\u5e73) \u5473(\u7518) \u7d93\u7d61(\u5fc3,\u813e,\u80ba,\u80c3) \u4f5c\u7528(allergy,bacteria,inflammation)", "name": 53, "myGroup": "G0", "label": "\u7518\u8349", "nodeSupportPercent": 8.447834603451481, "id": 53}}, {"data": {"popup": "  \u6c23(\u5bd2) \u5473(\u7518,\u82e6) \u7d93\u7d61(\u5c0f\u8178,\u5927\u8178,\u80c3) \u4f5c\u7528(inflammation)", "name": 62, "myGroup": "G2", "label": "\u767d\u82b1\u86c7\u820c\u8349", "nodeSupportPercent": 3.4518379777240815, "id": 62}}, {"data": {"popup": "  \u6c23(\u6eab) \u5473(\u8f9b) \u7d93\u7d61(\u80ba,\u5927\u8178,\u80c3) \u4f5c\u7528(allergy,bacteria,infection,inflammation,oxidation)", "name": 63, "myGroup": "G3", "label": "\u767d\u82b7", "nodeSupportPercent": 10.956020074062424, "id": 63}}, {"data": {"popup": "  \u6c23(\u5bd2) \u5473(\u82e6) \u7d93\u7d61(\u813e,\u80c3) \u4f5c\u7528(allergy,inflammation)", "name": 64, "myGroup": "G2", "label": "\u767d\u9bae\u76ae", "nodeSupportPercent": 3.6906106575542243, "id": 64}}, {"data": {"popup": "  \u6c23(\u6eab) \u5473(\u8f9b)", "name": 65, "myGroup": "G2", "label": "\u7682\u523a", "nodeSupportPercent": 4.856950858580804, "id": 65}}, {"data": {"popup": "  \u6c23(\u6eab) \u5473(\u8f9b) \u7d93\u7d61(\u813e,\u80c3) \u4f5c\u7528(bacteria,infection,inflammation)", "name": 70, "myGroup": "G3", "label": "\u7802\u4ec1", "nodeSupportPercent": 3.8736220528731358, "id": 70}}, {"data": {"popup": "  \u6c23(\u5bd2) \u5473(\u8f9b,\u82e6) \u7d93\u7d61(\u809d,\u5fc3)", "name": 72, "myGroup": "G2", "label": "\u7d2b\u82b1\u5730\u4e01", "nodeSupportPercent": 5.177220800388899, "id": 72}}, {"data": {"popup": " ", "name": 78, "myGroup": "G2", "label": "\u834a\u82a5\u9023\u7ff9\u6e6f", "nodeSupportPercent": 5.267296721522426, "id": 78}}, {"data": {"popup": "  \u6c23(\u5bd2) \u5473(\u7518,\u82e6) \u7d93\u7d61(\u809d,\u80c3)", "name": 84, "myGroup": "G2", "label": "\u84b2\u516c\u82f1", "nodeSupportPercent": 19.192962639939378, "id": 84}}, {"data": {"popup": "  \u6c23(\u5bd2) \u5473(\u7518) \u7d93\u7d61(\u813e,\u80ba,\u80c3) \u4f5c\u7528(oxidation)", "name": 87, "myGroup": "G1", "label": "\u858f\u82e1\u4ec1", "nodeSupportPercent": 11.752048154873393, "id": 87}}, {"data": {"popup": "  \u6c23(\u5bd2) \u5473(\u82e6) \u7d93\u7d61(\u809d)", "name": 92, "myGroup": "G2", "label": "\u8d64\u828d", "nodeSupportPercent": 4.8855463890993835, "id": 92}}, {"data": {"popup": "  \u6c23(\u5bd2) \u5473(\u82e6) \u7d93\u7d61(\u5fc3,\u80ba,\u5c0f\u8178) \u4f5c\u7528(infection)", "name": 95, "myGroup": "G0", "label": "\u9023\u7ff9", "nodeSupportPercent": 22.264480061766346, "id": 95}}, {"data": {"popup": "  \u6c23(\u5bd2) \u5473(\u7518) \u7d93\u7d61(\u80ba,\u5927\u8178,\u80c3) \u4f5c\u7528(allergy,bacteria,infection,oxidation)", "name": 98, "myGroup": "G0", "label": "\u91d1\u9280\u82b1", "nodeSupportPercent": 13.418810139975122, "id": 98}}, {"data": {"popup": " ", "name": 109, "myGroup": "G2", "label": "\u9ebb\u5b50\u4ec1\u4e38", "nodeSupportPercent": 3.681674554267168, "id": 109}}, {"data": {"popup": "  \u6c23(\u5bd2) \u5473(\u82e6) \u7d93\u7d61(\u809d,\u80ba,\u81bd,\u5927\u8178,\u80c3) \u4f5c\u7528(allergy,oxidation)", "name": 114, "myGroup": "G3", "label": "\u9ec3\u82a9", "nodeSupportPercent": 8.343818361190147, "id": 114}}, {"data": {"popup": "  \u4f5c\u7528(oxidation)", "name": 117, "myGroup": "G2", "label": "\u9ec3\u9023\u89e3\u6bd2\u6e6f", "nodeSupportPercent": 10.239344590440513, "id": 117}}], "edges": [{"data": {"source": 0, "Lift": 1.073978746591927, "is_directed": false, "target": 2, "name": "0-2"}}, {"data": {"source": 0, "Lift": 1.4540905059827443, "is_directed": false, "target": 5, "name": "0-5"}}, {"data": {"source": 0, "Lift": 1.1193058520361931, "is_directed": false, "target": 95, "name": "0-95"}}, {"data": {"source": 1, "Lift": 1.013812539031128, "is_directed": false, "target": 2, "name": "1-2"}}, {"data": {"source": 2, "Lift": 1.1734007032213287, "is_directed": false, "target": 65, "name": "2-65"}}, {"data": {"source": 2, "Lift": 1.024078080022913, "is_directed": false, "target": 5, "name": "2-5"}}, {"data": {"source": 2, "Lift": 1.191262311808026, "is_directed": false, "target": 8, "name": "2-8"}}, {"data": {"source": 2, "Lift": 1.3160699287350297, "is_directed": false, "target": 11, "name": "2-11"}}, {"data": {"source": 2, "Lift": 1.0285009508981382, "is_directed": false, "target": 109, "name": "2-109"}}, {"data": {"source": 2, "Lift": 1.1260843959223017, "is_directed": false, "target": 72, "name": "2-72"}}, {"data": {"source": 2, "Lift": 1.2273902104745007, "is_directed": false, "target": 84, "name": "2-84"}}, {"data": {"source": 2, "Lift": 1.0464124673474895, "is_directed": false, "target": 87, "name": "2-87"}}, {"data": {"source": 2, "Lift": 1.3141875406884638, "is_directed": false, "target": 24, "name": "2-24"}}, {"data": {"source": 2, "Lift": 1.0567846189668677, "is_directed": false, "target": 92, "name": "2-92"}}, {"data": {"source": 2, "Lift": 1.1455920859696203, "is_directed": false, "target": 37, "name": "2-37"}}, {"data": {"source": 2, "Lift": 1.162344128459944, "is_directed": false, "target": 95, "name": "2-95"}}, {"data": {"source": 5, "Lift": 1.1872878368516984, "is_directed": false, "target": 87, "name": "5-87"}}, {"data": {"source": 5, "Lift": 1.2549974781869608, "is_directed": false, "target": 37, "name": "5-37"}}, {"data": {"source": 5, "Lift": 1.2351717311117567, "is_directed": false, "target": 95, "name": "5-95"}}, {"data": {"source": 8, "Lift": 1.7666342377131565, "is_directed": false, "target": 98, "name": "8-98"}}, {"data": {"source": 8, "Lift": 1.331213943786405, "is_directed": false, "target": 84, "name": "8-84"}}, {"data": {"source": 8, "Lift": 1.337493636962887, "is_directed": false, "target": 95, "name": "8-95"}}, {"data": {"source": 14, "Lift": 2.3538784886380455, "is_directed": false, "target": 16, "name": "14-16"}}, {"data": {"source": 14, "Lift": 2.087895246934587, "is_directed": false, "target": 114, "name": "14-114"}}, {"data": {"source": 14, "Lift": 2.050870155872457, "is_directed": false, "target": 63, "name": "14-63"}}, {"data": {"source": 14, "Lift": 4.404136769777728, "is_directed": false, "target": 70, "name": "14-70"}}, {"data": {"source": 14, "Lift": 1.0351205866702176, "is_directed": false, "target": 95, "name": "14-95"}}, {"data": {"source": 16, "Lift": 3.128017423533915, "is_directed": false, "target": 114, "name": "16-114"}}, {"data": {"source": 16, "Lift": 1.1251988072218106, "is_directed": false, "target": 95, "name": "16-95"}}, {"data": {"source": 16, "Lift": 2.913452767986439, "is_directed": false, "target": 63, "name": "16-63"}}, {"data": {"source": 24, "Lift": 1.4590355156505554, "is_directed": false, "target": 84, "name": "24-84"}}, {"data": {"source": 27, "Lift": 7.6747884927173295, "is_directed": false, "target": 37, "name": "27-37"}}, {"data": {"source": 37, "Lift": 1.7809998628109869, "is_directed": false, "target": 95, "name": "37-95"}}, {"data": {"source": 39, "Lift": 1.8712873606747773, "is_directed": false, "target": 95, "name": "39-95"}}, {"data": {"source": 42, "Lift": 1.0444742946005612, "is_directed": false, "target": 64, "name": "42-64"}}, {"data": {"source": 42, "Lift": 1.0939900876562159, "is_directed": false, "target": 65, "name": "42-65"}}, {"data": {"source": 42, "Lift": 1.231548397748861, "is_directed": false, "target": 98, "name": "42-98"}}, {"data": {"source": 42, "Lift": 1.0953698099907256, "is_directed": false, "target": 72, "name": "42-72"}}, {"data": {"source": 42, "Lift": 1.1444273664721745, "is_directed": false, "target": 109, "name": "42-109"}}, {"data": {"source": 42, "Lift": 1.1799750590758118, "is_directed": false, "target": 84, "name": "42-84"}}, {"data": {"source": 42, "Lift": 1.0454606826627677, "is_directed": false, "target": 117, "name": "42-117"}}, {"data": {"source": 42, "Lift": 1.1435374591357899, "is_directed": false, "target": 87, "name": "42-87"}}, {"data": {"source": 42, "Lift": 1.186767498658477, "is_directed": false, "target": 62, "name": "42-62"}}, {"data": {"source": 44, "Lift": 1.1907895615843829, "is_directed": false, "target": 95, "name": "44-95"}}, {"data": {"source": 47, "Lift": 16.681874684915798, "is_directed": false, "target": 70, "name": "47-70"}}, {"data": {"source": 48, "Lift": 1.2055482661575772, "is_directed": false, "target": 84, "name": "48-84"}}, {"data": {"source": 48, "Lift": 3.1115470345855623, "is_directed": false, "target": 92, "name": "48-92"}}, {"data": {"source": 48, "Lift": 1.3235026765746258, "is_directed": false, "target": 95, "name": "48-95"}}, {"data": {"source": 50, "Lift": 1.5027777794628026, "is_directed": false, "target": 95, "name": "50-95"}}, {"data": {"source": 53, "Lift": 1.4936613569232005, "is_directed": false, "target": 98, "name": "53-98"}}, {"data": {"source": 53, "Lift": 1.1822529668940338, "is_directed": false, "target": 95, "name": "53-95"}}, {"data": {"source": 63, "Lift": 2.002374410267004, "is_directed": false, "target": 114, "name": "63-114"}}, {"data": {"source": 63, "Lift": 4.473159753336601, "is_directed": false, "target": 70, "name": "63-70"}}, {"data": {"source": 65, "Lift": 1.7431384204491494, "is_directed": false, "target": 84, "name": "65-84"}}, {"data": {"source": 65, "Lift": 1.080224323436743, "is_directed": false, "target": 95, "name": "65-95"}}, {"data": {"source": 70, "Lift": 3.6252255704455627, "is_directed": false, "target": 114, "name": "70-114"}}, {"data": {"source": 72, "Lift": 2.779947404611937, "is_directed": false, "target": 84, "name": "72-84"}}, {"data": {"source": 72, "Lift": 1.3002407973424426, "is_directed": false, "target": 95, "name": "72-95"}}, {"data": {"source": 78, "Lift": 1.2311391329501218, "is_directed": false, "target": 84, "name": "78-84"}}, {"data": {"source": 84, "Lift": 1.5004378545812849, "is_directed": false, "target": 98, "name": "84-98"}}, {"data": {"source": 84, "Lift": 1.0704784880793738, "is_directed": false, "target": 87, "name": "84-87"}}, {"data": {"source": 84, "Lift": 1.2907435565826482, "is_directed": false, "target": 92, "name": "84-92"}}, {"data": {"source": 84, "Lift": 1.238992375351492, "is_directed": false, "target": 117, "name": "84-117"}}, {"data": {"source": 84, "Lift": 1.210715671591935, "is_directed": false, "target": 95, "name": "84-95"}}, {"data": {"source": 87, "Lift": 1.5569425924269888, "is_directed": false, "target": 95, "name": "87-95"}}, {"data": {"source": 92, "Lift": 1.3390909820956114, "is_directed": false, "target": 95, "name": "92-95"}}, {"data": {"source": 95, "Lift": 1.239898983980058, "is_directed": false, "target": 114, "name": "95-114"}}, {"data": {"source": 95, "Lift": 2.038091807875808, "is_directed": false, "target": 98, "name": "95-98"}}]}, "data": {"description": "<h1>\u6fd5\u75b9\u4e2d\u91ab\u6cbb\u7642\u5716\u8b5c</h1><h2>Eczema_(Support=1.0%, Confidence=20.0% (cc))cc</h2>", "name": "Eczema_(Support=1.0%, Confidence=20.0% (cc))cc", "tags": ["Eczema", "\u6fd5\u75b9\u4e2d\u91ab\u6cbb\u7642\u5716\u8b5c", "\u570b\u7db2\u4e2d\u5fc3"]}}