{"elements": {"nodes": [{"data": {"popup": "  \u6c23(\u5bd2) \u5473(\u7518) \u7d93\u7d61(\u80ba,\u5927\u8178,\u80c3) \u4f5c\u7528(allergy,bacteria,infection,oxidation)", "name": 98, "myGroup": "G0", "label": "\u91d1\u9280\u82b1", "nodeSupportPercent": 13.418810139975122, "id": 98}}, {"data": {"popup": "  \u6c23(\u5bd2) \u5473(\u7518) \u7d93\u7d61(\u80ba) \u4f5c\u7528(allergy)", "name": 37, "myGroup": "G2", "label": "\u6851\u767d\u76ae", "nodeSupportPercent": 6.057605696229679, "id": 37}}, {"data": {"popup": "  \u6c23(\u6eab) \u5473(\u8f9b) \u7d93\u7d61(\u813e,\u80c3) \u4f5c\u7528(bacteria,infection,inflammation)", "name": 70, "myGroup": "G1", "label": "\u7802\u4ec1", "nodeSupportPercent": 3.8736220528731358, "id": 70}}, {"data": {"popup": "  \u6c23(\u5bd2) \u5473(\u82e6) \u7d93\u7d61(\u5fc3,\u80ba,\u80c3,\u4e09\u7126)", "name": 39, "myGroup": "G0", "label": "\u6894\u5b50", "nodeSupportPercent": 3.4772165110593214, "id": 39}}, {"data": {"popup": "  \u6c23(\u5bd2) \u5473(\u8f9b,\u82e6) \u7d93\u7d61(\u809d,\u5fc3)", "name": 72, "myGroup": "G3", "label": "\u7d2b\u82b1\u5730\u4e01", "nodeSupportPercent": 5.177220800388899, "id": 72}}, {"data": {"popup": "  \u6c23(\u5bd2) \u5473(\u82e6) \u7d93\u7d61(\u5fc3,\u80ba,\u5c0f\u8178) \u4f5c\u7528(infection)", "name": 95, "myGroup": "G0", "label": "\u9023\u7ff9", "nodeSupportPercent": 22.264480061766346, "id": 95}}, {"data": {"popup": "  \u6c23(\u5bd2) \u5473(\u82e6) \u7d93\u7d61(\u809d,\u5fc3,\u813e,\u5927\u8178,\u80c3) \u4f5c\u7528(allergy,bacteria,infection,inflammation)", "name": 14, "myGroup": "G1", "label": "\u5927\u9ec3", "nodeSupportPercent": 11.087916958579374, "id": 14}}, {"data": {"popup": " ", "name": 47, "myGroup": "G1", "label": "\u7099\u7518\u8349", "nodeSupportPercent": 1.5538096395533378, "id": 47}}, {"data": {"popup": "  \u6c23(\u5bd2) \u5473(\u7518,\u82e6) \u7d93\u7d61(\u809d,\u80c3)", "name": 84, "myGroup": "G3", "label": "\u84b2\u516c\u82f1", "nodeSupportPercent": 19.192962639939378, "id": 84}}, {"data": {"popup": "  \u6c23(\u5e73) \u5473(\u82e6) \u7d93\u7d61(\u80ba,\u80c3) \u4f5c\u7528(inflammation)", "name": 27, "myGroup": "G2", "label": "\u6787\u6777\u8449", "nodeSupportPercent": 2.4395561973663518, "id": 27}}, {"data": {"popup": "  \u6c23(\u6eab) \u5473(\u8f9b) \u7d93\u7d61(\u80ba,\u5927\u8178,\u80c3) \u4f5c\u7528(allergy,bacteria,infection,inflammation,oxidation)", "name": 63, "myGroup": "G1", "label": "\u767d\u82b7", "nodeSupportPercent": 10.956020074062424, "id": 63}}], "edges": [{"data": {"source": 98, "Lift": 2.038091807875808, "is_directed": false, "target": 95, "name": "98-95"}}, {"data": {"source": 37, "Lift": 7.6747884927173295, "is_directed": false, "target": 27, "name": "37-27"}}, {"data": {"source": 70, "Lift": 16.681874684915798, "is_directed": false, "target": 47, "name": "70-47"}}, {"data": {"source": 70, "Lift": 4.404136769777728, "is_directed": false, "target": 14, "name": "70-14"}}, {"data": {"source": 70, "Lift": 4.473159753336601, "is_directed": false, "target": 63, "name": "70-63"}}, {"data": {"source": 39, "Lift": 1.8712873606747773, "is_directed": false, "target": 95, "name": "39-95"}}, {"data": {"source": 72, "Lift": 2.779947404611937, "is_directed": false, "target": 84, "name": "72-84"}}]}, "data": {"description": "<h1>\u6fd5\u75b9\u4e2d\u91ab\u6cbb\u7642\u5716\u8b5c</h1><h2>Eczema_(Support=1.0%, Confidence=40.0% (cc))cc</h2>", "name": "Eczema_(Support=1.0%, Confidence=40.0% (cc))cc", "tags": ["Eczema", "\u6fd5\u75b9\u4e2d\u91ab\u6cbb\u7642\u5716\u8b5c", "\u570b\u7db2\u4e2d\u5fc3"]}}