{"elements": {"nodes": [{"data": {"popup": "  \u6c23(\u5bd2) \u5473(\u82e6) \u7d93\u7d61(\u809d,\u5fc3,\u5fc3\u5305) \u4f5c\u7528(allergy,bacteria,infection,inflammation,oxidation)", "name": 1, "myGroup": "G3", "label": "\u4e39\u53c3", "nodeSupportPercent": 3.969586337315676, "id": 1}}, {"data": {"popup": "  \u6c23(\u6eab) \u5473(\u8f9b,\u82e6) \u7d93\u7d61(\u814e) \u4f5c\u7528(bacteria)", "name": 130, "myGroup": "G0", "label": "\u86c7\u5e8a\u5b50", "nodeSupportPercent": 1.8287862747453192, "id": 130}}, {"data": {"popup": "  \u6c23(\u5bd2) \u5473(\u7518) \u7d93\u7d61(\u809d,\u80ba) \u4f5c\u7528(allergy)", "name": 131, "myGroup": "G0", "label": "\u87ec\u86fb", "nodeSupportPercent": 7.651181434481295, "id": 131}}, {"data": {"popup": " ", "name": 5, "myGroup": "G2", "label": "\u4ed9\u65b9\u6d3b\u547d\u98f2", "nodeSupportPercent": 12.876085553789556, "id": 5}}, {"data": {"popup": "  \u6c23(\u5bd2) \u5473(\u82e6) \u7d93\u7d61(\u809d)", "name": 136, "myGroup": "G3", "label": "\u8d64\u828d", "nodeSupportPercent": 4.619591784288695, "id": 136}}, {"data": {"popup": "  \u4f5c\u7528(allergy,infection)", "name": 9, "myGroup": "G2", "label": "\u52a0\u5473\u900d\u9059\u6563", "nodeSupportPercent": 9.719075858177582, "id": 9}}, {"data": {"popup": "  \u6c23(\u5bd2) \u5473(\u82e6) \u7d93\u7d61(\u5fc3,\u80ba,\u5c0f\u8178) \u4f5c\u7528(infection)", "name": 140, "myGroup": "G3", "label": "\u9023\u7ff9", "nodeSupportPercent": 17.175004259812233, "id": 140}}, {"data": {"popup": "  \u6c23(\u5bd2) \u5473(\u7518) \u7d93\u7d61(\u80ba,\u5927\u8178,\u80c3) \u4f5c\u7528(allergy,bacteria,infection,oxidation)", "name": 143, "myGroup": "G2", "label": "\u91d1\u9280\u82b1", "nodeSupportPercent": 11.209311809875501, "id": 143}}, {"data": {"popup": "  \u6c23(\u5e73) \u5473(\u7518) \u7d93\u7d61(\u809d,\u80c3) \u4f5c\u7528(allergy,inflammation)", "name": 16, "myGroup": "G0", "label": "\u571f\u832f\u82d3", "nodeSupportPercent": 8.43833886876147, "id": 16}}, {"data": {"popup": "  \u6c23(\u5bd2) \u5473(\u82e6) \u7d93\u7d61(\u8180\u80f1) \u4f5c\u7528(allergy)", "name": 17, "myGroup": "G0", "label": "\u5730\u819a\u5b50", "nodeSupportPercent": 8.628005262613932, "id": 17}}, {"data": {"popup": "  \u6c23(\u5bd2) \u5473(\u82e6) \u7d93\u7d61(\u809d,\u5fc3,\u813e,\u5927\u8178,\u80c3) \u4f5c\u7528(allergy,bacteria,infection,inflammation)", "name": 22, "myGroup": "G1", "label": "\u5927\u9ec3", "nodeSupportPercent": 10.228018670547518, "id": 22}}, {"data": {"popup": "  \u6c23(\u5bd2) \u5473(\u7518,\u82e6) \u7d93\u7d61(\u80ba,\u80c3) \u4f5c\u7528(allergy,bacteria,inflammation)", "name": 24, "myGroup": "G1", "label": "\u5929\u82b1\u7c89", "nodeSupportPercent": 4.078525797702215, "id": 24}}, {"data": {"popup": "  \u6c23(\u5bd2) \u5473(\u8f9b) \u7d93\u7d61(\u80ba)", "name": 153, "myGroup": "G2", "label": "\u9b5a\u8165\u8349", "nodeSupportPercent": 2.2765553901289675, "id": 153}}, {"data": {"popup": "  \u6c23(\u5bd2) \u5473(\u82e6) \u7d93\u7d61(\u809d,\u80ba,\u81bd,\u5927\u8178,\u80c3) \u4f5c\u7528(allergy,oxidation)", "name": 161, "myGroup": "G1", "label": "\u9ec3\u82a9", "nodeSupportPercent": 7.51961608616832, "id": 161}}, {"data": {"popup": " ", "name": 34, "myGroup": "G2", "label": "\u6563\u816b\u6f70\u5805\u6e6f", "nodeSupportPercent": 3.280474417383386, "id": 34}}, {"data": {"popup": "  \u4f5c\u7528(oxidation)", "name": 164, "myGroup": "G3", "label": "\u9ec3\u9023\u89e3\u6bd2\u6e6f", "nodeSupportPercent": 10.947857104947806, "id": 164}}, {"data": {"popup": "  \u4f5c\u7528(infection)", "name": 166, "myGroup": "G0", "label": "\u9f8d\u81bd\u7009\u809d\u6e6f", "nodeSupportPercent": 9.33275977172993, "id": 166}}, {"data": {"popup": " ", "name": 46, "myGroup": "G2", "label": "\u67f4\u80e1\u6e05\u809d\u6e6f", "nodeSupportPercent": 3.7916518853509946, "id": 46}}, {"data": {"popup": "  \u6c23(\u5bd2) \u5473(\u7518) \u7d93\u7d61(\u80ba) \u4f5c\u7528(allergy)", "name": 54, "myGroup": "G2", "label": "\u6851\u767d\u76ae", "nodeSupportPercent": 4.4748978343393935, "id": 54}}, {"data": {"popup": "  \u6c23(\u5bd2) \u5473(\u82e6) \u7d93\u7d61(\u5fc3,\u80ba,\u80c3,\u4e09\u7126)", "name": 56, "myGroup": "G1", "label": "\u6894\u5b50", "nodeSupportPercent": 3.044159587929508, "id": 56}}, {"data": {"popup": "  \u6c23(\u5e73) \u5473(\u8f9b,\u9e79) \u7d93\u7d61(\u809d,\u80ba) \u4f5c\u7528(infection,inflammation)", "name": 57, "myGroup": "G0", "label": "\u6bad\u8836", "nodeSupportPercent": 2.79862680413523, "id": 57}}, {"data": {"popup": "  \u4f5c\u7528(allergy,oxidation)", "name": 59, "myGroup": "G0", "label": "\u6d88\u98a8\u6563", "nodeSupportPercent": 23.57673388324483, "id": 59}}, {"data": {"popup": " ", "name": 61, "myGroup": "G2", "label": "\u6e05\u4e0a\u9632\u98a8\u6e6f", "nodeSupportPercent": 15.31130149135328, "id": 61}}, {"data": {"popup": " ", "name": 63, "myGroup": "G0", "label": "\u6eab\u6e05\u98f2", "nodeSupportPercent": 5.2542339740277155, "id": 63}}, {"data": {"popup": "  \u6c23(\u5bd2) \u5473(\u8f9b,\u82e6) \u7d93\u7d61(\u809d,\u5fc3,\u814e) \u4f5c\u7528(allergy,bacteria,infection,inflammation,oxidation)", "name": 73, "myGroup": "G3", "label": "\u7261\u4e39\u76ae", "nodeSupportPercent": 8.756777291429817, "id": 73}}, {"data": {"popup": "  \u6c23(\u5bd2) \u5473(\u7518,\u82e6,\u9e79) \u7d93\u7d61(\u80ba,\u814e,\u80c3) \u4f5c\u7528(inflammation)", "name": 75, "myGroup": "G3", "label": "\u7384\u53c3", "nodeSupportPercent": 3.4369003092204684, "id": 75}}, {"data": {"popup": " ", "name": 76, "myGroup": "G3", "label": "\u7389\u5973\u714e", "nodeSupportPercent": 1.9092338762615328, "id": 76}}, {"data": {"popup": "  \u6c23(\u5bd2) \u5473(\u82e6) \u7d93\u7d61(\u809d,\u5fc3,\u5927\u8178,\u80c3)", "name": 162, "myGroup": "G1", "label": "\u9ec3\u9023", "nodeSupportPercent": 3.160641010958192, "id": 162}}, {"data": {"popup": "  \u6c23(\u5e73) \u5473(\u7518) \u7d93\u7d61(\u5fc3,\u813e,\u80ba,\u80c3) \u4f5c\u7528(allergy,bacteria,inflammation)", "name": 78, "myGroup": "G1", "label": "\u7518\u8349", "nodeSupportPercent": 10.287516375835551, "id": 78}}, {"data": {"popup": "  \u6c23(\u5bd2) \u5473(\u7518,\u82e6) \u7d93\u7d61(\u809d,\u5fc3,\u814e) \u4f5c\u7528(allergy,bacteria,infection,inflammation,oxidation)", "name": 81, "myGroup": "G3", "label": "\u751f\u5730\u9ec3", "nodeSupportPercent": 4.1321575320463575, "id": 81}}, {"data": {"popup": " ", "name": 86, "myGroup": "G0", "label": "\u7576\u6b78\u98f2\u5b50", "nodeSupportPercent": 4.462607228552194, "id": 86}}, {"data": {"popup": "  \u6c23(\u6eab) \u5473(\u8f9b) \u7d93\u7d61(\u80ba,\u5927\u8178,\u80c3) \u4f5c\u7528(allergy,bacteria,infection,inflammation,oxidation)", "name": 91, "myGroup": "G1", "label": "\u767d\u82b7", "nodeSupportPercent": 8.491132607256485, "id": 91}}, {"data": {"popup": "  \u6c23(\u5bd2) \u5473(\u82e6) \u7d93\u7d61(\u813e,\u80c3) \u4f5c\u7528(allergy,inflammation)", "name": 94, "myGroup": "G0", "label": "\u767d\u9bae\u76ae", "nodeSupportPercent": 10.804559814747051, "id": 94}}, {"data": {"popup": "  \u6c23(\u6eab) \u5473(\u8f9b)", "name": 95, "myGroup": "G2", "label": "\u7682\u523a", "nodeSupportPercent": 2.9139908993650785, "id": 95}}, {"data": {"popup": "  \u6c23(\u6eab) \u5473(\u8f9b) \u7d93\u7d61(\u813e,\u80c3) \u4f5c\u7528(bacteria,infection,inflammation)", "name": 100, "myGroup": "G1", "label": "\u7802\u4ec1", "nodeSupportPercent": 3.8315963541593923, "id": 100}}, {"data": {"popup": "  \u6c23(\u6eab) \u5473(\u8f9b,\u7518) \u7d93\u7d61(\u809d,\u813e,\u8180\u80f1) \u4f5c\u7528(allergy,bacteria,inflammation,oxidation)", "name": 145, "myGroup": "G3", "label": "\u9632\u98a8", "nodeSupportPercent": 2.8327053019997375, "id": 145}}, {"data": {"popup": "  \u6c23(\u5bd2) \u5473(\u8f9b,\u82e6) \u7d93\u7d61(\u809d,\u5fc3)", "name": 104, "myGroup": "G2", "label": "\u7d2b\u82b1\u5730\u4e01", "nodeSupportPercent": 2.7368944432495246, "id": 104}}, {"data": {"popup": "  \u6c23(\u5bd2) \u5473(\u82e6) \u7d93\u7d61(\u809d,\u5fc3,\u5927\u8178,\u80c3,\u8180\u80f1) \u4f5c\u7528(bacteria,infection,inflammation)", "name": 110, "myGroup": "G0", "label": "\u82e6\u53c3", "nodeSupportPercent": 2.5600773190836796, "id": 110}}, {"data": {"popup": "  \u6c23(\u6eab) \u5473(\u8f9b) \u7d93\u7d61(\u809d,\u80ba)", "name": 114, "myGroup": "G3", "label": "\u834a\u82a5", "nodeSupportPercent": 4.526294913085864, "id": 114}}, {"data": {"popup": " ", "name": 116, "myGroup": "G0", "label": "\u834a\u9632\u6557\u6bd2\u6563", "nodeSupportPercent": 8.957896295220351, "id": 116}}, {"data": {"popup": "  \u6c23(\u5bd2) \u5473(\u7518,\u82e6) \u7d93\u7d61(\u809d,\u80c3)", "name": 121, "myGroup": "G2", "label": "\u84b2\u516c\u82f1", "nodeSupportPercent": 12.521613309608739, "id": 121}}, {"data": {"popup": " ", "name": 122, "myGroup": "G0", "label": "\u84ba\u85dc", "nodeSupportPercent": 3.3821512470774895, "id": 122}}, {"data": {"popup": "  \u6c23(\u6eab) \u5473(\u8f9b,\u82e6) \u7d93\u7d61(\u813e,\u80c3) \u4f5c\u7528(allergy,inflammation,oxidation)", "name": 123, "myGroup": "G2", "label": "\u84bc\u672e", "nodeSupportPercent": 2.491082327505538, "id": 123}}, {"data": {"popup": "  \u6c23(\u5bd2) \u5473(\u7518) \u7d93\u7d61(\u813e,\u80ba,\u80c3) \u4f5c\u7528(oxidation)", "name": 127, "myGroup": "G2", "label": "\u858f\u82e1\u4ec1", "nodeSupportPercent": 13.005695578454569, "id": 127}}], "edges": [{"data": {"source": 1, "Lift": 1.5183920530729682, "is_directed": false, "target": 140, "name": "1-140"}}, {"data": {"source": 130, "Lift": 1.8379485644142846, "is_directed": false, "target": 59, "name": "130-59"}}, {"data": {"source": 131, "Lift": 4.37662812894557, "is_directed": false, "target": 57, "name": "131-57"}}, {"data": {"source": 131, "Lift": 1.539818688198707, "is_directed": false, "target": 59, "name": "131-59"}}, {"data": {"source": 131, "Lift": 1.9773764221877543, "is_directed": false, "target": 94, "name": "131-94"}}, {"data": {"source": 5, "Lift": 2.4322702548206467, "is_directed": false, "target": 34, "name": "5-34"}}, {"data": {"source": 5, "Lift": 2.7171869773591775, "is_directed": false, "target": 104, "name": "5-104"}}, {"data": {"source": 5, "Lift": 1.5758558500024251, "is_directed": false, "target": 9, "name": "5-9"}}, {"data": {"source": 5, "Lift": 1.3122411481840421, "is_directed": false, "target": 140, "name": "5-140"}}, {"data": {"source": 5, "Lift": 1.7609260881977469, "is_directed": false, "target": 121, "name": "5-121"}}, {"data": {"source": 5, "Lift": 1.3846899803952826, "is_directed": false, "target": 61, "name": "5-61"}}, {"data": {"source": 5, "Lift": 2.225972303167516, "is_directed": false, "target": 95, "name": "5-95"}}, {"data": {"source": 136, "Lift": 4.133418894307449, "is_directed": false, "target": 73, "name": "136-73"}}, {"data": {"source": 136, "Lift": 1.5304170631651657, "is_directed": false, "target": 140, "name": "136-140"}}, {"data": {"source": 9, "Lift": 1.5363450829862002, "is_directed": false, "target": 140, "name": "9-140"}}, {"data": {"source": 9, "Lift": 1.3755266004544857, "is_directed": false, "target": 61, "name": "9-61"}}, {"data": {"source": 9, "Lift": 2.342331072981214, "is_directed": false, "target": 54, "name": "9-54"}}, {"data": {"source": 140, "Lift": 1.3232367795440114, "is_directed": false, "target": 161, "name": "140-161"}}, {"data": {"source": 140, "Lift": 1.1795467042026915, "is_directed": false, "target": 164, "name": "140-164"}}, {"data": {"source": 140, "Lift": 1.6062448829329392, "is_directed": false, "target": 104, "name": "140-104"}}, {"data": {"source": 140, "Lift": 1.3801513545808344, "is_directed": false, "target": 73, "name": "140-73"}}, {"data": {"source": 140, "Lift": 1.7863797213481776, "is_directed": false, "target": 75, "name": "140-75"}}, {"data": {"source": 140, "Lift": 2.291484414018181, "is_directed": false, "target": 76, "name": "140-76"}}, {"data": {"source": 140, "Lift": 1.3455313166829117, "is_directed": false, "target": 78, "name": "140-78"}}, {"data": {"source": 140, "Lift": 2.571038184245296, "is_directed": false, "target": 143, "name": "140-143"}}, {"data": {"source": 140, "Lift": 1.3749911483905617, "is_directed": false, "target": 16, "name": "140-16"}}, {"data": {"source": 140, "Lift": 1.2937387710699975, "is_directed": false, "target": 81, "name": "140-81"}}, {"data": {"source": 140, "Lift": 1.78114727563641, "is_directed": false, "target": 114, "name": "140-114"}}, {"data": {"source": 140, "Lift": 2.3856636162478324, "is_directed": false, "target": 54, "name": "140-54"}}, {"data": {"source": 140, "Lift": 2.147209150025943, "is_directed": false, "target": 56, "name": "140-56"}}, {"data": {"source": 140, "Lift": 1.8068488433068648, "is_directed": false, "target": 121, "name": "140-121"}}, {"data": {"source": 140, "Lift": 1.9071310939479664, "is_directed": false, "target": 95, "name": "140-95"}}, {"data": {"source": 140, "Lift": 1.3426526148299318, "is_directed": false, "target": 24, "name": "140-24"}}, {"data": {"source": 140, "Lift": 1.5722771051980318, "is_directed": false, "target": 127, "name": "140-127"}}, {"data": {"source": 143, "Lift": 1.874702150347515, "is_directed": false, "target": 121, "name": "143-121"}}, {"data": {"source": 143, "Lift": 2.180668181272755, "is_directed": false, "target": 46, "name": "143-46"}}, {"data": {"source": 16, "Lift": 1.2358375122265801, "is_directed": false, "target": 59, "name": "16-59"}}, {"data": {"source": 16, "Lift": 2.0034011099782854, "is_directed": false, "target": 94, "name": "16-94"}}, {"data": {"source": 16, "Lift": 1.8206157334430386, "is_directed": false, "target": 127, "name": "16-127"}}, {"data": {"source": 17, "Lift": 1.8042174649044584, "is_directed": false, "target": 59, "name": "17-59"}}, {"data": {"source": 17, "Lift": 3.9384984935398584, "is_directed": false, "target": 94, "name": "17-94"}}, {"data": {"source": 22, "Lift": 2.6710986215563994, "is_directed": false, "target": 24, "name": "22-24"}}, {"data": {"source": 22, "Lift": 2.7740423461548325, "is_directed": false, "target": 161, "name": "22-161"}}, {"data": {"source": 22, "Lift": 2.6579927114497015, "is_directed": false, "target": 91, "name": "22-91"}}, {"data": {"source": 22, "Lift": 5.172571139372148, "is_directed": false, "target": 100, "name": "22-100"}}, {"data": {"source": 24, "Lift": 4.425564042663121, "is_directed": false, "target": 161, "name": "24-161"}}, {"data": {"source": 24, "Lift": 3.667555797738271, "is_directed": false, "target": 91, "name": "24-91"}}, {"data": {"source": 24, "Lift": 5.980859280471137, "is_directed": false, "target": 100, "name": "24-100"}}, {"data": {"source": 24, "Lift": 1.8268528960579782, "is_directed": false, "target": 121, "name": "24-121"}}, {"data": {"source": 153, "Lift": 2.2782802364986243, "is_directed": false, "target": 61, "name": "153-61"}}, {"data": {"source": 161, "Lift": 3.580285318925157, "is_directed": false, "target": 56, "name": "161-56"}}, {"data": {"source": 161, "Lift": 4.446170519481628, "is_directed": false, "target": 162, "name": "161-162"}}, {"data": {"source": 161, "Lift": 2.9499352314763807, "is_directed": false, "target": 91, "name": "161-91"}}, {"data": {"source": 161, "Lift": 4.073814420582653, "is_directed": false, "target": 100, "name": "161-100"}}, {"data": {"source": 166, "Lift": 1.1189223022967263, "is_directed": false, "target": 59, "name": "166-59"}}, {"data": {"source": 54, "Lift": 1.4399455664547458, "is_directed": false, "target": 61, "name": "54-61"}}, {"data": {"source": 54, "Lift": 1.9951884792312873, "is_directed": false, "target": 127, "name": "54-127"}}, {"data": {"source": 59, "Lift": 1.0051318271070455, "is_directed": false, "target": 73, "name": "59-73"}}, {"data": {"source": 59, "Lift": 1.6827041418984727, "is_directed": false, "target": 110, "name": "59-110"}}, {"data": {"source": 59, "Lift": 1.1700425268902486, "is_directed": false, "target": 114, "name": "59-114"}}, {"data": {"source": 59, "Lift": 1.2075405355699476, "is_directed": false, "target": 116, "name": "59-116"}}, {"data": {"source": 59, "Lift": 1.523913088128947, "is_directed": false, "target": 86, "name": "59-86"}}, {"data": {"source": 59, "Lift": 1.4684704788007563, "is_directed": false, "target": 122, "name": "59-122"}}, {"data": {"source": 59, "Lift": 1.28957813048259, "is_directed": false, "target": 63, "name": "59-63"}}, {"data": {"source": 59, "Lift": 1.8834405849406903, "is_directed": false, "target": 94, "name": "59-94"}}, {"data": {"source": 59, "Lift": 1.0177340712097975, "is_directed": false, "target": 127, "name": "59-127"}}, {"data": {"source": 61, "Lift": 1.7476258864132233, "is_directed": false, "target": 121, "name": "61-121"}}, {"data": {"source": 61, "Lift": 1.3457817491693558, "is_directed": false, "target": 127, "name": "61-127"}}, {"data": {"source": 73, "Lift": 4.319934321253531, "is_directed": false, "target": 81, "name": "73-81"}}, {"data": {"source": 78, "Lift": 2.022896380731871, "is_directed": false, "target": 91, "name": "78-91"}}, {"data": {"source": 78, "Lift": 3.049310631238426, "is_directed": false, "target": 100, "name": "78-100"}}, {"data": {"source": 91, "Lift": 5.773018414019413, "is_directed": false, "target": 100, "name": "91-100"}}, {"data": {"source": 94, "Lift": 2.4628958427923253, "is_directed": false, "target": 122, "name": "94-122"}}, {"data": {"source": 94, "Lift": 3.7829293076319415, "is_directed": false, "target": 110, "name": "94-110"}}, {"data": {"source": 95, "Lift": 2.3318576376652382, "is_directed": false, "target": 121, "name": "95-121"}}, {"data": {"source": 145, "Lift": 10.561825337537075, "is_directed": false, "target": 114, "name": "145-114"}}, {"data": {"source": 104, "Lift": 4.71444486772998, "is_directed": false, "target": 121, "name": "104-121"}}, {"data": {"source": 123, "Lift": 2.6382768951015323, "is_directed": false, "target": 127, "name": "123-127"}}]}, "data": {"description": "<h1>\u6fd5\u75b9\u4e2d\u91ab\u6cbb\u7642\u5716\u8b5c</h1><h2>Eczema_(Support=0.75%, Confidence=20.0% (cc))cc</h2>", "name": "Eczema_(Support=0.75%, Confidence=20.0% (cc))cc", "tags": ["Eczema", "\u6fd5\u75b9\u4e2d\u91ab\u6cbb\u7642\u5716\u8b5c", "\u570b\u7db2\u4e2d\u5fc3"]}}