{"elements": {"nodes": [{"data": {"popup": "  \u6c23(\u6eab) \u5473(\u8f9b) \u7d93\u7d61(\u813e,\u80c3) \u4f5c\u7528(bacteria,infection,inflammation)", "name": 128, "myGroup": "G1", "label": "\u7802\u4ec1", "nodeSupportPercent": 3.8315963541593923, "id": 128}}, {"data": {"popup": "  \u6c23(\u5bd2) \u5473(\u82e6) \u7d93\u7d61(\u809d,\u5fc3,\u813e,\u5927\u8178,\u80c3) \u4f5c\u7528(allergy,bacteria,infection,inflammation)", "name": 33, "myGroup": "G1", "label": "\u5927\u9ec3", "nodeSupportPercent": 10.228018670547518, "id": 33}}, {"data": {"popup": "  \u6c23(\u6eab) \u5473(\u8f9b,\u7518) \u7d93\u7d61(\u809d,\u813e,\u8180\u80f1) \u4f5c\u7528(allergy,bacteria,inflammation,oxidation)", "name": 187, "myGroup": "G2", "label": "\u9632\u98a8", "nodeSupportPercent": 2.8327053019997375, "id": 187}}, {"data": {"popup": "  \u6c23(\u5bd2) \u5473(\u8f9b,\u82e6) \u7d93\u7d61(\u809d,\u5fc3)", "name": 132, "myGroup": "G4", "label": "\u7d2b\u82b1\u5730\u4e01", "nodeSupportPercent": 2.7368944432495246, "id": 132}}, {"data": {"popup": "  \u6c23(\u5bd2) \u5473(\u7518) \u7d93\u7d61(\u80ba) \u4f5c\u7528(allergy)", "name": 71, "myGroup": "G3", "label": "\u6851\u767d\u76ae", "nodeSupportPercent": 4.4748978343393935, "id": 71}}, {"data": {"popup": "  \u6c23(\u5bd2) \u5473(\u82e6) \u7d93\u7d61(\u809d,\u5fc3,\u5927\u8178,\u80c3,\u8180\u80f1) \u4f5c\u7528(bacteria,infection,inflammation)", "name": 140, "myGroup": "G0", "label": "\u82e6\u53c3", "nodeSupportPercent": 2.5600773190836796, "id": 140}}, {"data": {"popup": "  \u4f5c\u7528(allergy,oxidation)", "name": 78, "myGroup": "G0", "label": "\u6d88\u98a8\u6563", "nodeSupportPercent": 23.57673388324483, "id": 78}}, {"data": {"popup": "  \u6c23(\u6eab) \u5473(\u8f9b) \u7d93\u7d61(\u809d,\u80ba)", "name": 146, "myGroup": "G2", "label": "\u834a\u82a5", "nodeSupportPercent": 4.526294913085864, "id": 146}}, {"data": {"popup": "  \u6c23(\u5bd2) \u5473(\u82e6) \u7d93\u7d61(\u5fc3,\u80ba,\u5c0f\u8178) \u4f5c\u7528(infection)", "name": 179, "myGroup": "G3", "label": "\u9023\u7ff9", "nodeSupportPercent": 17.175004259812233, "id": 179}}, {"data": {"popup": "  \u6c23(\u6eab) \u5473(\u8f9b) \u7d93\u7d61(\u80ba,\u5927\u8178,\u80c3) \u4f5c\u7528(allergy,bacteria,infection,inflammation,oxidation)", "name": 117, "myGroup": "G1", "label": "\u767d\u82b7", "nodeSupportPercent": 8.491132607256485, "id": 117}}, {"data": {"popup": "  \u6c23(\u5bd2) \u5473(\u7518) \u7d93\u7d61(\u80ba,\u5927\u8178,\u80c3) \u4f5c\u7528(allergy,bacteria,infection,oxidation)", "name": 185, "myGroup": "G3", "label": "\u91d1\u9280\u82b1", "nodeSupportPercent": 11.209311809875501, "id": 185}}, {"data": {"popup": "  \u6c23(\u5bd2) \u5473(\u82e6) \u7d93\u7d61(\u813e,\u80c3) \u4f5c\u7528(allergy,inflammation)", "name": 120, "myGroup": "G0", "label": "\u767d\u9bae\u76ae", "nodeSupportPercent": 10.804559814747051, "id": 120}}, {"data": {"popup": "  \u6c23(\u6eab) \u5473(\u8f9b,\u82e6) \u7d93\u7d61(\u814e) \u4f5c\u7528(bacteria)", "name": 164, "myGroup": "G0", "label": "\u86c7\u5e8a\u5b50", "nodeSupportPercent": 1.8287862747453192, "id": 164}}, {"data": {"popup": "  \u6c23(\u5bd2) \u5473(\u82e6) \u7d93\u7d61(\u8180\u80f1) \u4f5c\u7528(allergy)", "name": 26, "myGroup": "G0", "label": "\u5730\u819a\u5b50", "nodeSupportPercent": 8.628005262613932, "id": 26}}, {"data": {"popup": "  \u6c23(\u5bd2) \u5473(\u7518,\u82e6) \u7d93\u7d61(\u809d,\u80c3)", "name": 155, "myGroup": "G4", "label": "\u84b2\u516c\u82f1", "nodeSupportPercent": 12.521613309608739, "id": 155}}, {"data": {"popup": " ", "name": 93, "myGroup": "G1", "label": "\u7099\u7518\u8349", "nodeSupportPercent": 1.2285019148205152, "id": 93}}], "edges": [{"data": {"source": 128, "Lift": 5.172571139372148, "is_directed": false, "target": 33, "name": "128-33"}}, {"data": {"source": 128, "Lift": 5.773018414019413, "is_directed": false, "target": 117, "name": "128-117"}}, {"data": {"source": 128, "Lift": 12.319479885795113, "is_directed": false, "target": 93, "name": "128-93"}}, {"data": {"source": 33, "Lift": 4.899647688786976, "is_directed": false, "target": 93, "name": "33-93"}}, {"data": {"source": 187, "Lift": 10.561825337537075, "is_directed": false, "target": 146, "name": "187-146"}}, {"data": {"source": 132, "Lift": 4.71444486772998, "is_directed": false, "target": 155, "name": "132-155"}}, {"data": {"source": 71, "Lift": 2.3856636162478324, "is_directed": false, "target": 179, "name": "71-179"}}, {"data": {"source": 140, "Lift": 3.7829293076319415, "is_directed": false, "target": 120, "name": "140-120"}}, {"data": {"source": 78, "Lift": 1.8834405849406903, "is_directed": false, "target": 120, "name": "78-120"}}, {"data": {"source": 78, "Lift": 1.8042174649044584, "is_directed": false, "target": 26, "name": "78-26"}}, {"data": {"source": 78, "Lift": 1.8379485644142846, "is_directed": false, "target": 164, "name": "78-164"}}, {"data": {"source": 179, "Lift": 2.571038184245296, "is_directed": false, "target": 185, "name": "179-185"}}, {"data": {"source": 117, "Lift": 5.304734190196628, "is_directed": false, "target": 93, "name": "117-93"}}, {"data": {"source": 120, "Lift": 3.9384984935398584, "is_directed": false, "target": 26, "name": "120-26"}}]}, "data": {"description": "<h1>\u6fd5\u75b9\u4e2d\u91ab\u6cbb\u7642\u5716\u8b5c</h1><h2>Eczema_(Support=0.5%, Confidence=40.0% (cc))cc</h2>", "name": "Eczema_(Support=0.5%, Confidence=40.0% (cc))cc", "tags": ["Eczema", "\u6fd5\u75b9\u4e2d\u91ab\u6cbb\u7642\u5716\u8b5c", "\u570b\u7db2\u4e2d\u5fc3"]}}