{"elements": {"nodes": [{"data": {"popup": "  \u6c23(\u6eab) \u5473(\u8f9b) \u7d93\u7d61(\u813e,\u80c3) \u4f5c\u7528(bacteria,infection,inflammation)", "name": 128, "myGroup": "G2", "label": "\u7802\u4ec1", "nodeSupportPercent": 3.8315963541593923, "id": 128}}, {"data": {"popup": "  \u6c23(\u5bd2) \u5473(\u82e6) \u7d93\u7d61(\u809d,\u5fc3,\u5fc3\u5305) \u4f5c\u7528(allergy,bacteria,infection,inflammation,oxidation)", "name": 2, "myGroup": "G4", "label": "\u4e39\u53c3", "nodeSupportPercent": 3.969586337315676, "id": 2}}, {"data": {"popup": "  \u6c23(\u5bd2) \u5473(\u8f9b,\u82e6) \u7d93\u7d61(\u809d,\u5fc3)", "name": 132, "myGroup": "G3", "label": "\u7d2b\u82b1\u5730\u4e01", "nodeSupportPercent": 2.7368944432495246, "id": 132}}, {"data": {"popup": "  \u6c23(\u5bd2) \u5473(\u7518) \u7d93\u7d61(\u809d,\u5fc3)", "name": 133, "myGroup": "G1", "label": "\u7d2b\u8349", "nodeSupportPercent": 2.1558839878546467, "id": 133}}, {"data": {"popup": " ", "name": 8, "myGroup": "G3", "label": "\u4ed9\u65b9\u6d3b\u547d\u98f2", "nodeSupportPercent": 12.876085553789556, "id": 8}}, {"data": {"popup": "  \u6c23(\u5bd2) \u5473(\u82e6) \u7d93\u7d61(\u809d,\u5fc3,\u5927\u8178,\u80c3,\u8180\u80f1) \u4f5c\u7528(bacteria,infection,inflammation)", "name": 140, "myGroup": "G1", "label": "\u82e6\u53c3", "nodeSupportPercent": 2.5600773190836796, "id": 140}}, {"data": {"popup": "  \u4f5c\u7528(allergy,infection)", "name": 14, "myGroup": "G3", "label": "\u52a0\u5473\u900d\u9059\u6563", "nodeSupportPercent": 9.719075858177582, "id": 14}}, {"data": {"popup": "  \u6c23(\u6eab) \u5473(\u8f9b) \u7d93\u7d61(\u809d,\u80ba)", "name": 146, "myGroup": "G4", "label": "\u834a\u82a5", "nodeSupportPercent": 4.526294913085864, "id": 146}}, {"data": {"popup": " ", "name": 148, "myGroup": "G1", "label": "\u834a\u9632\u6557\u6bd2\u6563", "nodeSupportPercent": 8.957896295220351, "id": 148}}, {"data": {"popup": "  \u6c23(\u5e73) \u5473(\u7518) \u7d93\u7d61(\u809d,\u80c3) \u4f5c\u7528(allergy,inflammation)", "name": 25, "myGroup": "G1", "label": "\u571f\u832f\u82d3", "nodeSupportPercent": 8.43833886876147, "id": 25}}, {"data": {"popup": "  \u6c23(\u5bd2) \u5473(\u82e6) \u7d93\u7d61(\u8180\u80f1) \u4f5c\u7528(allergy)", "name": 26, "myGroup": "G1", "label": "\u5730\u819a\u5b50", "nodeSupportPercent": 8.628005262613932, "id": 26}}, {"data": {"popup": "  \u6c23(\u5bd2) \u5473(\u7518) \u7d93\u7d61(\u80ba,\u814e) \u4f5c\u7528(inflammation)", "name": 27, "myGroup": "G1", "label": "\u5730\u9aa8\u76ae", "nodeSupportPercent": 1.9081165484626965, "id": 27}}, {"data": {"popup": " ", "name": 156, "myGroup": "G1", "label": "\u84ba\u85dc", "nodeSupportPercent": 3.3821512470774895, "id": 156}}, {"data": {"popup": "  \u6c23(\u6eab) \u5473(\u8f9b,\u82e6) \u7d93\u7d61(\u813e,\u80c3) \u4f5c\u7528(allergy,inflammation,oxidation)", "name": 157, "myGroup": "G0", "label": "\u84bc\u672e", "nodeSupportPercent": 2.491082327505538, "id": 157}}, {"data": {"popup": "  \u6c23(\u5bd2) \u5473(\u82e6) \u7d93\u7d61(\u809d,\u5fc3,\u813e,\u5927\u8178,\u80c3) \u4f5c\u7528(allergy,bacteria,infection,inflammation)", "name": 33, "myGroup": "G2", "label": "\u5927\u9ec3", "nodeSupportPercent": 10.228018670547518, "id": 33}}, {"data": {"popup": "  \u6c23(\u5bd2) \u5473(\u7518,\u82e6) \u7d93\u7d61(\u80ba,\u80c3) \u4f5c\u7528(allergy,bacteria,inflammation)", "name": 35, "myGroup": "G2", "label": "\u5929\u82b1\u7c89", "nodeSupportPercent": 4.078525797702215, "id": 35}}, {"data": {"popup": "  \u6c23(\u6eab) \u5473(\u8f9b,\u82e6) \u7d93\u7d61(\u814e) \u4f5c\u7528(bacteria)", "name": 164, "myGroup": "G1", "label": "\u86c7\u5e8a\u5b50", "nodeSupportPercent": 1.8287862747453192, "id": 164}}, {"data": {"popup": "  \u6c23(\u5bd2) \u5473(\u7518) \u7d93\u7d61(\u809d,\u80ba) \u4f5c\u7528(allergy)", "name": 165, "myGroup": "G1", "label": "\u87ec\u86fb", "nodeSupportPercent": 7.651181434481295, "id": 165}}, {"data": {"popup": "  \u4f5c\u7528(allergy,bacteria,infection,inflammation)", "name": 38, "myGroup": "G4", "label": "\u5c0f\u67f4\u80e1\u6e6f", "nodeSupportPercent": 2.4047687550454335, "id": 38}}, {"data": {"popup": "  \u6c23(\u5bd2) \u5473(\u82e6) \u4f5c\u7528(bacteria)", "name": 170, "myGroup": "G3", "label": "\u8c9d\u6bcd", "nodeSupportPercent": 2.255884825850496, "id": 170}}, {"data": {"popup": "  \u6c23(\u5bd2) \u5473(\u82e6) \u7d93\u7d61(\u809d)", "name": 172, "myGroup": "G4", "label": "\u8d64\u828d", "nodeSupportPercent": 4.619591784288695, "id": 172}}, {"data": {"popup": " ", "name": 48, "myGroup": "G3", "label": "\u6563\u816b\u6f70\u5805\u6e6f", "nodeSupportPercent": 3.280474417383386, "id": 48}}, {"data": {"popup": " ", "name": 200, "myGroup": "G3", "label": "\u9ebb\u5b50\u4ec1\u4e38", "nodeSupportPercent": 2.9371754511909316, "id": 200}}, {"data": {"popup": "  \u6c23(\u5bd2) \u5473(\u82e6) \u7d93\u7d61(\u5fc3,\u80ba,\u5c0f\u8178) \u4f5c\u7528(infection)", "name": 179, "myGroup": "G4", "label": "\u9023\u7ff9", "nodeSupportPercent": 17.175004259812233, "id": 179}}, {"data": {"popup": "  \u6c23(\u5bd2) \u5473(\u7518,\u82e6) \u7d93\u7d61(\u809d,\u80c3)", "name": 155, "myGroup": "G3", "label": "\u84b2\u516c\u82f1", "nodeSupportPercent": 12.521613309608739, "id": 155}}, {"data": {"popup": " ", "name": 184, "myGroup": "G3", "label": "\u91d1\u87ec", "nodeSupportPercent": 2.0070000586597097, "id": 184}}, {"data": {"popup": "  \u6c23(\u5bd2) \u5473(\u7518) \u7d93\u7d61(\u80ba,\u5927\u8178,\u80c3) \u4f5c\u7528(allergy,bacteria,infection,oxidation)", "name": 185, "myGroup": "G5", "label": "\u91d1\u9280\u82b1", "nodeSupportPercent": 11.209311809875501, "id": 185}}, {"data": {"popup": "  \u6c23(\u6eab) \u5473(\u8f9b,\u7518) \u7d93\u7d61(\u809d,\u813e,\u8180\u80f1) \u4f5c\u7528(allergy,bacteria,inflammation,oxidation)", "name": 187, "myGroup": "G4", "label": "\u9632\u98a8", "nodeSupportPercent": 2.8327053019997375, "id": 187}}, {"data": {"popup": " ", "name": 62, "myGroup": "G5", "label": "\u67f4\u80e1\u6e05\u809d\u6e6f", "nodeSupportPercent": 3.7916518853509946, "id": 62}}, {"data": {"popup": "  \u6c23(\u5bd2) \u5473(\u8f9b) \u7d93\u7d61(\u80ba)", "name": 197, "myGroup": "G3", "label": "\u9b5a\u8165\u8349", "nodeSupportPercent": 2.2765553901289675, "id": 197}}, {"data": {"popup": "  \u6c23(\u5bd2) \u5473(\u7518) \u7d93\u7d61(\u80ba) \u4f5c\u7528(allergy)", "name": 71, "myGroup": "G3", "label": "\u6851\u767d\u76ae", "nodeSupportPercent": 4.4748978343393935, "id": 71}}, {"data": {"popup": "  \u6c23(\u5e73) \u5473(\u8f9b,\u82e6) \u7d93\u7d61(\u80ba) \u4f5c\u7528(inflammation)", "name": 72, "myGroup": "G4", "label": "\u6854\u6897", "nodeSupportPercent": 1.8664960879560444, "id": 72}}, {"data": {"popup": "  \u6c23(\u5bd2) \u5473(\u82e6) \u7d93\u7d61(\u5fc3,\u80ba,\u80c3,\u4e09\u7126)", "name": 73, "myGroup": "G4", "label": "\u6894\u5b50", "nodeSupportPercent": 3.044159587929508, "id": 73}}, {"data": {"popup": "  \u6c23(\u5e73) \u5473(\u8f9b,\u9e79) \u7d93\u7d61(\u809d,\u80ba) \u4f5c\u7528(infection,inflammation)", "name": 75, "myGroup": "G1", "label": "\u6bad\u8836", "nodeSupportPercent": 2.79862680413523, "id": 75}}, {"data": {"popup": "  \u6c23(\u5bd2) \u5473(\u82e6) \u7d93\u7d61(\u814e,\u5927\u8178,\u8180\u80f1) \u4f5c\u7528(oxidation)", "name": 204, "myGroup": "G0", "label": "\u9ec3\u67cf", "nodeSupportPercent": 2.9701366212566027, "id": 204}}, {"data": {"popup": "  \u4f5c\u7528(allergy,oxidation)", "name": 78, "myGroup": "G1", "label": "\u6d88\u98a8\u6563", "nodeSupportPercent": 23.57673388324483, "id": 78}}, {"data": {"popup": "  \u6c23(\u5bd2) \u5473(\u82e6) \u7d93\u7d61(\u809d,\u80ba,\u81bd,\u5927\u8178,\u80c3) \u4f5c\u7528(allergy,oxidation)", "name": 207, "myGroup": "G2", "label": "\u9ec3\u82a9", "nodeSupportPercent": 7.51961608616832, "id": 207}}, {"data": {"popup": "  \u6c23(\u5bd2) \u5473(\u82e6) \u7d93\u7d61(\u809d,\u5fc3,\u5927\u8178,\u80c3)", "name": 208, "myGroup": "G2", "label": "\u9ec3\u9023", "nodeSupportPercent": 3.160641010958192, "id": 208}}, {"data": {"popup": " ", "name": 81, "myGroup": "G3", "label": "\u6e05\u4e0a\u9632\u98a8\u6e6f", "nodeSupportPercent": 15.31130149135328, "id": 81}}, {"data": {"popup": "  \u4f5c\u7528(oxidation)", "name": 210, "myGroup": "G4", "label": "\u9ec3\u9023\u89e3\u6bd2\u6e6f", "nodeSupportPercent": 10.947857104947806, "id": 210}}, {"data": {"popup": " ", "name": 84, "myGroup": "G1", "label": "\u6eab\u6e05\u98f2", "nodeSupportPercent": 5.2542339740277155, "id": 84}}, {"data": {"popup": " ", "name": 93, "myGroup": "G2", "label": "\u7099\u7518\u8349", "nodeSupportPercent": 1.2285019148205152, "id": 93}}, {"data": {"popup": "  \u6c23(\u5bd2) \u5473(\u8f9b,\u82e6) \u7d93\u7d61(\u809d,\u5fc3,\u814e) \u4f5c\u7528(allergy,bacteria,infection,inflammation,oxidation)", "name": 97, "myGroup": "G4", "label": "\u7261\u4e39\u76ae", "nodeSupportPercent": 8.756777291429817, "id": 97}}, {"data": {"popup": "  \u6c23(\u5bd2) \u5473(\u7518,\u82e6,\u9e79) \u7d93\u7d61(\u80ba,\u814e,\u80c3) \u4f5c\u7528(inflammation)", "name": 99, "myGroup": "G4", "label": "\u7384\u53c3", "nodeSupportPercent": 3.4369003092204684, "id": 99}}, {"data": {"popup": " ", "name": 100, "myGroup": "G4", "label": "\u7389\u5973\u714e", "nodeSupportPercent": 1.9092338762615328, "id": 100}}, {"data": {"popup": "  \u6c23(\u5e73) \u5473(\u7518) \u7d93\u7d61(\u5fc3,\u813e,\u80ba,\u80c3) \u4f5c\u7528(allergy,bacteria,inflammation)", "name": 102, "myGroup": "G2", "label": "\u7518\u8349", "nodeSupportPercent": 10.287516375835551, "id": 102}}, {"data": {"popup": "  \u4f5c\u7528(allergy)", "name": 104, "myGroup": "G4", "label": "\u7518\u9732\u98f2", "nodeSupportPercent": 3.029913658494345, "id": 104}}, {"data": {"popup": "  \u6c23(\u5bd2) \u5473(\u7518) \u7d93\u7d61(\u813e,\u80ba,\u80c3) \u4f5c\u7528(oxidation)", "name": 161, "myGroup": "G0", "label": "\u858f\u82e1\u4ec1", "nodeSupportPercent": 13.005695578454569, "id": 161}}, {"data": {"popup": "  \u6c23(\u5bd2) \u5473(\u7518,\u82e6) \u7d93\u7d61(\u809d,\u5fc3,\u814e) \u4f5c\u7528(allergy,bacteria,infection,inflammation,oxidation)", "name": 106, "myGroup": "G4", "label": "\u751f\u5730\u9ec3", "nodeSupportPercent": 4.1321575320463575, "id": 106}}, {"data": {"popup": " ", "name": 112, "myGroup": "G1", "label": "\u7576\u6b78\u98f2\u5b50", "nodeSupportPercent": 4.462607228552194, "id": 112}}, {"data": {"popup": "  \u6c23(\u5bd2) \u5473(\u7518,\u82e6) \u7d93\u7d61(\u5c0f\u8178,\u5927\u8178,\u80c3) \u4f5c\u7528(inflammation)", "name": 116, "myGroup": "G3", "label": "\u767d\u82b1\u86c7\u820c\u8349", "nodeSupportPercent": 2.065380436148906, "id": 116}}, {"data": {"popup": "  \u6c23(\u6eab) \u5473(\u8f9b) \u7d93\u7d61(\u80ba,\u5927\u8178,\u80c3) \u4f5c\u7528(allergy,bacteria,infection,inflammation,oxidation)", "name": 117, "myGroup": "G2", "label": "\u767d\u82b7", "nodeSupportPercent": 8.491132607256485, "id": 117}}, {"data": {"popup": "  \u6c23(\u5bd2) \u5473(\u82e6) \u7d93\u7d61(\u813e,\u80c3) \u4f5c\u7528(allergy,inflammation)", "name": 120, "myGroup": "G1", "label": "\u767d\u9bae\u76ae", "nodeSupportPercent": 10.804559814747051, "id": 120}}, {"data": {"popup": "  \u4f5c\u7528(infection)", "name": 212, "myGroup": "G1", "label": "\u9f8d\u81bd\u7009\u809d\u6e6f", "nodeSupportPercent": 9.33275977172993, "id": 212}}, {"data": {"popup": "  \u6c23(\u6eab) \u5473(\u8f9b)", "name": 122, "myGroup": "G3", "label": "\u7682\u523a", "nodeSupportPercent": 2.9139908993650785, "id": 122}}, {"data": {"popup": "  \u6c23(\u5bd2) \u5473(\u8f9b,\u7518) \u7d93\u7d61(\u80ba,\u80c3) \u4f5c\u7528(infection)", "name": 127, "myGroup": "G4", "label": "\u77f3\u818f", "nodeSupportPercent": 2.485775020461065, "id": 127}}], "edges": [{"data": {"source": 128, "Lift": 5.172571139372148, "is_directed": false, "target": 33, "name": "128-33"}}, {"data": {"source": 128, "Lift": 5.980859280471137, "is_directed": false, "target": 35, "name": "128-35"}}, {"data": {"source": 128, "Lift": 3.049310631238426, "is_directed": false, "target": 102, "name": "128-102"}}, {"data": {"source": 128, "Lift": 4.073814420582653, "is_directed": false, "target": 207, "name": "128-207"}}, {"data": {"source": 128, "Lift": 5.773018414019413, "is_directed": false, "target": 117, "name": "128-117"}}, {"data": {"source": 128, "Lift": 12.319479885795113, "is_directed": false, "target": 93, "name": "128-93"}}, {"data": {"source": 2, "Lift": 1.5183920530729682, "is_directed": false, "target": 179, "name": "2-179"}}, {"data": {"source": 132, "Lift": 2.7171869773591775, "is_directed": false, "target": 8, "name": "132-8"}}, {"data": {"source": 132, "Lift": 1.5297946810313099, "is_directed": false, "target": 81, "name": "132-81"}}, {"data": {"source": 132, "Lift": 4.71444486772998, "is_directed": false, "target": 155, "name": "132-155"}}, {"data": {"source": 132, "Lift": 1.6062448829329392, "is_directed": false, "target": 179, "name": "132-179"}}, {"data": {"source": 133, "Lift": 1.0260201788780792, "is_directed": false, "target": 78, "name": "133-78"}}, {"data": {"source": 8, "Lift": 1.7400403159690205, "is_directed": false, "target": 197, "name": "8-197"}}, {"data": {"source": 8, "Lift": 1.5758558500024251, "is_directed": false, "target": 14, "name": "8-14"}}, {"data": {"source": 8, "Lift": 2.4322702548206467, "is_directed": false, "target": 48, "name": "8-48"}}, {"data": {"source": 8, "Lift": 1.3846899803952826, "is_directed": false, "target": 81, "name": "8-81"}}, {"data": {"source": 8, "Lift": 1.3122411481840421, "is_directed": false, "target": 179, "name": "8-179"}}, {"data": {"source": 8, "Lift": 2.225972303167516, "is_directed": false, "target": 122, "name": "8-122"}}, {"data": {"source": 8, "Lift": 1.7609260881977469, "is_directed": false, "target": 155, "name": "8-155"}}, {"data": {"source": 140, "Lift": 3.7829293076319415, "is_directed": false, "target": 120, "name": "140-120"}}, {"data": {"source": 140, "Lift": 2.3471189577027003, "is_directed": false, "target": 26, "name": "140-26"}}, {"data": {"source": 140, "Lift": 1.6827041418984727, "is_directed": false, "target": 78, "name": "140-78"}}, {"data": {"source": 14, "Lift": 1.3755266004544857, "is_directed": false, "target": 81, "name": "14-81"}}, {"data": {"source": 14, "Lift": 1.5363450829862002, "is_directed": false, "target": 179, "name": "14-179"}}, {"data": {"source": 14, "Lift": 2.342331072981214, "is_directed": false, "target": 71, "name": "14-71"}}, {"data": {"source": 146, "Lift": 10.561825337537075, "is_directed": false, "target": 187, "name": "146-187"}}, {"data": {"source": 146, "Lift": 1.78114727563641, "is_directed": false, "target": 179, "name": "146-179"}}, {"data": {"source": 146, "Lift": 1.1700425268902486, "is_directed": false, "target": 78, "name": "146-78"}}, {"data": {"source": 148, "Lift": 1.2075405355699476, "is_directed": false, "target": 78, "name": "148-78"}}, {"data": {"source": 25, "Lift": 2.0034011099782854, "is_directed": false, "target": 120, "name": "25-120"}}, {"data": {"source": 25, "Lift": 1.8206157334430386, "is_directed": false, "target": 161, "name": "25-161"}}, {"data": {"source": 25, "Lift": 1.3749911483905617, "is_directed": false, "target": 179, "name": "25-179"}}, {"data": {"source": 25, "Lift": 1.2358375122265801, "is_directed": false, "target": 78, "name": "25-78"}}, {"data": {"source": 26, "Lift": 3.9384984935398584, "is_directed": false, "target": 120, "name": "26-120"}}, {"data": {"source": 26, "Lift": 4.597473211552179, "is_directed": false, "target": 164, "name": "26-164"}}, {"data": {"source": 26, "Lift": 1.8042174649044584, "is_directed": false, "target": 78, "name": "26-78"}}, {"data": {"source": 27, "Lift": 3.341828851970636, "is_directed": false, "target": 97, "name": "27-97"}}, {"data": {"source": 27, "Lift": 1.1350324149078792, "is_directed": false, "target": 78, "name": "27-78"}}, {"data": {"source": 156, "Lift": 2.4628958427923253, "is_directed": false, "target": 120, "name": "156-120"}}, {"data": {"source": 156, "Lift": 1.2848936655399952, "is_directed": false, "target": 179, "name": "156-179"}}, {"data": {"source": 156, "Lift": 1.4684704788007563, "is_directed": false, "target": 78, "name": "156-78"}}, {"data": {"source": 157, "Lift": 2.6382768951015323, "is_directed": false, "target": 161, "name": "157-161"}}, {"data": {"source": 157, "Lift": 9.36284397461288, "is_directed": false, "target": 204, "name": "157-204"}}, {"data": {"source": 33, "Lift": 1.9562770141896633, "is_directed": false, "target": 208, "name": "33-208"}}, {"data": {"source": 33, "Lift": 2.6710986215563994, "is_directed": false, "target": 35, "name": "33-35"}}, {"data": {"source": 33, "Lift": 2.6579927114497015, "is_directed": false, "target": 117, "name": "33-117"}}, {"data": {"source": 33, "Lift": 2.7740423461548325, "is_directed": false, "target": 207, "name": "33-207"}}, {"data": {"source": 33, "Lift": 4.899647688786976, "is_directed": false, "target": 93, "name": "33-93"}}, {"data": {"source": 35, "Lift": 1.3426526148299318, "is_directed": false, "target": 179, "name": "35-179"}}, {"data": {"source": 35, "Lift": 1.8268528960579782, "is_directed": false, "target": 155, "name": "35-155"}}, {"data": {"source": 35, "Lift": 3.667555797738271, "is_directed": false, "target": 117, "name": "35-117"}}, {"data": {"source": 35, "Lift": 4.425564042663121, "is_directed": false, "target": 207, "name": "35-207"}}, {"data": {"source": 164, "Lift": 2.772223078246247, "is_directed": false, "target": 120, "name": "164-120"}}, {"data": {"source": 164, "Lift": 1.8379485644142846, "is_directed": false, "target": 78, "name": "164-78"}}, {"data": {"source": 165, "Lift": 1.9773764221877543, "is_directed": false, "target": 120, "name": "165-120"}}, {"data": {"source": 165, "Lift": 4.37662812894557, "is_directed": false, "target": 75, "name": "165-75"}}, {"data": {"source": 165, "Lift": 2.8237945404249354, "is_directed": false, "target": 187, "name": "165-187"}}, {"data": {"source": 165, "Lift": 1.539818688198707, "is_directed": false, "target": 78, "name": "165-78"}}, {"data": {"source": 38, "Lift": 1.4824873237539893, "is_directed": false, "target": 179, "name": "38-179"}}, {"data": {"source": 170, "Lift": 1.6052847968923967, "is_directed": false, "target": 81, "name": "170-81"}}, {"data": {"source": 170, "Lift": 1.307808389502472, "is_directed": false, "target": 179, "name": "170-179"}}, {"data": {"source": 172, "Lift": 4.133418894307449, "is_directed": false, "target": 97, "name": "172-97"}}, {"data": {"source": 172, "Lift": 1.5304170631651657, "is_directed": false, "target": 179, "name": "172-179"}}, {"data": {"source": 48, "Lift": 1.327468634266152, "is_directed": false, "target": 81, "name": "48-81"}}, {"data": {"source": 48, "Lift": 1.6660566099134129, "is_directed": false, "target": 155, "name": "48-155"}}, {"data": {"source": 200, "Lift": 1.3497033975843367, "is_directed": false, "target": 81, "name": "200-81"}}, {"data": {"source": 179, "Lift": 1.5722771051980318, "is_directed": false, "target": 161, "name": "179-161"}}, {"data": {"source": 179, "Lift": 1.7863797213481776, "is_directed": false, "target": 99, "name": "179-99"}}, {"data": {"source": 179, "Lift": 2.291484414018181, "is_directed": false, "target": 100, "name": "179-100"}}, {"data": {"source": 179, "Lift": 1.3455313166829117, "is_directed": false, "target": 102, "name": "179-102"}}, {"data": {"source": 179, "Lift": 2.3856636162478324, "is_directed": false, "target": 71, "name": "179-71"}}, {"data": {"source": 179, "Lift": 1.6825925010604614, "is_directed": false, "target": 72, "name": "179-72"}}, {"data": {"source": 179, "Lift": 2.147209150025943, "is_directed": false, "target": 73, "name": "179-73"}}, {"data": {"source": 179, "Lift": 1.2937387710699975, "is_directed": false, "target": 106, "name": "179-106"}}, {"data": {"source": 179, "Lift": 1.3232367795440114, "is_directed": false, "target": 207, "name": "179-207"}}, {"data": {"source": 179, "Lift": 1.3387206285162285, "is_directed": false, "target": 104, "name": "179-104"}}, {"data": {"source": 179, "Lift": 1.1795467042026915, "is_directed": false, "target": 210, "name": "179-210"}}, {"data": {"source": 179, "Lift": 1.8068488433068648, "is_directed": false, "target": 155, "name": "179-155"}}, {"data": {"source": 179, "Lift": 1.3801513545808344, "is_directed": false, "target": 97, "name": "179-97"}}, {"data": {"source": 179, "Lift": 2.571038184245296, "is_directed": false, "target": 185, "name": "179-185"}}, {"data": {"source": 179, "Lift": 1.9071310939479664, "is_directed": false, "target": 122, "name": "179-122"}}, {"data": {"source": 179, "Lift": 1.4479962798104928, "is_directed": false, "target": 187, "name": "179-187"}}, {"data": {"source": 179, "Lift": 1.22938729289081, "is_directed": false, "target": 127, "name": "179-127"}}, {"data": {"source": 155, "Lift": 1.7476258864132233, "is_directed": false, "target": 81, "name": "155-81"}}, {"data": {"source": 155, "Lift": 2.3318576376652382, "is_directed": false, "target": 122, "name": "155-122"}}, {"data": {"source": 155, "Lift": 2.857920250604405, "is_directed": false, "target": 116, "name": "155-116"}}, {"data": {"source": 155, "Lift": 2.091108264752249, "is_directed": false, "target": 197, "name": "155-197"}}, {"data": {"source": 155, "Lift": 1.874702150347515, "is_directed": false, "target": 185, "name": "155-185"}}, {"data": {"source": 184, "Lift": 1.7379969393045003, "is_directed": false, "target": 81, "name": "184-81"}}, {"data": {"source": 185, "Lift": 2.180668181272755, "is_directed": false, "target": 62, "name": "185-62"}}, {"data": {"source": 197, "Lift": 2.2782802364986243, "is_directed": false, "target": 81, "name": "197-81"}}, {"data": {"source": 197, "Lift": 1.0288816437333386, "is_directed": false, "target": 78, "name": "197-78"}}, {"data": {"source": 71, "Lift": 1.4399455664547458, "is_directed": false, "target": 81, "name": "71-81"}}, {"data": {"source": 71, "Lift": 1.9951884792312873, "is_directed": false, "target": 161, "name": "71-161"}}, {"data": {"source": 73, "Lift": 2.685699993117345, "is_directed": false, "target": 97, "name": "73-97"}}, {"data": {"source": 73, "Lift": 3.580285318925157, "is_directed": false, "target": 207, "name": "73-207"}}, {"data": {"source": 204, "Lift": 1.7195802642877664, "is_directed": false, "target": 161, "name": "204-161"}}, {"data": {"source": 78, "Lift": 1.0177340712097975, "is_directed": false, "target": 161, "name": "78-161"}}, {"data": {"source": 78, "Lift": 1.0051318271070455, "is_directed": false, "target": 97, "name": "78-97"}}, {"data": {"source": 78, "Lift": 1.523913088128947, "is_directed": false, "target": 112, "name": "78-112"}}, {"data": {"source": 78, "Lift": 1.28957813048259, "is_directed": false, "target": 84, "name": "78-84"}}, {"data": {"source": 78, "Lift": 1.8834405849406903, "is_directed": false, "target": 120, "name": "78-120"}}, {"data": {"source": 78, "Lift": 1.1189223022967263, "is_directed": false, "target": 212, "name": "78-212"}}, {"data": {"source": 207, "Lift": 4.446170519481628, "is_directed": false, "target": 208, "name": "207-208"}}, {"data": {"source": 207, "Lift": 2.9499352314763807, "is_directed": false, "target": 117, "name": "207-117"}}, {"data": {"source": 81, "Lift": 1.3457817491693558, "is_directed": false, "target": 161, "name": "81-161"}}, {"data": {"source": 93, "Lift": 5.304734190196628, "is_directed": false, "target": 117, "name": "93-117"}}, {"data": {"source": 97, "Lift": 4.319934321253531, "is_directed": false, "target": 106, "name": "97-106"}}, {"data": {"source": 99, "Lift": 4.866049280240707, "is_directed": false, "target": 106, "name": "99-106"}}, {"data": {"source": 102, "Lift": 2.022896380731871, "is_directed": false, "target": 117, "name": "102-117"}}]}, "data": {"description": "<h1>\u6fd5\u75b9\u4e2d\u91ab\u6cbb\u7642\u5716\u8b5c</h1><h2>Eczema_(Support=0.5%, Confidence=20.0% (cc))cc</h2>", "name": "Eczema_(Support=0.5%, Confidence=20.0% (cc))cc", "tags": ["Eczema", "\u6fd5\u75b9\u4e2d\u91ab\u6cbb\u7642\u5716\u8b5c", "\u570b\u7db2\u4e2d\u5fc3"]}}