{"elements": {"nodes": [{"data": {"popup": "  \u4f5c\u7528(skin whitening)", "name": 2, "myGroup": "G0", "label": "\u4ed9\u65b9\u6d3b\u547d\u98f2", "nodeSupportPercent": 27.865987046224674, "id": 2}}, {"data": {"popup": "  \u6c23(\u5e73) \u5473(\u7518) \u7d93\u7d61(\u809d,\u80c3) \u4f5c\u7528(hormone,inflammation,mood)", "name": 8, "myGroup": "G0", "label": "\u571f\u832f\u82d3", "nodeSupportPercent": 5.021017714931157, "id": 8}}, {"data": {"popup": "  \u6c23(\u5bd2) \u5473(\u8f9b,\u82e6) \u7d93\u7d61(\u809d,\u81bd) \u4f5c\u7528(bacteria,hormone)", "name": 11, "myGroup": "G0", "label": "\u590f\u67af\u8349", "nodeSupportPercent": 3.2709712471940637, "id": 11}}, {"data": {"popup": "  \u6c23(\u5bd2) \u5473(\u82e6) \u7d93\u7d61(\u809d,\u5fc3,\u813e,\u5927\u8178,\u80c3) \u4f5c\u7528(bacteria,hormone,infection,inflammation,mood)", "name": 14, "myGroup": "G3", "label": "\u5927\u9ec3", "nodeSupportPercent": 11.087916958579374, "id": 14}}, {"data": {"popup": "  \u6c23(\u5bd2) \u5473(\u7518,\u82e6) \u7d93\u7d61(\u80ba,\u80c3) \u4f5c\u7528(bacteria,hormone,inflammation,mood,skin whitening)", "name": 16, "myGroup": "G3", "label": "\u5929\u82b1\u7c89", "nodeSupportPercent": 4.2989805693370124, "id": 16}}, {"data": {"popup": " ", "name": 24, "myGroup": "G0", "label": "\u6563\u816b\u6f70\u5805\u6e6f", "nodeSupportPercent": 5.338070659555911, "id": 24}}, {"data": {"popup": "  \u6c23(\u5e73) \u5473(\u82e6) \u7d93\u7d61(\u80ba,\u80c3) \u4f5c\u7528(hormone,inflammation)", "name": 27, "myGroup": "G2", "label": "\u6787\u6777\u8449", "nodeSupportPercent": 2.4395561973663518, "id": 27}}, {"data": {"popup": "  \u6c23(\u5bd2) \u5473(\u7518) \u7d93\u7d61(\u80ba) \u4f5c\u7528(bacteria,inflammation,mood)", "name": 37, "myGroup": "G2", "label": "\u6851\u767d\u76ae", "nodeSupportPercent": 6.057605696229679, "id": 37}}, {"data": {"popup": "  \u6c23(\u5bd2) \u5473(\u82e6) \u7d93\u7d61(\u5fc3,\u80ba,\u80c3,\u4e09\u7126) \u4f5c\u7528(hormone,infection,mood)", "name": 39, "myGroup": "G2", "label": "\u6894\u5b50", "nodeSupportPercent": 3.4772165110593214, "id": 39}}, {"data": {"popup": " ", "name": 42, "myGroup": "G1", "label": "\u6e05\u4e0a\u9632\u98a8\u6e6f", "nodeSupportPercent": 31.193791910324418, "id": 42}}, {"data": {"popup": " ", "name": 47, "myGroup": "G3", "label": "\u7099\u7518\u8349", "nodeSupportPercent": 1.5538096395533378, "id": 47}}, {"data": {"popup": "  \u6c23(\u5bd2) \u5473(\u7518,\u82e6,\u9e79) \u7d93\u7d61(\u80ba,\u814e,\u80c3) \u4f5c\u7528(hormone,inflammation)", "name": 50, "myGroup": "G2", "label": "\u7384\u53c3", "nodeSupportPercent": 3.3299495288886347, "id": 50}}, {"data": {"popup": "  \u6c23(\u5bd2) \u5473(\u7518,\u82e6) \u7d93\u7d61(\u5c0f\u8178,\u5927\u8178,\u80c3) \u4f5c\u7528(inflammation,mood)", "name": 62, "myGroup": "G1", "label": "\u767d\u82b1\u86c7\u820c\u8349", "nodeSupportPercent": 3.4518379777240815, "id": 62}}, {"data": {"popup": "  \u6c23(\u6eab) \u5473(\u8f9b) \u7d93\u7d61(\u80ba,\u5927\u8178,\u80c3) \u4f5c\u7528(bacteria,hormone,infection,inflammation,mood)", "name": 63, "myGroup": "G3", "label": "\u767d\u82b7", "nodeSupportPercent": 10.956020074062424, "id": 63}}, {"data": {"popup": "  \u6c23(\u5bd2) \u5473(\u82e6) \u7d93\u7d61(\u813e,\u80c3) \u4f5c\u7528(inflammation,mood)", "name": 64, "myGroup": "G1", "label": "\u767d\u9bae\u76ae", "nodeSupportPercent": 3.6906106575542243, "id": 64}}, {"data": {"popup": "  \u6c23(\u6eab) \u5473(\u8f9b)", "name": 65, "myGroup": "G0", "label": "\u7682\u523a", "nodeSupportPercent": 4.856950858580804, "id": 65}}, {"data": {"popup": "  \u6c23(\u6eab) \u5473(\u8f9b) \u7d93\u7d61(\u813e,\u80c3) \u4f5c\u7528(bacteria,infection,inflammation)", "name": 70, "myGroup": "G3", "label": "\u7802\u4ec1", "nodeSupportPercent": 3.8736220528731358, "id": 70}}, {"data": {"popup": "  \u6c23(\u5bd2) \u5473(\u8f9b,\u82e6) \u7d93\u7d61(\u809d,\u5fc3)", "name": 72, "myGroup": "G0", "label": "\u7d2b\u82b1\u5730\u4e01", "nodeSupportPercent": 5.177220800388899, "id": 72}}, {"data": {"popup": "  \u6c23(\u5bd2) \u5473(\u7518,\u82e6) \u7d93\u7d61(\u809d,\u80c3) \u4f5c\u7528(mood)", "name": 84, "myGroup": "G0", "label": "\u84b2\u516c\u82f1", "nodeSupportPercent": 19.192962639939378, "id": 84}}, {"data": {"popup": "  \u6c23(\u5bd2) \u5473(\u7518) \u7d93\u7d61(\u813e,\u80ba,\u80c3) \u4f5c\u7528(inflammation)", "name": 87, "myGroup": "G2", "label": "\u858f\u82e1\u4ec1", "nodeSupportPercent": 11.752048154873393, "id": 87}}, {"data": {"popup": "  \u6c23(\u5bd2) \u5473(\u82e6) \u7d93\u7d61(\u5fc3,\u80ba,\u5c0f\u8178) \u4f5c\u7528(infection,skin whitening)", "name": 95, "myGroup": "G2", "label": "\u9023\u7ff9", "nodeSupportPercent": 22.264480061766346, "id": 95}}, {"data": {"popup": "  \u6c23(\u5bd2) \u5473(\u7518) \u7d93\u7d61(\u80ba,\u5927\u8178,\u80c3) \u4f5c\u7528(bacteria,infection,inflammation)", "name": 98, "myGroup": "G2", "label": "\u91d1\u9280\u82b1", "nodeSupportPercent": 13.418810139975122, "id": 98}}, {"data": {"popup": " ", "name": 109, "myGroup": "G1", "label": "\u9ebb\u5b50\u4ec1\u4e38", "nodeSupportPercent": 3.681674554267168, "id": 109}}, {"data": {"popup": "  \u6c23(\u5bd2) \u5473(\u82e6) \u7d93\u7d61(\u809d,\u80ba,\u81bd,\u5927\u8178,\u80c3) \u4f5c\u7528(bacteria,infection)", "name": 114, "myGroup": "G3", "label": "\u9ec3\u82a9", "nodeSupportPercent": 8.343818361190147, "id": 114}}, {"data": {"popup": " ", "name": 117, "myGroup": "G1", "label": "\u9ec3\u9023\u89e3\u6bd2\u6e6f", "nodeSupportPercent": 10.239344590440513, "id": 117}}], "edges": [{"data": {"source": 2, "Lift": 1.1734007032213287, "is_directed": false, "target": 65, "name": "2-65"}}, {"data": {"source": 2, "Lift": 1.1455920859696203, "is_directed": false, "target": 37, "name": "2-37"}}, {"data": {"source": 2, "Lift": 1.191262311808026, "is_directed": false, "target": 8, "name": "2-8"}}, {"data": {"source": 2, "Lift": 1.3160699287350297, "is_directed": false, "target": 11, "name": "2-11"}}, {"data": {"source": 2, "Lift": 1.1260843959223017, "is_directed": false, "target": 72, "name": "2-72"}}, {"data": {"source": 2, "Lift": 1.2273902104745007, "is_directed": false, "target": 84, "name": "2-84"}}, {"data": {"source": 2, "Lift": 1.3141875406884638, "is_directed": false, "target": 24, "name": "2-24"}}, {"data": {"source": 2, "Lift": 1.162344128459944, "is_directed": false, "target": 95, "name": "2-95"}}, {"data": {"source": 14, "Lift": 4.404136769777728, "is_directed": false, "target": 70, "name": "14-70"}}, {"data": {"source": 16, "Lift": 2.913452767986439, "is_directed": false, "target": 63, "name": "16-63"}}, {"data": {"source": 27, "Lift": 7.6747884927173295, "is_directed": false, "target": 37, "name": "27-37"}}, {"data": {"source": 37, "Lift": 1.7809998628109869, "is_directed": false, "target": 95, "name": "37-95"}}, {"data": {"source": 39, "Lift": 1.8712873606747773, "is_directed": false, "target": 95, "name": "39-95"}}, {"data": {"source": 42, "Lift": 1.0444742946005612, "is_directed": false, "target": 64, "name": "42-64"}}, {"data": {"source": 42, "Lift": 1.0939900876562159, "is_directed": false, "target": 65, "name": "42-65"}}, {"data": {"source": 42, "Lift": 1.231548397748861, "is_directed": false, "target": 98, "name": "42-98"}}, {"data": {"source": 42, "Lift": 1.0953698099907256, "is_directed": false, "target": 72, "name": "42-72"}}, {"data": {"source": 42, "Lift": 1.1444273664721745, "is_directed": false, "target": 109, "name": "42-109"}}, {"data": {"source": 42, "Lift": 1.1799750590758118, "is_directed": false, "target": 84, "name": "42-84"}}, {"data": {"source": 42, "Lift": 1.0454606826627677, "is_directed": false, "target": 117, "name": "42-117"}}, {"data": {"source": 42, "Lift": 1.1435374591357899, "is_directed": false, "target": 87, "name": "42-87"}}, {"data": {"source": 42, "Lift": 1.186767498658477, "is_directed": false, "target": 62, "name": "42-62"}}, {"data": {"source": 47, "Lift": 16.681874684915798, "is_directed": false, "target": 70, "name": "47-70"}}, {"data": {"source": 50, "Lift": 1.5027777794628026, "is_directed": false, "target": 95, "name": "50-95"}}, {"data": {"source": 63, "Lift": 4.473159753336601, "is_directed": false, "target": 70, "name": "63-70"}}, {"data": {"source": 65, "Lift": 1.7431384204491494, "is_directed": false, "target": 84, "name": "65-84"}}, {"data": {"source": 70, "Lift": 3.6252255704455627, "is_directed": false, "target": 114, "name": "70-114"}}, {"data": {"source": 72, "Lift": 2.779947404611937, "is_directed": false, "target": 84, "name": "72-84"}}, {"data": {"source": 87, "Lift": 1.5569425924269888, "is_directed": false, "target": 95, "name": "87-95"}}, {"data": {"source": 95, "Lift": 2.038091807875808, "is_directed": false, "target": 98, "name": "95-98"}}]}, "data": {"description": "<h1>\u75e4\u7621(\u9752\u6625\u75d8)\u4e2d\u91ab\u6cbb\u7642\u5716\u8b5c</h1><h2>ACNE_(Support=1.0%, Confidence=30.0% (cc))cc</h2>", "name": "ACNE_(Support=1.0%, Confidence=30.0% (cc))cc", "tags": ["ACNE", "\u75e4\u7621(\u9752\u6625\u75d8)\u4e2d\u91ab\u6cbb\u7642\u5716\u8b5c", "\u570b\u7db2\u4e2d\u5fc3"]}}