{"elements": {"nodes": [{"data": {"popup": "  \u6c23(\u5bd2) \u5473(\u7518) \u7d93\u7d61(\u809d,\u5fc3)", "name": 128, "myGroup": "G0", "label": "\u7d2b\u8349", "nodeSupportPercent": 2.0277805578988004, "id": 128}}, {"data": {"popup": "  \u6c23(\u5e73) \u5473(\u82e6) \u7d93\u7d61(\u809d,\u813e)", "name": 1, "myGroup": "G7", "label": "\u4e09\u7a1c", "nodeSupportPercent": 0.8782402310518866, "id": 1}}, {"data": {"popup": "  \u6c23(\u5bd2) \u5473(\u7518,\u82e6) \u7d93\u7d61(\u809d,\u80c3) \u4f5c\u7528(mood)", "name": 150, "myGroup": "G3", "label": "\u84b2\u516c\u82f1", "nodeSupportPercent": 19.192962639939378, "id": 150}}, {"data": {"popup": "  \u4f5c\u7528(skin whitening)", "name": 7, "myGroup": "G0", "label": "\u4ed9\u65b9\u6d3b\u547d\u98f2", "nodeSupportPercent": 27.865987046224674, "id": 7}}, {"data": {"popup": "  \u6c23(\u6eab) \u5473(\u8f9b) \u7d93\u7d61(\u809d,\u80ba)", "name": 140, "myGroup": "G2", "label": "\u834a\u82a5", "nodeSupportPercent": 1.8690753635206818, "id": 140}}, {"data": {"popup": "  \u6c23(\u6eab) \u5473(\u8f9b,\u82e6) \u7d93\u7d61(\u809d,\u813e) \u4f5c\u7528(inflammation)", "name": 144, "myGroup": "G7", "label": "\u83aa\u672e", "nodeSupportPercent": 0.8853891136815316, "id": 144}}, {"data": {"popup": "  \u6c23(\u5e73) \u5473(\u7518) \u7d93\u7d61(\u809d,\u80c3) \u4f5c\u7528(hormone,inflammation,mood)", "name": 21, "myGroup": "G0", "label": "\u571f\u832f\u82d3", "nodeSupportPercent": 5.021017714931157, "id": 21}}, {"data": {"popup": "  \u6c23(\u5bd2) \u5473(\u82e6) \u7d93\u7d61(\u8180\u80f1)", "name": 22, "myGroup": "G3", "label": "\u5730\u819a\u5b50", "nodeSupportPercent": 1.7411103644500365, "id": 22}}, {"data": {"popup": "  \u6c23(\u5bd2) \u5473(\u7518) \u7d93\u7d61(\u80ba,\u814e)", "name": 23, "myGroup": "G1", "label": "\u5730\u9aa8\u76ae", "nodeSupportPercent": 1.5109163437754678, "id": 23}}, {"data": {"popup": "  \u6c23(\u6eab) \u5473(\u8f9b,\u82e6) \u7d93\u7d61(\u813e,\u80c3) \u4f5c\u7528(bacteria,hormone,mood)", "name": 152, "myGroup": "G4", "label": "\u84bc\u672e", "nodeSupportPercent": 1.5062695700661985, "id": 152}}, {"data": {"popup": "  \u6c23(\u5bd2) \u5473(\u8f9b,\u82e6) \u7d93\u7d61(\u809d,\u81bd) \u4f5c\u7528(bacteria,hormone)", "name": 25, "myGroup": "G0", "label": "\u590f\u67af\u8349", "nodeSupportPercent": 3.2709712471940637, "id": 25}}, {"data": {"popup": "  \u6c23(\u5bd2) \u5473(\u7518) \u7d93\u7d61(\u813e,\u80ba,\u80c3) \u4f5c\u7528(inflammation)", "name": 156, "myGroup": "G2", "label": "\u858f\u82e1\u4ec1", "nodeSupportPercent": 11.752048154873393, "id": 156}}, {"data": {"popup": "  \u6c23(\u5bd2) \u5473(\u82e6) \u7d93\u7d61(\u809d,\u5fc3,\u813e,\u5927\u8178,\u80c3) \u4f5c\u7528(bacteria,hormone,infection,inflammation,mood)", "name": 29, "myGroup": "G6", "label": "\u5927\u9ec3", "nodeSupportPercent": 11.087916958579374, "id": 29}}, {"data": {"popup": "  \u6c23(\u5bd2) \u5473(\u7518) \u7d93\u7d61(\u809d,\u80ba)", "name": 159, "myGroup": "G3", "label": "\u87ec\u86fb", "nodeSupportPercent": 2.5796742969073936, "id": 159}}, {"data": {"popup": "  \u6c23(\u5bd2) \u5473(\u7518,\u82e6) \u7d93\u7d61(\u80ba,\u80c3) \u4f5c\u7528(bacteria,hormone,inflammation,mood,skin whitening)", "name": 32, "myGroup": "G6", "label": "\u5929\u82b1\u7c89", "nodeSupportPercent": 4.2989805693370124, "id": 32}}, {"data": {"popup": "  \u6c23(\u6dbc) \u5473(\u7518,\u82e6) \u7d93\u7d61(\u809d,\u814e) \u4f5c\u7528(bacteria,hormone,inflammation,mood)", "name": 34, "myGroup": "G5", "label": "\u5973\u8c9e\u5b50", "nodeSupportPercent": 1.1484679944524672, "id": 34}}, {"data": {"popup": "  \u6c23(\u5bd2) \u5473(\u82e6) \u4f5c\u7528(bacteria)", "name": 163, "myGroup": "G2", "label": "\u8c9d\u6bcd", "nodeSupportPercent": 3.122989376760412, "id": 163}}, {"data": {"popup": "  \u4f5c\u7528(bacteria,infection,inflammation,mood)", "name": 38, "myGroup": "G2", "label": "\u5c0f\u67f4\u80e1\u6e6f", "nodeSupportPercent": 2.8391787363635066, "id": 38}}, {"data": {"popup": " ", "name": 49, "myGroup": "G0", "label": "\u6563\u816b\u6f70\u5805\u6e6f", "nodeSupportPercent": 5.338070659555911, "id": 49}}, {"data": {"popup": "  \u6c23(\u5bd2) \u5473(\u82e6) \u7d93\u7d61(\u5fc3,\u80ba,\u5c0f\u8178) \u4f5c\u7528(infection,skin whitening)", "name": 169, "myGroup": "G2", "label": "\u9023\u7ff9", "nodeSupportPercent": 22.264480061766346, "id": 169}}, {"data": {"popup": "  \u6c23(\u5bd2) \u5473(\u7518) \u7d93\u7d61(\u80ba,\u5927\u8178,\u80c3) \u4f5c\u7528(bacteria,infection,inflammation)", "name": 173, "myGroup": "G2", "label": "\u91d1\u9280\u82b1", "nodeSupportPercent": 13.418810139975122, "id": 173}}, {"data": {"popup": " ", "name": 177, "myGroup": "G3", "label": "\u9632\u98a8\u901a\u8056\u6563", "nodeSupportPercent": 2.809868317581962, "id": 177}}, {"data": {"popup": "  \u6c23(\u5bd2) \u5473(\u7518,\u9178) \u7d93\u7d61(\u809d,\u814e) \u4f5c\u7528(hormone)", "name": 50, "myGroup": "G5", "label": "\u65f1\u84ee\u8349", "nodeSupportPercent": 0.9826139174447034, "id": 50}}, {"data": {"popup": "  \u6c23(\u5e73) \u5473(\u82e6) \u7d93\u7d61(\u80ba,\u80c3) \u4f5c\u7528(hormone,inflammation)", "name": 56, "myGroup": "G2", "label": "\u6787\u6777\u8449", "nodeSupportPercent": 2.4395561973663518, "id": 56}}, {"data": {"popup": "  \u6c23(\u5bd2) \u5473(\u8f9b) \u7d93\u7d61(\u80ba)", "name": 185, "myGroup": "G3", "label": "\u9b5a\u8165\u8349", "nodeSupportPercent": 1.8991006705651907, "id": 185}}, {"data": {"popup": " ", "name": 188, "myGroup": "G3", "label": "\u9ebb\u5b50\u4ec1\u4e38", "nodeSupportPercent": 3.681674554267168, "id": 188}}, {"data": {"popup": "  \u6c23(\u5bd2) \u5473(\u82e6) \u7d93\u7d61(\u814e,\u5927\u8178,\u8180\u80f1)", "name": 192, "myGroup": "G4", "label": "\u9ec3\u67cf", "nodeSupportPercent": 3.70741053173389, "id": 192}}, {"data": {"popup": "  \u6c23(\u5bd2) \u5473(\u82e6) \u7d93\u7d61(\u809d,\u80ba,\u81bd,\u5927\u8178,\u80c3) \u4f5c\u7528(bacteria,infection)", "name": 194, "myGroup": "G6", "label": "\u9ec3\u82a9", "nodeSupportPercent": 8.343818361190147, "id": 194}}, {"data": {"popup": "  \u6c23(\u5bd2) \u5473(\u82e6) \u7d93\u7d61(\u809d,\u5fc3,\u5927\u8178,\u80c3)", "name": 195, "myGroup": "G6", "label": "\u9ec3\u9023", "nodeSupportPercent": 3.0057477016342347, "id": 195}}, {"data": {"popup": " ", "name": 197, "myGroup": "G3", "label": "\u9ec3\u9023\u89e3\u6bd2\u6e6f", "nodeSupportPercent": 10.239344590440513, "id": 197}}, {"data": {"popup": "  \u6c23(\u5bd2) \u5473(\u7518) \u7d93\u7d61(\u80ba) \u4f5c\u7528(bacteria,inflammation,mood)", "name": 70, "myGroup": "G2", "label": "\u6851\u767d\u76ae", "nodeSupportPercent": 6.057605696229679, "id": 70}}, {"data": {"popup": "  \u6c23(\u5e73) \u5473(\u8f9b,\u82e6) \u7d93\u7d61(\u80ba) \u4f5c\u7528(inflammation)", "name": 71, "myGroup": "G2", "label": "\u6854\u6897", "nodeSupportPercent": 2.87313592885432, "id": 71}}, {"data": {"popup": "  \u6c23(\u5bd2) \u5473(\u82e6) \u7d93\u7d61(\u5fc3,\u80ba,\u80c3,\u4e09\u7126) \u4f5c\u7528(hormone,infection,mood)", "name": 72, "myGroup": "G2", "label": "\u6894\u5b50", "nodeSupportPercent": 3.4772165110593214, "id": 72}}, {"data": {"popup": " ", "name": 79, "myGroup": "G3", "label": "\u6e05\u4e0a\u9632\u98a8\u6e6f", "nodeSupportPercent": 31.193791910324418, "id": 79}}, {"data": {"popup": " ", "name": 91, "myGroup": "G6", "label": "\u7099\u7518\u8349", "nodeSupportPercent": 1.5538096395533378, "id": 91}}, {"data": {"popup": "  \u6c23(\u5bd2) \u5473(\u8f9b,\u82e6) \u7d93\u7d61(\u809d,\u5fc3,\u814e) \u4f5c\u7528(bacteria,hormone,infection,inflammation,mood)", "name": 95, "myGroup": "G1", "label": "\u7261\u4e39\u76ae", "nodeSupportPercent": 7.8276690353297775, "id": 95}}, {"data": {"popup": "  \u6c23(\u5bd2) \u5473(\u7518,\u82e6,\u9e79) \u7d93\u7d61(\u80ba,\u814e,\u80c3) \u4f5c\u7528(hormone,inflammation)", "name": 97, "myGroup": "G2", "label": "\u7384\u53c3", "nodeSupportPercent": 3.3299495288886347, "id": 97}}, {"data": {"popup": "  \u6c23(\u5bd2) \u5473(\u7518,\u82e6) \u7d93\u7d61(\u5c0f\u8178,\u5927\u8178,\u80c3) \u4f5c\u7528(inflammation,mood)", "name": 113, "myGroup": "G3", "label": "\u767d\u82b1\u86c7\u820c\u8349", "nodeSupportPercent": 3.4518379777240815, "id": 113}}, {"data": {"popup": "  \u6c23(\u6eab) \u5473(\u8f9b) \u7d93\u7d61(\u80ba,\u5927\u8178,\u80c3) \u4f5c\u7528(bacteria,hormone,infection,inflammation,mood)", "name": 114, "myGroup": "G6", "label": "\u767d\u82b7", "nodeSupportPercent": 10.956020074062424, "id": 114}}, {"data": {"popup": "  \u6c23(\u5bd2) \u5473(\u82e6) \u7d93\u7d61(\u813e,\u80c3) \u4f5c\u7528(inflammation,mood)", "name": 117, "myGroup": "G3", "label": "\u767d\u9bae\u76ae", "nodeSupportPercent": 3.6906106575542243, "id": 117}}, {"data": {"popup": "  \u6c23(\u6eab) \u5473(\u8f9b)", "name": 118, "myGroup": "G3", "label": "\u7682\u523a", "nodeSupportPercent": 4.856950858580804, "id": 118}}, {"data": {"popup": "  \u6c23(\u5bd2) \u5473(\u7518,\u82e6) \u7d93\u7d61(\u80ba,\u814e,\u80c3) \u4f5c\u7528(infection,inflammation)", "name": 121, "myGroup": "G4", "label": "\u77e5\u6bcd", "nodeSupportPercent": 1.6417408958979711, "id": 121}}, {"data": {"popup": "  \u6c23(\u5bd2) \u5473(\u8f9b,\u7518) \u7d93\u7d61(\u80ba,\u80c3) \u4f5c\u7528(hormone,infection)", "name": 122, "myGroup": "G0", "label": "\u77f3\u818f", "nodeSupportPercent": 2.395590569194035, "id": 122}}, {"data": {"popup": "  \u6c23(\u6eab) \u5473(\u8f9b) \u7d93\u7d61(\u813e,\u80c3) \u4f5c\u7528(bacteria,infection,inflammation)", "name": 123, "myGroup": "G6", "label": "\u7802\u4ec1", "nodeSupportPercent": 3.8736220528731358, "id": 123}}, {"data": {"popup": "  \u6c23(\u5bd2) \u5473(\u8f9b,\u82e6) \u7d93\u7d61(\u809d,\u5fc3)", "name": 127, "myGroup": "G3", "label": "\u7d2b\u82b1\u5730\u4e01", "nodeSupportPercent": 5.177220800388899, "id": 127}}], "edges": [{"data": {"source": 128, "Lift": 1.0838461732168765, "is_directed": false, "target": 79, "name": "128-79"}}, {"data": {"source": 128, "Lift": 1.184182476044083, "is_directed": false, "target": 7, "name": "128-7"}}, {"data": {"source": 1, "Lift": 73.54965643217561, "is_directed": false, "target": 144, "name": "1-144"}}, {"data": {"source": 150, "Lift": 2.779947404611937, "is_directed": false, "target": 127, "name": "150-127"}}, {"data": {"source": 150, "Lift": 1.1799750590758118, "is_directed": false, "target": 79, "name": "150-79"}}, {"data": {"source": 150, "Lift": 1.619312060045704, "is_directed": false, "target": 159, "name": "150-159"}}, {"data": {"source": 150, "Lift": 1.7431384204491494, "is_directed": false, "target": 118, "name": "150-118"}}, {"data": {"source": 150, "Lift": 1.2273902104745007, "is_directed": false, "target": 7, "name": "150-7"}}, {"data": {"source": 7, "Lift": 1.1455920859696203, "is_directed": false, "target": 70, "name": "7-70"}}, {"data": {"source": 7, "Lift": 1.162344128459944, "is_directed": false, "target": 169, "name": "7-169"}}, {"data": {"source": 7, "Lift": 1.3141875406884638, "is_directed": false, "target": 49, "name": "7-49"}}, {"data": {"source": 7, "Lift": 1.191262311808026, "is_directed": false, "target": 21, "name": "7-21"}}, {"data": {"source": 7, "Lift": 1.1734007032213287, "is_directed": false, "target": 118, "name": "7-118"}}, {"data": {"source": 7, "Lift": 1.3160699287350297, "is_directed": false, "target": 25, "name": "7-25"}}, {"data": {"source": 7, "Lift": 1.3161428359708043, "is_directed": false, "target": 122, "name": "7-122"}}, {"data": {"source": 7, "Lift": 1.1260843959223017, "is_directed": false, "target": 127, "name": "7-127"}}, {"data": {"source": 140, "Lift": 1.8948476989926115, "is_directed": false, "target": 169, "name": "140-169"}}, {"data": {"source": 22, "Lift": 11.698304229757278, "is_directed": false, "target": 117, "name": "22-117"}}, {"data": {"source": 22, "Lift": 1.1043472555033924, "is_directed": false, "target": 79, "name": "22-79"}}, {"data": {"source": 23, "Lift": 5.352465276718861, "is_directed": false, "target": 95, "name": "23-95"}}, {"data": {"source": 152, "Lift": 12.270348631295494, "is_directed": false, "target": 192, "name": "152-192"}}, {"data": {"source": 156, "Lift": 1.5569425924269888, "is_directed": false, "target": 169, "name": "156-169"}}, {"data": {"source": 156, "Lift": 1.1435374591357899, "is_directed": false, "target": 79, "name": "156-79"}}, {"data": {"source": 29, "Lift": 4.923320781045111, "is_directed": false, "target": 91, "name": "29-91"}}, {"data": {"source": 29, "Lift": 4.404136769777728, "is_directed": false, "target": 123, "name": "29-123"}}, {"data": {"source": 159, "Lift": 1.0576318464058323, "is_directed": false, "target": 79, "name": "159-79"}}, {"data": {"source": 32, "Lift": 2.913452767986439, "is_directed": false, "target": 114, "name": "32-114"}}, {"data": {"source": 34, "Lift": 57.203698552295904, "is_directed": false, "target": 50, "name": "34-50"}}, {"data": {"source": 163, "Lift": 1.3504707415877881, "is_directed": false, "target": 169, "name": "163-169"}}, {"data": {"source": 38, "Lift": 1.3655890161272688, "is_directed": false, "target": 169, "name": "38-169"}}, {"data": {"source": 169, "Lift": 1.8712873606747773, "is_directed": false, "target": 72, "name": "169-72"}}, {"data": {"source": 169, "Lift": 1.5027777794628026, "is_directed": false, "target": 97, "name": "169-97"}}, {"data": {"source": 169, "Lift": 2.038091807875808, "is_directed": false, "target": 173, "name": "169-173"}}, {"data": {"source": 169, "Lift": 1.7809998628109869, "is_directed": false, "target": 70, "name": "169-70"}}, {"data": {"source": 169, "Lift": 1.4533820520649188, "is_directed": false, "target": 71, "name": "169-71"}}, {"data": {"source": 173, "Lift": 1.231548397748861, "is_directed": false, "target": 79, "name": "173-79"}}, {"data": {"source": 177, "Lift": 1.0399063100066284, "is_directed": false, "target": 79, "name": "177-79"}}, {"data": {"source": 56, "Lift": 7.6747884927173295, "is_directed": false, "target": 70, "name": "56-70"}}, {"data": {"source": 56, "Lift": 1.0826799726683993, "is_directed": false, "target": 79, "name": "56-79"}}, {"data": {"source": 185, "Lift": 1.0082505399962118, "is_directed": false, "target": 79, "name": "185-79"}}, {"data": {"source": 188, "Lift": 1.1444273664721745, "is_directed": false, "target": 79, "name": "188-79"}}, {"data": {"source": 192, "Lift": 9.93649535767175, "is_directed": false, "target": 121, "name": "192-121"}}, {"data": {"source": 194, "Lift": 5.194292680935171, "is_directed": false, "target": 91, "name": "194-91"}}, {"data": {"source": 194, "Lift": 3.6252255704455627, "is_directed": false, "target": 123, "name": "194-123"}}, {"data": {"source": 194, "Lift": 3.6885449327152253, "is_directed": false, "target": 195, "name": "194-195"}}, {"data": {"source": 197, "Lift": 1.0454606826627677, "is_directed": false, "target": 79, "name": "197-79"}}, {"data": {"source": 79, "Lift": 1.186767498658477, "is_directed": false, "target": 113, "name": "79-113"}}, {"data": {"source": 79, "Lift": 1.0444742946005612, "is_directed": false, "target": 117, "name": "79-117"}}, {"data": {"source": 79, "Lift": 1.0939900876562159, "is_directed": false, "target": 118, "name": "79-118"}}, {"data": {"source": 79, "Lift": 1.0953698099907256, "is_directed": false, "target": 127, "name": "79-127"}}, {"data": {"source": 91, "Lift": 4.988890557308071, "is_directed": false, "target": 114, "name": "91-114"}}, {"data": {"source": 91, "Lift": 16.681874684915798, "is_directed": false, "target": 123, "name": "91-123"}}, {"data": {"source": 114, "Lift": 4.473159753336601, "is_directed": false, "target": 123, "name": "114-123"}}]}, "data": {"description": "<h1>\u75e4\u7621(\u9752\u6625\u75d8)\u4e2d\u91ab\u6cbb\u7642\u5716\u8b5c</h1><h2>ACNE_(Support=0.5%, Confidence=30.0% (cc))cc</h2>", "name": "ACNE_(Support=0.5%, Confidence=30.0% (cc))cc", "tags": ["ACNE", "\u75e4\u7621(\u9752\u6625\u75d8)\u4e2d\u91ab\u6cbb\u7642\u5716\u8b5c", "\u570b\u7db2\u4e2d\u5fc3"]}}