{"elements": {"nodes": [{"data": {"popup": "  \u6c23(\u5bd2) \u5473(\u7518) \u7d93\u7d61(\u80ba,\u5927\u8178,\u80c3) \u4f5c\u7528(bacteria,infection,inflammation)", "name": 129, "myGroup": "G1", "label": "\u91d1\u9280\u82b1", "nodeSupportPercent": 13.418810139975122, "id": 129}}, {"data": {"popup": " ", "name": 132, "myGroup": "G2", "label": "\u9632\u98a8\u901a\u8056\u6563", "nodeSupportPercent": 2.809868317581962, "id": 132}}, {"data": {"popup": " ", "name": 140, "myGroup": "G2", "label": "\u9ebb\u5b50\u4ec1\u4e38", "nodeSupportPercent": 3.681674554267168, "id": 140}}, {"data": {"popup": "  \u6c23(\u5bd2) \u5473(\u82e6) \u7d93\u7d61(\u8180\u80f1)", "name": 13, "myGroup": "G4", "label": "\u5730\u819a\u5b50", "nodeSupportPercent": 1.7411103644500365, "id": 13}}, {"data": {"popup": "  \u6c23(\u5bd2) \u5473(\u8f9b,\u82e6) \u7d93\u7d61(\u809d,\u81bd) \u4f5c\u7528(bacteria,hormone)", "name": 15, "myGroup": "G0", "label": "\u590f\u67af\u8349", "nodeSupportPercent": 3.2709712471940637, "id": 15}}, {"data": {"popup": "  \u6c23(\u5bd2) \u5473(\u82e6) \u7d93\u7d61(\u809d,\u80ba,\u81bd,\u5927\u8178,\u80c3) \u4f5c\u7528(bacteria,infection)", "name": 145, "myGroup": "G3", "label": "\u9ec3\u82a9", "nodeSupportPercent": 8.343818361190147, "id": 145}}, {"data": {"popup": "  \u6c23(\u5bd2) \u5473(\u82e6) \u7d93\u7d61(\u809d,\u5fc3,\u5927\u8178,\u80c3)", "name": 146, "myGroup": "G3", "label": "\u9ec3\u9023", "nodeSupportPercent": 3.0057477016342347, "id": 146}}, {"data": {"popup": "  \u6c23(\u5bd2) \u5473(\u82e6) \u7d93\u7d61(\u809d,\u5fc3,\u813e,\u5927\u8178,\u80c3) \u4f5c\u7528(bacteria,hormone,infection,inflammation,mood)", "name": 19, "myGroup": "G3", "label": "\u5927\u9ec3", "nodeSupportPercent": 11.087916958579374, "id": 19}}, {"data": {"popup": " ", "name": 148, "myGroup": "G2", "label": "\u9ec3\u9023\u89e3\u6bd2\u6e6f", "nodeSupportPercent": 10.239344590440513, "id": 148}}, {"data": {"popup": "  \u6c23(\u5bd2) \u5473(\u7518,\u82e6) \u7d93\u7d61(\u80ba,\u80c3) \u4f5c\u7528(bacteria,hormone,inflammation,mood,skin whitening)", "name": 22, "myGroup": "G3", "label": "\u5929\u82b1\u7c89", "nodeSupportPercent": 4.2989805693370124, "id": 22}}, {"data": {"popup": "  \u4f5c\u7528(bacteria,infection,inflammation,mood)", "name": 25, "myGroup": "G1", "label": "\u5c0f\u67f4\u80e1\u6e6f", "nodeSupportPercent": 2.8391787363635066, "id": 25}}, {"data": {"popup": " ", "name": 32, "myGroup": "G0", "label": "\u6563\u816b\u6f70\u5805\u6e6f", "nodeSupportPercent": 5.338070659555911, "id": 32}}, {"data": {"popup": "  \u6c23(\u5e73) \u5473(\u82e6) \u7d93\u7d61(\u80ba,\u80c3) \u4f5c\u7528(hormone,inflammation)", "name": 36, "myGroup": "G0", "label": "\u6787\u6777\u8449", "nodeSupportPercent": 2.4395561973663518, "id": 36}}, {"data": {"popup": "  \u6c23(\u5bd2) \u5473(\u7518) \u7d93\u7d61(\u80ba) \u4f5c\u7528(bacteria,inflammation,mood)", "name": 47, "myGroup": "G0", "label": "\u6851\u767d\u76ae", "nodeSupportPercent": 6.057605696229679, "id": 47}}, {"data": {"popup": "  \u6c23(\u5e73) \u5473(\u8f9b,\u82e6) \u7d93\u7d61(\u80ba) \u4f5c\u7528(inflammation)", "name": 48, "myGroup": "G1", "label": "\u6854\u6897", "nodeSupportPercent": 2.87313592885432, "id": 48}}, {"data": {"popup": "  \u6c23(\u5bd2) \u5473(\u82e6) \u7d93\u7d61(\u5fc3,\u80ba,\u80c3,\u4e09\u7126) \u4f5c\u7528(hormone,infection,mood)", "name": 49, "myGroup": "G1", "label": "\u6894\u5b50", "nodeSupportPercent": 3.4772165110593214, "id": 49}}, {"data": {"popup": " ", "name": 54, "myGroup": "G2", "label": "\u6e05\u4e0a\u9632\u98a8\u6e6f", "nodeSupportPercent": 31.193791910324418, "id": 54}}, {"data": {"popup": " ", "name": 63, "myGroup": "G3", "label": "\u7099\u7518\u8349", "nodeSupportPercent": 1.5538096395533378, "id": 63}}, {"data": {"popup": "  \u6c23(\u5bd2) \u5473(\u7518,\u82e6,\u9e79) \u7d93\u7d61(\u80ba,\u814e,\u80c3) \u4f5c\u7528(hormone,inflammation)", "name": 68, "myGroup": "G1", "label": "\u7384\u53c3", "nodeSupportPercent": 3.3299495288886347, "id": 68}}, {"data": {"popup": "  \u6c23(\u5e73) \u5473(\u7518) \u7d93\u7d61(\u809d,\u80c3) \u4f5c\u7528(hormone,inflammation,mood)", "name": 12, "myGroup": "G0", "label": "\u571f\u832f\u82d3", "nodeSupportPercent": 5.021017714931157, "id": 12}}, {"data": {"popup": "  \u6c23(\u5bd2) \u5473(\u7518,\u82e6) \u7d93\u7d61(\u5c0f\u8178,\u5927\u8178,\u80c3) \u4f5c\u7528(inflammation,mood)", "name": 81, "myGroup": "G2", "label": "\u767d\u82b1\u86c7\u820c\u8349", "nodeSupportPercent": 3.4518379777240815, "id": 81}}, {"data": {"popup": "  \u6c23(\u6eab) \u5473(\u8f9b) \u7d93\u7d61(\u80ba,\u5927\u8178,\u80c3) \u4f5c\u7528(bacteria,hormone,infection,inflammation,mood)", "name": 82, "myGroup": "G3", "label": "\u767d\u82b7", "nodeSupportPercent": 10.956020074062424, "id": 82}}, {"data": {"popup": "  \u6c23(\u5bd2) \u5473(\u82e6) \u7d93\u7d61(\u813e,\u80c3) \u4f5c\u7528(inflammation,mood)", "name": 84, "myGroup": "G4", "label": "\u767d\u9bae\u76ae", "nodeSupportPercent": 3.6906106575542243, "id": 84}}, {"data": {"popup": "  \u6c23(\u6eab) \u5473(\u8f9b)", "name": 85, "myGroup": "G2", "label": "\u7682\u523a", "nodeSupportPercent": 4.856950858580804, "id": 85}}, {"data": {"popup": "  \u6c23(\u5bd2) \u5473(\u8f9b,\u7518) \u7d93\u7d61(\u80ba,\u80c3) \u4f5c\u7528(hormone,infection)", "name": 89, "myGroup": "G0", "label": "\u77f3\u818f", "nodeSupportPercent": 2.395590569194035, "id": 89}}, {"data": {"popup": "  \u6c23(\u6eab) \u5473(\u8f9b) \u7d93\u7d61(\u813e,\u80c3) \u4f5c\u7528(bacteria,infection,inflammation)", "name": 90, "myGroup": "G3", "label": "\u7802\u4ec1", "nodeSupportPercent": 3.8736220528731358, "id": 90}}, {"data": {"popup": "  \u6c23(\u5bd2) \u5473(\u8f9b,\u82e6) \u7d93\u7d61(\u809d,\u5fc3)", "name": 94, "myGroup": "G2", "label": "\u7d2b\u82b1\u5730\u4e01", "nodeSupportPercent": 5.177220800388899, "id": 94}}, {"data": {"popup": "  \u6c23(\u6eab) \u5473(\u8f9b) \u7d93\u7d61(\u809d,\u80ba)", "name": 103, "myGroup": "G1", "label": "\u834a\u82a5", "nodeSupportPercent": 1.8690753635206818, "id": 103}}, {"data": {"popup": "  \u6c23(\u5bd2) \u5473(\u7518,\u82e6) \u7d93\u7d61(\u809d,\u80c3) \u4f5c\u7528(mood)", "name": 112, "myGroup": "G2", "label": "\u84b2\u516c\u82f1", "nodeSupportPercent": 19.192962639939378, "id": 112}}, {"data": {"popup": "  \u6c23(\u5bd2) \u5473(\u7518) \u7d93\u7d61(\u813e,\u80ba,\u80c3) \u4f5c\u7528(inflammation)", "name": 116, "myGroup": "G1", "label": "\u858f\u82e1\u4ec1", "nodeSupportPercent": 11.752048154873393, "id": 116}}, {"data": {"popup": "  \u6c23(\u5bd2) \u5473(\u7518) \u7d93\u7d61(\u809d,\u80ba)", "name": 117, "myGroup": "G2", "label": "\u87ec\u86fb", "nodeSupportPercent": 2.5796742969073936, "id": 117}}, {"data": {"popup": "  \u6c23(\u5bd2) \u5473(\u82e6) \u4f5c\u7528(bacteria)", "name": 121, "myGroup": "G1", "label": "\u8c9d\u6bcd", "nodeSupportPercent": 3.122989376760412, "id": 121}}, {"data": {"popup": "  \u6c23(\u5bd2) \u5473(\u82e6) \u7d93\u7d61(\u5fc3,\u80ba,\u5c0f\u8178) \u4f5c\u7528(infection,skin whitening)", "name": 125, "myGroup": "G1", "label": "\u9023\u7ff9", "nodeSupportPercent": 22.264480061766346, "id": 125}}, {"data": {"popup": "  \u4f5c\u7528(skin whitening)", "name": 4, "myGroup": "G0", "label": "\u4ed9\u65b9\u6d3b\u547d\u98f2", "nodeSupportPercent": 27.865987046224674, "id": 4}}], "edges": [{"data": {"source": 129, "Lift": 2.038091807875808, "is_directed": false, "target": 125, "name": "129-125"}}, {"data": {"source": 129, "Lift": 1.231548397748861, "is_directed": false, "target": 54, "name": "129-54"}}, {"data": {"source": 132, "Lift": 1.0399063100066284, "is_directed": false, "target": 54, "name": "132-54"}}, {"data": {"source": 13, "Lift": 11.698304229757278, "is_directed": false, "target": 84, "name": "13-84"}}, {"data": {"source": 145, "Lift": 3.6252255704455627, "is_directed": false, "target": 90, "name": "145-90"}}, {"data": {"source": 145, "Lift": 3.6885449327152253, "is_directed": false, "target": 146, "name": "145-146"}}, {"data": {"source": 19, "Lift": 4.404136769777728, "is_directed": false, "target": 90, "name": "19-90"}}, {"data": {"source": 19, "Lift": 4.923320781045111, "is_directed": false, "target": 63, "name": "19-63"}}, {"data": {"source": 148, "Lift": 1.0454606826627677, "is_directed": false, "target": 54, "name": "148-54"}}, {"data": {"source": 22, "Lift": 2.913452767986439, "is_directed": false, "target": 82, "name": "22-82"}}, {"data": {"source": 25, "Lift": 1.3655890161272688, "is_directed": false, "target": 125, "name": "25-125"}}, {"data": {"source": 36, "Lift": 1.0826799726683993, "is_directed": false, "target": 54, "name": "36-54"}}, {"data": {"source": 36, "Lift": 7.6747884927173295, "is_directed": false, "target": 47, "name": "36-47"}}, {"data": {"source": 47, "Lift": 1.7809998628109869, "is_directed": false, "target": 125, "name": "47-125"}}, {"data": {"source": 48, "Lift": 1.4533820520649188, "is_directed": false, "target": 125, "name": "48-125"}}, {"data": {"source": 49, "Lift": 1.8712873606747773, "is_directed": false, "target": 125, "name": "49-125"}}, {"data": {"source": 54, "Lift": 1.1444273664721745, "is_directed": false, "target": 140, "name": "54-140"}}, {"data": {"source": 54, "Lift": 1.1799750590758118, "is_directed": false, "target": 112, "name": "54-112"}}, {"data": {"source": 54, "Lift": 1.186767498658477, "is_directed": false, "target": 81, "name": "54-81"}}, {"data": {"source": 54, "Lift": 1.0444742946005612, "is_directed": false, "target": 84, "name": "54-84"}}, {"data": {"source": 54, "Lift": 1.0939900876562159, "is_directed": false, "target": 85, "name": "54-85"}}, {"data": {"source": 54, "Lift": 1.1435374591357899, "is_directed": false, "target": 116, "name": "54-116"}}, {"data": {"source": 54, "Lift": 1.0953698099907256, "is_directed": false, "target": 94, "name": "54-94"}}, {"data": {"source": 54, "Lift": 1.0576318464058323, "is_directed": false, "target": 117, "name": "54-117"}}, {"data": {"source": 63, "Lift": 4.988890557308071, "is_directed": false, "target": 82, "name": "63-82"}}, {"data": {"source": 63, "Lift": 16.681874684915798, "is_directed": false, "target": 90, "name": "63-90"}}, {"data": {"source": 68, "Lift": 1.5027777794628026, "is_directed": false, "target": 125, "name": "68-125"}}, {"data": {"source": 82, "Lift": 4.473159753336601, "is_directed": false, "target": 90, "name": "82-90"}}, {"data": {"source": 85, "Lift": 1.7431384204491494, "is_directed": false, "target": 112, "name": "85-112"}}, {"data": {"source": 94, "Lift": 2.779947404611937, "is_directed": false, "target": 112, "name": "94-112"}}, {"data": {"source": 103, "Lift": 1.8948476989926115, "is_directed": false, "target": 125, "name": "103-125"}}, {"data": {"source": 112, "Lift": 1.619312060045704, "is_directed": false, "target": 117, "name": "112-117"}}, {"data": {"source": 116, "Lift": 1.5569425924269888, "is_directed": false, "target": 125, "name": "116-125"}}, {"data": {"source": 121, "Lift": 1.3504707415877881, "is_directed": false, "target": 125, "name": "121-125"}}, {"data": {"source": 4, "Lift": 1.3141875406884638, "is_directed": false, "target": 32, "name": "4-32"}}, {"data": {"source": 4, "Lift": 1.191262311808026, "is_directed": false, "target": 12, "name": "4-12"}}, {"data": {"source": 4, "Lift": 1.1455920859696203, "is_directed": false, "target": 47, "name": "4-47"}}, {"data": {"source": 4, "Lift": 1.2273902104745007, "is_directed": false, "target": 112, "name": "4-112"}}, {"data": {"source": 4, "Lift": 1.1734007032213287, "is_directed": false, "target": 85, "name": "4-85"}}, {"data": {"source": 4, "Lift": 1.3161428359708043, "is_directed": false, "target": 89, "name": "4-89"}}, {"data": {"source": 4, "Lift": 1.3160699287350297, "is_directed": false, "target": 15, "name": "4-15"}}, {"data": {"source": 4, "Lift": 1.162344128459944, "is_directed": false, "target": 125, "name": "4-125"}}, {"data": {"source": 4, "Lift": 1.1260843959223017, "is_directed": false, "target": 94, "name": "4-94"}}]}, "data": {"description": "<h1>\u75e4\u7621(\u9752\u6625\u75d8)\u4e2d\u91ab\u6cbb\u7642\u5716\u8b5c</h1><h2>ACNE_(Support=0.75%, Confidence=30.0% (cc))cc</h2>", "name": "ACNE_(Support=0.75%, Confidence=30.0% (cc))cc", "tags": ["ACNE", "\u75e4\u7621(\u9752\u6625\u75d8)\u4e2d\u91ab\u6cbb\u7642\u5716\u8b5c", "\u570b\u7db2\u4e2d\u5fc3"]}}