{"elements": {"nodes": [{"data": {"popup": "  \u6c23(\u5bd2) \u5473(\u7518) \u7d93\u7d61(\u80ba,\u5927\u8178,\u80c3) \u4f5c\u7528(bacteria,infection,inflammation)", "name": 129, "myGroup": "G0", "label": "\u91d1\u9280\u82b1", "nodeSupportPercent": 13.418810139975122, "id": 129}}, {"data": {"popup": "  \u6c23(\u5e73) \u5473(\u82e6) \u7d93\u7d61(\u80ba,\u80c3) \u4f5c\u7528(hormone,inflammation)", "name": 36, "myGroup": "G2", "label": "\u6787\u6777\u8449", "nodeSupportPercent": 2.4395561973663518, "id": 36}}, {"data": {"popup": "  \u6c23(\u6eab) \u5473(\u8f9b) \u7d93\u7d61(\u809d,\u80ba)", "name": 103, "myGroup": "G0", "label": "\u834a\u82a5", "nodeSupportPercent": 1.8690753635206818, "id": 103}}, {"data": {"popup": "  \u6c23(\u5bd2) \u5473(\u82e6) \u7d93\u7d61(\u8180\u80f1)", "name": 13, "myGroup": "G4", "label": "\u5730\u819a\u5b50", "nodeSupportPercent": 1.7411103644500365, "id": 13}}, {"data": {"popup": "  \u6c23(\u5bd2) \u5473(\u7518) \u7d93\u7d61(\u80ba) \u4f5c\u7528(bacteria,inflammation,mood)", "name": 47, "myGroup": "G2", "label": "\u6851\u767d\u76ae", "nodeSupportPercent": 6.057605696229679, "id": 47}}, {"data": {"popup": "  \u6c23(\u5bd2) \u5473(\u7518,\u82e6) \u7d93\u7d61(\u809d,\u80c3) \u4f5c\u7528(mood)", "name": 112, "myGroup": "G3", "label": "\u84b2\u516c\u82f1", "nodeSupportPercent": 19.192962639939378, "id": 112}}, {"data": {"popup": "  \u6c23(\u5bd2) \u5473(\u82e6) \u7d93\u7d61(\u5fc3,\u80ba,\u80c3,\u4e09\u7126) \u4f5c\u7528(hormone,infection,mood)", "name": 49, "myGroup": "G0", "label": "\u6894\u5b50", "nodeSupportPercent": 3.4772165110593214, "id": 49}}, {"data": {"popup": "  \u6c23(\u6eab) \u5473(\u8f9b) \u7d93\u7d61(\u80ba,\u5927\u8178,\u80c3) \u4f5c\u7528(bacteria,hormone,infection,inflammation,mood)", "name": 82, "myGroup": "G1", "label": "\u767d\u82b7", "nodeSupportPercent": 10.956020074062424, "id": 82}}, {"data": {"popup": "  \u6c23(\u5bd2) \u5473(\u82e6) \u7d93\u7d61(\u809d,\u5fc3,\u813e,\u5927\u8178,\u80c3) \u4f5c\u7528(bacteria,hormone,infection,inflammation,mood)", "name": 19, "myGroup": "G1", "label": "\u5927\u9ec3", "nodeSupportPercent": 11.087916958579374, "id": 19}}, {"data": {"popup": "  \u6c23(\u5bd2) \u5473(\u82e6) \u7d93\u7d61(\u813e,\u80c3) \u4f5c\u7528(inflammation,mood)", "name": 84, "myGroup": "G4", "label": "\u767d\u9bae\u76ae", "nodeSupportPercent": 3.6906106575542243, "id": 84}}, {"data": {"popup": "  \u6c23(\u6eab) \u5473(\u8f9b) \u7d93\u7d61(\u813e,\u80c3) \u4f5c\u7528(bacteria,infection,inflammation)", "name": 90, "myGroup": "G1", "label": "\u7802\u4ec1", "nodeSupportPercent": 3.8736220528731358, "id": 90}}, {"data": {"popup": "  \u6c23(\u5bd2) \u5473(\u82e6) \u7d93\u7d61(\u5fc3,\u80ba,\u5c0f\u8178) \u4f5c\u7528(infection,skin whitening)", "name": 125, "myGroup": "G0", "label": "\u9023\u7ff9", "nodeSupportPercent": 22.264480061766346, "id": 125}}, {"data": {"popup": "  \u6c23(\u5bd2) \u5473(\u8f9b,\u82e6) \u7d93\u7d61(\u809d,\u5fc3)", "name": 94, "myGroup": "G3", "label": "\u7d2b\u82b1\u5730\u4e01", "nodeSupportPercent": 5.177220800388899, "id": 94}}, {"data": {"popup": " ", "name": 63, "myGroup": "G1", "label": "\u7099\u7518\u8349", "nodeSupportPercent": 1.5538096395533378, "id": 63}}], "edges": [{"data": {"source": 129, "Lift": 2.038091807875808, "is_directed": false, "target": 125, "name": "129-125"}}, {"data": {"source": 36, "Lift": 7.6747884927173295, "is_directed": false, "target": 47, "name": "36-47"}}, {"data": {"source": 103, "Lift": 1.8948476989926115, "is_directed": false, "target": 125, "name": "103-125"}}, {"data": {"source": 13, "Lift": 11.698304229757278, "is_directed": false, "target": 84, "name": "13-84"}}, {"data": {"source": 112, "Lift": 2.779947404611937, "is_directed": false, "target": 94, "name": "112-94"}}, {"data": {"source": 49, "Lift": 1.8712873606747773, "is_directed": false, "target": 125, "name": "49-125"}}, {"data": {"source": 82, "Lift": 4.473159753336601, "is_directed": false, "target": 90, "name": "82-90"}}, {"data": {"source": 82, "Lift": 4.988890557308071, "is_directed": false, "target": 63, "name": "82-63"}}, {"data": {"source": 19, "Lift": 4.404136769777728, "is_directed": false, "target": 90, "name": "19-90"}}, {"data": {"source": 19, "Lift": 4.923320781045111, "is_directed": false, "target": 63, "name": "19-63"}}, {"data": {"source": 90, "Lift": 16.681874684915798, "is_directed": false, "target": 63, "name": "90-63"}}]}, "data": {"description": "<h1>\u75e4\u7621(\u9752\u6625\u75d8)\u4e2d\u91ab\u6cbb\u7642\u5716\u8b5c</h1><h2>ACNE_(Support=0.75%, Confidence=40.0% (cc))cc</h2>", "name": "ACNE_(Support=0.75%, Confidence=40.0% (cc))cc", "tags": ["ACNE", "\u75e4\u7621(\u9752\u6625\u75d8)\u4e2d\u91ab\u6cbb\u7642\u5716\u8b5c", "\u570b\u7db2\u4e2d\u5fc3"]}}