{"elements": {"nodes": [{"data": {"popup": "  \u6c23(\u5bd2) \u5473(\u82e6) \u7d93\u7d61(\u809d,\u5fc3,\u5fc3\u5305) \u4f5c\u7528(allergy,bacteria,infection,inflammation,oxidation)", "name": 0, "myGroup": "G2", "label": "\u4e39\u53c3", "nodeSupportPercent": 2.939563452890205, "id": 0}}, {"data": {"popup": "  \u6c23(\u5bd2) \u5473(\u82e6) \u7d93\u7d61(\u809d,\u5fc3,\u5927\u8178,\u80c3,\u8180\u80f1) \u4f5c\u7528(allergy,bacteria,infection,oxidation)", "name": 131, "myGroup": "G3", "label": "\u82e6\u53c3", "nodeSupportPercent": 2.5191035062703375, "id": 131}}, {"data": {"popup": " ", "name": 4, "myGroup": "G1", "label": "\u4e94\u5473\u6d88\u6bd2\u98f2", "nodeSupportPercent": 4.815180432159702, "id": 4}}, {"data": {"popup": "  \u6c23(\u5e73) \u5473(\u7518) \u7d93\u7d61(\u5fc3,\u813e,\u814e) \u4f5c\u7528(inflammation)", "name": 133, "myGroup": "G1", "label": "\u832f\u82d3", "nodeSupportPercent": 2.829878249424153, "id": 133}}, {"data": {"popup": " ", "name": 7, "myGroup": "G2", "label": "\u4ed9\u65b9\u6d3b\u547d\u98f2", "nodeSupportPercent": 5.550071295382253, "id": 7}}, {"data": {"popup": "  \u6c23(\u6eab) \u5473(\u8f9b) \u7d93\u7d61(\u809d,\u80ba)", "name": 136, "myGroup": "G1", "label": "\u834a\u82a5", "nodeSupportPercent": 7.268472816350408, "id": 136}}, {"data": {"popup": " ", "name": 137, "myGroup": "G1", "label": "\u834a\u82a5\u9023\u7ff9\u6e6f", "nodeSupportPercent": 4.094914262732624, "id": 137}}, {"data": {"popup": " ", "name": 138, "myGroup": "G3", "label": "\u834a\u9632\u6557\u6bd2\u6563", "nodeSupportPercent": 10.361595554093086, "id": 138}}, {"data": {"popup": "  \u4f5c\u7528(allergy,infection)", "name": 12, "myGroup": "G2", "label": "\u52a0\u5473\u900d\u9059\u6563", "nodeSupportPercent": 4.595810025227597, "id": 12}}, {"data": {"popup": "  \u6c23(\u5bd2) \u5473(\u82e6) \u7d93\u7d61(\u814e,\u5927\u8178,\u8180\u80f1) \u4f5c\u7528(allergy,infection)", "name": 194, "myGroup": "G0", "label": "\u9ec3\u67cf", "nodeSupportPercent": 2.2558590179518117, "id": 194}}, {"data": {"popup": "  \u6c23(\u6eab) \u5473(\u8f9b,\u7518) \u7d93\u7d61(\u809d,\u813e,\u8180\u80f1) \u4f5c\u7528(allergy,bacteria,inflammation,oxidation)", "name": 173, "myGroup": "G1", "label": "\u9632\u98a8", "nodeSupportPercent": 5.436729918467332, "id": 173}}, {"data": {"popup": " ", "name": 16, "myGroup": "G3", "label": "\u53c3\u82d3\u767d\u672e\u6563", "nodeSupportPercent": 2.285108405542759, "id": 16}}, {"data": {"popup": " ", "name": 145, "myGroup": "G3", "label": "\u84ba\u85dc", "nodeSupportPercent": 4.987020584256517, "id": 145}}, {"data": {"popup": "  \u6c23(\u6eab) \u5473(\u8f9b,\u82e6) \u7d93\u7d61(\u813e,\u80c3) \u4f5c\u7528(allergy,inflammation,oxidation)", "name": 146, "myGroup": "G0", "label": "\u84bc\u672e", "nodeSupportPercent": 2.5191035062703375, "id": 146}}, {"data": {"popup": "  \u6c23(\u5e73) \u5473(\u7518) \u7d93\u7d61(\u809d,\u80c3) \u4f5c\u7528(allergy,inflammation)", "name": 19, "myGroup": "G3", "label": "\u571f\u832f\u82d3", "nodeSupportPercent": 7.641402508134986, "id": 19}}, {"data": {"popup": "  \u6c23(\u5bd2) \u5473(\u82e6) \u7d93\u7d61(\u8180\u80f1)", "name": 20, "myGroup": "G3", "label": "\u5730\u819a\u5b50", "nodeSupportPercent": 11.970311871595188, "id": 20}}, {"data": {"popup": "  \u6c23(\u6dbc) \u5473(\u8f9b) \u7d93\u7d61(\u809d,\u80ba)", "name": 149, "myGroup": "G1", "label": "\u8584\u8377", "nodeSupportPercent": 2.0767065189572596, "id": 149}}, {"data": {"popup": "  \u6c23(\u5bd2) \u5473(\u7518) \u7d93\u7d61(\u813e,\u80ba,\u80c3)", "name": 150, "myGroup": "G0", "label": "\u858f\u82e1\u4ec1", "nodeSupportPercent": 11.707067383276662, "id": 150}}, {"data": {"popup": "  \u6c23(\u6eab) \u5473(\u8f9b,\u82e6) \u7d93\u7d61(\u814e) \u4f5c\u7528(allergy,bacteria,inflammation)", "name": 153, "myGroup": "G3", "label": "\u86c7\u5e8a\u5b50", "nodeSupportPercent": 1.8902416730649703, "id": 153}}, {"data": {"popup": "  \u6c23(\u5bd2) \u5473(\u7518) \u7d93\u7d61(\u809d,\u80ba) \u4f5c\u7528(oxidation)", "name": 154, "myGroup": "G1", "label": "\u87ec\u86fb", "nodeSupportPercent": 12.738108295857556, "id": 154}}, {"data": {"popup": "  \u6c23(\u5bd2) \u5473(\u82e6) \u7d93\u7d61(\u809d,\u5fc3,\u813e,\u5927\u8178,\u80c3) \u4f5c\u7528(allergy,bacteria,infection,inflammation)", "name": 29, "myGroup": "G4", "label": "\u5927\u9ec3", "nodeSupportPercent": 6.010749149939673, "id": 29}}, {"data": {"popup": "  \u6c23(\u5bd2) \u5473(\u7518,\u82e6) \u7d93\u7d61(\u80ba,\u80c3) \u4f5c\u7528(allergy,bacteria,inflammation)", "name": 30, "myGroup": "G4", "label": "\u5929\u82b1\u7c89", "nodeSupportPercent": 2.778691821139995, "id": 30}}, {"data": {"popup": "  \u6c23(\u5e73) \u5473(\u7518,\u9178) \u7d93\u7d61(\u5fc3,\u5c0f\u8178)", "name": 159, "myGroup": "G2", "label": "\u8d64\u5c0f\u8c46", "nodeSupportPercent": 0.6032686190632883, "id": 159}}, {"data": {"popup": "  \u6c23(\u5bd2) \u5473(\u82e6) \u7d93\u7d61(\u809d)", "name": 160, "myGroup": "G2", "label": "\u8d64\u828d", "nodeSupportPercent": 3.981572885817703, "id": 160}}, {"data": {"popup": "  \u4f5c\u7528(allergy,bacteria,infection,inflammation)", "name": 33, "myGroup": "G2", "label": "\u5c0f\u67f4\u80e1\u6e6f", "nodeSupportPercent": 2.8006288618332054, "id": 33}}, {"data": {"popup": "  \u6c23(\u5bd2) \u5473(\u7518) \u7d93\u7d61(\u80ba,\u814e) \u4f5c\u7528(inflammation)", "name": 21, "myGroup": "G3", "label": "\u5730\u9aa8\u76ae", "nodeSupportPercent": 1.7842126430477863, "id": 21}}, {"data": {"popup": "  \u6c23(\u6eab) \u5473(\u8f9b) \u7d93\u7d61(\u80ba,\u80c3) \u4f5c\u7528(allergy,bacteria,infection,inflammation)", "name": 164, "myGroup": "G3", "label": "\u8f9b\u5937", "nodeSupportPercent": 2.204672589667654, "id": 164}}, {"data": {"popup": " ", "name": 165, "myGroup": "G3", "label": "\u8f9b\u5937\u6563", "nodeSupportPercent": 1.6745274395817338, "id": 165}}, {"data": {"popup": "  \u4f5c\u7528(allergy)", "name": 166, "myGroup": "G3", "label": "\u8f9b\u5937\u6e05\u80ba\u6e6f", "nodeSupportPercent": 4.244817374136229, "id": 166}}, {"data": {"popup": "  \u6c23(\u6eab) \u5473(\u8f9b,\u82e6) \u7d93\u7d61(\u813e,\u80ba) \u4f5c\u7528(bacteria,inflammation)", "name": 177, "myGroup": "G1", "label": "\u9673\u76ae", "nodeSupportPercent": 1.9012101934115755, "id": 177}}, {"data": {"popup": "  \u6c23(\u5bd2) \u5473(\u82e6) \u7d93\u7d61(\u5fc3,\u80ba,\u5c0f\u8178) \u4f5c\u7528(infection)", "name": 168, "myGroup": "G2", "label": "\u9023\u7ff9", "nodeSupportPercent": 15.897042155679866, "id": 168}}, {"data": {"popup": " ", "name": 170, "myGroup": "G3", "label": "\u91d1\u87ec", "nodeSupportPercent": 1.941428101349128, "id": 170}}, {"data": {"popup": "  \u6c23(\u5bd2) \u5473(\u7518) \u7d93\u7d61(\u80ba,\u5927\u8178,\u80c3) \u4f5c\u7528(infection,inflammation)", "name": 171, "myGroup": "G2", "label": "\u91d1\u9280\u82b1", "nodeSupportPercent": 10.310409125808928, "id": 171}}, {"data": {"popup": "  \u4f5c\u7528(allergy,bacteria)", "name": 172, "myGroup": "G1", "label": "\u9280\u7ff9\u6563", "nodeSupportPercent": 2.804285035282074, "id": 172}}, {"data": {"popup": "  \u6c23(\u6eab) \u5473(\u82e6) \u7d93\u7d61(\u80ba,\u5927\u8178)", "name": 45, "myGroup": "G2", "label": "\u674f\u4ec1", "nodeSupportPercent": 2.55932141420789, "id": 45}}, {"data": {"popup": " ", "name": 174, "myGroup": "G1", "label": "\u9632\u98a8\u901a\u8056\u6563", "nodeSupportPercent": 1.9085225403093122, "id": 174}}, {"data": {"popup": "  \u6c23(\u5bd2) \u5473(\u8f9b,\u82e6) \u7d93\u7d61(\u813e,\u5927\u8178,\u80c3) \u4f5c\u7528(inflammation)", "name": 49, "myGroup": "G1", "label": "\u67b3\u5be6", "nodeSupportPercent": 1.7439947351102336, "id": 49}}, {"data": {"popup": "  \u4f5c\u7528(bacteria,infection,inflammation,oxidation)", "name": 50, "myGroup": "G1", "label": "\u67b3\u6bbc", "nodeSupportPercent": 1.2723483602062082, "id": 50}}, {"data": {"popup": "  \u6c23(\u5bd2) \u5473(\u82e6) \u4f5c\u7528(bacteria)", "name": 158, "myGroup": "G1", "label": "\u8c9d\u6bcd", "nodeSupportPercent": 2.3326386603780485, "id": 158}}, {"data": {"popup": "  \u6c23(\u5bd2) \u5473(\u8f9b) \u7d93\u7d61(\u80ba)", "name": 183, "myGroup": "G3", "label": "\u9b5a\u8165\u8349", "nodeSupportPercent": 2.1315491206902855, "id": 183}}, {"data": {"popup": "  \u6c23(\u5bd2) \u5473(\u7518,\u82e6) \u7d93\u7d61(\u5fc3,\u80ba,\u80c3) \u4f5c\u7528(infection,oxidation)", "name": 186, "myGroup": "G1", "label": "\u9ea5\u9580\u51ac", "nodeSupportPercent": 2.2192972834631277, "id": 186}}, {"data": {"popup": "  \u6c23(\u5bd2) \u5473(\u7518) \u7d93\u7d61(\u80ba)", "name": 60, "myGroup": "G0", "label": "\u6851\u767d\u76ae", "nodeSupportPercent": 4.742056963182334, "id": 60}}, {"data": {"popup": "  \u4f5c\u7528(bacteria,infection)", "name": 189, "myGroup": "G2", "label": "\u9ebb\u674f\u7518\u77f3\u6e6f", "nodeSupportPercent": 4.222880333443019, "id": 189}}, {"data": {"popup": " ", "name": 190, "myGroup": "G3", "label": "\u9ebb\u674f\u858f\u7518\u6e6f", "nodeSupportPercent": 2.932251105992468, "id": 190}}, {"data": {"popup": "  \u6c23(\u5e73) \u5473(\u8f9b,\u82e6) \u7d93\u7d61(\u80ba)", "name": 63, "myGroup": "G2", "label": "\u6854\u6897", "nodeSupportPercent": 2.811597382179811, "id": 63}}, {"data": {"popup": "  \u6c23(\u5bd2) \u5473(\u82e6) \u7d93\u7d61(\u5fc3,\u80ba,\u80c3,\u4e09\u7126) \u4f5c\u7528(allergy,oxidation)", "name": 64, "myGroup": "G2", "label": "\u6894\u5b50", "nodeSupportPercent": 2.4276991700486272, "id": 64}}, {"data": {"popup": "  \u4f5c\u7528(allergy,inflammation)", "name": 181, "myGroup": "G3", "label": "\u9999\u7802\u516d\u541b\u5b50\u6e6f", "nodeSupportPercent": 1.9450842747979964, "id": 181}}, {"data": {"popup": "  \u6c23(\u5e73) \u5473(\u8f9b,\u9e79) \u7d93\u7d61(\u809d,\u80ba)", "name": 66, "myGroup": "G1", "label": "\u6bad\u8836", "nodeSupportPercent": 3.352711052612336, "id": 66}}, {"data": {"popup": "  \u6c23(\u6eab) \u5473(\u7518) \u7d93\u7d61(\u813e,\u80ba) \u4f5c\u7528(allergy)", "name": 195, "myGroup": "G1", "label": "\u9ec3\u8006", "nodeSupportPercent": 3.1443091660268365, "id": 195}}, {"data": {"popup": "  \u4f5c\u7528(allergy)", "name": 68, "myGroup": "G3", "label": "\u6d88\u98a8\u6563", "nodeSupportPercent": 31.965924463456545, "id": 68}}, {"data": {"popup": "  \u6c23(\u5bd2) \u5473(\u82e6) \u7d93\u7d61(\u809d,\u5fc3,\u5927\u8178,\u80c3) \u4f5c\u7528(oxidation)", "name": 197, "myGroup": "G4", "label": "\u9ec3\u9023", "nodeSupportPercent": 2.4935102921282586, "id": 197}}, {"data": {"popup": "  \u4f5c\u7528(infection)", "name": 198, "myGroup": "G1", "label": "\u9ec3\u9023\u89e3\u6bd2\u6e6f", "nodeSupportPercent": 5.535446601586779, "id": 198}}, {"data": {"popup": "  \u6c23(\u5bd2) \u5473(\u7518,\u82e6) \u7d93\u7d61(\u809d,\u5fc3,\u814e) \u4f5c\u7528(allergy,bacteria,infection,inflammation,oxidation)", "name": 97, "myGroup": "G2", "label": "\u751f\u5730\u9ec3", "nodeSupportPercent": 5.604913897115279, "id": 97}}, {"data": {"popup": "  \u4f5c\u7528(inflammation)", "name": 200, "myGroup": "G3", "label": "\u9f8d\u81bd\u7009\u809d\u6e6f", "nodeSupportPercent": 5.231984205330701, "id": 200}}, {"data": {"popup": "  \u6c23(\u5bd2) \u5473(\u7518,\u82e6) \u7d93\u7d61(\u809d,\u80ba)", "name": 140, "myGroup": "G3", "label": "\u83ca\u82b1", "nodeSupportPercent": 1.579466929911155, "id": 140}}, {"data": {"popup": "  \u4f5c\u7528(allergy)", "name": 75, "myGroup": "G3", "label": "\u6eab\u6e05\u98f2", "nodeSupportPercent": 3.9047932433914663, "id": 75}}, {"data": {"popup": " ", "name": 82, "myGroup": "G4", "label": "\u7099\u7518\u8349", "nodeSupportPercent": 2.339951007275785, "id": 82}}, {"data": {"popup": "  \u6c23(\u5e73) \u5473(\u9178) \u7d93\u7d61(\u809d,\u813e,\u80ba,\u5927\u8178) \u4f5c\u7528(bacteria)", "name": 84, "myGroup": "G1", "label": "\u70cf\u6885", "nodeSupportPercent": 1.5246243281781289, "id": 84}}, {"data": {"popup": "  \u6c23(\u5e73) \u5473(\u9178,\u82e6) \u7d93\u7d61(\u809d,\u814e) \u4f5c\u7528(allergy,inflammation)", "name": 85, "myGroup": "G0", "label": "\u725b\u819d", "nodeSupportPercent": 1.6562465723373916, "id": 85}}, {"data": {"popup": "  \u6c23(\u5bd2) \u5473(\u8f9b,\u82e6) \u7d93\u7d61(\u809d,\u5fc3,\u814e) \u4f5c\u7528(allergy,bacteria,inflammation,oxidation)", "name": 87, "myGroup": "G2", "label": "\u7261\u4e39\u76ae", "nodeSupportPercent": 9.714452853643376, "id": 87}}, {"data": {"popup": "  \u6c23(\u5bd2) \u5473(\u7518,\u82e6,\u9e79) \u7d93\u7d61(\u80ba,\u814e,\u80c3) \u4f5c\u7528(inflammation)", "name": 89, "myGroup": "G2", "label": "\u7384\u53c3", "nodeSupportPercent": 3.5793938064421775, "id": 89}}, {"data": {"popup": " ", "name": 90, "myGroup": "G2", "label": "\u7389\u5973\u714e", "nodeSupportPercent": 2.5373843735146795, "id": 90}}, {"data": {"popup": "  \u4f5c\u7528(bacteria,infection,inflammation)", "name": 91, "myGroup": "G3", "label": "\u7389\u5c4f\u98a8\u6563", "nodeSupportPercent": 1.9487404482468649, "id": 91}}, {"data": {"popup": "  \u6c23(\u5e73) \u5473(\u7518) \u7d93\u7d61(\u5fc3,\u813e,\u80ba,\u80c3) \u4f5c\u7528(allergy,bacteria,inflammation)", "name": 93, "myGroup": "G1", "label": "\u7518\u8349", "nodeSupportPercent": 19.019414281013493, "id": 93}}, {"data": {"popup": "  \u4f5c\u7528(bacteria,infection)", "name": 94, "myGroup": "G3", "label": "\u7518\u9732\u6d88\u6bd2\u4e39", "nodeSupportPercent": 2.7384739132024425, "id": 94}}, {"data": {"popup": "  \u4f5c\u7528(allergy)", "name": 95, "myGroup": "G2", "label": "\u7518\u9732\u98f2", "nodeSupportPercent": 2.584914628349969, "id": 95}}, {"data": {"popup": "  \u6c23(\u5bd2) \u5473(\u7518,\u82e6) \u7d93\u7d61(\u809d,\u80c3) \u4f5c\u7528(bacteria)", "name": 144, "myGroup": "G2", "label": "\u84b2\u516c\u82f1", "nodeSupportPercent": 6.226463383422909, "id": 144}}, {"data": {"popup": "  \u6c23(\u6eab) \u5473(\u8f9b,\u7518) \u7d93\u7d61(\u809d,\u5fc3,\u813e)", "name": 99, "myGroup": "G1", "label": "\u7576\u6b78", "nodeSupportPercent": 2.6324448831852583, "id": 99}}, {"data": {"popup": " ", "name": 102, "myGroup": "G3", "label": "\u7576\u6b78\u98f2\u5b50", "nodeSupportPercent": 7.359877152572118, "id": 102}}, {"data": {"popup": "  \u6c23(\u6eab) \u5473(\u7518,\u82e6) \u7d93\u7d61(\u813e,\u80c3) \u4f5c\u7528(allergy,bacteria,inflammation,oxidation)", "name": 104, "myGroup": "G1", "label": "\u767d\u672e", "nodeSupportPercent": 2.4935102921282586, "id": 104}}, {"data": {"popup": "  \u6c23(\u5bd2) \u5473(\u82e6) \u7d93\u7d61(\u809d,\u80ba,\u81bd,\u5927\u8178,\u80c3) \u4f5c\u7528(bacteria)", "name": 196, "myGroup": "G4", "label": "\u9ec3\u82a9", "nodeSupportPercent": 6.701765931775803, "id": 196}}, {"data": {"popup": "  \u6c23(\u6eab) \u5473(\u8f9b) \u7d93\u7d61(\u80ba,\u5927\u8178,\u80c3) \u4f5c\u7528(allergy,bacteria,infection,inflammation)", "name": 107, "myGroup": "G4", "label": "\u767d\u82b7", "nodeSupportPercent": 7.476874702935907, "id": 107}}, {"data": {"popup": "  \u6c23(\u6eab) \u5473(\u8f9b,\u82e6) \u7d93\u7d61(\u80ba,\u8180\u80f1) \u4f5c\u7528(infection)", "name": 191, "myGroup": "G2", "label": "\u9ebb\u9ec3", "nodeSupportPercent": 2.453292384190706, "id": 191}}, {"data": {"popup": "  \u6c23(\u5bd2) \u5473(\u82e6) \u7d93\u7d61(\u813e,\u80c3) \u4f5c\u7528(inflammation)", "name": 111, "myGroup": "G3", "label": "\u767d\u9bae\u76ae", "nodeSupportPercent": 13.83496033051808, "id": 111}}, {"data": {"popup": "  \u6c23(\u6eab) \u5473(\u8f9b)", "name": 113, "myGroup": "G2", "label": "\u7682\u523a", "nodeSupportPercent": 2.116924426894812, "id": 113}}, {"data": {"popup": " ", "name": 147, "myGroup": "G3", "label": "\u84bc\u8033\u5b50", "nodeSupportPercent": 2.5044788124748636, "id": 147}}, {"data": {"popup": "  \u6c23(\u5bd2) \u5473(\u8f9b,\u7518) \u7d93\u7d61(\u80ba,\u80c3) \u4f5c\u7528(infection)", "name": 117, "myGroup": "G1", "label": "\u77f3\u818f", "nodeSupportPercent": 2.3838250886622063, "id": 117}}, {"data": {"popup": "  \u6c23(\u6eab) \u5473(\u8f9b) \u7d93\u7d61(\u813e,\u80c3) \u4f5c\u7528(infection)", "name": 119, "myGroup": "G4", "label": "\u7802\u4ec1", "nodeSupportPercent": 3.2613067163906257, "id": 119}}, {"data": {"popup": " ", "name": 148, "myGroup": "G3", "label": "\u84bc\u8033\u6563", "nodeSupportPercent": 2.2010164162187853, "id": 148}}, {"data": {"popup": "  \u6c23(\u5bd2) \u5473(\u8f9b,\u82e6) \u7d93\u7d61(\u809d,\u5fc3) \u4f5c\u7528(bacteria)", "name": 123, "myGroup": "G2", "label": "\u7d2b\u82b1\u5730\u4e01", "nodeSupportPercent": 1.8463675916785491, "id": 123}}, {"data": {"popup": "  \u6c23(\u5bd2) \u5473(\u7518) \u7d93\u7d61(\u809d,\u5fc3)", "name": 124, "myGroup": "G3", "label": "\u7d2b\u8349", "nodeSupportPercent": 2.135205294139154, "id": 124}}, {"data": {"popup": " ", "name": 125, "myGroup": "G2", "label": "\u7d2b\u8349\u6839", "nodeSupportPercent": 1.4880625936894447, "id": 125}}, {"data": {"popup": "  \u6c23(\u6eab) \u5473(\u8f9b) \u7d93\u7d61(\u80ba,\u814e) \u4f5c\u7528(allergy,bacteria,infection)", "name": 127, "myGroup": "G4", "label": "\u7d30\u8f9b", "nodeSupportPercent": 1.411282951263208, "id": 127}}], "edges": [{"data": {"source": 0, "Lift": 1.4630839020170536, "is_directed": false, "target": 168, "name": "0-168"}}, {"data": {"source": 131, "Lift": 1.2894718013681108, "is_directed": false, "target": 68, "name": "131-68"}}, {"data": {"source": 131, "Lift": 2.775854592425151, "is_directed": false, "target": 107, "name": "131-107"}}, {"data": {"source": 131, "Lift": 2.1582180224542578, "is_directed": false, "target": 20, "name": "131-20"}}, {"data": {"source": 131, "Lift": 2.029856218078455, "is_directed": false, "target": 93, "name": "131-93"}}, {"data": {"source": 131, "Lift": 2.8324785131498604, "is_directed": false, "target": 111, "name": "131-111"}}, {"data": {"source": 4, "Lift": 1.2375956680407658, "is_directed": false, "target": 93, "name": "4-93"}}, {"data": {"source": 133, "Lift": 9.585606628929959, "is_directed": false, "target": 104, "name": "133-104"}}, {"data": {"source": 133, "Lift": 1.378979909337196, "is_directed": false, "target": 93, "name": "133-93"}}, {"data": {"source": 133, "Lift": 1.7216129453974987, "is_directed": false, "target": 150, "name": "133-150"}}, {"data": {"source": 7, "Lift": 1.3011924977546352, "is_directed": false, "target": 168, "name": "7-168"}}, {"data": {"source": 136, "Lift": 1.778294190163983, "is_directed": false, "target": 168, "name": "136-168"}}, {"data": {"source": 136, "Lift": 1.958665887402486, "is_directed": false, "target": 154, "name": "136-154"}}, {"data": {"source": 136, "Lift": 1.3223806506861238, "is_directed": false, "target": 93, "name": "136-93"}}, {"data": {"source": 136, "Lift": 6.791128073078688, "is_directed": false, "target": 173, "name": "136-173"}}, {"data": {"source": 137, "Lift": 1.5397800296589224, "is_directed": false, "target": 93, "name": "137-93"}}, {"data": {"source": 138, "Lift": 1.0552874601324371, "is_directed": false, "target": 68, "name": "138-68"}}, {"data": {"source": 138, "Lift": 1.07604642587659, "is_directed": false, "target": 93, "name": "138-93"}}, {"data": {"source": 12, "Lift": 1.5963902971327448, "is_directed": false, "target": 168, "name": "12-168"}}, {"data": {"source": 194, "Lift": 11.323521040288112, "is_directed": false, "target": 146, "name": "194-146"}}, {"data": {"source": 194, "Lift": 1.9243387186088112, "is_directed": false, "target": 150, "name": "194-150"}}, {"data": {"source": 173, "Lift": 4.149210991382681, "is_directed": false, "target": 195, "name": "173-195"}}, {"data": {"source": 173, "Lift": 1.8274960729882843, "is_directed": false, "target": 168, "name": "173-168"}}, {"data": {"source": 173, "Lift": 5.2051730836358905, "is_directed": false, "target": 104, "name": "173-104"}}, {"data": {"source": 173, "Lift": 3.710716875719223, "is_directed": false, "target": 146, "name": "173-146"}}, {"data": {"source": 173, "Lift": 2.1737036501770834, "is_directed": false, "target": 87, "name": "173-87"}}, {"data": {"source": 173, "Lift": 2.127595880717462, "is_directed": false, "target": 154, "name": "173-154"}}, {"data": {"source": 173, "Lift": 1.6300195698359252, "is_directed": false, "target": 93, "name": "173-93"}}, {"data": {"source": 16, "Lift": 1.3013857943497655, "is_directed": false, "target": 68, "name": "16-68"}}, {"data": {"source": 16, "Lift": 1.3291681660899655, "is_directed": false, "target": 93, "name": "16-93"}}, {"data": {"source": 145, "Lift": 1.3004133512088263, "is_directed": false, "target": 68, "name": "145-68"}}, {"data": {"source": 145, "Lift": 1.907700582170336, "is_directed": false, "target": 111, "name": "145-111"}}, {"data": {"source": 145, "Lift": 2.100749574090363, "is_directed": false, "target": 20, "name": "145-20"}}, {"data": {"source": 145, "Lift": 1.1988059239566105, "is_directed": false, "target": 93, "name": "145-93"}}, {"data": {"source": 145, "Lift": 2.3093444307462057, "is_directed": false, "target": 87, "name": "145-87"}}, {"data": {"source": 146, "Lift": 1.5262076827657556, "is_directed": false, "target": 93, "name": "146-93"}}, {"data": {"source": 146, "Lift": 2.801825600654163, "is_directed": false, "target": 150, "name": "146-150"}}, {"data": {"source": 19, "Lift": 1.0283079231669683, "is_directed": false, "target": 68, "name": "19-68"}}, {"data": {"source": 19, "Lift": 1.447712967079403, "is_directed": false, "target": 168, "name": "19-168"}}, {"data": {"source": 19, "Lift": 1.8537048463942867, "is_directed": false, "target": 111, "name": "19-111"}}, {"data": {"source": 19, "Lift": 1.806702656569229, "is_directed": false, "target": 20, "name": "19-20"}}, {"data": {"source": 19, "Lift": 2.2846380402200777, "is_directed": false, "target": 150, "name": "19-150"}}, {"data": {"source": 19, "Lift": 1.0540727802519825, "is_directed": false, "target": 93, "name": "19-93"}}, {"data": {"source": 20, "Lift": 3.4094666494944637, "is_directed": false, "target": 153, "name": "20-153"}}, {"data": {"source": 20, "Lift": 1.7317783554570627, "is_directed": false, "target": 147, "name": "20-147"}}, {"data": {"source": 20, "Lift": 1.4351721188452637, "is_directed": false, "target": 68, "name": "20-68"}}, {"data": {"source": 20, "Lift": 1.684184491967706, "is_directed": false, "target": 94, "name": "20-94"}}, {"data": {"source": 20, "Lift": 3.187943383774527, "is_directed": false, "target": 111, "name": "20-111"}}, {"data": {"source": 149, "Lift": 1.6058439528616038, "is_directed": false, "target": 168, "name": "149-168"}}, {"data": {"source": 149, "Lift": 4.093503804517244, "is_directed": false, "target": 136, "name": "149-136"}}, {"data": {"source": 149, "Lift": 2.80570990524086, "is_directed": false, "target": 154, "name": "149-154"}}, {"data": {"source": 149, "Lift": 1.8235629172961645, "is_directed": false, "target": 93, "name": "149-93"}}, {"data": {"source": 150, "Lift": 1.0922780519409727, "is_directed": false, "target": 68, "name": "150-68"}}, {"data": {"source": 150, "Lift": 1.4596581627053469, "is_directed": false, "target": 168, "name": "150-168"}}, {"data": {"source": 150, "Lift": 2.074449005086107, "is_directed": false, "target": 45, "name": "150-45"}}, {"data": {"source": 150, "Lift": 2.658721163511216, "is_directed": false, "target": 85, "name": "150-85"}}, {"data": {"source": 150, "Lift": 1.7781797902910528, "is_directed": false, "target": 60, "name": "150-60"}}, {"data": {"source": 150, "Lift": 1.054184344127481, "is_directed": false, "target": 93, "name": "150-93"}}, {"data": {"source": 153, "Lift": 1.4159178130014374, "is_directed": false, "target": 68, "name": "153-68"}}, {"data": {"source": 153, "Lift": 2.236925505334484, "is_directed": false, "target": 111, "name": "153-111"}}, {"data": {"source": 154, "Lift": 2.825138004299449, "is_directed": false, "target": 66, "name": "154-66"}}, {"data": {"source": 154, "Lift": 1.6137055109070035, "is_directed": false, "target": 99, "name": "154-99"}}, {"data": {"source": 154, "Lift": 1.1403503645954323, "is_directed": false, "target": 68, "name": "154-68"}}, {"data": {"source": 154, "Lift": 1.354150053286043, "is_directed": false, "target": 168, "name": "154-168"}}, {"data": {"source": 154, "Lift": 1.8662901572834272, "is_directed": false, "target": 117, "name": "154-117"}}, {"data": {"source": 154, "Lift": 1.7343694298836727, "is_directed": false, "target": 87, "name": "154-87"}}, {"data": {"source": 154, "Lift": 1.128824204768015, "is_directed": false, "target": 93, "name": "154-93"}}, {"data": {"source": 29, "Lift": 3.839275687815834, "is_directed": false, "target": 196, "name": "29-196"}}, {"data": {"source": 29, "Lift": 4.075827637285172, "is_directed": false, "target": 107, "name": "29-107"}}, {"data": {"source": 29, "Lift": 5.900886747262773, "is_directed": false, "target": 82, "name": "29-82"}}, {"data": {"source": 29, "Lift": 9.34424609669078, "is_directed": false, "target": 119, "name": "29-119"}}, {"data": {"source": 29, "Lift": 1.3240408658096128, "is_directed": false, "target": 93, "name": "29-93"}}, {"data": {"source": 29, "Lift": 5.363198713023435, "is_directed": false, "target": 30, "name": "29-30"}}, {"data": {"source": 30, "Lift": 1.2994804023628528, "is_directed": false, "target": 168, "name": "30-168"}}, {"data": {"source": 30, "Lift": 4.557913395959336, "is_directed": false, "target": 107, "name": "30-107"}}, {"data": {"source": 30, "Lift": 5.77224136445861, "is_directed": false, "target": 196, "name": "30-196"}}, {"data": {"source": 30, "Lift": 1.5150723911855764, "is_directed": false, "target": 93, "name": "30-93"}}, {"data": {"source": 30, "Lift": 9.279457753127213, "is_directed": false, "target": 119, "name": "30-119"}}, {"data": {"source": 159, "Lift": 5.375499707284436, "is_directed": false, "target": 168, "name": "159-168"}}, {"data": {"source": 160, "Lift": 4.86586016723003, "is_directed": false, "target": 97, "name": "160-97"}}, {"data": {"source": 160, "Lift": 1.1260843385452164, "is_directed": false, "target": 68, "name": "160-68"}}, {"data": {"source": 160, "Lift": 1.4094368456666693, "is_directed": false, "target": 168, "name": "160-168"}}, {"data": {"source": 160, "Lift": 2.110674785525833, "is_directed": false, "target": 111, "name": "160-111"}}, {"data": {"source": 160, "Lift": 5.170601902972656, "is_directed": false, "target": 87, "name": "160-87"}}, {"data": {"source": 160, "Lift": 1.4967066068041217, "is_directed": false, "target": 93, "name": "160-93"}}, {"data": {"source": 33, "Lift": 1.7656042452818859, "is_directed": false, "target": 168, "name": "33-168"}}, {"data": {"source": 21, "Lift": 1.1154295801981164, "is_directed": false, "target": 68, "name": "21-68"}}, {"data": {"source": 164, "Lift": 1.5230677340070575, "is_directed": false, "target": 168, "name": "164-168"}}, {"data": {"source": 164, "Lift": 1.162099829117025, "is_directed": false, "target": 68, "name": "164-68"}}, {"data": {"source": 165, "Lift": 1.2021534882303846, "is_directed": false, "target": 68, "name": "165-68"}}, {"data": {"source": 166, "Lift": 1.2260040590612025, "is_directed": false, "target": 68, "name": "166-68"}}, {"data": {"source": 177, "Lift": 1.5267800106467926, "is_directed": false, "target": 93, "name": "177-93"}}, {"data": {"source": 168, "Lift": 2.5389280211924055, "is_directed": false, "target": 64, "name": "168-64"}}, {"data": {"source": 168, "Lift": 1.3377012081943336, "is_directed": false, "target": 97, "name": "168-97"}}, {"data": {"source": 168, "Lift": 2.249947557984417, "is_directed": false, "target": 191, "name": "168-191"}}, {"data": {"source": 168, "Lift": 1.4791032090303948, "is_directed": false, "target": 196, "name": "168-196"}}, {"data": {"source": 168, "Lift": 1.337418424084151, "is_directed": false, "target": 104, "name": "168-104"}}, {"data": {"source": 168, "Lift": 2.777179285169019, "is_directed": false, "target": 171, "name": "168-171"}}, {"data": {"source": 168, "Lift": 1.3569460507293993, "is_directed": false, "target": 45, "name": "168-45"}}, {"data": {"source": 168, "Lift": 1.3016660892005878, "is_directed": false, "target": 189, "name": "168-189"}}, {"data": {"source": 168, "Lift": 1.8838191275637288, "is_directed": false, "target": 144, "name": "168-144"}}, {"data": {"source": 168, "Lift": 3.063756309851233, "is_directed": false, "target": 113, "name": "168-113"}}, {"data": {"source": 168, "Lift": 1.429977019963236, "is_directed": false, "target": 87, "name": "168-87"}}, {"data": {"source": 168, "Lift": 2.0304302026080348, "is_directed": false, "target": 89, "name": "168-89"}}, {"data": {"source": 168, "Lift": 2.8551883140812695, "is_directed": false, "target": 90, "name": "168-90"}}, {"data": {"source": 168, "Lift": 1.2634341302444083, "is_directed": false, "target": 95, "name": "168-95"}}, {"data": {"source": 168, "Lift": 2.4007608315559437, "is_directed": false, "target": 60, "name": "168-60"}}, {"data": {"source": 168, "Lift": 1.2297994066396514, "is_directed": false, "target": 93, "name": "168-93"}}, {"data": {"source": 168, "Lift": 1.9223178407063977, "is_directed": false, "target": 63, "name": "168-63"}}, {"data": {"source": 170, "Lift": 1.0368856828804447, "is_directed": false, "target": 68, "name": "170-68"}}, {"data": {"source": 171, "Lift": 1.9648461413525569, "is_directed": false, "target": 144, "name": "171-144"}}, {"data": {"source": 171, "Lift": 2.139908286788516, "is_directed": false, "target": 89, "name": "171-89"}}, {"data": {"source": 171, "Lift": 1.2249521460649342, "is_directed": false, "target": 93, "name": "171-93"}}, {"data": {"source": 172, "Lift": 1.4601151297239503, "is_directed": false, "target": 93, "name": "172-93"}}, {"data": {"source": 45, "Lift": 1.269379634206624, "is_directed": false, "target": 93, "name": "45-93"}}, {"data": {"source": 45, "Lift": 12.63608047690015, "is_directed": false, "target": 191, "name": "45-191"}}, {"data": {"source": 174, "Lift": 1.389989261424651, "is_directed": false, "target": 93, "name": "174-93"}}, {"data": {"source": 49, "Lift": 1.5872559900763856, "is_directed": false, "target": 93, "name": "49-93"}}, {"data": {"source": 50, "Lift": 2.6742184703496004, "is_directed": false, "target": 93, "name": "50-93"}}, {"data": {"source": 158, "Lift": 1.5740392229176383, "is_directed": false, "target": 93, "name": "158-93"}}, {"data": {"source": 183, "Lift": 1.2287956314573836, "is_directed": false, "target": 68, "name": "183-68"}}, {"data": {"source": 183, "Lift": 1.5962744900200014, "is_directed": false, "target": 93, "name": "183-93"}}, {"data": {"source": 186, "Lift": 1.3859072071507157, "is_directed": false, "target": 93, "name": "186-93"}}, {"data": {"source": 190, "Lift": 1.6402841996488693, "is_directed": false, "target": 111, "name": "190-111"}}, {"data": {"source": 63, "Lift": 1.545200930521371, "is_directed": false, "target": 93, "name": "63-93"}}, {"data": {"source": 64, "Lift": 4.4045215230808665, "is_directed": false, "target": 196, "name": "64-196"}}, {"data": {"source": 64, "Lift": 2.325438373743374, "is_directed": false, "target": 87, "name": "64-87"}}, {"data": {"source": 181, "Lift": 1.076098902752707, "is_directed": false, "target": 68, "name": "181-68"}}, {"data": {"source": 66, "Lift": 1.0643831469600045, "is_directed": false, "target": 68, "name": "66-68"}}, {"data": {"source": 66, "Lift": 1.2442087746638844, "is_directed": false, "target": 93, "name": "66-93"}}, {"data": {"source": 66, "Lift": 1.8602218835664601, "is_directed": false, "target": 111, "name": "66-111"}}, {"data": {"source": 195, "Lift": 6.528575325649594, "is_directed": false, "target": 104, "name": "195-104"}}, {"data": {"source": 195, "Lift": 1.143262653898769, "is_directed": false, "target": 93, "name": "195-93"}}, {"data": {"source": 68, "Lift": 1.1406831234627899, "is_directed": false, "target": 102, "name": "68-102"}}, {"data": {"source": 68, "Lift": 1.1083605428817447, "is_directed": false, "target": 200, "name": "68-200"}}, {"data": {"source": 68, "Lift": 1.3064004976051466, "is_directed": false, "target": 75, "name": "68-75"}}, {"data": {"source": 68, "Lift": 1.07898461626444, "is_directed": false, "target": 140, "name": "68-140"}}, {"data": {"source": 68, "Lift": 1.4409834421448364, "is_directed": false, "target": 111, "name": "68-111"}}, {"data": {"source": 68, "Lift": 1.1886578100378156, "is_directed": false, "target": 113, "name": "68-113"}}, {"data": {"source": 68, "Lift": 1.009286428099727, "is_directed": false, "target": 147, "name": "68-147"}}, {"data": {"source": 68, "Lift": 1.060098957191382, "is_directed": false, "target": 148, "name": "68-148"}}, {"data": {"source": 68, "Lift": 1.1621192960801232, "is_directed": false, "target": 91, "name": "68-91"}}, {"data": {"source": 68, "Lift": 1.2266915293487235, "is_directed": false, "target": 124, "name": "68-124"}}, {"data": {"source": 68, "Lift": 1.322046615881684, "is_directed": false, "target": 125, "name": "68-125"}}, {"data": {"source": 197, "Lift": 3.69754164846821, "is_directed": false, "target": 196, "name": "197-196"}}, {"data": {"source": 197, "Lift": 1.21036996823915, "is_directed": false, "target": 93, "name": "197-93"}}, {"data": {"source": 198, "Lift": 1.2015810909024423, "is_directed": false, "target": 93, "name": "198-93"}}, {"data": {"source": 200, "Lift": 1.0544964563701915, "is_directed": false, "target": 93, "name": "200-93"}}, {"data": {"source": 75, "Lift": 1.1667557637727926, "is_directed": false, "target": 93, "name": "75-93"}}, {"data": {"source": 82, "Lift": 4.116860482885086, "is_directed": false, "target": 107, "name": "82-107"}}, {"data": {"source": 82, "Lift": 3.753674815875614, "is_directed": false, "target": 196, "name": "82-196"}}, {"data": {"source": 82, "Lift": 9.055036084641255, "is_directed": false, "target": 119, "name": "82-119"}}, {"data": {"source": 84, "Lift": 1.815638146921909, "is_directed": false, "target": 93, "name": "84-93"}}, {"data": {"source": 87, "Lift": 4.284105714919126, "is_directed": false, "target": 97, "name": "87-97"}}, {"data": {"source": 87, "Lift": 1.9369148151478284, "is_directed": false, "target": 111, "name": "87-111"}}, {"data": {"source": 87, "Lift": 4.147926898397354, "is_directed": false, "target": 125, "name": "87-125"}}, {"data": {"source": 87, "Lift": 1.4168514845553888, "is_directed": false, "target": 93, "name": "87-93"}}, {"data": {"source": 89, "Lift": 3.991098788851598, "is_directed": false, "target": 97, "name": "89-97"}}, {"data": {"source": 89, "Lift": 1.4446826257992231, "is_directed": false, "target": 93, "name": "89-93"}}, {"data": {"source": 93, "Lift": 1.4096215440245397, "is_directed": false, "target": 97, "name": "93-97"}}, {"data": {"source": 93, "Lift": 1.672267877739331, "is_directed": false, "target": 99, "name": "93-99"}}, {"data": {"source": 93, "Lift": 1.4255970415508072, "is_directed": false, "target": 196, "name": "93-196"}}, {"data": {"source": 93, "Lift": 1.140985702543912, "is_directed": false, "target": 104, "name": "93-104"}}, {"data": {"source": 93, "Lift": 1.6634656221182562, "is_directed": false, "target": 107, "name": "93-107"}}, {"data": {"source": 93, "Lift": 1.2009856410527322, "is_directed": false, "target": 144, "name": "93-144"}}, {"data": {"source": 93, "Lift": 1.33487817559209, "is_directed": false, "target": 113, "name": "93-113"}}, {"data": {"source": 93, "Lift": 1.1590154825347916, "is_directed": false, "target": 147, "name": "93-147"}}, {"data": {"source": 93, "Lift": 1.9273170654042924, "is_directed": false, "target": 117, "name": "93-117"}}, {"data": {"source": 93, "Lift": 1.662214688038233, "is_directed": false, "target": 119, "name": "93-119"}}, {"data": {"source": 93, "Lift": 1.0857661643574146, "is_directed": false, "target": 95, "name": "93-95"}}, {"data": {"source": 93, "Lift": 1.4134799971559937, "is_directed": false, "target": 124, "name": "93-124"}}, {"data": {"source": 93, "Lift": 1.1933558470117018, "is_directed": false, "target": 94, "name": "93-94"}}, {"data": {"source": 93, "Lift": 1.1048401652236244, "is_directed": false, "target": 191, "name": "93-191"}}, {"data": {"source": 94, "Lift": 1.47649402868377, "is_directed": false, "target": 111, "name": "94-111"}}, {"data": {"source": 144, "Lift": 8.364171555147294, "is_directed": false, "target": 123, "name": "144-123"}}, {"data": {"source": 102, "Lift": 1.5368167167113551, "is_directed": false, "target": 111, "name": "102-111"}}, {"data": {"source": 196, "Lift": 5.2024304052020875, "is_directed": false, "target": 119, "name": "196-119"}}, {"data": {"source": 196, "Lift": 3.385598181665393, "is_directed": false, "target": 107, "name": "196-107"}}, {"data": {"source": 196, "Lift": 5.605204243446995, "is_directed": false, "target": 127, "name": "196-127"}}, {"data": {"source": 107, "Lift": 2.694439348241215, "is_directed": false, "target": 147, "name": "107-147"}}, {"data": {"source": 107, "Lift": 6.822231298036335, "is_directed": false, "target": 119, "name": "107-119"}}, {"data": {"source": 111, "Lift": 1.656651517723492, "is_directed": false, "target": 147, "name": "111-147"}}]}, "data": {"description": "<h1>\u7570\u4f4d\u6027\u76ae\u819a\u708e\u4e2d\u91ab\u6cbb\u7642\u5716\u8b5c</h1><h2>atopic dermatitis_(Support=0.5%, Confidence=20.0% (cc))cc</h2>", "name": "atopic dermatitis_(Support=0.5%, Confidence=20.0% (cc))cc", "tags": ["atopic dermatitis", "\u7570\u4f4d\u6027\u76ae\u819a\u708e\u4e2d\u91ab\u6cbb\u7642\u5716\u8b5c", "\u570b\u7db2\u4e2d\u5fc3"]}}