{"elements": {"nodes": [{"data": {"popup": "  \u6c23(\u5bd2) \u5473(\u7518) \u7d93\u7d61(\u809d,\u5fc3)", "name": 128, "myGroup": "G0", "label": "\u7d2b\u8349", "nodeSupportPercent": 2.0277805578988004, "id": 128}}, {"data": {"popup": "  \u6c23(\u5e73) \u5473(\u82e6) \u7d93\u7d61(\u809d,\u813e)", "name": 1, "myGroup": "G7", "label": "\u4e09\u7a1c", "nodeSupportPercent": 0.8782402310518866, "id": 1}}, {"data": {"popup": "  \u6c23(\u5bd2) \u5473(\u82e6) \u7d93\u7d61(\u809d,\u5fc3,\u5fc3\u5305) \u4f5c\u7528(bacteria,hormone,infection,inflammation,mood)", "name": 3, "myGroup": "G1", "label": "\u4e39\u53c3", "nodeSupportPercent": 6.653822507542071, "id": 3}}, {"data": {"popup": " ", "name": 5, "myGroup": "G0", "label": "\u4e94\u5473\u6d88\u6bd2\u98f2", "nodeSupportPercent": 10.27508900358874, "id": 5}}, {"data": {"popup": "  \u4f5c\u7528(skin whitening)", "name": 7, "myGroup": "G0", "label": "\u4ed9\u65b9\u6d3b\u547d\u98f2", "nodeSupportPercent": 27.865987046224674, "id": 7}}, {"data": {"popup": "  \u4f5c\u7528(hormone,infection,mood)", "name": 12, "myGroup": "G1", "label": "\u52a0\u5473\u900d\u9059\u6563", "nodeSupportPercent": 17.622353126206374, "id": 12}}, {"data": {"popup": " ", "name": 141, "myGroup": "G0", "label": "\u834a\u82a5\u9023\u7ff9\u6e6f", "nodeSupportPercent": 5.267296721522426, "id": 141}}, {"data": {"popup": "  \u6c23(\u6eab) \u5473(\u8f9b,\u82e6) \u7d93\u7d61(\u809d,\u813e) \u4f5c\u7528(inflammation)", "name": 144, "myGroup": "G7", "label": "\u83aa\u672e", "nodeSupportPercent": 0.8853891136815316, "id": 144}}, {"data": {"popup": "  \u6c23(\u5e73) \u5473(\u7518) \u7d93\u7d61(\u809d,\u80c3) \u4f5c\u7528(hormone,inflammation,mood)", "name": 21, "myGroup": "G3", "label": "\u571f\u832f\u82d3", "nodeSupportPercent": 5.021017714931157, "id": 21}}, {"data": {"popup": "  \u6c23(\u5bd2) \u5473(\u82e6) \u7d93\u7d61(\u8180\u80f1)", "name": 22, "myGroup": "G0", "label": "\u5730\u819a\u5b50", "nodeSupportPercent": 1.7411103644500365, "id": 22}}, {"data": {"popup": "  \u6c23(\u5bd2) \u5473(\u7518) \u7d93\u7d61(\u80ba,\u814e)", "name": 23, "myGroup": "G2", "label": "\u5730\u9aa8\u76ae", "nodeSupportPercent": 1.5109163437754678, "id": 23}}, {"data": {"popup": "  \u6c23(\u6eab) \u5473(\u8f9b,\u82e6) \u7d93\u7d61(\u813e,\u80c3) \u4f5c\u7528(bacteria,hormone,mood)", "name": 152, "myGroup": "G5", "label": "\u84bc\u672e", "nodeSupportPercent": 1.5062695700661985, "id": 152}}, {"data": {"popup": "  \u6c23(\u5bd2) \u5473(\u8f9b,\u82e6) \u7d93\u7d61(\u809d,\u81bd) \u4f5c\u7528(bacteria,hormone)", "name": 25, "myGroup": "G0", "label": "\u590f\u67af\u8349", "nodeSupportPercent": 3.2709712471940637, "id": 25}}, {"data": {"popup": "  \u6c23(\u5bd2) \u5473(\u7518) \u7d93\u7d61(\u813e,\u80ba,\u80c3) \u4f5c\u7528(inflammation)", "name": 156, "myGroup": "G1", "label": "\u858f\u82e1\u4ec1", "nodeSupportPercent": 11.752048154873393, "id": 156}}, {"data": {"popup": "  \u6c23(\u5bd2) \u5473(\u82e6) \u7d93\u7d61(\u809d,\u5fc3,\u813e,\u5927\u8178,\u80c3) \u4f5c\u7528(bacteria,hormone,infection,inflammation,mood)", "name": 29, "myGroup": "G4", "label": "\u5927\u9ec3", "nodeSupportPercent": 11.087916958579374, "id": 29}}, {"data": {"popup": "  \u6c23(\u5bd2) \u5473(\u7518,\u82e6) \u7d93\u7d61(\u809d,\u80c3) \u4f5c\u7528(mood)", "name": 150, "myGroup": "G0", "label": "\u84b2\u516c\u82f1", "nodeSupportPercent": 19.192962639939378, "id": 150}}, {"data": {"popup": "  \u6c23(\u5bd2) \u5473(\u7518) \u7d93\u7d61(\u809d,\u80ba)", "name": 159, "myGroup": "G0", "label": "\u87ec\u86fb", "nodeSupportPercent": 2.5796742969073936, "id": 159}}, {"data": {"popup": "  \u6c23(\u5bd2) \u5473(\u7518,\u82e6) \u7d93\u7d61(\u80ba,\u80c3) \u4f5c\u7528(bacteria,hormone,inflammation,mood,skin whitening)", "name": 32, "myGroup": "G4", "label": "\u5929\u82b1\u7c89", "nodeSupportPercent": 4.2989805693370124, "id": 32}}, {"data": {"popup": "  \u6c23(\u6dbc) \u5473(\u7518,\u82e6) \u7d93\u7d61(\u809d,\u814e) \u4f5c\u7528(bacteria,hormone,inflammation,mood)", "name": 34, "myGroup": "G6", "label": "\u5973\u8c9e\u5b50", "nodeSupportPercent": 1.1484679944524672, "id": 34}}, {"data": {"popup": "  \u6c23(\u5bd2) \u5473(\u82e6) \u4f5c\u7528(bacteria)", "name": 163, "myGroup": "G0", "label": "\u8c9d\u6bcd", "nodeSupportPercent": 3.122989376760412, "id": 163}}, {"data": {"popup": "  \u6c23(\u5bd2) \u5473(\u82e6) \u7d93\u7d61(\u809d)", "name": 164, "myGroup": "G2", "label": "\u8d64\u828d", "nodeSupportPercent": 4.8855463890993835, "id": 164}}, {"data": {"popup": "  \u4f5c\u7528(bacteria,infection,inflammation,mood)", "name": 38, "myGroup": "G1", "label": "\u5c0f\u67f4\u80e1\u6e6f", "nodeSupportPercent": 2.8391787363635066, "id": 38}}, {"data": {"popup": " ", "name": 177, "myGroup": "G0", "label": "\u9632\u98a8\u901a\u8056\u6563", "nodeSupportPercent": 2.809868317581962, "id": 177}}, {"data": {"popup": "  \u6c23(\u5bd2) \u5473(\u82e6) \u7d93\u7d61(\u5fc3,\u80ba,\u5c0f\u8178) \u4f5c\u7528(infection,skin whitening)", "name": 169, "myGroup": "G1", "label": "\u9023\u7ff9", "nodeSupportPercent": 22.264480061766346, "id": 169}}, {"data": {"popup": "  \u6c23(\u5bd2) \u5473(\u7518) \u7d93\u7d61(\u80ba,\u5927\u8178,\u80c3) \u4f5c\u7528(bacteria,infection,inflammation)", "name": 173, "myGroup": "G3", "label": "\u91d1\u9280\u82b1", "nodeSupportPercent": 13.418810139975122, "id": 173}}, {"data": {"popup": " ", "name": 49, "myGroup": "G0", "label": "\u6563\u816b\u6f70\u5805\u6e6f", "nodeSupportPercent": 5.338070659555911, "id": 49}}, {"data": {"popup": "  \u6c23(\u5bd2) \u5473(\u7518,\u9178) \u7d93\u7d61(\u809d,\u814e) \u4f5c\u7528(hormone)", "name": 50, "myGroup": "G6", "label": "\u65f1\u84ee\u8349", "nodeSupportPercent": 0.9826139174447034, "id": 50}}, {"data": {"popup": "  \u6c23(\u5e73) \u5473(\u8f9b,\u7518,\u82e6) \u7d93\u7d61(\u809d,\u4e09\u7126) \u4f5c\u7528(bacteria,mood)", "name": 183, "myGroup": "G1", "label": "\u9999\u9644", "nodeSupportPercent": 2.7458858180466392, "id": 183}}, {"data": {"popup": "  \u6c23(\u5e73) \u5473(\u82e6) \u7d93\u7d61(\u80ba,\u80c3) \u4f5c\u7528(hormone,inflammation)", "name": 56, "myGroup": "G1", "label": "\u6787\u6777\u8449", "nodeSupportPercent": 2.4395561973663518, "id": 56}}, {"data": {"popup": "  \u6c23(\u5bd2) \u5473(\u8f9b) \u7d93\u7d61(\u80ba)", "name": 185, "myGroup": "G0", "label": "\u9b5a\u8165\u8349", "nodeSupportPercent": 1.8991006705651907, "id": 185}}, {"data": {"popup": " ", "name": 188, "myGroup": "G0", "label": "\u9ebb\u5b50\u4ec1\u4e38", "nodeSupportPercent": 3.681674554267168, "id": 188}}, {"data": {"popup": " ", "name": 62, "myGroup": "G0", "label": "\u67f4\u80e1\u6e05\u809d\u6e6f", "nodeSupportPercent": 4.20961953646645, "id": 62}}, {"data": {"popup": "  \u6c23(\u5bd2) \u5473(\u82e6) \u7d93\u7d61(\u814e,\u5927\u8178,\u8180\u80f1)", "name": 192, "myGroup": "G5", "label": "\u9ec3\u67cf", "nodeSupportPercent": 3.70741053173389, "id": 192}}, {"data": {"popup": "  \u6c23(\u5bd2) \u5473(\u82e6) \u7d93\u7d61(\u809d,\u80ba,\u81bd,\u5927\u8178,\u80c3) \u4f5c\u7528(bacteria,infection)", "name": 194, "myGroup": "G4", "label": "\u9ec3\u82a9", "nodeSupportPercent": 8.343818361190147, "id": 194}}, {"data": {"popup": "  \u6c23(\u5bd2) \u5473(\u82e6) \u7d93\u7d61(\u809d,\u5fc3,\u5927\u8178,\u80c3)", "name": 195, "myGroup": "G4", "label": "\u9ec3\u9023", "nodeSupportPercent": 3.0057477016342347, "id": 195}}, {"data": {"popup": " ", "name": 197, "myGroup": "G0", "label": "\u9ec3\u9023\u89e3\u6bd2\u6e6f", "nodeSupportPercent": 10.239344590440513, "id": 197}}, {"data": {"popup": "  \u6c23(\u5bd2) \u5473(\u7518) \u7d93\u7d61(\u80ba) \u4f5c\u7528(bacteria,inflammation,mood)", "name": 70, "myGroup": "G1", "label": "\u6851\u767d\u76ae", "nodeSupportPercent": 6.057605696229679, "id": 70}}, {"data": {"popup": "  \u6c23(\u5e73) \u5473(\u8f9b,\u82e6) \u7d93\u7d61(\u80ba) \u4f5c\u7528(inflammation)", "name": 71, "myGroup": "G1", "label": "\u6854\u6897", "nodeSupportPercent": 2.87313592885432, "id": 71}}, {"data": {"popup": "  \u6c23(\u5bd2) \u5473(\u82e6) \u7d93\u7d61(\u5fc3,\u80ba,\u80c3,\u4e09\u7126) \u4f5c\u7528(hormone,infection,mood)", "name": 72, "myGroup": "G2", "label": "\u6894\u5b50", "nodeSupportPercent": 3.4772165110593214, "id": 72}}, {"data": {"popup": "  \u6c23(\u6eab) \u5473(\u8f9b) \u7d93\u7d61(\u809d,\u80ba)", "name": 140, "myGroup": "G1", "label": "\u834a\u82a5", "nodeSupportPercent": 1.8690753635206818, "id": 140}}, {"data": {"popup": " ", "name": 79, "myGroup": "G0", "label": "\u6e05\u4e0a\u9632\u98a8\u6e6f", "nodeSupportPercent": 31.193791910324418, "id": 79}}, {"data": {"popup": "  \u4f5c\u7528(mood)", "name": 82, "myGroup": "G1", "label": "\u6eab\u6e05\u98f2", "nodeSupportPercent": 4.384409716761271, "id": 82}}, {"data": {"popup": " ", "name": 91, "myGroup": "G4", "label": "\u7099\u7518\u8349", "nodeSupportPercent": 1.5538096395533378, "id": 91}}, {"data": {"popup": "  \u6c23(\u5bd2) \u5473(\u8f9b,\u82e6) \u7d93\u7d61(\u809d,\u5fc3,\u814e) \u4f5c\u7528(bacteria,hormone,infection,inflammation,mood)", "name": 95, "myGroup": "G2", "label": "\u7261\u4e39\u76ae", "nodeSupportPercent": 7.8276690353297775, "id": 95}}, {"data": {"popup": "  \u6c23(\u5bd2) \u5473(\u7518,\u82e6,\u9e79) \u7d93\u7d61(\u80ba,\u814e,\u80c3) \u4f5c\u7528(hormone,inflammation)", "name": 97, "myGroup": "G1", "label": "\u7384\u53c3", "nodeSupportPercent": 3.3299495288886347, "id": 97}}, {"data": {"popup": "  \u6c23(\u5e73) \u5473(\u7518) \u7d93\u7d61(\u5fc3,\u813e,\u80ba,\u80c3) \u4f5c\u7528(bacteria,inflammation,mood)", "name": 101, "myGroup": "G3", "label": "\u7518\u8349", "nodeSupportPercent": 8.447834603451481, "id": 101}}, {"data": {"popup": " ", "name": 103, "myGroup": "G1", "label": "\u7518\u9732\u98f2", "nodeSupportPercent": 2.8291703006820033, "id": 103}}, {"data": {"popup": "  \u6c23(\u5bd2) \u5473(\u7518,\u82e6) \u7d93\u7d61(\u809d,\u5fc3,\u814e) \u4f5c\u7528(bacteria,hormone,infection,inflammation,mood)", "name": 104, "myGroup": "G2", "label": "\u751f\u5730\u9ec3", "nodeSupportPercent": 3.4225275589425372, "id": 104}}, {"data": {"popup": "  \u6c23(\u5bd2) \u5473(\u7518,\u82e6) \u7d93\u7d61(\u5c0f\u8178,\u5927\u8178,\u80c3) \u4f5c\u7528(inflammation,mood)", "name": 113, "myGroup": "G0", "label": "\u767d\u82b1\u86c7\u820c\u8349", "nodeSupportPercent": 3.4518379777240815, "id": 113}}, {"data": {"popup": "  \u6c23(\u6eab) \u5473(\u8f9b) \u7d93\u7d61(\u80ba,\u5927\u8178,\u80c3) \u4f5c\u7528(bacteria,hormone,infection,inflammation,mood)", "name": 114, "myGroup": "G4", "label": "\u767d\u82b7", "nodeSupportPercent": 10.956020074062424, "id": 114}}, {"data": {"popup": "  \u6c23(\u5bd2) \u5473(\u82e6) \u7d93\u7d61(\u813e,\u80c3) \u4f5c\u7528(inflammation,mood)", "name": 117, "myGroup": "G0", "label": "\u767d\u9bae\u76ae", "nodeSupportPercent": 3.6906106575542243, "id": 117}}, {"data": {"popup": "  \u6c23(\u6eab) \u5473(\u8f9b)", "name": 118, "myGroup": "G0", "label": "\u7682\u523a", "nodeSupportPercent": 4.856950858580804, "id": 118}}, {"data": {"popup": "  \u6c23(\u5bd2) \u5473(\u8f9b,\u82e6) \u7d93\u7d61(\u809d,\u5fc3,\u8180\u80f1) \u4f5c\u7528(inflammation)", "name": 119, "myGroup": "G1", "label": "\u76ca\u6bcd\u8349", "nodeSupportPercent": 2.334110178579088, "id": 119}}, {"data": {"popup": "  \u6c23(\u5bd2) \u5473(\u7518,\u82e6) \u7d93\u7d61(\u80ba,\u814e,\u80c3) \u4f5c\u7528(infection,inflammation)", "name": 121, "myGroup": "G5", "label": "\u77e5\u6bcd", "nodeSupportPercent": 1.6417408958979711, "id": 121}}, {"data": {"popup": "  \u6c23(\u5bd2) \u5473(\u8f9b,\u7518) \u7d93\u7d61(\u80ba,\u80c3) \u4f5c\u7528(hormone,infection)", "name": 122, "myGroup": "G0", "label": "\u77f3\u818f", "nodeSupportPercent": 2.395590569194035, "id": 122}}, {"data": {"popup": "  \u6c23(\u6eab) \u5473(\u8f9b) \u7d93\u7d61(\u813e,\u80c3) \u4f5c\u7528(bacteria,infection,inflammation)", "name": 123, "myGroup": "G4", "label": "\u7802\u4ec1", "nodeSupportPercent": 3.8736220528731358, "id": 123}}, {"data": {"popup": "  \u6c23(\u5bd2) \u5473(\u8f9b,\u82e6) \u7d93\u7d61(\u809d,\u5fc3)", "name": 127, "myGroup": "G0", "label": "\u7d2b\u82b1\u5730\u4e01", "nodeSupportPercent": 5.177220800388899, "id": 127}}], "edges": [{"data": {"source": 128, "Lift": 1.0838461732168765, "is_directed": false, "target": 79, "name": "128-79"}}, {"data": {"source": 128, "Lift": 1.184182476044083, "is_directed": false, "target": 7, "name": "128-7"}}, {"data": {"source": 1, "Lift": 73.54965643217561, "is_directed": false, "target": 144, "name": "1-144"}}, {"data": {"source": 3, "Lift": 1.1193058520361931, "is_directed": false, "target": 169, "name": "3-169"}}, {"data": {"source": 3, "Lift": 1.4540905059827443, "is_directed": false, "target": 12, "name": "3-12"}}, {"data": {"source": 3, "Lift": 1.073978746591927, "is_directed": false, "target": 7, "name": "3-7"}}, {"data": {"source": 5, "Lift": 1.013812539031128, "is_directed": false, "target": 7, "name": "5-7"}}, {"data": {"source": 7, "Lift": 1.0238847294917728, "is_directed": false, "target": 97, "name": "7-97"}}, {"data": {"source": 7, "Lift": 1.0567846189668677, "is_directed": false, "target": 164, "name": "7-164"}}, {"data": {"source": 7, "Lift": 1.2273902104745007, "is_directed": false, "target": 150, "name": "7-150"}}, {"data": {"source": 7, "Lift": 1.1455920859696203, "is_directed": false, "target": 70, "name": "7-70"}}, {"data": {"source": 7, "Lift": 1.162344128459944, "is_directed": false, "target": 169, "name": "7-169"}}, {"data": {"source": 7, "Lift": 1.024078080022913, "is_directed": false, "target": 12, "name": "7-12"}}, {"data": {"source": 7, "Lift": 1.3141875406884638, "is_directed": false, "target": 49, "name": "7-49"}}, {"data": {"source": 7, "Lift": 1.0464124673474895, "is_directed": false, "target": 156, "name": "7-156"}}, {"data": {"source": 7, "Lift": 1.191262311808026, "is_directed": false, "target": 21, "name": "7-21"}}, {"data": {"source": 7, "Lift": 1.1734007032213287, "is_directed": false, "target": 118, "name": "7-118"}}, {"data": {"source": 7, "Lift": 1.3160699287350297, "is_directed": false, "target": 25, "name": "7-25"}}, {"data": {"source": 7, "Lift": 1.3161428359708043, "is_directed": false, "target": 122, "name": "7-122"}}, {"data": {"source": 7, "Lift": 1.0285009508981382, "is_directed": false, "target": 188, "name": "7-188"}}, {"data": {"source": 7, "Lift": 1.1260843959223017, "is_directed": false, "target": 127, "name": "7-127"}}, {"data": {"source": 12, "Lift": 1.195103789709203, "is_directed": false, "target": 97, "name": "12-97"}}, {"data": {"source": 12, "Lift": 1.2549974781869608, "is_directed": false, "target": 70, "name": "12-70"}}, {"data": {"source": 12, "Lift": 1.2351717311117567, "is_directed": false, "target": 169, "name": "12-169"}}, {"data": {"source": 12, "Lift": 1.639890205557949, "is_directed": false, "target": 183, "name": "12-183"}}, {"data": {"source": 12, "Lift": 1.6015785893529677, "is_directed": false, "target": 119, "name": "12-119"}}, {"data": {"source": 12, "Lift": 1.1872878368516984, "is_directed": false, "target": 156, "name": "12-156"}}, {"data": {"source": 141, "Lift": 1.2311391329501218, "is_directed": false, "target": 150, "name": "141-150"}}, {"data": {"source": 21, "Lift": 1.337493636962887, "is_directed": false, "target": 169, "name": "21-169"}}, {"data": {"source": 21, "Lift": 1.7666342377131565, "is_directed": false, "target": 173, "name": "21-173"}}, {"data": {"source": 21, "Lift": 1.331213943786405, "is_directed": false, "target": 150, "name": "21-150"}}, {"data": {"source": 22, "Lift": 11.698304229757278, "is_directed": false, "target": 117, "name": "22-117"}}, {"data": {"source": 22, "Lift": 1.1043472555033924, "is_directed": false, "target": 79, "name": "22-79"}}, {"data": {"source": 23, "Lift": 5.352465276718861, "is_directed": false, "target": 95, "name": "23-95"}}, {"data": {"source": 152, "Lift": 12.270348631295494, "is_directed": false, "target": 192, "name": "152-192"}}, {"data": {"source": 25, "Lift": 1.0081364709452896, "is_directed": false, "target": 169, "name": "25-169"}}, {"data": {"source": 25, "Lift": 1.517353043380184, "is_directed": false, "target": 150, "name": "25-150"}}, {"data": {"source": 156, "Lift": 1.5569425924269888, "is_directed": false, "target": 169, "name": "156-169"}}, {"data": {"source": 156, "Lift": 1.0704784880793738, "is_directed": false, "target": 150, "name": "156-150"}}, {"data": {"source": 156, "Lift": 1.1435374591357899, "is_directed": false, "target": 79, "name": "156-79"}}, {"data": {"source": 29, "Lift": 2.3538784886380455, "is_directed": false, "target": 32, "name": "29-32"}}, {"data": {"source": 29, "Lift": 2.087895246934587, "is_directed": false, "target": 194, "name": "29-194"}}, {"data": {"source": 29, "Lift": 4.923320781045111, "is_directed": false, "target": 91, "name": "29-91"}}, {"data": {"source": 29, "Lift": 1.0351205866702176, "is_directed": false, "target": 169, "name": "29-169"}}, {"data": {"source": 29, "Lift": 2.050870155872457, "is_directed": false, "target": 114, "name": "29-114"}}, {"data": {"source": 29, "Lift": 4.404136769777728, "is_directed": false, "target": 123, "name": "29-123"}}, {"data": {"source": 150, "Lift": 1.0786983593646766, "is_directed": false, "target": 32, "name": "150-32"}}, {"data": {"source": 150, "Lift": 1.0581558426925997, "is_directed": false, "target": 97, "name": "150-97"}}, {"data": {"source": 150, "Lift": 1.1503443771296389, "is_directed": false, "target": 163, "name": "150-163"}}, {"data": {"source": 150, "Lift": 1.2907435565826482, "is_directed": false, "target": 164, "name": "150-164"}}, {"data": {"source": 150, "Lift": 1.238992375351492, "is_directed": false, "target": 197, "name": "150-197"}}, {"data": {"source": 150, "Lift": 1.4590355156505554, "is_directed": false, "target": 49, "name": "150-49"}}, {"data": {"source": 150, "Lift": 1.210715671591935, "is_directed": false, "target": 169, "name": "150-169"}}, {"data": {"source": 150, "Lift": 1.619312060045704, "is_directed": false, "target": 159, "name": "150-159"}}, {"data": {"source": 150, "Lift": 1.5004378545812849, "is_directed": false, "target": 173, "name": "150-173"}}, {"data": {"source": 150, "Lift": 1.1799750590758118, "is_directed": false, "target": 79, "name": "150-79"}}, {"data": {"source": 150, "Lift": 1.3353372188555583, "is_directed": false, "target": 113, "name": "150-113"}}, {"data": {"source": 150, "Lift": 1.7431384204491494, "is_directed": false, "target": 118, "name": "150-118"}}, {"data": {"source": 150, "Lift": 1.22221232323253, "is_directed": false, "target": 56, "name": "150-56"}}, {"data": {"source": 150, "Lift": 1.5317898790750688, "is_directed": false, "target": 185, "name": "150-185"}}, {"data": {"source": 150, "Lift": 1.334823530085222, "is_directed": false, "target": 122, "name": "150-122"}}, {"data": {"source": 150, "Lift": 1.2055482661575772, "is_directed": false, "target": 95, "name": "150-95"}}, {"data": {"source": 150, "Lift": 1.090978970462225, "is_directed": false, "target": 62, "name": "150-62"}}, {"data": {"source": 150, "Lift": 2.779947404611937, "is_directed": false, "target": 127, "name": "150-127"}}, {"data": {"source": 159, "Lift": 1.0576318464058323, "is_directed": false, "target": 79, "name": "159-79"}}, {"data": {"source": 32, "Lift": 1.1251988072218106, "is_directed": false, "target": 169, "name": "32-169"}}, {"data": {"source": 32, "Lift": 3.128017423533915, "is_directed": false, "target": 194, "name": "32-194"}}, {"data": {"source": 32, "Lift": 5.102166491240116, "is_directed": false, "target": 123, "name": "32-123"}}, {"data": {"source": 32, "Lift": 2.913452767986439, "is_directed": false, "target": 114, "name": "32-114"}}, {"data": {"source": 34, "Lift": 57.203698552295904, "is_directed": false, "target": 50, "name": "34-50"}}, {"data": {"source": 163, "Lift": 1.3504707415877881, "is_directed": false, "target": 169, "name": "163-169"}}, {"data": {"source": 164, "Lift": 1.3390909820956114, "is_directed": false, "target": 169, "name": "164-169"}}, {"data": {"source": 164, "Lift": 3.1115470345855623, "is_directed": false, "target": 95, "name": "164-95"}}, {"data": {"source": 38, "Lift": 1.3655890161272688, "is_directed": false, "target": 169, "name": "38-169"}}, {"data": {"source": 177, "Lift": 1.0399063100066284, "is_directed": false, "target": 79, "name": "177-79"}}, {"data": {"source": 169, "Lift": 1.0882218029255195, "is_directed": false, "target": 192, "name": "169-192"}}, {"data": {"source": 169, "Lift": 1.5027777794628026, "is_directed": false, "target": 97, "name": "169-97"}}, {"data": {"source": 169, "Lift": 1.239898983980058, "is_directed": false, "target": 194, "name": "169-194"}}, {"data": {"source": 169, "Lift": 1.180416750404147, "is_directed": false, "target": 195, "name": "169-195"}}, {"data": {"source": 169, "Lift": 1.1822529668940338, "is_directed": false, "target": 101, "name": "169-101"}}, {"data": {"source": 169, "Lift": 1.7809998628109869, "is_directed": false, "target": 70, "name": "169-70"}}, {"data": {"source": 169, "Lift": 1.4533820520649188, "is_directed": false, "target": 71, "name": "169-71"}}, {"data": {"source": 169, "Lift": 1.8712873606747773, "is_directed": false, "target": 72, "name": "169-72"}}, {"data": {"source": 169, "Lift": 1.1536495522439405, "is_directed": false, "target": 103, "name": "169-103"}}, {"data": {"source": 169, "Lift": 1.8948476989926115, "is_directed": false, "target": 140, "name": "169-140"}}, {"data": {"source": 169, "Lift": 2.038091807875808, "is_directed": false, "target": 173, "name": "169-173"}}, {"data": {"source": 169, "Lift": 1.1384617298639388, "is_directed": false, "target": 104, "name": "169-104"}}, {"data": {"source": 169, "Lift": 1.1907895615843829, "is_directed": false, "target": 82, "name": "169-82"}}, {"data": {"source": 169, "Lift": 1.0718600530286868, "is_directed": false, "target": 117, "name": "169-117"}}, {"data": {"source": 169, "Lift": 1.080224323436743, "is_directed": false, "target": 118, "name": "169-118"}}, {"data": {"source": 169, "Lift": 1.0570890294818844, "is_directed": false, "target": 183, "name": "169-183"}}, {"data": {"source": 169, "Lift": 1.1174355210676814, "is_directed": false, "target": 56, "name": "169-56"}}, {"data": {"source": 169, "Lift": 1.1064456665059208, "is_directed": false, "target": 122, "name": "169-122"}}, {"data": {"source": 169, "Lift": 1.3235026765746258, "is_directed": false, "target": 95, "name": "169-95"}}, {"data": {"source": 169, "Lift": 1.3002407973424426, "is_directed": false, "target": 127, "name": "169-127"}}, {"data": {"source": 173, "Lift": 1.4936613569232005, "is_directed": false, "target": 101, "name": "173-101"}}, {"data": {"source": 173, "Lift": 1.231548397748861, "is_directed": false, "target": 79, "name": "173-79"}}, {"data": {"source": 56, "Lift": 7.6747884927173295, "is_directed": false, "target": 70, "name": "56-70"}}, {"data": {"source": 56, "Lift": 1.0826799726683993, "is_directed": false, "target": 79, "name": "56-79"}}, {"data": {"source": 185, "Lift": 1.0082505399962118, "is_directed": false, "target": 79, "name": "185-79"}}, {"data": {"source": 188, "Lift": 1.1444273664721745, "is_directed": false, "target": 79, "name": "188-79"}}, {"data": {"source": 192, "Lift": 9.93649535767175, "is_directed": false, "target": 121, "name": "192-121"}}, {"data": {"source": 194, "Lift": 2.6623574497989932, "is_directed": false, "target": 72, "name": "194-72"}}, {"data": {"source": 194, "Lift": 5.194292680935171, "is_directed": false, "target": 91, "name": "194-91"}}, {"data": {"source": 194, "Lift": 2.002374410267004, "is_directed": false, "target": 114, "name": "194-114"}}, {"data": {"source": 194, "Lift": 3.6252255704455627, "is_directed": false, "target": 123, "name": "194-123"}}, {"data": {"source": 194, "Lift": 3.6885449327152253, "is_directed": false, "target": 195, "name": "194-195"}}, {"data": {"source": 197, "Lift": 1.0454606826627677, "is_directed": false, "target": 79, "name": "197-79"}}, {"data": {"source": 72, "Lift": 2.686888302698273, "is_directed": false, "target": 95, "name": "72-95"}}, {"data": {"source": 79, "Lift": 1.186767498658477, "is_directed": false, "target": 113, "name": "79-113"}}, {"data": {"source": 79, "Lift": 1.0444742946005612, "is_directed": false, "target": 117, "name": "79-117"}}, {"data": {"source": 79, "Lift": 1.0939900876562159, "is_directed": false, "target": 118, "name": "79-118"}}, {"data": {"source": 79, "Lift": 1.0953698099907256, "is_directed": false, "target": 127, "name": "79-127"}}, {"data": {"source": 91, "Lift": 4.988890557308071, "is_directed": false, "target": 114, "name": "91-114"}}, {"data": {"source": 91, "Lift": 16.681874684915798, "is_directed": false, "target": 123, "name": "91-123"}}, {"data": {"source": 95, "Lift": 3.6851268075357115, "is_directed": false, "target": 104, "name": "95-104"}}, {"data": {"source": 101, "Lift": 2.7023725420362537, "is_directed": false, "target": 123, "name": "101-123"}}, {"data": {"source": 114, "Lift": 4.473159753336601, "is_directed": false, "target": 123, "name": "114-123"}}]}, "data": {"description": "<h1>\u75e4\u7621(\u9752\u6625\u75d8)\u4e2d\u91ab\u6cbb\u7642\u5716\u8b5c</h1><h2>ACNE_(Support=0.5%, Confidence=20.0% (cc))cc</h2>", "name": "ACNE_(Support=0.5%, Confidence=20.0% (cc))cc", "tags": ["ACNE", "\u75e4\u7621(\u9752\u6625\u75d8)\u4e2d\u91ab\u6cbb\u7642\u5716\u8b5c", "\u570b\u7db2\u4e2d\u5fc3"]}}