{"elements": {"nodes": [{"data": {"popup": "  \u6c23(\u5e73) \u5473(\u82e6) \u7d93\u7d61(\u809d,\u813e)", "name": 1, "myGroup": "G5", "label": "\u4e09\u7a1c", "nodeSupportPercent": 0.8782402310518866, "id": 1}}, {"data": {"popup": "  \u6c23(\u5bd2) \u5473(\u82e6) \u7d93\u7d61(\u8180\u80f1)", "name": 22, "myGroup": "G8", "label": "\u5730\u819a\u5b50", "nodeSupportPercent": 1.7411103644500365, "id": 22}}, {"data": {"popup": "  \u6c23(\u6eab) \u5473(\u8f9b) \u7d93\u7d61(\u809d,\u80ba)", "name": 140, "myGroup": "G1", "label": "\u834a\u82a5", "nodeSupportPercent": 1.8690753635206818, "id": 140}}, {"data": {"popup": "  \u6c23(\u6eab) \u5473(\u8f9b,\u82e6) \u7d93\u7d61(\u809d,\u813e) \u4f5c\u7528(inflammation)", "name": 144, "myGroup": "G5", "label": "\u83aa\u672e", "nodeSupportPercent": 0.8853891136815316, "id": 144}}, {"data": {"popup": "  \u6c23(\u5bd2) \u5473(\u7518,\u82e6) \u7d93\u7d61(\u809d,\u80c3) \u4f5c\u7528(mood)", "name": 150, "myGroup": "G7", "label": "\u84b2\u516c\u82f1", "nodeSupportPercent": 19.192962639939378, "id": 150}}, {"data": {"popup": "  \u6c23(\u5bd2) \u5473(\u7518) \u7d93\u7d61(\u80ba,\u814e)", "name": 23, "myGroup": "G0", "label": "\u5730\u9aa8\u76ae", "nodeSupportPercent": 1.5109163437754678, "id": 23}}, {"data": {"popup": "  \u6c23(\u6eab) \u5473(\u8f9b,\u82e6) \u7d93\u7d61(\u813e,\u80c3) \u4f5c\u7528(bacteria,hormone,mood)", "name": 152, "myGroup": "G2", "label": "\u84bc\u672e", "nodeSupportPercent": 1.5062695700661985, "id": 152}}, {"data": {"popup": "  \u6c23(\u5bd2) \u5473(\u82e6) \u7d93\u7d61(\u809d,\u5fc3,\u813e,\u5927\u8178,\u80c3) \u4f5c\u7528(bacteria,hormone,infection,inflammation,mood)", "name": 29, "myGroup": "G4", "label": "\u5927\u9ec3", "nodeSupportPercent": 11.087916958579374, "id": 29}}, {"data": {"popup": "  \u6c23(\u6dbc) \u5473(\u7518,\u82e6) \u7d93\u7d61(\u809d,\u814e) \u4f5c\u7528(bacteria,hormone,inflammation,mood)", "name": 34, "myGroup": "G3", "label": "\u5973\u8c9e\u5b50", "nodeSupportPercent": 1.1484679944524672, "id": 34}}, {"data": {"popup": "  \u6c23(\u5bd2) \u5473(\u82e6) \u7d93\u7d61(\u5fc3,\u80ba,\u5c0f\u8178) \u4f5c\u7528(infection,skin whitening)", "name": 169, "myGroup": "G1", "label": "\u9023\u7ff9", "nodeSupportPercent": 22.264480061766346, "id": 169}}, {"data": {"popup": "  \u6c23(\u5bd2) \u5473(\u7518) \u7d93\u7d61(\u80ba,\u5927\u8178,\u80c3) \u4f5c\u7528(bacteria,infection,inflammation)", "name": 173, "myGroup": "G1", "label": "\u91d1\u9280\u82b1", "nodeSupportPercent": 13.418810139975122, "id": 173}}, {"data": {"popup": "  \u6c23(\u5bd2) \u5473(\u7518,\u9178) \u7d93\u7d61(\u809d,\u814e) \u4f5c\u7528(hormone)", "name": 50, "myGroup": "G3", "label": "\u65f1\u84ee\u8349", "nodeSupportPercent": 0.9826139174447034, "id": 50}}, {"data": {"popup": "  \u6c23(\u5e73) \u5473(\u82e6) \u7d93\u7d61(\u80ba,\u80c3) \u4f5c\u7528(hormone,inflammation)", "name": 56, "myGroup": "G6", "label": "\u6787\u6777\u8449", "nodeSupportPercent": 2.4395561973663518, "id": 56}}, {"data": {"popup": "  \u6c23(\u5bd2) \u5473(\u82e6) \u7d93\u7d61(\u814e,\u5927\u8178,\u8180\u80f1)", "name": 192, "myGroup": "G2", "label": "\u9ec3\u67cf", "nodeSupportPercent": 3.70741053173389, "id": 192}}, {"data": {"popup": "  \u6c23(\u5bd2) \u5473(\u82e6) \u7d93\u7d61(\u809d,\u80ba,\u81bd,\u5927\u8178,\u80c3) \u4f5c\u7528(bacteria,infection)", "name": 194, "myGroup": "G4", "label": "\u9ec3\u82a9", "nodeSupportPercent": 8.343818361190147, "id": 194}}, {"data": {"popup": "  \u6c23(\u5bd2) \u5473(\u7518) \u7d93\u7d61(\u80ba) \u4f5c\u7528(bacteria,inflammation,mood)", "name": 70, "myGroup": "G6", "label": "\u6851\u767d\u76ae", "nodeSupportPercent": 6.057605696229679, "id": 70}}, {"data": {"popup": "  \u6c23(\u5bd2) \u5473(\u82e6) \u7d93\u7d61(\u5fc3,\u80ba,\u80c3,\u4e09\u7126) \u4f5c\u7528(hormone,infection,mood)", "name": 72, "myGroup": "G1", "label": "\u6894\u5b50", "nodeSupportPercent": 3.4772165110593214, "id": 72}}, {"data": {"popup": " ", "name": 91, "myGroup": "G4", "label": "\u7099\u7518\u8349", "nodeSupportPercent": 1.5538096395533378, "id": 91}}, {"data": {"popup": "  \u6c23(\u5bd2) \u5473(\u8f9b,\u82e6) \u7d93\u7d61(\u809d,\u5fc3,\u814e) \u4f5c\u7528(bacteria,hormone,infection,inflammation,mood)", "name": 95, "myGroup": "G0", "label": "\u7261\u4e39\u76ae", "nodeSupportPercent": 7.8276690353297775, "id": 95}}, {"data": {"popup": "  \u6c23(\u6eab) \u5473(\u8f9b) \u7d93\u7d61(\u80ba,\u5927\u8178,\u80c3) \u4f5c\u7528(bacteria,hormone,infection,inflammation,mood)", "name": 114, "myGroup": "G4", "label": "\u767d\u82b7", "nodeSupportPercent": 10.956020074062424, "id": 114}}, {"data": {"popup": "  \u6c23(\u5bd2) \u5473(\u82e6) \u7d93\u7d61(\u813e,\u80c3) \u4f5c\u7528(inflammation,mood)", "name": 117, "myGroup": "G8", "label": "\u767d\u9bae\u76ae", "nodeSupportPercent": 3.6906106575542243, "id": 117}}, {"data": {"popup": "  \u6c23(\u6eab) \u5473(\u8f9b) \u7d93\u7d61(\u813e,\u80c3) \u4f5c\u7528(bacteria,infection,inflammation)", "name": 123, "myGroup": "G4", "label": "\u7802\u4ec1", "nodeSupportPercent": 3.8736220528731358, "id": 123}}, {"data": {"popup": "  \u6c23(\u5bd2) \u5473(\u8f9b,\u82e6) \u7d93\u7d61(\u809d,\u5fc3)", "name": 127, "myGroup": "G7", "label": "\u7d2b\u82b1\u5730\u4e01", "nodeSupportPercent": 5.177220800388899, "id": 127}}], "edges": [{"data": {"source": 1, "Lift": 73.54965643217561, "is_directed": false, "target": 144, "name": "1-144"}}, {"data": {"source": 22, "Lift": 11.698304229757278, "is_directed": false, "target": 117, "name": "22-117"}}, {"data": {"source": 140, "Lift": 1.8948476989926115, "is_directed": false, "target": 169, "name": "140-169"}}, {"data": {"source": 150, "Lift": 2.779947404611937, "is_directed": false, "target": 127, "name": "150-127"}}, {"data": {"source": 23, "Lift": 5.352465276718861, "is_directed": false, "target": 95, "name": "23-95"}}, {"data": {"source": 152, "Lift": 12.270348631295494, "is_directed": false, "target": 192, "name": "152-192"}}, {"data": {"source": 29, "Lift": 4.923320781045111, "is_directed": false, "target": 91, "name": "29-91"}}, {"data": {"source": 29, "Lift": 4.404136769777728, "is_directed": false, "target": 123, "name": "29-123"}}, {"data": {"source": 34, "Lift": 57.203698552295904, "is_directed": false, "target": 50, "name": "34-50"}}, {"data": {"source": 169, "Lift": 1.8712873606747773, "is_directed": false, "target": 72, "name": "169-72"}}, {"data": {"source": 169, "Lift": 2.038091807875808, "is_directed": false, "target": 173, "name": "169-173"}}, {"data": {"source": 56, "Lift": 7.6747884927173295, "is_directed": false, "target": 70, "name": "56-70"}}, {"data": {"source": 194, "Lift": 5.194292680935171, "is_directed": false, "target": 91, "name": "194-91"}}, {"data": {"source": 91, "Lift": 4.988890557308071, "is_directed": false, "target": 114, "name": "91-114"}}, {"data": {"source": 91, "Lift": 16.681874684915798, "is_directed": false, "target": 123, "name": "91-123"}}, {"data": {"source": 114, "Lift": 4.473159753336601, "is_directed": false, "target": 123, "name": "114-123"}}]}, "data": {"description": "<h1>\u75e4\u7621(\u9752\u6625\u75d8)\u4e2d\u91ab\u6cbb\u7642\u5716\u8b5c</h1><h2>ACNE_(Support=0.5%, Confidence=40.0% (cc))cc</h2>", "name": "ACNE_(Support=0.5%, Confidence=40.0% (cc))cc", "tags": ["ACNE", "\u75e4\u7621(\u9752\u6625\u75d8)\u4e2d\u91ab\u6cbb\u7642\u5716\u8b5c", "\u570b\u7db2\u4e2d\u5fc3"]}}