{"elements": {"nodes": [{"data": {"popup": "  \u6c23(\u5bd2) \u5473(\u7518) \u7d93\u7d61(\u80ba,\u5927\u8178,\u80c3) \u4f5c\u7528(infection,inflammation)", "name": 128, "myGroup": "G1", "label": "\u91d1\u9280\u82b1", "nodeSupportPercent": 10.310409125808928, "id": 128}}, {"data": {"popup": " ", "name": 1, "myGroup": "G1", "label": "\u4e94\u5473\u6d88\u6bd2\u98f2", "nodeSupportPercent": 4.815180432159702, "id": 1}}, {"data": {"popup": "  \u6c23(\u6eab) \u5473(\u8f9b,\u7518) \u7d93\u7d61(\u809d,\u813e,\u8180\u80f1) \u4f5c\u7528(allergy,bacteria,inflammation,oxidation)", "name": 130, "myGroup": "G3", "label": "\u9632\u98a8", "nodeSupportPercent": 5.436729918467332, "id": 130}}, {"data": {"popup": " ", "name": 4, "myGroup": "G0", "label": "\u4ed9\u65b9\u6d3b\u547d\u98f2", "nodeSupportPercent": 5.550071295382253, "id": 4}}, {"data": {"popup": "  \u4f5c\u7528(allergy,bacteria)", "name": 129, "myGroup": "G1", "label": "\u9280\u7ff9\u6563", "nodeSupportPercent": 2.804285035282074, "id": 129}}, {"data": {"popup": "  \u4f5c\u7528(allergy,infection)", "name": 8, "myGroup": "G0", "label": "\u52a0\u5473\u900d\u9059\u6563", "nodeSupportPercent": 4.595810025227597, "id": 8}}, {"data": {"popup": "  \u6c23(\u5bd2) \u5473(\u8f9b) \u7d93\u7d61(\u80ba)", "name": 137, "myGroup": "G2", "label": "\u9b5a\u8165\u8349", "nodeSupportPercent": 2.1315491206902855, "id": 137}}, {"data": {"popup": " ", "name": 12, "myGroup": "G2", "label": "\u53c3\u82d3\u767d\u672e\u6563", "nodeSupportPercent": 2.285108405542759, "id": 12}}, {"data": {"popup": "  \u4f5c\u7528(bacteria,infection)", "name": 142, "myGroup": "G0", "label": "\u9ebb\u674f\u7518\u77f3\u6e6f", "nodeSupportPercent": 4.222880333443019, "id": 142}}, {"data": {"popup": "  \u6c23(\u5e73) \u5473(\u7518) \u7d93\u7d61(\u809d,\u80c3) \u4f5c\u7528(allergy,inflammation)", "name": 15, "myGroup": "G2", "label": "\u571f\u832f\u82d3", "nodeSupportPercent": 7.641402508134986, "id": 15}}, {"data": {"popup": "  \u6c23(\u5bd2) \u5473(\u82e6) \u7d93\u7d61(\u8180\u80f1)", "name": 16, "myGroup": "G2", "label": "\u5730\u819a\u5b50", "nodeSupportPercent": 11.970311871595188, "id": 16}}, {"data": {"popup": "  \u4f5c\u7528(inflammation)", "name": 152, "myGroup": "G1", "label": "\u9f8d\u81bd\u7009\u809d\u6e6f", "nodeSupportPercent": 5.231984205330701, "id": 152}}, {"data": {"popup": "  \u6c23(\u5bd2) \u5473(\u82e6) \u7d93\u7d61(\u809d,\u80ba,\u81bd,\u5927\u8178,\u80c3) \u4f5c\u7528(bacteria)", "name": 148, "myGroup": "G4", "label": "\u9ec3\u82a9", "nodeSupportPercent": 6.701765931775803, "id": 148}}, {"data": {"popup": "  \u4f5c\u7528(infection)", "name": 150, "myGroup": "G1", "label": "\u9ec3\u9023\u89e3\u6bd2\u6e6f", "nodeSupportPercent": 5.535446601586779, "id": 150}}, {"data": {"popup": "  \u6c23(\u5bd2) \u5473(\u82e6) \u7d93\u7d61(\u809d,\u5fc3,\u813e,\u5927\u8178,\u80c3) \u4f5c\u7528(allergy,bacteria,infection,inflammation)", "name": 24, "myGroup": "G4", "label": "\u5927\u9ec3", "nodeSupportPercent": 6.010749149939673, "id": 24}}, {"data": {"popup": "  \u6c23(\u5bd2) \u5473(\u7518,\u82e6) \u7d93\u7d61(\u80ba,\u80c3) \u4f5c\u7528(allergy,bacteria,inflammation)", "name": 25, "myGroup": "G4", "label": "\u5929\u82b1\u7c89", "nodeSupportPercent": 2.778691821139995, "id": 25}}, {"data": {"popup": "  \u4f5c\u7528(allergy,bacteria,infection,inflammation)", "name": 27, "myGroup": "G0", "label": "\u5c0f\u67f4\u80e1\u6e6f", "nodeSupportPercent": 2.8006288618332054, "id": 27}}, {"data": {"popup": "  \u6c23(\u6eab) \u5473(\u82e6) \u7d93\u7d61(\u80ba,\u5927\u8178)", "name": 35, "myGroup": "G0", "label": "\u674f\u4ec1", "nodeSupportPercent": 2.55932141420789, "id": 35}}, {"data": {"popup": "  \u6c23(\u5bd2) \u5473(\u7518) \u7d93\u7d61(\u80ba)", "name": 45, "myGroup": "G0", "label": "\u6851\u767d\u76ae", "nodeSupportPercent": 4.742056963182334, "id": 45}}, {"data": {"popup": "  \u6c23(\u5e73) \u5473(\u8f9b,\u82e6) \u7d93\u7d61(\u80ba)", "name": 48, "myGroup": "G0", "label": "\u6854\u6897", "nodeSupportPercent": 2.811597382179811, "id": 48}}, {"data": {"popup": "  \u6c23(\u5bd2) \u5473(\u82e6) \u7d93\u7d61(\u5fc3,\u80ba,\u80c3,\u4e09\u7126) \u4f5c\u7528(allergy,oxidation)", "name": 49, "myGroup": "G0", "label": "\u6894\u5b50", "nodeSupportPercent": 2.4276991700486272, "id": 49}}, {"data": {"popup": "  \u6c23(\u5e73) \u5473(\u8f9b,\u9e79) \u7d93\u7d61(\u809d,\u80ba)", "name": 50, "myGroup": "G2", "label": "\u6bad\u8836", "nodeSupportPercent": 3.352711052612336, "id": 50}}, {"data": {"popup": "  \u4f5c\u7528(allergy)", "name": 51, "myGroup": "G2", "label": "\u6d88\u98a8\u6563", "nodeSupportPercent": 31.965924463456545, "id": 51}}, {"data": {"popup": "  \u4f5c\u7528(allergy)", "name": 54, "myGroup": "G2", "label": "\u6eab\u6e05\u98f2", "nodeSupportPercent": 3.9047932433914663, "id": 54}}, {"data": {"popup": " ", "name": 56, "myGroup": "G4", "label": "\u7099\u7518\u8349", "nodeSupportPercent": 2.339951007275785, "id": 56}}, {"data": {"popup": "  \u6c23(\u5bd2) \u5473(\u8f9b,\u82e6) \u7d93\u7d61(\u809d,\u5fc3,\u814e) \u4f5c\u7528(allergy,bacteria,inflammation,oxidation)", "name": 61, "myGroup": "G3", "label": "\u7261\u4e39\u76ae", "nodeSupportPercent": 9.714452853643376, "id": 61}}, {"data": {"popup": "  \u6c23(\u5bd2) \u5473(\u7518,\u82e6,\u9e79) \u7d93\u7d61(\u80ba,\u814e,\u80c3) \u4f5c\u7528(inflammation)", "name": 63, "myGroup": "G1", "label": "\u7384\u53c3", "nodeSupportPercent": 3.5793938064421775, "id": 63}}, {"data": {"popup": " ", "name": 64, "myGroup": "G0", "label": "\u7389\u5973\u714e", "nodeSupportPercent": 2.5373843735146795, "id": 64}}, {"data": {"popup": "  \u6c23(\u5e73) \u5473(\u7518) \u7d93\u7d61(\u5fc3,\u813e,\u80ba,\u80c3) \u4f5c\u7528(allergy,bacteria,inflammation)", "name": 67, "myGroup": "G1", "label": "\u7518\u8349", "nodeSupportPercent": 19.019414281013493, "id": 67}}, {"data": {"popup": "  \u6c23(\u5bd2) \u5473(\u7518,\u82e6) \u7d93\u7d61(\u809d,\u5fc3,\u814e) \u4f5c\u7528(allergy,bacteria,infection,inflammation,oxidation)", "name": 71, "myGroup": "G1", "label": "\u751f\u5730\u9ec3", "nodeSupportPercent": 5.604913897115279, "id": 71}}, {"data": {"popup": "  \u6c23(\u6eab) \u5473(\u8f9b,\u7518) \u7d93\u7d61(\u809d,\u5fc3,\u813e)", "name": 72, "myGroup": "G1", "label": "\u7576\u6b78", "nodeSupportPercent": 2.6324448831852583, "id": 72}}, {"data": {"popup": " ", "name": 74, "myGroup": "G2", "label": "\u7576\u6b78\u98f2\u5b50", "nodeSupportPercent": 7.359877152572118, "id": 74}}, {"data": {"popup": "  \u6c23(\u6eab) \u5473(\u8f9b) \u7d93\u7d61(\u80ba,\u5927\u8178,\u80c3) \u4f5c\u7528(allergy,bacteria,infection,inflammation)", "name": 78, "myGroup": "G4", "label": "\u767d\u82b7", "nodeSupportPercent": 7.476874702935907, "id": 78}}, {"data": {"popup": "  \u6c23(\u5bd2) \u5473(\u82e6) \u7d93\u7d61(\u813e,\u80c3) \u4f5c\u7528(inflammation)", "name": 81, "myGroup": "G2", "label": "\u767d\u9bae\u76ae", "nodeSupportPercent": 13.83496033051808, "id": 81}}, {"data": {"popup": "  \u6c23(\u6eab) \u5473(\u8f9b)", "name": 82, "myGroup": "G0", "label": "\u7682\u523a", "nodeSupportPercent": 2.116924426894812, "id": 82}}, {"data": {"popup": "  \u6c23(\u5bd2) \u5473(\u8f9b,\u7518) \u7d93\u7d61(\u80ba,\u80c3) \u4f5c\u7528(infection)", "name": 85, "myGroup": "G1", "label": "\u77f3\u818f", "nodeSupportPercent": 2.3838250886622063, "id": 85}}, {"data": {"popup": "  \u6c23(\u6eab) \u5473(\u8f9b) \u7d93\u7d61(\u813e,\u80c3) \u4f5c\u7528(infection)", "name": 86, "myGroup": "G4", "label": "\u7802\u4ec1", "nodeSupportPercent": 3.2613067163906257, "id": 86}}, {"data": {"popup": "  \u6c23(\u5bd2) \u5473(\u8f9b,\u82e6) \u7d93\u7d61(\u809d,\u5fc3) \u4f5c\u7528(bacteria)", "name": 89, "myGroup": "G1", "label": "\u7d2b\u82b1\u5730\u4e01", "nodeSupportPercent": 1.8463675916785491, "id": 89}}, {"data": {"popup": "  \u6c23(\u5bd2) \u5473(\u7518) \u7d93\u7d61(\u809d,\u5fc3)", "name": 90, "myGroup": "G2", "label": "\u7d2b\u8349", "nodeSupportPercent": 2.135205294139154, "id": 90}}, {"data": {"popup": "  \u6c23(\u5bd2) \u5473(\u82e6) \u7d93\u7d61(\u809d,\u5fc3,\u5927\u8178,\u80c3,\u8180\u80f1) \u4f5c\u7528(allergy,bacteria,infection,oxidation)", "name": 97, "myGroup": "G2", "label": "\u82e6\u53c3", "nodeSupportPercent": 2.5191035062703375, "id": 97}}, {"data": {"popup": "  \u6c23(\u6eab) \u5473(\u8f9b) \u7d93\u7d61(\u809d,\u80ba)", "name": 100, "myGroup": "G3", "label": "\u834a\u82a5", "nodeSupportPercent": 7.268472816350408, "id": 100}}, {"data": {"popup": " ", "name": 101, "myGroup": "G1", "label": "\u834a\u82a5\u9023\u7ff9\u6e6f", "nodeSupportPercent": 4.094914262732624, "id": 101}}, {"data": {"popup": " ", "name": 102, "myGroup": "G1", "label": "\u834a\u9632\u6557\u6bd2\u6563", "nodeSupportPercent": 10.361595554093086, "id": 102}}, {"data": {"popup": "  \u6c23(\u6eab) \u5473(\u8f9b,\u82e6) \u7d93\u7d61(\u80ba,\u8180\u80f1) \u4f5c\u7528(infection)", "name": 144, "myGroup": "G0", "label": "\u9ebb\u9ec3", "nodeSupportPercent": 2.453292384190706, "id": 144}}, {"data": {"popup": "  \u6c23(\u5bd2) \u5473(\u7518,\u82e6) \u7d93\u7d61(\u809d,\u80c3) \u4f5c\u7528(bacteria)", "name": 107, "myGroup": "G1", "label": "\u84b2\u516c\u82f1", "nodeSupportPercent": 6.226463383422909, "id": 107}}, {"data": {"popup": " ", "name": 108, "myGroup": "G2", "label": "\u84ba\u85dc", "nodeSupportPercent": 4.987020584256517, "id": 108}}, {"data": {"popup": "  \u6c23(\u6eab) \u5473(\u8f9b,\u82e6) \u7d93\u7d61(\u813e,\u80c3) \u4f5c\u7528(allergy,inflammation,oxidation)", "name": 109, "myGroup": "G0", "label": "\u84bc\u672e", "nodeSupportPercent": 2.5191035062703375, "id": 109}}, {"data": {"popup": " ", "name": 110, "myGroup": "G2", "label": "\u84bc\u8033\u5b50", "nodeSupportPercent": 2.5044788124748636, "id": 110}}, {"data": {"popup": "  \u6c23(\u5bd2) \u5473(\u7518) \u7d93\u7d61(\u813e,\u80ba,\u80c3)", "name": 113, "myGroup": "G0", "label": "\u858f\u82e1\u4ec1", "nodeSupportPercent": 11.707067383276662, "id": 113}}, {"data": {"popup": "  \u6c23(\u6eab) \u5473(\u8f9b,\u82e6) \u7d93\u7d61(\u814e) \u4f5c\u7528(allergy,bacteria,inflammation)", "name": 116, "myGroup": "G2", "label": "\u86c7\u5e8a\u5b50", "nodeSupportPercent": 1.8902416730649703, "id": 116}}, {"data": {"popup": "  \u6c23(\u5bd2) \u5473(\u7518) \u7d93\u7d61(\u809d,\u80ba) \u4f5c\u7528(oxidation)", "name": 117, "myGroup": "G3", "label": "\u87ec\u86fb", "nodeSupportPercent": 12.738108295857556, "id": 117}}, {"data": {"popup": "  \u6c23(\u5bd2) \u5473(\u82e6) \u7d93\u7d61(\u809d)", "name": 121, "myGroup": "G1", "label": "\u8d64\u828d", "nodeSupportPercent": 3.981572885817703, "id": 121}}, {"data": {"popup": "  \u6c23(\u6eab) \u5473(\u8f9b) \u7d93\u7d61(\u80ba,\u80c3) \u4f5c\u7528(allergy,bacteria,infection,inflammation)", "name": 123, "myGroup": "G2", "label": "\u8f9b\u5937", "nodeSupportPercent": 2.204672589667654, "id": 123}}, {"data": {"popup": "  \u4f5c\u7528(allergy)", "name": 125, "myGroup": "G2", "label": "\u8f9b\u5937\u6e05\u80ba\u6e6f", "nodeSupportPercent": 4.244817374136229, "id": 125}}, {"data": {"popup": "  \u6c23(\u5bd2) \u5473(\u82e6) \u7d93\u7d61(\u5fc3,\u80ba,\u5c0f\u8178) \u4f5c\u7528(infection)", "name": 126, "myGroup": "G0", "label": "\u9023\u7ff9", "nodeSupportPercent": 15.897042155679866, "id": 126}}], "edges": [{"data": {"source": 128, "Lift": 1.2249521460649342, "is_directed": false, "target": 67, "name": "128-67"}}, {"data": {"source": 128, "Lift": 1.9648461413525569, "is_directed": false, "target": 107, "name": "128-107"}}, {"data": {"source": 128, "Lift": 2.777179285169019, "is_directed": false, "target": 126, "name": "128-126"}}, {"data": {"source": 128, "Lift": 2.139908286788516, "is_directed": false, "target": 63, "name": "128-63"}}, {"data": {"source": 1, "Lift": 1.2375956680407658, "is_directed": false, "target": 67, "name": "1-67"}}, {"data": {"source": 130, "Lift": 1.6300195698359252, "is_directed": false, "target": 67, "name": "130-67"}}, {"data": {"source": 130, "Lift": 6.791128073078688, "is_directed": false, "target": 100, "name": "130-100"}}, {"data": {"source": 130, "Lift": 2.127595880717462, "is_directed": false, "target": 117, "name": "130-117"}}, {"data": {"source": 130, "Lift": 1.8274960729882843, "is_directed": false, "target": 126, "name": "130-126"}}, {"data": {"source": 130, "Lift": 2.1737036501770834, "is_directed": false, "target": 61, "name": "130-61"}}, {"data": {"source": 4, "Lift": 1.3011924977546352, "is_directed": false, "target": 126, "name": "4-126"}}, {"data": {"source": 129, "Lift": 1.4601151297239503, "is_directed": false, "target": 67, "name": "129-67"}}, {"data": {"source": 8, "Lift": 1.5963902971327448, "is_directed": false, "target": 126, "name": "8-126"}}, {"data": {"source": 137, "Lift": 1.2287956314573836, "is_directed": false, "target": 51, "name": "137-51"}}, {"data": {"source": 12, "Lift": 1.3013857943497655, "is_directed": false, "target": 51, "name": "12-51"}}, {"data": {"source": 142, "Lift": 1.3016660892005878, "is_directed": false, "target": 126, "name": "142-126"}}, {"data": {"source": 15, "Lift": 1.0540727802519825, "is_directed": false, "target": 67, "name": "15-67"}}, {"data": {"source": 15, "Lift": 2.2846380402200777, "is_directed": false, "target": 113, "name": "15-113"}}, {"data": {"source": 15, "Lift": 1.806702656569229, "is_directed": false, "target": 16, "name": "15-16"}}, {"data": {"source": 15, "Lift": 1.8537048463942867, "is_directed": false, "target": 81, "name": "15-81"}}, {"data": {"source": 15, "Lift": 1.0283079231669683, "is_directed": false, "target": 51, "name": "15-51"}}, {"data": {"source": 15, "Lift": 1.447712967079403, "is_directed": false, "target": 126, "name": "15-126"}}, {"data": {"source": 16, "Lift": 3.187943383774527, "is_directed": false, "target": 81, "name": "16-81"}}, {"data": {"source": 16, "Lift": 1.4351721188452637, "is_directed": false, "target": 51, "name": "16-51"}}, {"data": {"source": 16, "Lift": 2.100749574090363, "is_directed": false, "target": 108, "name": "16-108"}}, {"data": {"source": 16, "Lift": 3.4094666494944637, "is_directed": false, "target": 116, "name": "16-116"}}, {"data": {"source": 152, "Lift": 1.1083605428817447, "is_directed": false, "target": 51, "name": "152-51"}}, {"data": {"source": 152, "Lift": 1.0544964563701915, "is_directed": false, "target": 67, "name": "152-67"}}, {"data": {"source": 148, "Lift": 1.4255970415508072, "is_directed": false, "target": 67, "name": "148-67"}}, {"data": {"source": 148, "Lift": 3.385598181665393, "is_directed": false, "target": 78, "name": "148-78"}}, {"data": {"source": 148, "Lift": 5.2024304052020875, "is_directed": false, "target": 86, "name": "148-86"}}, {"data": {"source": 148, "Lift": 3.839275687815834, "is_directed": false, "target": 24, "name": "148-24"}}, {"data": {"source": 148, "Lift": 5.77224136445861, "is_directed": false, "target": 25, "name": "148-25"}}, {"data": {"source": 148, "Lift": 1.4791032090303948, "is_directed": false, "target": 126, "name": "148-126"}}, {"data": {"source": 150, "Lift": 1.2015810909024423, "is_directed": false, "target": 67, "name": "150-67"}}, {"data": {"source": 24, "Lift": 5.900886747262773, "is_directed": false, "target": 56, "name": "24-56"}}, {"data": {"source": 24, "Lift": 5.363198713023435, "is_directed": false, "target": 25, "name": "24-25"}}, {"data": {"source": 24, "Lift": 1.3240408658096128, "is_directed": false, "target": 67, "name": "24-67"}}, {"data": {"source": 24, "Lift": 4.075827637285172, "is_directed": false, "target": 78, "name": "24-78"}}, {"data": {"source": 24, "Lift": 9.34424609669078, "is_directed": false, "target": 86, "name": "24-86"}}, {"data": {"source": 25, "Lift": 1.5150723911855764, "is_directed": false, "target": 67, "name": "25-67"}}, {"data": {"source": 25, "Lift": 9.279457753127213, "is_directed": false, "target": 86, "name": "25-86"}}, {"data": {"source": 25, "Lift": 4.557913395959336, "is_directed": false, "target": 78, "name": "25-78"}}, {"data": {"source": 27, "Lift": 1.7656042452818859, "is_directed": false, "target": 126, "name": "27-126"}}, {"data": {"source": 35, "Lift": 12.63608047690015, "is_directed": false, "target": 144, "name": "35-144"}}, {"data": {"source": 45, "Lift": 1.7781797902910528, "is_directed": false, "target": 113, "name": "45-113"}}, {"data": {"source": 45, "Lift": 2.4007608315559437, "is_directed": false, "target": 126, "name": "45-126"}}, {"data": {"source": 48, "Lift": 1.545200930521371, "is_directed": false, "target": 67, "name": "48-67"}}, {"data": {"source": 48, "Lift": 1.9223178407063977, "is_directed": false, "target": 126, "name": "48-126"}}, {"data": {"source": 49, "Lift": 2.5389280211924055, "is_directed": false, "target": 126, "name": "49-126"}}, {"data": {"source": 50, "Lift": 1.8602218835664601, "is_directed": false, "target": 81, "name": "50-81"}}, {"data": {"source": 50, "Lift": 1.2442087746638844, "is_directed": false, "target": 67, "name": "50-67"}}, {"data": {"source": 50, "Lift": 2.825138004299449, "is_directed": false, "target": 117, "name": "50-117"}}, {"data": {"source": 50, "Lift": 1.0643831469600045, "is_directed": false, "target": 51, "name": "50-51"}}, {"data": {"source": 51, "Lift": 1.2894718013681108, "is_directed": false, "target": 97, "name": "51-97"}}, {"data": {"source": 51, "Lift": 1.0552874601324371, "is_directed": false, "target": 102, "name": "51-102"}}, {"data": {"source": 51, "Lift": 1.0922780519409727, "is_directed": false, "target": 113, "name": "51-113"}}, {"data": {"source": 51, "Lift": 1.1406831234627899, "is_directed": false, "target": 74, "name": "51-74"}}, {"data": {"source": 51, "Lift": 1.3004133512088263, "is_directed": false, "target": 108, "name": "51-108"}}, {"data": {"source": 51, "Lift": 1.009286428099727, "is_directed": false, "target": 110, "name": "51-110"}}, {"data": {"source": 51, "Lift": 1.4409834421448364, "is_directed": false, "target": 81, "name": "51-81"}}, {"data": {"source": 51, "Lift": 1.1886578100378156, "is_directed": false, "target": 82, "name": "51-82"}}, {"data": {"source": 51, "Lift": 1.4159178130014374, "is_directed": false, "target": 116, "name": "51-116"}}, {"data": {"source": 51, "Lift": 1.1403503645954323, "is_directed": false, "target": 117, "name": "51-117"}}, {"data": {"source": 51, "Lift": 1.3064004976051466, "is_directed": false, "target": 54, "name": "51-54"}}, {"data": {"source": 51, "Lift": 1.1260843385452164, "is_directed": false, "target": 121, "name": "51-121"}}, {"data": {"source": 51, "Lift": 1.2266915293487235, "is_directed": false, "target": 90, "name": "51-90"}}, {"data": {"source": 51, "Lift": 1.162099829117025, "is_directed": false, "target": 123, "name": "51-123"}}, {"data": {"source": 51, "Lift": 1.2260040590612025, "is_directed": false, "target": 125, "name": "51-125"}}, {"data": {"source": 54, "Lift": 1.1667557637727926, "is_directed": false, "target": 67, "name": "54-67"}}, {"data": {"source": 61, "Lift": 1.4168514845553888, "is_directed": false, "target": 67, "name": "61-67"}}, {"data": {"source": 61, "Lift": 4.284105714919126, "is_directed": false, "target": 71, "name": "61-71"}}, {"data": {"source": 61, "Lift": 2.3093444307462057, "is_directed": false, "target": 108, "name": "61-108"}}, {"data": {"source": 61, "Lift": 1.9369148151478284, "is_directed": false, "target": 81, "name": "61-81"}}, {"data": {"source": 61, "Lift": 1.7343694298836727, "is_directed": false, "target": 117, "name": "61-117"}}, {"data": {"source": 61, "Lift": 5.170601902972656, "is_directed": false, "target": 121, "name": "61-121"}}, {"data": {"source": 61, "Lift": 1.429977019963236, "is_directed": false, "target": 126, "name": "61-126"}}, {"data": {"source": 63, "Lift": 1.4446826257992231, "is_directed": false, "target": 67, "name": "63-67"}}, {"data": {"source": 63, "Lift": 2.0304302026080348, "is_directed": false, "target": 126, "name": "63-126"}}, {"data": {"source": 63, "Lift": 3.991098788851598, "is_directed": false, "target": 71, "name": "63-71"}}, {"data": {"source": 64, "Lift": 2.8551883140812695, "is_directed": false, "target": 126, "name": "64-126"}}, {"data": {"source": 67, "Lift": 2.029856218078455, "is_directed": false, "target": 97, "name": "67-97"}}, {"data": {"source": 67, "Lift": 1.3223806506861238, "is_directed": false, "target": 100, "name": "67-100"}}, {"data": {"source": 67, "Lift": 1.5397800296589224, "is_directed": false, "target": 101, "name": "67-101"}}, {"data": {"source": 67, "Lift": 1.07604642587659, "is_directed": false, "target": 102, "name": "67-102"}}, {"data": {"source": 67, "Lift": 1.4096215440245397, "is_directed": false, "target": 71, "name": "67-71"}}, {"data": {"source": 67, "Lift": 1.672267877739331, "is_directed": false, "target": 72, "name": "67-72"}}, {"data": {"source": 67, "Lift": 1.2009856410527322, "is_directed": false, "target": 107, "name": "67-107"}}, {"data": {"source": 67, "Lift": 1.1988059239566105, "is_directed": false, "target": 108, "name": "67-108"}}, {"data": {"source": 67, "Lift": 1.6634656221182562, "is_directed": false, "target": 78, "name": "67-78"}}, {"data": {"source": 67, "Lift": 1.054184344127481, "is_directed": false, "target": 113, "name": "67-113"}}, {"data": {"source": 67, "Lift": 1.9273170654042924, "is_directed": false, "target": 85, "name": "67-85"}}, {"data": {"source": 67, "Lift": 1.662214688038233, "is_directed": false, "target": 86, "name": "67-86"}}, {"data": {"source": 67, "Lift": 1.4967066068041217, "is_directed": false, "target": 121, "name": "67-121"}}, {"data": {"source": 67, "Lift": 1.2297994066396514, "is_directed": false, "target": 126, "name": "67-126"}}, {"data": {"source": 67, "Lift": 1.128824204768015, "is_directed": false, "target": 117, "name": "67-117"}}, {"data": {"source": 71, "Lift": 4.86586016723003, "is_directed": false, "target": 121, "name": "71-121"}}, {"data": {"source": 71, "Lift": 1.3377012081943336, "is_directed": false, "target": 126, "name": "71-126"}}, {"data": {"source": 74, "Lift": 1.5368167167113551, "is_directed": false, "target": 81, "name": "74-81"}}, {"data": {"source": 78, "Lift": 6.822231298036335, "is_directed": false, "target": 86, "name": "78-86"}}, {"data": {"source": 81, "Lift": 2.8324785131498604, "is_directed": false, "target": 97, "name": "81-97"}}, {"data": {"source": 81, "Lift": 1.907700582170336, "is_directed": false, "target": 108, "name": "81-108"}}, {"data": {"source": 81, "Lift": 2.110674785525833, "is_directed": false, "target": 121, "name": "81-121"}}, {"data": {"source": 82, "Lift": 3.063756309851233, "is_directed": false, "target": 126, "name": "82-126"}}, {"data": {"source": 89, "Lift": 8.364171555147294, "is_directed": false, "target": 107, "name": "89-107"}}, {"data": {"source": 100, "Lift": 1.958665887402486, "is_directed": false, "target": 117, "name": "100-117"}}, {"data": {"source": 100, "Lift": 1.778294190163983, "is_directed": false, "target": 126, "name": "100-126"}}, {"data": {"source": 144, "Lift": 2.249947557984417, "is_directed": false, "target": 126, "name": "144-126"}}, {"data": {"source": 107, "Lift": 1.8838191275637288, "is_directed": false, "target": 126, "name": "107-126"}}, {"data": {"source": 109, "Lift": 2.801825600654163, "is_directed": false, "target": 113, "name": "109-113"}}, {"data": {"source": 113, "Lift": 1.4596581627053469, "is_directed": false, "target": 126, "name": "113-126"}}, {"data": {"source": 117, "Lift": 1.354150053286043, "is_directed": false, "target": 126, "name": "117-126"}}, {"data": {"source": 121, "Lift": 1.4094368456666693, "is_directed": false, "target": 126, "name": "121-126"}}]}, "data": {"description": "<h1>\u7570\u4f4d\u6027\u76ae\u819a\u708e\u4e2d\u91ab\u6cbb\u7642\u5716\u8b5c</h1><h2>atopic dermatitis_(Support=0.75%, Confidence=20.0% (cc))cc</h2>", "name": "atopic dermatitis_(Support=0.75%, Confidence=20.0% (cc))cc", "tags": ["atopic dermatitis", "\u7570\u4f4d\u6027\u76ae\u819a\u708e\u4e2d\u91ab\u6cbb\u7642\u5716\u8b5c", "\u570b\u7db2\u4e2d\u5fc3"]}}