{"elements": {"nodes": [{"data": {"popup": "  \u6c23(\u5bd2) \u5473(\u7518) \u7d93\u7d61(\u80ba,\u5927\u8178,\u80c3) \u4f5c\u7528(infection,inflammation)", "name": 128, "myGroup": "G4", "label": "\u91d1\u9280\u82b1", "nodeSupportPercent": 10.310409125808928, "id": 128}}, {"data": {"popup": "  \u6c23(\u6eab) \u5473(\u8f9b,\u7518) \u7d93\u7d61(\u809d,\u813e,\u8180\u80f1) \u4f5c\u7528(allergy,bacteria,inflammation,oxidation)", "name": 130, "myGroup": "G2", "label": "\u9632\u98a8", "nodeSupportPercent": 5.436729918467332, "id": 130}}, {"data": {"popup": " ", "name": 12, "myGroup": "G0", "label": "\u53c3\u82d3\u767d\u672e\u6563", "nodeSupportPercent": 2.285108405542759, "id": 12}}, {"data": {"popup": "  \u6c23(\u5bd2) \u5473(\u82e6) \u7d93\u7d61(\u8180\u80f1)", "name": 16, "myGroup": "G0", "label": "\u5730\u819a\u5b50", "nodeSupportPercent": 11.970311871595188, "id": 16}}, {"data": {"popup": "  \u6c23(\u5bd2) \u5473(\u82e6) \u7d93\u7d61(\u809d,\u5fc3,\u813e,\u5927\u8178,\u80c3) \u4f5c\u7528(allergy,bacteria,infection,inflammation)", "name": 24, "myGroup": "G3", "label": "\u5927\u9ec3", "nodeSupportPercent": 6.010749149939673, "id": 24}}, {"data": {"popup": "  \u6c23(\u5bd2) \u5473(\u82e6) \u7d93\u7d61(\u5fc3,\u80ba,\u80c3,\u4e09\u7126) \u4f5c\u7528(allergy,oxidation)", "name": 49, "myGroup": "G4", "label": "\u6894\u5b50", "nodeSupportPercent": 2.4276991700486272, "id": 49}}, {"data": {"popup": "  \u4f5c\u7528(allergy)", "name": 51, "myGroup": "G0", "label": "\u6d88\u98a8\u6563", "nodeSupportPercent": 31.965924463456545, "id": 51}}, {"data": {"popup": "  \u4f5c\u7528(allergy)", "name": 54, "myGroup": "G0", "label": "\u6eab\u6e05\u98f2", "nodeSupportPercent": 3.9047932433914663, "id": 54}}, {"data": {"popup": "  \u6c23(\u5bd2) \u5473(\u8f9b,\u82e6) \u7d93\u7d61(\u809d,\u5fc3,\u814e) \u4f5c\u7528(allergy,bacteria,inflammation,oxidation)", "name": 61, "myGroup": "G1", "label": "\u7261\u4e39\u76ae", "nodeSupportPercent": 9.714452853643376, "id": 61}}, {"data": {"popup": " ", "name": 64, "myGroup": "G4", "label": "\u7389\u5973\u714e", "nodeSupportPercent": 2.5373843735146795, "id": 64}}, {"data": {"popup": "  \u6c23(\u5bd2) \u5473(\u7518,\u82e6) \u7d93\u7d61(\u809d,\u5fc3,\u814e) \u4f5c\u7528(allergy,bacteria,infection,inflammation,oxidation)", "name": 71, "myGroup": "G1", "label": "\u751f\u5730\u9ec3", "nodeSupportPercent": 5.604913897115279, "id": 71}}, {"data": {"popup": "  \u6c23(\u6eab) \u5473(\u8f9b) \u7d93\u7d61(\u80ba,\u5927\u8178,\u80c3) \u4f5c\u7528(allergy,bacteria,infection,inflammation)", "name": 78, "myGroup": "G3", "label": "\u767d\u82b7", "nodeSupportPercent": 7.476874702935907, "id": 78}}, {"data": {"popup": "  \u6c23(\u5bd2) \u5473(\u82e6) \u7d93\u7d61(\u813e,\u80c3) \u4f5c\u7528(inflammation)", "name": 81, "myGroup": "G0", "label": "\u767d\u9bae\u76ae", "nodeSupportPercent": 13.83496033051808, "id": 81}}, {"data": {"popup": "  \u6c23(\u6eab) \u5473(\u8f9b)", "name": 82, "myGroup": "G4", "label": "\u7682\u523a", "nodeSupportPercent": 2.116924426894812, "id": 82}}, {"data": {"popup": "  \u6c23(\u6eab) \u5473(\u8f9b) \u7d93\u7d61(\u813e,\u80c3) \u4f5c\u7528(infection)", "name": 86, "myGroup": "G3", "label": "\u7802\u4ec1", "nodeSupportPercent": 3.2613067163906257, "id": 86}}, {"data": {"popup": "  \u6c23(\u5bd2) \u5473(\u8f9b,\u82e6) \u7d93\u7d61(\u809d,\u5fc3) \u4f5c\u7528(bacteria)", "name": 89, "myGroup": "G5", "label": "\u7d2b\u82b1\u5730\u4e01", "nodeSupportPercent": 1.8463675916785491, "id": 89}}, {"data": {"popup": "  \u6c23(\u5bd2) \u5473(\u82e6) \u7d93\u7d61(\u809d,\u5fc3,\u5927\u8178,\u80c3,\u8180\u80f1) \u4f5c\u7528(allergy,bacteria,infection,oxidation)", "name": 97, "myGroup": "G0", "label": "\u82e6\u53c3", "nodeSupportPercent": 2.5191035062703375, "id": 97}}, {"data": {"popup": "  \u6c23(\u6eab) \u5473(\u8f9b) \u7d93\u7d61(\u809d,\u80ba)", "name": 100, "myGroup": "G2", "label": "\u834a\u82a5", "nodeSupportPercent": 7.268472816350408, "id": 100}}, {"data": {"popup": "  \u6c23(\u5bd2) \u5473(\u7518,\u82e6) \u7d93\u7d61(\u809d,\u80c3) \u4f5c\u7528(bacteria)", "name": 107, "myGroup": "G5", "label": "\u84b2\u516c\u82f1", "nodeSupportPercent": 6.226463383422909, "id": 107}}, {"data": {"popup": " ", "name": 108, "myGroup": "G0", "label": "\u84ba\u85dc", "nodeSupportPercent": 4.987020584256517, "id": 108}}, {"data": {"popup": "  \u6c23(\u6eab) \u5473(\u8f9b,\u82e6) \u7d93\u7d61(\u814e) \u4f5c\u7528(allergy,bacteria,inflammation)", "name": 116, "myGroup": "G0", "label": "\u86c7\u5e8a\u5b50", "nodeSupportPercent": 1.8902416730649703, "id": 116}}, {"data": {"popup": "  \u6c23(\u5bd2) \u5473(\u82e6) \u7d93\u7d61(\u809d)", "name": 121, "myGroup": "G1", "label": "\u8d64\u828d", "nodeSupportPercent": 3.981572885817703, "id": 121}}, {"data": {"popup": "  \u6c23(\u5bd2) \u5473(\u82e6) \u7d93\u7d61(\u5fc3,\u80ba,\u5c0f\u8178) \u4f5c\u7528(infection)", "name": 126, "myGroup": "G4", "label": "\u9023\u7ff9", "nodeSupportPercent": 15.897042155679866, "id": 126}}], "edges": [{"data": {"source": 128, "Lift": 2.777179285169019, "is_directed": false, "target": 126, "name": "128-126"}}, {"data": {"source": 130, "Lift": 6.791128073078688, "is_directed": false, "target": 100, "name": "130-100"}}, {"data": {"source": 12, "Lift": 1.3013857943497655, "is_directed": false, "target": 51, "name": "12-51"}}, {"data": {"source": 16, "Lift": 3.187943383774527, "is_directed": false, "target": 81, "name": "16-81"}}, {"data": {"source": 16, "Lift": 1.4351721188452637, "is_directed": false, "target": 51, "name": "16-51"}}, {"data": {"source": 16, "Lift": 3.4094666494944637, "is_directed": false, "target": 116, "name": "16-116"}}, {"data": {"source": 24, "Lift": 9.34424609669078, "is_directed": false, "target": 86, "name": "24-86"}}, {"data": {"source": 49, "Lift": 2.5389280211924055, "is_directed": false, "target": 126, "name": "49-126"}}, {"data": {"source": 51, "Lift": 1.2894718013681108, "is_directed": false, "target": 97, "name": "51-97"}}, {"data": {"source": 51, "Lift": 1.3004133512088263, "is_directed": false, "target": 108, "name": "51-108"}}, {"data": {"source": 51, "Lift": 1.4409834421448364, "is_directed": false, "target": 81, "name": "51-81"}}, {"data": {"source": 51, "Lift": 1.3064004976051466, "is_directed": false, "target": 54, "name": "51-54"}}, {"data": {"source": 51, "Lift": 1.4159178130014374, "is_directed": false, "target": 116, "name": "51-116"}}, {"data": {"source": 61, "Lift": 5.170601902972656, "is_directed": false, "target": 121, "name": "61-121"}}, {"data": {"source": 61, "Lift": 4.284105714919126, "is_directed": false, "target": 71, "name": "61-71"}}, {"data": {"source": 64, "Lift": 2.8551883140812695, "is_directed": false, "target": 126, "name": "64-126"}}, {"data": {"source": 78, "Lift": 6.822231298036335, "is_directed": false, "target": 86, "name": "78-86"}}, {"data": {"source": 82, "Lift": 3.063756309851233, "is_directed": false, "target": 126, "name": "82-126"}}, {"data": {"source": 89, "Lift": 8.364171555147294, "is_directed": false, "target": 107, "name": "89-107"}}]}, "data": {"description": "<h1>\u7570\u4f4d\u6027\u76ae\u819a\u708e\u4e2d\u91ab\u6cbb\u7642\u5716\u8b5c</h1><h2>atopic dermatitis_(Support=0.75%, Confidence=40.0% (cc))cc</h2>", "name": "atopic dermatitis_(Support=0.75%, Confidence=40.0% (cc))cc", "tags": ["atopic dermatitis", "\u7570\u4f4d\u6027\u76ae\u819a\u708e\u4e2d\u91ab\u6cbb\u7642\u5716\u8b5c", "\u570b\u7db2\u4e2d\u5fc3"]}}