{"elements": {"nodes": [{"data": {"popup": "  \u6c23(\u5e73) \u5473(\u7518) \u7d93\u7d61(\u809d,\u80c3) \u4f5c\u7528(allergy,inflammation)", "name": 13, "myGroup": "G0", "label": "\u571f\u832f\u82d3", "nodeSupportPercent": 7.641402508134986, "id": 13}}, {"data": {"popup": "  \u6c23(\u5bd2) \u5473(\u82e6) \u7d93\u7d61(\u8180\u80f1)", "name": 14, "myGroup": "G0", "label": "\u5730\u819a\u5b50", "nodeSupportPercent": 11.970311871595188, "id": 14}}, {"data": {"popup": "  \u6c23(\u5bd2) \u5473(\u82e6) \u7d93\u7d61(\u809d,\u5fc3,\u813e,\u5927\u8178,\u80c3) \u4f5c\u7528(allergy,bacteria,infection,inflammation)", "name": 16, "myGroup": "G2", "label": "\u5927\u9ec3", "nodeSupportPercent": 6.010749149939673, "id": 16}}, {"data": {"popup": "  \u6c23(\u5bd2) \u5473(\u7518,\u82e6) \u7d93\u7d61(\u80ba,\u80c3) \u4f5c\u7528(allergy,bacteria,inflammation)", "name": 17, "myGroup": "G2", "label": "\u5929\u82b1\u7c89", "nodeSupportPercent": 2.778691821139995, "id": 17}}, {"data": {"popup": "  \u6c23(\u5bd2) \u5473(\u7518) \u7d93\u7d61(\u80ba)", "name": 31, "myGroup": "G3", "label": "\u6851\u767d\u76ae", "nodeSupportPercent": 4.742056963182334, "id": 31}}, {"data": {"popup": "  \u6c23(\u5e73) \u5473(\u8f9b,\u9e79) \u7d93\u7d61(\u809d,\u80ba)", "name": 35, "myGroup": "G0", "label": "\u6bad\u8836", "nodeSupportPercent": 3.352711052612336, "id": 35}}, {"data": {"popup": "  \u4f5c\u7528(allergy)", "name": 36, "myGroup": "G0", "label": "\u6d88\u98a8\u6563", "nodeSupportPercent": 31.965924463456545, "id": 36}}, {"data": {"popup": "  \u4f5c\u7528(allergy)", "name": 39, "myGroup": "G0", "label": "\u6eab\u6e05\u98f2", "nodeSupportPercent": 3.9047932433914663, "id": 39}}, {"data": {"popup": "  \u6c23(\u5bd2) \u5473(\u8f9b,\u82e6) \u7d93\u7d61(\u809d,\u5fc3,\u814e) \u4f5c\u7528(allergy,bacteria,inflammation,oxidation)", "name": 45, "myGroup": "G1", "label": "\u7261\u4e39\u76ae", "nodeSupportPercent": 9.714452853643376, "id": 45}}, {"data": {"popup": "  \u6c23(\u5bd2) \u5473(\u7518,\u82e6,\u9e79) \u7d93\u7d61(\u80ba,\u814e,\u80c3) \u4f5c\u7528(inflammation)", "name": 46, "myGroup": "G3", "label": "\u7384\u53c3", "nodeSupportPercent": 3.5793938064421775, "id": 46}}, {"data": {"popup": " ", "name": 47, "myGroup": "G3", "label": "\u7389\u5973\u714e", "nodeSupportPercent": 2.5373843735146795, "id": 47}}, {"data": {"popup": "  \u6c23(\u5e73) \u5473(\u7518) \u7d93\u7d61(\u5fc3,\u813e,\u80ba,\u80c3) \u4f5c\u7528(allergy,bacteria,inflammation)", "name": 50, "myGroup": "G2", "label": "\u7518\u8349", "nodeSupportPercent": 19.019414281013493, "id": 50}}, {"data": {"popup": "  \u6c23(\u5bd2) \u5473(\u7518,\u82e6) \u7d93\u7d61(\u809d,\u5fc3,\u814e) \u4f5c\u7528(allergy,bacteria,infection,inflammation,oxidation)", "name": 53, "myGroup": "G1", "label": "\u751f\u5730\u9ec3", "nodeSupportPercent": 5.604913897115279, "id": 53}}, {"data": {"popup": " ", "name": 56, "myGroup": "G0", "label": "\u7576\u6b78\u98f2\u5b50", "nodeSupportPercent": 7.359877152572118, "id": 56}}, {"data": {"popup": "  \u6c23(\u6eab) \u5473(\u8f9b) \u7d93\u7d61(\u80ba,\u5927\u8178,\u80c3) \u4f5c\u7528(allergy,bacteria,infection,inflammation)", "name": 59, "myGroup": "G2", "label": "\u767d\u82b7", "nodeSupportPercent": 7.476874702935907, "id": 59}}, {"data": {"popup": "  \u6c23(\u5bd2) \u5473(\u82e6) \u7d93\u7d61(\u813e,\u80c3) \u4f5c\u7528(inflammation)", "name": 61, "myGroup": "G0", "label": "\u767d\u9bae\u76ae", "nodeSupportPercent": 13.83496033051808, "id": 61}}, {"data": {"popup": "  \u6c23(\u6eab) \u5473(\u8f9b)", "name": 62, "myGroup": "G3", "label": "\u7682\u523a", "nodeSupportPercent": 2.116924426894812, "id": 62}}, {"data": {"popup": "  \u6c23(\u6eab) \u5473(\u8f9b) \u7d93\u7d61(\u813e,\u80c3) \u4f5c\u7528(infection)", "name": 66, "myGroup": "G2", "label": "\u7802\u4ec1", "nodeSupportPercent": 3.2613067163906257, "id": 66}}, {"data": {"popup": "  \u6c23(\u5bd2) \u5473(\u82e6) \u7d93\u7d61(\u809d,\u5fc3,\u5927\u8178,\u80c3,\u8180\u80f1) \u4f5c\u7528(allergy,bacteria,infection,oxidation)", "name": 74, "myGroup": "G0", "label": "\u82e6\u53c3", "nodeSupportPercent": 2.5191035062703375, "id": 74}}, {"data": {"popup": "  \u6c23(\u6eab) \u5473(\u8f9b) \u7d93\u7d61(\u809d,\u80ba)", "name": 76, "myGroup": "G2", "label": "\u834a\u82a5", "nodeSupportPercent": 7.268472816350408, "id": 76}}, {"data": {"popup": " ", "name": 78, "myGroup": "G0", "label": "\u834a\u9632\u6557\u6bd2\u6563", "nodeSupportPercent": 10.361595554093086, "id": 78}}, {"data": {"popup": " ", "name": 83, "myGroup": "G0", "label": "\u84ba\u85dc", "nodeSupportPercent": 4.987020584256517, "id": 83}}, {"data": {"popup": "  \u6c23(\u5bd2) \u5473(\u7518) \u7d93\u7d61(\u813e,\u80ba,\u80c3)", "name": 88, "myGroup": "G0", "label": "\u858f\u82e1\u4ec1", "nodeSupportPercent": 11.707067383276662, "id": 88}}, {"data": {"popup": "  \u6c23(\u5bd2) \u5473(\u7518) \u7d93\u7d61(\u809d,\u80ba) \u4f5c\u7528(oxidation)", "name": 90, "myGroup": "G0", "label": "\u87ec\u86fb", "nodeSupportPercent": 12.738108295857556, "id": 90}}, {"data": {"popup": "  \u6c23(\u5bd2) \u5473(\u82e6) \u7d93\u7d61(\u809d)", "name": 94, "myGroup": "G1", "label": "\u8d64\u828d", "nodeSupportPercent": 3.981572885817703, "id": 94}}, {"data": {"popup": "  \u4f5c\u7528(allergy)", "name": 97, "myGroup": "G0", "label": "\u8f9b\u5937\u6e05\u80ba\u6e6f", "nodeSupportPercent": 4.244817374136229, "id": 97}}, {"data": {"popup": "  \u6c23(\u5bd2) \u5473(\u82e6) \u7d93\u7d61(\u5fc3,\u80ba,\u5c0f\u8178) \u4f5c\u7528(infection)", "name": 98, "myGroup": "G3", "label": "\u9023\u7ff9", "nodeSupportPercent": 15.897042155679866, "id": 98}}, {"data": {"popup": "  \u6c23(\u5bd2) \u5473(\u7518) \u7d93\u7d61(\u80ba,\u5927\u8178,\u80c3) \u4f5c\u7528(infection,inflammation)", "name": 100, "myGroup": "G3", "label": "\u91d1\u9280\u82b1", "nodeSupportPercent": 10.310409125808928, "id": 100}}, {"data": {"popup": "  \u6c23(\u6eab) \u5473(\u8f9b,\u7518) \u7d93\u7d61(\u809d,\u813e,\u8180\u80f1) \u4f5c\u7528(allergy,bacteria,inflammation,oxidation)", "name": 102, "myGroup": "G2", "label": "\u9632\u98a8", "nodeSupportPercent": 5.436729918467332, "id": 102}}, {"data": {"popup": "  \u6c23(\u5bd2) \u5473(\u82e6) \u7d93\u7d61(\u809d,\u80ba,\u81bd,\u5927\u8178,\u80c3) \u4f5c\u7528(bacteria)", "name": 115, "myGroup": "G2", "label": "\u9ec3\u82a9", "nodeSupportPercent": 6.701765931775803, "id": 115}}, {"data": {"popup": "  \u4f5c\u7528(inflammation)", "name": 118, "myGroup": "G0", "label": "\u9f8d\u81bd\u7009\u809d\u6e6f", "nodeSupportPercent": 5.231984205330701, "id": 118}}], "edges": [{"data": {"source": 13, "Lift": 1.0283079231669683, "is_directed": false, "target": 36, "name": "13-36"}}, {"data": {"source": 14, "Lift": 1.4351721188452637, "is_directed": false, "target": 36, "name": "14-36"}}, {"data": {"source": 14, "Lift": 3.187943383774527, "is_directed": false, "target": 61, "name": "14-61"}}, {"data": {"source": 16, "Lift": 9.34424609669078, "is_directed": false, "target": 66, "name": "16-66"}}, {"data": {"source": 16, "Lift": 4.075827637285172, "is_directed": false, "target": 59, "name": "16-59"}}, {"data": {"source": 17, "Lift": 5.77224136445861, "is_directed": false, "target": 115, "name": "17-115"}}, {"data": {"source": 31, "Lift": 2.4007608315559437, "is_directed": false, "target": 98, "name": "31-98"}}, {"data": {"source": 35, "Lift": 2.825138004299449, "is_directed": false, "target": 90, "name": "35-90"}}, {"data": {"source": 35, "Lift": 1.0643831469600045, "is_directed": false, "target": 36, "name": "35-36"}}, {"data": {"source": 36, "Lift": 1.2260040590612025, "is_directed": false, "target": 97, "name": "36-97"}}, {"data": {"source": 36, "Lift": 1.3064004976051466, "is_directed": false, "target": 39, "name": "36-39"}}, {"data": {"source": 36, "Lift": 1.2894718013681108, "is_directed": false, "target": 74, "name": "36-74"}}, {"data": {"source": 36, "Lift": 1.0552874601324371, "is_directed": false, "target": 78, "name": "36-78"}}, {"data": {"source": 36, "Lift": 1.0922780519409727, "is_directed": false, "target": 88, "name": "36-88"}}, {"data": {"source": 36, "Lift": 1.3004133512088263, "is_directed": false, "target": 83, "name": "36-83"}}, {"data": {"source": 36, "Lift": 1.1083605428817447, "is_directed": false, "target": 118, "name": "36-118"}}, {"data": {"source": 36, "Lift": 1.1406831234627899, "is_directed": false, "target": 56, "name": "36-56"}}, {"data": {"source": 36, "Lift": 1.1403503645954323, "is_directed": false, "target": 90, "name": "36-90"}}, {"data": {"source": 36, "Lift": 1.4409834421448364, "is_directed": false, "target": 61, "name": "36-61"}}, {"data": {"source": 36, "Lift": 1.1260843385452164, "is_directed": false, "target": 94, "name": "36-94"}}, {"data": {"source": 45, "Lift": 4.284105714919126, "is_directed": false, "target": 53, "name": "45-53"}}, {"data": {"source": 45, "Lift": 5.170601902972656, "is_directed": false, "target": 94, "name": "45-94"}}, {"data": {"source": 46, "Lift": 2.0304302026080348, "is_directed": false, "target": 98, "name": "46-98"}}, {"data": {"source": 47, "Lift": 2.8551883140812695, "is_directed": false, "target": 98, "name": "47-98"}}, {"data": {"source": 50, "Lift": 1.662214688038233, "is_directed": false, "target": 66, "name": "50-66"}}, {"data": {"source": 50, "Lift": 1.6634656221182562, "is_directed": false, "target": 59, "name": "50-59"}}, {"data": {"source": 50, "Lift": 1.6300195698359252, "is_directed": false, "target": 102, "name": "50-102"}}, {"data": {"source": 59, "Lift": 6.822231298036335, "is_directed": false, "target": 66, "name": "59-66"}}, {"data": {"source": 62, "Lift": 3.063756309851233, "is_directed": false, "target": 98, "name": "62-98"}}, {"data": {"source": 66, "Lift": 5.2024304052020875, "is_directed": false, "target": 115, "name": "66-115"}}, {"data": {"source": 76, "Lift": 6.791128073078688, "is_directed": false, "target": 102, "name": "76-102"}}, {"data": {"source": 98, "Lift": 2.777179285169019, "is_directed": false, "target": 100, "name": "98-100"}}]}, "data": {"description": "<h1>\u7570\u4f4d\u6027\u76ae\u819a\u708e\u4e2d\u91ab\u6cbb\u7642\u5716\u8b5c</h1><h2>atopic dermatitis_(Support=1.0%, Confidence=30.0% (cc))cc</h2>", "name": "atopic dermatitis_(Support=1.0%, Confidence=30.0% (cc))cc", "tags": ["atopic dermatitis", "\u7570\u4f4d\u6027\u76ae\u819a\u708e\u4e2d\u91ab\u6cbb\u7642\u5716\u8b5c", "\u570b\u7db2\u4e2d\u5fc3"]}}