{"elements": {"nodes": [{"data": {"popup": "  \u6c23(\u5bd2) \u5473(\u82e6) \u7d93\u7d61(\u809d,\u5fc3,\u5927\u8178,\u80c3,\u8180\u80f1) \u4f5c\u7528(allergy,bacteria,infection,oxidation)", "name": 131, "myGroup": "G3", "label": "\u82e6\u53c3", "nodeSupportPercent": 2.5191035062703375, "id": 131}}, {"data": {"popup": "  \u6c23(\u5bd2) \u5473(\u82e6) \u7d93\u7d61(\u809d,\u80ba,\u81bd,\u5927\u8178,\u80c3) \u4f5c\u7528(bacteria)", "name": 196, "myGroup": "G5", "label": "\u9ec3\u82a9", "nodeSupportPercent": 6.701765931775803, "id": 196}}, {"data": {"popup": "  \u6c23(\u6eab) \u5473(\u8f9b) \u7d93\u7d61(\u809d,\u80ba)", "name": 136, "myGroup": "G2", "label": "\u834a\u82a5", "nodeSupportPercent": 7.268472816350408, "id": 136}}, {"data": {"popup": " ", "name": 138, "myGroup": "G3", "label": "\u834a\u9632\u6557\u6bd2\u6563", "nodeSupportPercent": 10.361595554093086, "id": 138}}, {"data": {"popup": "  \u6c23(\u5bd2) \u5473(\u7518,\u82e6) \u7d93\u7d61(\u809d,\u80ba)", "name": 140, "myGroup": "G3", "label": "\u83ca\u82b1", "nodeSupportPercent": 1.579466929911155, "id": 140}}, {"data": {"popup": "  \u6c23(\u6eab) \u5473(\u8f9b,\u7518) \u7d93\u7d61(\u809d,\u813e,\u8180\u80f1) \u4f5c\u7528(allergy,bacteria,inflammation,oxidation)", "name": 173, "myGroup": "G2", "label": "\u9632\u98a8", "nodeSupportPercent": 5.436729918467332, "id": 173}}, {"data": {"popup": " ", "name": 16, "myGroup": "G3", "label": "\u53c3\u82d3\u767d\u672e\u6563", "nodeSupportPercent": 2.285108405542759, "id": 16}}, {"data": {"popup": " ", "name": 145, "myGroup": "G3", "label": "\u84ba\u85dc", "nodeSupportPercent": 4.987020584256517, "id": 145}}, {"data": {"popup": "  \u6c23(\u6eab) \u5473(\u8f9b,\u82e6) \u7d93\u7d61(\u813e,\u80c3) \u4f5c\u7528(allergy,inflammation,oxidation)", "name": 146, "myGroup": "G0", "label": "\u84bc\u672e", "nodeSupportPercent": 2.5191035062703375, "id": 146}}, {"data": {"popup": "  \u6c23(\u5e73) \u5473(\u7518) \u7d93\u7d61(\u809d,\u80c3) \u4f5c\u7528(allergy,inflammation)", "name": 19, "myGroup": "G3", "label": "\u571f\u832f\u82d3", "nodeSupportPercent": 7.641402508134986, "id": 19}}, {"data": {"popup": "  \u6c23(\u5bd2) \u5473(\u82e6) \u7d93\u7d61(\u8180\u80f1)", "name": 20, "myGroup": "G3", "label": "\u5730\u819a\u5b50", "nodeSupportPercent": 11.970311871595188, "id": 20}}, {"data": {"popup": "  \u6c23(\u6dbc) \u5473(\u8f9b) \u7d93\u7d61(\u809d,\u80ba)", "name": 149, "myGroup": "G2", "label": "\u8584\u8377", "nodeSupportPercent": 2.0767065189572596, "id": 149}}, {"data": {"popup": "  \u6c23(\u5bd2) \u5473(\u7518) \u7d93\u7d61(\u813e,\u80ba,\u80c3)", "name": 150, "myGroup": "G0", "label": "\u858f\u82e1\u4ec1", "nodeSupportPercent": 11.707067383276662, "id": 150}}, {"data": {"popup": "  \u6c23(\u6eab) \u5473(\u8f9b,\u82e6) \u7d93\u7d61(\u814e) \u4f5c\u7528(allergy,bacteria,inflammation)", "name": 153, "myGroup": "G3", "label": "\u86c7\u5e8a\u5b50", "nodeSupportPercent": 1.8902416730649703, "id": 153}}, {"data": {"popup": "  \u6c23(\u5bd2) \u5473(\u7518) \u7d93\u7d61(\u809d,\u80ba) \u4f5c\u7528(oxidation)", "name": 154, "myGroup": "G2", "label": "\u87ec\u86fb", "nodeSupportPercent": 12.738108295857556, "id": 154}}, {"data": {"popup": "  \u6c23(\u5bd2) \u5473(\u82e6) \u7d93\u7d61(\u809d,\u5fc3,\u813e,\u5927\u8178,\u80c3) \u4f5c\u7528(allergy,bacteria,infection,inflammation)", "name": 29, "myGroup": "G5", "label": "\u5927\u9ec3", "nodeSupportPercent": 6.010749149939673, "id": 29}}, {"data": {"popup": "  \u6c23(\u5bd2) \u5473(\u7518,\u82e6) \u7d93\u7d61(\u80ba,\u80c3) \u4f5c\u7528(allergy,bacteria,inflammation)", "name": 30, "myGroup": "G5", "label": "\u5929\u82b1\u7c89", "nodeSupportPercent": 2.778691821139995, "id": 30}}, {"data": {"popup": "  \u6c23(\u5e73) \u5473(\u7518,\u9178) \u7d93\u7d61(\u5fc3,\u5c0f\u8178)", "name": 159, "myGroup": "G1", "label": "\u8d64\u5c0f\u8c46", "nodeSupportPercent": 0.6032686190632883, "id": 159}}, {"data": {"popup": "  \u6c23(\u5bd2) \u5473(\u82e6) \u7d93\u7d61(\u809d)", "name": 160, "myGroup": "G4", "label": "\u8d64\u828d", "nodeSupportPercent": 3.981572885817703, "id": 160}}, {"data": {"popup": "  \u6c23(\u5bd2) \u5473(\u7518) \u7d93\u7d61(\u80ba,\u814e) \u4f5c\u7528(inflammation)", "name": 21, "myGroup": "G3", "label": "\u5730\u9aa8\u76ae", "nodeSupportPercent": 1.7842126430477863, "id": 21}}, {"data": {"popup": "  \u6c23(\u6eab) \u5473(\u8f9b) \u7d93\u7d61(\u80ba,\u80c3) \u4f5c\u7528(allergy,bacteria,infection,inflammation)", "name": 164, "myGroup": "G3", "label": "\u8f9b\u5937", "nodeSupportPercent": 2.204672589667654, "id": 164}}, {"data": {"popup": " ", "name": 165, "myGroup": "G3", "label": "\u8f9b\u5937\u6563", "nodeSupportPercent": 1.6745274395817338, "id": 165}}, {"data": {"popup": "  \u4f5c\u7528(allergy)", "name": 166, "myGroup": "G3", "label": "\u8f9b\u5937\u6e05\u80ba\u6e6f", "nodeSupportPercent": 4.244817374136229, "id": 166}}, {"data": {"popup": "  \u6c23(\u5bd2) \u5473(\u82e6) \u7d93\u7d61(\u5fc3,\u80ba,\u5c0f\u8178) \u4f5c\u7528(infection)", "name": 168, "myGroup": "G1", "label": "\u9023\u7ff9", "nodeSupportPercent": 15.897042155679866, "id": 168}}, {"data": {"popup": " ", "name": 170, "myGroup": "G3", "label": "\u91d1\u87ec", "nodeSupportPercent": 1.941428101349128, "id": 170}}, {"data": {"popup": "  \u6c23(\u5bd2) \u5473(\u7518) \u7d93\u7d61(\u80ba,\u5927\u8178,\u80c3) \u4f5c\u7528(infection,inflammation)", "name": 171, "myGroup": "G1", "label": "\u91d1\u9280\u82b1", "nodeSupportPercent": 10.310409125808928, "id": 171}}, {"data": {"popup": "  \u6c23(\u6eab) \u5473(\u82e6) \u7d93\u7d61(\u80ba,\u5927\u8178)", "name": 45, "myGroup": "G1", "label": "\u674f\u4ec1", "nodeSupportPercent": 2.55932141420789, "id": 45}}, {"data": {"popup": "  \u6c23(\u5bd2) \u5473(\u8f9b,\u82e6) \u7d93\u7d61(\u813e,\u5927\u8178,\u80c3) \u4f5c\u7528(inflammation)", "name": 49, "myGroup": "G2", "label": "\u67b3\u5be6", "nodeSupportPercent": 1.7439947351102336, "id": 49}}, {"data": {"popup": "  \u4f5c\u7528(bacteria,infection,inflammation,oxidation)", "name": 50, "myGroup": "G2", "label": "\u67b3\u6bbc", "nodeSupportPercent": 1.2723483602062082, "id": 50}}, {"data": {"popup": "  \u4f5c\u7528(allergy,inflammation)", "name": 181, "myGroup": "G3", "label": "\u9999\u7802\u516d\u541b\u5b50\u6e6f", "nodeSupportPercent": 1.9450842747979964, "id": 181}}, {"data": {"popup": "  \u6c23(\u5bd2) \u5473(\u8f9b) \u7d93\u7d61(\u80ba)", "name": 183, "myGroup": "G2", "label": "\u9b5a\u8165\u8349", "nodeSupportPercent": 2.1315491206902855, "id": 183}}, {"data": {"popup": "  \u6c23(\u5bd2) \u5473(\u7518) \u7d93\u7d61(\u80ba)", "name": 60, "myGroup": "G1", "label": "\u6851\u767d\u76ae", "nodeSupportPercent": 4.742056963182334, "id": 60}}, {"data": {"popup": "  \u6c23(\u5e73) \u5473(\u8f9b,\u82e6) \u7d93\u7d61(\u80ba)", "name": 63, "myGroup": "G1", "label": "\u6854\u6897", "nodeSupportPercent": 2.811597382179811, "id": 63}}, {"data": {"popup": "  \u6c23(\u5bd2) \u5473(\u82e6) \u7d93\u7d61(\u5fc3,\u80ba,\u80c3,\u4e09\u7126) \u4f5c\u7528(allergy,oxidation)", "name": 64, "myGroup": "G1", "label": "\u6894\u5b50", "nodeSupportPercent": 2.4276991700486272, "id": 64}}, {"data": {"popup": "  \u6c23(\u5e73) \u5473(\u8f9b,\u9e79) \u7d93\u7d61(\u809d,\u80ba)", "name": 66, "myGroup": "G2", "label": "\u6bad\u8836", "nodeSupportPercent": 3.352711052612336, "id": 66}}, {"data": {"popup": "  \u4f5c\u7528(allergy)", "name": 68, "myGroup": "G3", "label": "\u6d88\u98a8\u6563", "nodeSupportPercent": 31.965924463456545, "id": 68}}, {"data": {"popup": "  \u4f5c\u7528(inflammation)", "name": 200, "myGroup": "G3", "label": "\u9f8d\u81bd\u7009\u809d\u6e6f", "nodeSupportPercent": 5.231984205330701, "id": 200}}, {"data": {"popup": "  \u4f5c\u7528(allergy)", "name": 75, "myGroup": "G3", "label": "\u6eab\u6e05\u98f2", "nodeSupportPercent": 3.9047932433914663, "id": 75}}, {"data": {"popup": " ", "name": 82, "myGroup": "G5", "label": "\u7099\u7518\u8349", "nodeSupportPercent": 2.339951007275785, "id": 82}}, {"data": {"popup": "  \u6c23(\u5e73) \u5473(\u9178) \u7d93\u7d61(\u809d,\u813e,\u80ba,\u5927\u8178) \u4f5c\u7528(bacteria)", "name": 84, "myGroup": "G2", "label": "\u70cf\u6885", "nodeSupportPercent": 1.5246243281781289, "id": 84}}, {"data": {"popup": "  \u6c23(\u5e73) \u5473(\u9178,\u82e6) \u7d93\u7d61(\u809d,\u814e) \u4f5c\u7528(allergy,inflammation)", "name": 85, "myGroup": "G0", "label": "\u725b\u819d", "nodeSupportPercent": 1.6562465723373916, "id": 85}}, {"data": {"popup": "  \u6c23(\u5bd2) \u5473(\u8f9b,\u82e6) \u7d93\u7d61(\u809d,\u5fc3,\u814e) \u4f5c\u7528(allergy,bacteria,inflammation,oxidation)", "name": 87, "myGroup": "G4", "label": "\u7261\u4e39\u76ae", "nodeSupportPercent": 9.714452853643376, "id": 87}}, {"data": {"popup": "  \u6c23(\u5bd2) \u5473(\u7518,\u82e6,\u9e79) \u7d93\u7d61(\u80ba,\u814e,\u80c3) \u4f5c\u7528(inflammation)", "name": 89, "myGroup": "G1", "label": "\u7384\u53c3", "nodeSupportPercent": 3.5793938064421775, "id": 89}}, {"data": {"popup": " ", "name": 90, "myGroup": "G1", "label": "\u7389\u5973\u714e", "nodeSupportPercent": 2.5373843735146795, "id": 90}}, {"data": {"popup": "  \u4f5c\u7528(bacteria,infection,inflammation)", "name": 91, "myGroup": "G3", "label": "\u7389\u5c4f\u98a8\u6563", "nodeSupportPercent": 1.9487404482468649, "id": 91}}, {"data": {"popup": "  \u6c23(\u5e73) \u5473(\u7518) \u7d93\u7d61(\u5fc3,\u813e,\u80ba,\u80c3) \u4f5c\u7528(allergy,bacteria,inflammation)", "name": 93, "myGroup": "G2", "label": "\u7518\u8349", "nodeSupportPercent": 19.019414281013493, "id": 93}}, {"data": {"popup": "  \u6c23(\u5bd2) \u5473(\u7518,\u82e6) \u7d93\u7d61(\u809d,\u5fc3,\u814e) \u4f5c\u7528(allergy,bacteria,infection,inflammation,oxidation)", "name": 97, "myGroup": "G4", "label": "\u751f\u5730\u9ec3", "nodeSupportPercent": 5.604913897115279, "id": 97}}, {"data": {"popup": "  \u6c23(\u6eab) \u5473(\u8f9b,\u7518) \u7d93\u7d61(\u809d,\u5fc3,\u813e)", "name": 99, "myGroup": "G2", "label": "\u7576\u6b78", "nodeSupportPercent": 2.6324448831852583, "id": 99}}, {"data": {"popup": " ", "name": 102, "myGroup": "G3", "label": "\u7576\u6b78\u98f2\u5b50", "nodeSupportPercent": 7.359877152572118, "id": 102}}, {"data": {"popup": "  \u6c23(\u5bd2) \u5473(\u7518,\u82e6) \u7d93\u7d61(\u809d,\u80c3) \u4f5c\u7528(bacteria)", "name": 144, "myGroup": "G6", "label": "\u84b2\u516c\u82f1", "nodeSupportPercent": 6.226463383422909, "id": 144}}, {"data": {"popup": "  \u6c23(\u6eab) \u5473(\u8f9b) \u7d93\u7d61(\u80ba,\u5927\u8178,\u80c3) \u4f5c\u7528(allergy,bacteria,infection,inflammation)", "name": 107, "myGroup": "G5", "label": "\u767d\u82b7", "nodeSupportPercent": 7.476874702935907, "id": 107}}, {"data": {"popup": "  \u6c23(\u6eab) \u5473(\u8f9b,\u82e6) \u7d93\u7d61(\u80ba,\u8180\u80f1) \u4f5c\u7528(infection)", "name": 191, "myGroup": "G1", "label": "\u9ebb\u9ec3", "nodeSupportPercent": 2.453292384190706, "id": 191}}, {"data": {"popup": "  \u6c23(\u5bd2) \u5473(\u82e6) \u7d93\u7d61(\u813e,\u80c3) \u4f5c\u7528(inflammation)", "name": 111, "myGroup": "G3", "label": "\u767d\u9bae\u76ae", "nodeSupportPercent": 13.83496033051808, "id": 111}}, {"data": {"popup": "  \u6c23(\u6eab) \u5473(\u8f9b)", "name": 113, "myGroup": "G1", "label": "\u7682\u523a", "nodeSupportPercent": 2.116924426894812, "id": 113}}, {"data": {"popup": " ", "name": 147, "myGroup": "G3", "label": "\u84bc\u8033\u5b50", "nodeSupportPercent": 2.5044788124748636, "id": 147}}, {"data": {"popup": "  \u6c23(\u5bd2) \u5473(\u8f9b,\u7518) \u7d93\u7d61(\u80ba,\u80c3) \u4f5c\u7528(infection)", "name": 117, "myGroup": "G2", "label": "\u77f3\u818f", "nodeSupportPercent": 2.3838250886622063, "id": 117}}, {"data": {"popup": "  \u6c23(\u6eab) \u5473(\u8f9b) \u7d93\u7d61(\u813e,\u80c3) \u4f5c\u7528(infection)", "name": 119, "myGroup": "G5", "label": "\u7802\u4ec1", "nodeSupportPercent": 3.2613067163906257, "id": 119}}, {"data": {"popup": " ", "name": 148, "myGroup": "G3", "label": "\u84bc\u8033\u6563", "nodeSupportPercent": 2.2010164162187853, "id": 148}}, {"data": {"popup": "  \u6c23(\u5bd2) \u5473(\u8f9b,\u82e6) \u7d93\u7d61(\u809d,\u5fc3) \u4f5c\u7528(bacteria)", "name": 123, "myGroup": "G6", "label": "\u7d2b\u82b1\u5730\u4e01", "nodeSupportPercent": 1.8463675916785491, "id": 123}}, {"data": {"popup": "  \u6c23(\u5bd2) \u5473(\u7518) \u7d93\u7d61(\u809d,\u5fc3)", "name": 124, "myGroup": "G3", "label": "\u7d2b\u8349", "nodeSupportPercent": 2.135205294139154, "id": 124}}, {"data": {"popup": " ", "name": 125, "myGroup": "G4", "label": "\u7d2b\u8349\u6839", "nodeSupportPercent": 1.4880625936894447, "id": 125}}, {"data": {"popup": "  \u6c23(\u6eab) \u5473(\u8f9b) \u7d93\u7d61(\u80ba,\u814e) \u4f5c\u7528(allergy,bacteria,infection)", "name": 127, "myGroup": "G5", "label": "\u7d30\u8f9b", "nodeSupportPercent": 1.411282951263208, "id": 127}}], "edges": [{"data": {"source": 131, "Lift": 1.2894718013681108, "is_directed": false, "target": 68, "name": "131-68"}}, {"data": {"source": 131, "Lift": 2.029856218078455, "is_directed": false, "target": 93, "name": "131-93"}}, {"data": {"source": 131, "Lift": 2.8324785131498604, "is_directed": false, "target": 111, "name": "131-111"}}, {"data": {"source": 196, "Lift": 5.605204243446995, "is_directed": false, "target": 127, "name": "196-127"}}, {"data": {"source": 196, "Lift": 5.77224136445861, "is_directed": false, "target": 30, "name": "196-30"}}, {"data": {"source": 196, "Lift": 5.2024304052020875, "is_directed": false, "target": 119, "name": "196-119"}}, {"data": {"source": 136, "Lift": 6.791128073078688, "is_directed": false, "target": 173, "name": "136-173"}}, {"data": {"source": 138, "Lift": 1.0552874601324371, "is_directed": false, "target": 68, "name": "138-68"}}, {"data": {"source": 140, "Lift": 1.07898461626444, "is_directed": false, "target": 68, "name": "140-68"}}, {"data": {"source": 173, "Lift": 1.6300195698359252, "is_directed": false, "target": 93, "name": "173-93"}}, {"data": {"source": 16, "Lift": 1.3013857943497655, "is_directed": false, "target": 68, "name": "16-68"}}, {"data": {"source": 145, "Lift": 1.3004133512088263, "is_directed": false, "target": 68, "name": "145-68"}}, {"data": {"source": 146, "Lift": 2.801825600654163, "is_directed": false, "target": 150, "name": "146-150"}}, {"data": {"source": 19, "Lift": 1.0283079231669683, "is_directed": false, "target": 68, "name": "19-68"}}, {"data": {"source": 20, "Lift": 3.4094666494944637, "is_directed": false, "target": 153, "name": "20-153"}}, {"data": {"source": 20, "Lift": 1.4351721188452637, "is_directed": false, "target": 68, "name": "20-68"}}, {"data": {"source": 20, "Lift": 3.187943383774527, "is_directed": false, "target": 111, "name": "20-111"}}, {"data": {"source": 149, "Lift": 2.80570990524086, "is_directed": false, "target": 154, "name": "149-154"}}, {"data": {"source": 149, "Lift": 1.8235629172961645, "is_directed": false, "target": 93, "name": "149-93"}}, {"data": {"source": 150, "Lift": 1.0922780519409727, "is_directed": false, "target": 68, "name": "150-68"}}, {"data": {"source": 150, "Lift": 2.658721163511216, "is_directed": false, "target": 85, "name": "150-85"}}, {"data": {"source": 153, "Lift": 1.4159178130014374, "is_directed": false, "target": 68, "name": "153-68"}}, {"data": {"source": 153, "Lift": 2.236925505334484, "is_directed": false, "target": 111, "name": "153-111"}}, {"data": {"source": 154, "Lift": 2.825138004299449, "is_directed": false, "target": 66, "name": "154-66"}}, {"data": {"source": 154, "Lift": 1.1403503645954323, "is_directed": false, "target": 68, "name": "154-68"}}, {"data": {"source": 29, "Lift": 5.900886747262773, "is_directed": false, "target": 82, "name": "29-82"}}, {"data": {"source": 29, "Lift": 4.075827637285172, "is_directed": false, "target": 107, "name": "29-107"}}, {"data": {"source": 29, "Lift": 5.363198713023435, "is_directed": false, "target": 30, "name": "29-30"}}, {"data": {"source": 29, "Lift": 9.34424609669078, "is_directed": false, "target": 119, "name": "29-119"}}, {"data": {"source": 30, "Lift": 4.557913395959336, "is_directed": false, "target": 107, "name": "30-107"}}, {"data": {"source": 30, "Lift": 9.279457753127213, "is_directed": false, "target": 119, "name": "30-119"}}, {"data": {"source": 159, "Lift": 5.375499707284436, "is_directed": false, "target": 168, "name": "159-168"}}, {"data": {"source": 160, "Lift": 1.1260843385452164, "is_directed": false, "target": 68, "name": "160-68"}}, {"data": {"source": 160, "Lift": 5.170601902972656, "is_directed": false, "target": 87, "name": "160-87"}}, {"data": {"source": 21, "Lift": 1.1154295801981164, "is_directed": false, "target": 68, "name": "21-68"}}, {"data": {"source": 164, "Lift": 1.162099829117025, "is_directed": false, "target": 68, "name": "164-68"}}, {"data": {"source": 165, "Lift": 1.2021534882303846, "is_directed": false, "target": 68, "name": "165-68"}}, {"data": {"source": 166, "Lift": 1.2260040590612025, "is_directed": false, "target": 68, "name": "166-68"}}, {"data": {"source": 168, "Lift": 2.5389280211924055, "is_directed": false, "target": 64, "name": "168-64"}}, {"data": {"source": 168, "Lift": 2.777179285169019, "is_directed": false, "target": 171, "name": "168-171"}}, {"data": {"source": 168, "Lift": 3.063756309851233, "is_directed": false, "target": 113, "name": "168-113"}}, {"data": {"source": 168, "Lift": 2.0304302026080348, "is_directed": false, "target": 89, "name": "168-89"}}, {"data": {"source": 168, "Lift": 2.8551883140812695, "is_directed": false, "target": 90, "name": "168-90"}}, {"data": {"source": 168, "Lift": 1.9223178407063977, "is_directed": false, "target": 63, "name": "168-63"}}, {"data": {"source": 168, "Lift": 2.4007608315559437, "is_directed": false, "target": 60, "name": "168-60"}}, {"data": {"source": 168, "Lift": 2.249947557984417, "is_directed": false, "target": 191, "name": "168-191"}}, {"data": {"source": 170, "Lift": 1.0368856828804447, "is_directed": false, "target": 68, "name": "170-68"}}, {"data": {"source": 45, "Lift": 12.63608047690015, "is_directed": false, "target": 191, "name": "45-191"}}, {"data": {"source": 49, "Lift": 1.5872559900763856, "is_directed": false, "target": 93, "name": "49-93"}}, {"data": {"source": 50, "Lift": 2.6742184703496004, "is_directed": false, "target": 93, "name": "50-93"}}, {"data": {"source": 181, "Lift": 1.076098902752707, "is_directed": false, "target": 68, "name": "181-68"}}, {"data": {"source": 183, "Lift": 1.2287956314573836, "is_directed": false, "target": 68, "name": "183-68"}}, {"data": {"source": 183, "Lift": 1.5962744900200014, "is_directed": false, "target": 93, "name": "183-93"}}, {"data": {"source": 66, "Lift": 1.0643831469600045, "is_directed": false, "target": 68, "name": "66-68"}}, {"data": {"source": 68, "Lift": 1.1406831234627899, "is_directed": false, "target": 102, "name": "68-102"}}, {"data": {"source": 68, "Lift": 1.1083605428817447, "is_directed": false, "target": 200, "name": "68-200"}}, {"data": {"source": 68, "Lift": 1.3064004976051466, "is_directed": false, "target": 75, "name": "68-75"}}, {"data": {"source": 68, "Lift": 1.4409834421448364, "is_directed": false, "target": 111, "name": "68-111"}}, {"data": {"source": 68, "Lift": 1.1886578100378156, "is_directed": false, "target": 113, "name": "68-113"}}, {"data": {"source": 68, "Lift": 1.009286428099727, "is_directed": false, "target": 147, "name": "68-147"}}, {"data": {"source": 68, "Lift": 1.060098957191382, "is_directed": false, "target": 148, "name": "68-148"}}, {"data": {"source": 68, "Lift": 1.1621192960801232, "is_directed": false, "target": 91, "name": "68-91"}}, {"data": {"source": 68, "Lift": 1.2266915293487235, "is_directed": false, "target": 124, "name": "68-124"}}, {"data": {"source": 68, "Lift": 1.322046615881684, "is_directed": false, "target": 125, "name": "68-125"}}, {"data": {"source": 82, "Lift": 4.116860482885086, "is_directed": false, "target": 107, "name": "82-107"}}, {"data": {"source": 84, "Lift": 1.815638146921909, "is_directed": false, "target": 93, "name": "84-93"}}, {"data": {"source": 87, "Lift": 4.284105714919126, "is_directed": false, "target": 97, "name": "87-97"}}, {"data": {"source": 87, "Lift": 4.147926898397354, "is_directed": false, "target": 125, "name": "87-125"}}, {"data": {"source": 93, "Lift": 1.672267877739331, "is_directed": false, "target": 99, "name": "93-99"}}, {"data": {"source": 93, "Lift": 1.6634656221182562, "is_directed": false, "target": 107, "name": "93-107"}}, {"data": {"source": 93, "Lift": 1.9273170654042924, "is_directed": false, "target": 117, "name": "93-117"}}, {"data": {"source": 93, "Lift": 1.662214688038233, "is_directed": false, "target": 119, "name": "93-119"}}, {"data": {"source": 144, "Lift": 8.364171555147294, "is_directed": false, "target": 123, "name": "144-123"}}, {"data": {"source": 107, "Lift": 6.822231298036335, "is_directed": false, "target": 119, "name": "107-119"}}]}, "data": {"description": "<h1>\u7570\u4f4d\u6027\u76ae\u819a\u708e\u4e2d\u91ab\u6cbb\u7642\u5716\u8b5c</h1><h2>atopic dermatitis_(Support=0.5%, Confidence=30.0% (cc))cc</h2>", "name": "atopic dermatitis_(Support=0.5%, Confidence=30.0% (cc))cc", "tags": ["atopic dermatitis", "\u7570\u4f4d\u6027\u76ae\u819a\u708e\u4e2d\u91ab\u6cbb\u7642\u5716\u8b5c", "\u570b\u7db2\u4e2d\u5fc3"]}}