{"elements": {"nodes": [{"data": {"popup": "  \u6c23(\u5bd2) \u5473(\u82e6) \u7d93\u7d61(\u809d,\u5fc3,\u5927\u8178,\u80c3,\u8180\u80f1) \u4f5c\u7528(allergy,bacteria,infection,oxidation)", "name": 131, "myGroup": "G0", "label": "\u82e6\u53c3", "nodeSupportPercent": 2.5191035062703375, "id": 131}}, {"data": {"popup": "  \u6c23(\u6eab) \u5473(\u8f9b) \u7d93\u7d61(\u809d,\u80ba)", "name": 136, "myGroup": "G2", "label": "\u834a\u82a5", "nodeSupportPercent": 7.268472816350408, "id": 136}}, {"data": {"popup": "  \u6c23(\u5bd2) \u5473(\u7518,\u82e6) \u7d93\u7d61(\u809d,\u80c3) \u4f5c\u7528(bacteria)", "name": 144, "myGroup": "G6", "label": "\u84b2\u516c\u82f1", "nodeSupportPercent": 6.226463383422909, "id": 144}}, {"data": {"popup": " ", "name": 145, "myGroup": "G0", "label": "\u84ba\u85dc", "nodeSupportPercent": 4.987020584256517, "id": 145}}, {"data": {"popup": "  \u6c23(\u5bd2) \u5473(\u82e6) \u7d93\u7d61(\u8180\u80f1)", "name": 20, "myGroup": "G0", "label": "\u5730\u819a\u5b50", "nodeSupportPercent": 11.970311871595188, "id": 20}}, {"data": {"popup": "  \u6c23(\u6eab) \u5473(\u8f9b,\u82e6) \u7d93\u7d61(\u814e) \u4f5c\u7528(allergy,bacteria,inflammation)", "name": 153, "myGroup": "G0", "label": "\u86c7\u5e8a\u5b50", "nodeSupportPercent": 1.8902416730649703, "id": 153}}, {"data": {"popup": "  \u6c23(\u5bd2) \u5473(\u82e6) \u7d93\u7d61(\u809d,\u5fc3,\u813e,\u5927\u8178,\u80c3) \u4f5c\u7528(allergy,bacteria,infection,inflammation)", "name": 29, "myGroup": "G4", "label": "\u5927\u9ec3", "nodeSupportPercent": 6.010749149939673, "id": 29}}, {"data": {"popup": "  \u6c23(\u5e73) \u5473(\u7518,\u9178) \u7d93\u7d61(\u5fc3,\u5c0f\u8178)", "name": 159, "myGroup": "G3", "label": "\u8d64\u5c0f\u8c46", "nodeSupportPercent": 0.6032686190632883, "id": 159}}, {"data": {"popup": "  \u6c23(\u5bd2) \u5473(\u82e6) \u7d93\u7d61(\u809d)", "name": 160, "myGroup": "G1", "label": "\u8d64\u828d", "nodeSupportPercent": 3.981572885817703, "id": 160}}, {"data": {"popup": "  \u6c23(\u5bd2) \u5473(\u82e6) \u7d93\u7d61(\u5fc3,\u80ba,\u5c0f\u8178) \u4f5c\u7528(infection)", "name": 168, "myGroup": "G3", "label": "\u9023\u7ff9", "nodeSupportPercent": 15.897042155679866, "id": 168}}, {"data": {"popup": "  \u6c23(\u5bd2) \u5473(\u7518) \u7d93\u7d61(\u80ba,\u5927\u8178,\u80c3) \u4f5c\u7528(infection,inflammation)", "name": 171, "myGroup": "G3", "label": "\u91d1\u9280\u82b1", "nodeSupportPercent": 10.310409125808928, "id": 171}}, {"data": {"popup": "  \u6c23(\u6eab) \u5473(\u8f9b,\u7518) \u7d93\u7d61(\u809d,\u813e,\u8180\u80f1) \u4f5c\u7528(allergy,bacteria,inflammation,oxidation)", "name": 173, "myGroup": "G2", "label": "\u9632\u98a8", "nodeSupportPercent": 5.436729918467332, "id": 173}}, {"data": {"popup": "  \u4f5c\u7528(bacteria,infection,inflammation,oxidation)", "name": 50, "myGroup": "G5", "label": "\u67b3\u6bbc", "nodeSupportPercent": 1.2723483602062082, "id": 50}}, {"data": {"popup": "  \u6c23(\u5bd2) \u5473(\u82e6) \u7d93\u7d61(\u5fc3,\u80ba,\u80c3,\u4e09\u7126) \u4f5c\u7528(allergy,oxidation)", "name": 64, "myGroup": "G3", "label": "\u6894\u5b50", "nodeSupportPercent": 2.4276991700486272, "id": 64}}, {"data": {"popup": "  \u4f5c\u7528(allergy)", "name": 68, "myGroup": "G0", "label": "\u6d88\u98a8\u6563", "nodeSupportPercent": 31.965924463456545, "id": 68}}, {"data": {"popup": "  \u4f5c\u7528(allergy)", "name": 75, "myGroup": "G0", "label": "\u6eab\u6e05\u98f2", "nodeSupportPercent": 3.9047932433914663, "id": 75}}, {"data": {"popup": "  \u6c23(\u5bd2) \u5473(\u8f9b,\u82e6) \u7d93\u7d61(\u809d,\u5fc3,\u814e) \u4f5c\u7528(allergy,bacteria,inflammation,oxidation)", "name": 87, "myGroup": "G1", "label": "\u7261\u4e39\u76ae", "nodeSupportPercent": 9.714452853643376, "id": 87}}, {"data": {"popup": " ", "name": 90, "myGroup": "G3", "label": "\u7389\u5973\u714e", "nodeSupportPercent": 2.5373843735146795, "id": 90}}, {"data": {"popup": "  \u6c23(\u5e73) \u5473(\u7518) \u7d93\u7d61(\u5fc3,\u813e,\u80ba,\u80c3) \u4f5c\u7528(allergy,bacteria,inflammation)", "name": 93, "myGroup": "G5", "label": "\u7518\u8349", "nodeSupportPercent": 19.019414281013493, "id": 93}}, {"data": {"popup": "  \u6c23(\u5bd2) \u5473(\u7518,\u82e6) \u7d93\u7d61(\u809d,\u5fc3,\u814e) \u4f5c\u7528(allergy,bacteria,infection,inflammation,oxidation)", "name": 97, "myGroup": "G1", "label": "\u751f\u5730\u9ec3", "nodeSupportPercent": 5.604913897115279, "id": 97}}, {"data": {"popup": " ", "name": 16, "myGroup": "G0", "label": "\u53c3\u82d3\u767d\u672e\u6563", "nodeSupportPercent": 2.285108405542759, "id": 16}}, {"data": {"popup": "  \u6c23(\u6eab) \u5473(\u8f9b) \u7d93\u7d61(\u80ba,\u5927\u8178,\u80c3) \u4f5c\u7528(allergy,bacteria,infection,inflammation)", "name": 107, "myGroup": "G4", "label": "\u767d\u82b7", "nodeSupportPercent": 7.476874702935907, "id": 107}}, {"data": {"popup": "  \u6c23(\u5bd2) \u5473(\u82e6) \u7d93\u7d61(\u813e,\u80c3) \u4f5c\u7528(inflammation)", "name": 111, "myGroup": "G0", "label": "\u767d\u9bae\u76ae", "nodeSupportPercent": 13.83496033051808, "id": 111}}, {"data": {"popup": "  \u6c23(\u6eab) \u5473(\u8f9b)", "name": 113, "myGroup": "G3", "label": "\u7682\u523a", "nodeSupportPercent": 2.116924426894812, "id": 113}}, {"data": {"popup": "  \u6c23(\u6eab) \u5473(\u8f9b) \u7d93\u7d61(\u813e,\u80c3) \u4f5c\u7528(infection)", "name": 119, "myGroup": "G4", "label": "\u7802\u4ec1", "nodeSupportPercent": 3.2613067163906257, "id": 119}}, {"data": {"popup": "  \u6c23(\u5bd2) \u5473(\u8f9b,\u82e6) \u7d93\u7d61(\u809d,\u5fc3) \u4f5c\u7528(bacteria)", "name": 123, "myGroup": "G6", "label": "\u7d2b\u82b1\u5730\u4e01", "nodeSupportPercent": 1.8463675916785491, "id": 123}}, {"data": {"popup": " ", "name": 125, "myGroup": "G1", "label": "\u7d2b\u8349\u6839", "nodeSupportPercent": 1.4880625936894447, "id": 125}}], "edges": [{"data": {"source": 131, "Lift": 1.2894718013681108, "is_directed": false, "target": 68, "name": "131-68"}}, {"data": {"source": 136, "Lift": 6.791128073078688, "is_directed": false, "target": 173, "name": "136-173"}}, {"data": {"source": 144, "Lift": 8.364171555147294, "is_directed": false, "target": 123, "name": "144-123"}}, {"data": {"source": 145, "Lift": 1.3004133512088263, "is_directed": false, "target": 68, "name": "145-68"}}, {"data": {"source": 20, "Lift": 3.4094666494944637, "is_directed": false, "target": 153, "name": "20-153"}}, {"data": {"source": 20, "Lift": 1.4351721188452637, "is_directed": false, "target": 68, "name": "20-68"}}, {"data": {"source": 20, "Lift": 3.187943383774527, "is_directed": false, "target": 111, "name": "20-111"}}, {"data": {"source": 153, "Lift": 1.4159178130014374, "is_directed": false, "target": 68, "name": "153-68"}}, {"data": {"source": 29, "Lift": 9.34424609669078, "is_directed": false, "target": 119, "name": "29-119"}}, {"data": {"source": 159, "Lift": 5.375499707284436, "is_directed": false, "target": 168, "name": "159-168"}}, {"data": {"source": 160, "Lift": 5.170601902972656, "is_directed": false, "target": 87, "name": "160-87"}}, {"data": {"source": 168, "Lift": 2.5389280211924055, "is_directed": false, "target": 64, "name": "168-64"}}, {"data": {"source": 168, "Lift": 3.063756309851233, "is_directed": false, "target": 113, "name": "168-113"}}, {"data": {"source": 168, "Lift": 2.8551883140812695, "is_directed": false, "target": 90, "name": "168-90"}}, {"data": {"source": 168, "Lift": 2.777179285169019, "is_directed": false, "target": 171, "name": "168-171"}}, {"data": {"source": 50, "Lift": 2.6742184703496004, "is_directed": false, "target": 93, "name": "50-93"}}, {"data": {"source": 68, "Lift": 1.3013857943497655, "is_directed": false, "target": 16, "name": "68-16"}}, {"data": {"source": 68, "Lift": 1.3064004976051466, "is_directed": false, "target": 75, "name": "68-75"}}, {"data": {"source": 68, "Lift": 1.322046615881684, "is_directed": false, "target": 125, "name": "68-125"}}, {"data": {"source": 68, "Lift": 1.4409834421448364, "is_directed": false, "target": 111, "name": "68-111"}}, {"data": {"source": 87, "Lift": 4.284105714919126, "is_directed": false, "target": 97, "name": "87-97"}}, {"data": {"source": 87, "Lift": 4.147926898397354, "is_directed": false, "target": 125, "name": "87-125"}}, {"data": {"source": 107, "Lift": 6.822231298036335, "is_directed": false, "target": 119, "name": "107-119"}}]}, "data": {"description": "<h1>\u7570\u4f4d\u6027\u76ae\u819a\u708e\u4e2d\u91ab\u6cbb\u7642\u5716\u8b5c</h1><h2>atopic dermatitis_(Support=0.5%, Confidence=40.0% (cc))cc</h2>", "name": "atopic dermatitis_(Support=0.5%, Confidence=40.0% (cc))cc", "tags": ["atopic dermatitis", "\u7570\u4f4d\u6027\u76ae\u819a\u708e\u4e2d\u91ab\u6cbb\u7642\u5716\u8b5c", "\u570b\u7db2\u4e2d\u5fc3"]}}