{"elements": {"nodes": [{"data": {"popup": "  \u6c23(\u5bd2) \u5473(\u7518) \u7d93\u7d61(\u80ba,\u5927\u8178,\u80c3) \u4f5c\u7528(allergy,bacteria,infection,inflammation,oxidation)", "name": 130, "myGroup": "G4", "label": "\u91d1\u9280\u82b1", "nodeSupportPercent": 8.453631583821215, "id": 130}}, {"data": {"popup": "  \u6c23(\u6eab) \u5473(\u8f9b,\u7518) \u7d93\u7d61(\u809d,\u813e,\u8180\u80f1) \u4f5c\u7528(allergy,bacteria,inflammation)", "name": 132, "myGroup": "G0", "label": "\u9632\u98a8", "nodeSupportPercent": 6.0809350852462725, "id": 132}}, {"data": {"popup": "  \u4f5c\u7528(allergy,infection)", "name": 8, "myGroup": "G4", "label": "\u52a0\u5473\u900d\u9059\u6563", "nodeSupportPercent": 6.533661216804371, "id": 8}}, {"data": {"popup": "  \u6c23(\u5e73) \u5473(\u7518) \u7d93\u7d61(\u809d,\u80c3) \u4f5c\u7528(allergy,inflammation)", "name": 13, "myGroup": "G4", "label": "\u571f\u832f\u82d3", "nodeSupportPercent": 7.9710666845013325, "id": 13}}, {"data": {"popup": "  \u6c23(\u5bd2) \u5473(\u82e6) \u7d93\u7d61(\u8180\u80f1) \u4f5c\u7528(allergy)", "name": 14, "myGroup": "G2", "label": "\u5730\u819a\u5b50", "nodeSupportPercent": 13.697023325685006, "id": 14}}, {"data": {"popup": "  \u6c23(\u5bd2) \u5473(\u7518) \u7d93\u7d61(\u80ba,\u814e) \u4f5c\u7528(inflammation)", "name": 15, "myGroup": "G2", "label": "\u5730\u9aa8\u76ae", "nodeSupportPercent": 3.1217524616983403, "id": 15}}, {"data": {"popup": "  \u6c23(\u6eab) \u5473(\u8f9b,\u82e6) \u7d93\u7d61(\u80ba,\u8180\u80f1) \u4f5c\u7528(allergy,bacteria)", "name": 144, "myGroup": "G3", "label": "\u9ebb\u9ec3", "nodeSupportPercent": 3.5230324419430183, "id": 144}}, {"data": {"popup": "  \u4f5c\u7528(inflammation)", "name": 145, "myGroup": "G3", "label": "\u9ebb\u9ec3\u6e6f", "nodeSupportPercent": 1.9858214406980215, "id": 145}}, {"data": {"popup": "  \u6c23(\u6eab) \u5473(\u7518) \u7d93\u7d61(\u813e,\u80ba) \u4f5c\u7528(infection,inflammation,oxidation)", "name": 147, "myGroup": "G0", "label": "\u9ec3\u8006", "nodeSupportPercent": 3.234933994587865, "id": 147}}, {"data": {"popup": "  \u6c23(\u5bd2) \u5473(\u82e6) \u7d93\u7d61(\u809d,\u80ba,\u81bd,\u5927\u8178,\u80c3) \u4f5c\u7528(allergy)", "name": 148, "myGroup": "G5", "label": "\u9ec3\u82a9", "nodeSupportPercent": 5.758882178024262, "id": 148}}, {"data": {"popup": "  \u6c23(\u5bd2) \u5473(\u82e6) \u7d93\u7d61(\u809d,\u5fc3,\u813e,\u5927\u8178,\u80c3) \u4f5c\u7528(allergy,bacteria,infection,inflammation)", "name": 21, "myGroup": "G5", "label": "\u5927\u9ec3", "nodeSupportPercent": 7.670621160830958, "id": 21}}, {"data": {"popup": "  \u4f5c\u7528(allergy,inflammation)", "name": 150, "myGroup": "G2", "label": "\u9ec3\u9023\u89e3\u6bd2\u6e6f", "nodeSupportPercent": 8.22418174896336, "id": 150}}, {"data": {"popup": "  \u6c23(\u5bd2) \u5473(\u7518,\u82e6) \u7d93\u7d61(\u80ba,\u80c3) \u4f5c\u7528(allergy,bacteria,inflammation)", "name": 23, "myGroup": "G5", "label": "\u5929\u82b1\u7c89", "nodeSupportPercent": 2.195721738056776, "id": 23}}, {"data": {"popup": "  \u4f5c\u7528(allergy,bacteria,infection,inflammation)", "name": 24, "myGroup": "G4", "label": "\u5c0f\u67f4\u80e1\u6e6f", "nodeSupportPercent": 3.3614915268188788, "id": 24}}, {"data": {"popup": " ", "name": 29, "myGroup": "G2", "label": "\u666e\u6fdf\u6d88\u6bd2\u98f2", "nodeSupportPercent": 1.1019765611334615, "id": 29}}, {"data": {"popup": "  \u6c23(\u6eab) \u5473(\u82e6) \u7d93\u7d61(\u80ba,\u5927\u8178) \u4f5c\u7528(inflammation)", "name": 30, "myGroup": "G3", "label": "\u674f\u4ec1", "nodeSupportPercent": 1.969358672277727, "id": 30}}, {"data": {"popup": " ", "name": 36, "myGroup": "G2", "label": "\u67f4\u80e1\u6e05\u809d\u6e6f", "nodeSupportPercent": 2.2471678893701963, "id": 36}}, {"data": {"popup": " ", "name": 38, "myGroup": "G3", "label": "\u6842\u679d\u6e6f", "nodeSupportPercent": 5.813415098416487, "id": 38}}, {"data": {"popup": "  \u6c23(\u5bd2) \u5473(\u7518) \u7d93\u7d61(\u80ba) \u4f5c\u7528(allergy,inflammation)", "name": 42, "myGroup": "G4", "label": "\u6851\u767d\u76ae", "nodeSupportPercent": 3.601230591939417, "id": 42}}, {"data": {"popup": "  \u6c23(\u5e73) \u5473(\u8f9b,\u9e79) \u7d93\u7d61(\u809d,\u80ba)", "name": 45, "myGroup": "G1", "label": "\u6bad\u8836", "nodeSupportPercent": 3.6886890491722313, "id": 45}}, {"data": {"popup": "  \u6c23(\u6dbc) \u5473(\u7518) \u7d93\u7d61(\u5fc3)", "name": 46, "myGroup": "G1", "label": "\u6d6e\u5c0f\u9ea5", "nodeSupportPercent": 2.0856269742460567, "id": 46}}, {"data": {"popup": "  \u4f5c\u7528(allergy,inflammation,oxidation)", "name": 48, "myGroup": "G2", "label": "\u6d88\u98a8\u6563", "nodeSupportPercent": 47.26769490374425, "id": 48}}, {"data": {"popup": "  \u4f5c\u7528(allergy)", "name": 52, "myGroup": "G2", "label": "\u6eab\u6e05\u98f2", "nodeSupportPercent": 7.096482112173188, "id": 52}}, {"data": {"popup": "  \u6c23(\u5bd2) \u5473(\u8f9b,\u82e6) \u7d93\u7d61(\u809d,\u5fc3,\u814e) \u4f5c\u7528(allergy,bacteria,infection,inflammation,oxidation)", "name": 61, "myGroup": "G1", "label": "\u7261\u4e39\u76ae", "nodeSupportPercent": 13.787568551996625, "id": 61}}, {"data": {"popup": "  \u6c23(\u5bd2) \u5473(\u7518,\u82e6,\u9e79) \u7d93\u7d61(\u80ba,\u814e,\u80c3) \u4f5c\u7528(inflammation)", "name": 63, "myGroup": "G1", "label": "\u7384\u53c3", "nodeSupportPercent": 3.504511827470187, "id": 63}}, {"data": {"popup": " ", "name": 64, "myGroup": "G4", "label": "\u7389\u5973\u714e", "nodeSupportPercent": 2.416940188704483, "id": 64}}, {"data": {"popup": "  \u6c23(\u5e73) \u5473(\u7518) \u7d93\u7d61(\u5fc3,\u813e,\u80ba,\u80c3) \u4f5c\u7528(allergy,bacteria,inflammation)", "name": 67, "myGroup": "G1", "label": "\u7518\u8349", "nodeSupportPercent": 8.763337414728005, "id": 67}}, {"data": {"popup": "  \u6c23(\u5bd2) \u5473(\u7518,\u82e6) \u7d93\u7d61(\u809d,\u5fc3,\u814e) \u4f5c\u7528(allergy,bacteria,infection,inflammation,oxidation)", "name": 70, "myGroup": "G1", "label": "\u751f\u5730\u9ec3", "nodeSupportPercent": 6.538805831935713, "id": 70}}, {"data": {"popup": "  \u6c23(\u6eab) \u5473(\u8f9b) \u7d93\u7d61(\u80ba,\u5927\u8178,\u80c3) \u4f5c\u7528(allergy,infection,inflammation,oxidation)", "name": 77, "myGroup": "G5", "label": "\u767d\u82b7", "nodeSupportPercent": 3.9490065748181378, "id": 77}}, {"data": {"popup": "  \u6c23(\u5bd2) \u5473(\u82e6) \u7d93\u7d61(\u813e,\u80c3) \u4f5c\u7528(allergy,infection,inflammation)", "name": 81, "myGroup": "G1", "label": "\u767d\u9bae\u76ae", "nodeSupportPercent": 17.018386854479417, "id": 81}}, {"data": {"popup": "  \u4f5c\u7528(infection)", "name": 83, "myGroup": "G2", "label": "\u77e5\u67cf\u5730\u9ec3\u4e38", "nodeSupportPercent": 1.659652841370937, "id": 83}}, {"data": {"popup": "  \u6c23(\u6eab) \u5473(\u8f9b) \u7d93\u7d61(\u813e,\u80c3) \u4f5c\u7528(bacteria,infection,inflammation)", "name": 86, "myGroup": "G5", "label": "\u7802\u4ec1", "nodeSupportPercent": 2.87686878144646, "id": 86}}, {"data": {"popup": " ", "name": 152, "myGroup": "G2", "label": "\u9f8d\u81bd\u7009\u809d\u6e6f", "nodeSupportPercent": 7.091337497041846, "id": 152}}, {"data": {"popup": " ", "name": 143, "myGroup": "G2", "label": "\u9ebb\u674f\u858f\u7518\u6e6f", "nodeSupportPercent": 1.8746977538610337, "id": 143}}, {"data": {"popup": "  \u6c23(\u5bd2) \u5473(\u82e6) \u7d93\u7d61(\u809d,\u5fc3,\u5927\u8178,\u80c3,\u8180\u80f1) \u4f5c\u7528(allergy,infection,oxidation)", "name": 95, "myGroup": "G2", "label": "\u82e6\u53c3", "nodeSupportPercent": 3.442776445894083, "id": 95}}, {"data": {"popup": "  \u6c23(\u6eab) \u5473(\u8f9b) \u7d93\u7d61(\u809d,\u80ba)", "name": 99, "myGroup": "G0", "label": "\u834a\u82a5", "nodeSupportPercent": 8.371317741719741, "id": 99}}, {"data": {"popup": "  \u6c23(\u5bd2) \u5473(\u7518) \u7d93\u7d61(\u809d,\u5fc3)", "name": 90, "myGroup": "G1", "label": "\u7d2b\u8349", "nodeSupportPercent": 2.8017574005288663, "id": 90}}, {"data": {"popup": " ", "name": 107, "myGroup": "G1", "label": "\u84ba\u85dc", "nodeSupportPercent": 6.091224315508957, "id": 107}}, {"data": {"popup": " ", "name": 109, "myGroup": "G2", "label": "\u84bc\u8033\u5b50", "nodeSupportPercent": 1.9981685170132422, "id": 109}}, {"data": {"popup": "  \u6c23(\u6dbc) \u5473(\u8f9b) \u7d93\u7d61(\u809d,\u80ba)", "name": 110, "myGroup": "G0", "label": "\u8584\u8377", "nodeSupportPercent": 2.848058936710945, "id": 110}}, {"data": {"popup": "  \u6c23(\u5bd2) \u5473(\u7518) \u7d93\u7d61(\u813e,\u80ba,\u80c3)", "name": 111, "myGroup": "G4", "label": "\u858f\u82e1\u4ec1", "nodeSupportPercent": 7.754992848984967, "id": 111}}, {"data": {"popup": "  \u6c23(\u6eab) \u5473(\u8f9b,\u82e6) \u7d93\u7d61(\u814e) \u4f5c\u7528(allergy,bacteria)", "name": 114, "myGroup": "G2", "label": "\u86c7\u5e8a\u5b50", "nodeSupportPercent": 2.208068814371997, "id": 114}}, {"data": {"popup": "  \u6c23(\u5bd2) \u5473(\u7518) \u7d93\u7d61(\u809d,\u80ba) \u4f5c\u7528(inflammation)", "name": 115, "myGroup": "G1", "label": "\u87ec\u86fb", "nodeSupportPercent": 15.93801767689759, "id": 115}}, {"data": {"popup": "  \u6c23(\u5bd2) \u5473(\u82e6) \u7d93\u7d61(\u809d)", "name": 121, "myGroup": "G1", "label": "\u8d64\u828d", "nodeSupportPercent": 5.151817592525903, "id": 121}}, {"data": {"popup": "  \u6c23(\u5bd2) \u5473(\u82e6) \u7d93\u7d61(\u5fc3,\u80ba,\u5c0f\u8178)", "name": 127, "myGroup": "G4", "label": "\u9023\u7ff9", "nodeSupportPercent": 13.446995030301784, "id": 127}}], "edges": [{"data": {"source": 130, "Lift": 2.864072662835609, "is_directed": false, "target": 24, "name": "130-24"}}, {"data": {"source": 130, "Lift": 1.0078501553423167, "is_directed": false, "target": 48, "name": "130-48"}}, {"data": {"source": 130, "Lift": 2.6095473996341707, "is_directed": false, "target": 13, "name": "130-13"}}, {"data": {"source": 130, "Lift": 3.543611410353391, "is_directed": false, "target": 127, "name": "130-127"}}, {"data": {"source": 132, "Lift": 6.294153077879101, "is_directed": false, "target": 99, "name": "132-99"}}, {"data": {"source": 132, "Lift": 1.9385588431595517, "is_directed": false, "target": 115, "name": "132-115"}}, {"data": {"source": 132, "Lift": 3.9647545024390456, "is_directed": false, "target": 147, "name": "132-147"}}, {"data": {"source": 8, "Lift": 1.8234322972617174, "is_directed": false, "target": 127, "name": "8-127"}}, {"data": {"source": 13, "Lift": 1.294981517475963, "is_directed": false, "target": 48, "name": "13-48"}}, {"data": {"source": 13, "Lift": 1.5890299384916173, "is_directed": false, "target": 81, "name": "13-81"}}, {"data": {"source": 13, "Lift": 1.9409857676401616, "is_directed": false, "target": 127, "name": "13-127"}}, {"data": {"source": 14, "Lift": 1.5102435190552672, "is_directed": false, "target": 99, "name": "14-99"}}, {"data": {"source": 14, "Lift": 1.5132011429435746, "is_directed": false, "target": 107, "name": "14-107"}}, {"data": {"source": 14, "Lift": 2.054684650426231, "is_directed": false, "target": 110, "name": "14-110"}}, {"data": {"source": 14, "Lift": 1.3084296675111184, "is_directed": false, "target": 48, "name": "14-48"}}, {"data": {"source": 14, "Lift": 2.523518492647486, "is_directed": false, "target": 81, "name": "14-81"}}, {"data": {"source": 14, "Lift": 2.6842384324705177, "is_directed": false, "target": 114, "name": "14-114"}}, {"data": {"source": 14, "Lift": 1.4681838342898024, "is_directed": false, "target": 115, "name": "14-115"}}, {"data": {"source": 14, "Lift": 1.9594049672542415, "is_directed": false, "target": 95, "name": "14-95"}}, {"data": {"source": 15, "Lift": 1.0062046754471332, "is_directed": false, "target": 48, "name": "15-48"}}, {"data": {"source": 15, "Lift": 3.5117091126437687, "is_directed": false, "target": 61, "name": "15-61"}}, {"data": {"source": 144, "Lift": 15.897769997753885, "is_directed": false, "target": 30, "name": "144-30"}}, {"data": {"source": 144, "Lift": 4.968567581258788, "is_directed": false, "target": 38, "name": "144-38"}}, {"data": {"source": 145, "Lift": 13.395851896006237, "is_directed": false, "target": 38, "name": "145-38"}}, {"data": {"source": 148, "Lift": 6.713072540702033, "is_directed": false, "target": 23, "name": "148-23"}}, {"data": {"source": 148, "Lift": 3.1957166859174224, "is_directed": false, "target": 21, "name": "148-21"}}, {"data": {"source": 148, "Lift": 1.4617264579372211, "is_directed": false, "target": 61, "name": "148-61"}}, {"data": {"source": 148, "Lift": 5.7819498515324605, "is_directed": false, "target": 86, "name": "148-86"}}, {"data": {"source": 148, "Lift": 5.148717911953688, "is_directed": false, "target": 77, "name": "148-77"}}, {"data": {"source": 21, "Lift": 4.283310738147838, "is_directed": false, "target": 77, "name": "21-77"}}, {"data": {"source": 21, "Lift": 6.178003884057804, "is_directed": false, "target": 86, "name": "21-86"}}, {"data": {"source": 21, "Lift": 4.813946597422712, "is_directed": false, "target": 23, "name": "21-23"}}, {"data": {"source": 150, "Lift": 1.058466622279344, "is_directed": false, "target": 48, "name": "150-48"}}, {"data": {"source": 23, "Lift": 8.982838829189484, "is_directed": false, "target": 77, "name": "23-77"}}, {"data": {"source": 23, "Lift": 12.135056540807392, "is_directed": false, "target": 86, "name": "23-86"}}, {"data": {"source": 24, "Lift": 2.2785559577203927, "is_directed": false, "target": 127, "name": "24-127"}}, {"data": {"source": 29, "Lift": 1.4558398179504428, "is_directed": false, "target": 48, "name": "29-48"}}, {"data": {"source": 36, "Lift": 1.0519928002948966, "is_directed": false, "target": 48, "name": "36-48"}}, {"data": {"source": 42, "Lift": 1.7945772707889125, "is_directed": false, "target": 61, "name": "42-61"}}, {"data": {"source": 42, "Lift": 2.6644295880108873, "is_directed": false, "target": 127, "name": "42-127"}}, {"data": {"source": 45, "Lift": 1.2833768776593322, "is_directed": false, "target": 81, "name": "45-81"}}, {"data": {"source": 45, "Lift": 3.087273581822258, "is_directed": false, "target": 115, "name": "45-115"}}, {"data": {"source": 46, "Lift": 5.197663376341995, "is_directed": false, "target": 81, "name": "46-81"}}, {"data": {"source": 48, "Lift": 1.0020619407603606, "is_directed": false, "target": 83, "name": "48-83"}}, {"data": {"source": 48, "Lift": 1.0427955211464321, "is_directed": false, "target": 107, "name": "48-107"}}, {"data": {"source": 48, "Lift": 1.1972477876620027, "is_directed": false, "target": 109, "name": "48-109"}}, {"data": {"source": 48, "Lift": 1.033420828254831, "is_directed": false, "target": 143, "name": "48-143"}}, {"data": {"source": 48, "Lift": 1.1272593370952748, "is_directed": false, "target": 81, "name": "48-81"}}, {"data": {"source": 48, "Lift": 1.2401850730091102, "is_directed": false, "target": 114, "name": "48-114"}}, {"data": {"source": 48, "Lift": 1.0105485561866776, "is_directed": false, "target": 115, "name": "48-115"}}, {"data": {"source": 48, "Lift": 1.0217625554811303, "is_directed": false, "target": 52, "name": "48-52"}}, {"data": {"source": 48, "Lift": 1.105384648776658, "is_directed": false, "target": 152, "name": "48-152"}}, {"data": {"source": 48, "Lift": 1.1728799269105357, "is_directed": false, "target": 95, "name": "48-95"}}, {"data": {"source": 61, "Lift": 1.5055941847647987, "is_directed": false, "target": 67, "name": "61-67"}}, {"data": {"source": 61, "Lift": 3.8210455041863853, "is_directed": false, "target": 70, "name": "61-70"}}, {"data": {"source": 61, "Lift": 1.6870367713795886, "is_directed": false, "target": 107, "name": "61-107"}}, {"data": {"source": 61, "Lift": 1.4698764099694996, "is_directed": false, "target": 81, "name": "61-81"}}, {"data": {"source": 61, "Lift": 1.3105807839434205, "is_directed": false, "target": 115, "name": "61-115"}}, {"data": {"source": 61, "Lift": 3.617039622140943, "is_directed": false, "target": 121, "name": "61-121"}}, {"data": {"source": 61, "Lift": 2.074923701360988, "is_directed": false, "target": 90, "name": "61-90"}}, {"data": {"source": 61, "Lift": 2.0357552519259254, "is_directed": false, "target": 63, "name": "61-63"}}, {"data": {"source": 63, "Lift": 3.6594390978478764, "is_directed": false, "target": 70, "name": "63-70"}}, {"data": {"source": 63, "Lift": 1.910460949689904, "is_directed": false, "target": 127, "name": "63-127"}}, {"data": {"source": 64, "Lift": 2.8112838947849936, "is_directed": false, "target": 127, "name": "64-127"}}, {"data": {"source": 70, "Lift": 3.979865387513343, "is_directed": false, "target": 121, "name": "70-121"}}, {"data": {"source": 70, "Lift": 1.5332804443769463, "is_directed": false, "target": 115, "name": "70-115"}}, {"data": {"source": 70, "Lift": 1.3194411564078976, "is_directed": false, "target": 81, "name": "70-81"}}, {"data": {"source": 77, "Lift": 10.505892807487209, "is_directed": false, "target": 86, "name": "77-86"}}, {"data": {"source": 81, "Lift": 1.3032406798424785, "is_directed": false, "target": 107, "name": "81-107"}}, {"data": {"source": 81, "Lift": 1.815020929293847, "is_directed": false, "target": 110, "name": "81-110"}}, {"data": {"source": 81, "Lift": 1.1937872426958767, "is_directed": false, "target": 115, "name": "81-115"}}, {"data": {"source": 81, "Lift": 1.481028349911092, "is_directed": false, "target": 121, "name": "81-121"}}, {"data": {"source": 81, "Lift": 1.7845941975762027, "is_directed": false, "target": 90, "name": "81-90"}}, {"data": {"source": 81, "Lift": 2.2618902824647233, "is_directed": false, "target": 95, "name": "81-95"}}, {"data": {"source": 99, "Lift": 2.082181195975708, "is_directed": false, "target": 115, "name": "99-115"}}, {"data": {"source": 99, "Lift": 3.909923727982676, "is_directed": false, "target": 110, "name": "99-110"}}, {"data": {"source": 99, "Lift": 1.74306871748641, "is_directed": false, "target": 127, "name": "99-127"}}, {"data": {"source": 107, "Lift": 1.6660826077853192, "is_directed": false, "target": 115, "name": "107-115"}}, {"data": {"source": 110, "Lift": 2.2168610085940212, "is_directed": false, "target": 115, "name": "110-115"}}, {"data": {"source": 111, "Lift": 1.6941292292580872, "is_directed": false, "target": 127, "name": "111-127"}}, {"data": {"source": 115, "Lift": 1.5262841447409392, "is_directed": false, "target": 121, "name": "115-121"}}, {"data": {"source": 121, "Lift": 1.5728710694919223, "is_directed": false, "target": 127, "name": "121-127"}}]}, "data": {"description": "<h1>\u6162\u6027\u8541\u9ebb\u75b9\u4e2d\u91ab\u6cbb\u7642\u5716\u8b5c</h1><h2>Urticaria_(Support=0.75%, Confidence=20.0% (cc))cc</h2>", "name": "Urticaria_(Support=0.75%, Confidence=20.0% (cc))cc", "tags": ["Urticaria", "\u6162\u6027\u8541\u9ebb\u75b9\u4e2d\u91ab\u6cbb\u7642\u5716\u8b5c", "\u570b\u7db2\u4e2d\u5fc3"]}}