{"elements": {"nodes": [{"data": {"popup": "  \u6c23(\u5e73) \u5473(\u7518) \u7d93\u7d61(\u809d,\u80c3) \u4f5c\u7528(allergy,inflammation)", "name": 10, "myGroup": "G1", "label": "\u571f\u832f\u82d3", "nodeSupportPercent": 7.9710666845013325, "id": 10}}, {"data": {"popup": "  \u6c23(\u5bd2) \u5473(\u82e6) \u7d93\u7d61(\u8180\u80f1) \u4f5c\u7528(allergy)", "name": 11, "myGroup": "G2", "label": "\u5730\u819a\u5b50", "nodeSupportPercent": 13.697023325685006, "id": 11}}, {"data": {"popup": "  \u6c23(\u5bd2) \u5473(\u7518) \u7d93\u7d61(\u80ba,\u814e) \u4f5c\u7528(inflammation)", "name": 12, "myGroup": "G5", "label": "\u5730\u9aa8\u76ae", "nodeSupportPercent": 3.1217524616983403, "id": 12}}, {"data": {"popup": "  \u6c23(\u5bd2) \u5473(\u82e6) \u7d93\u7d61(\u809d,\u5fc3,\u813e,\u5927\u8178,\u80c3) \u4f5c\u7528(allergy,bacteria,infection,inflammation)", "name": 14, "myGroup": "G8", "label": "\u5927\u9ec3", "nodeSupportPercent": 7.670621160830958, "id": 14}}, {"data": {"popup": "  \u6c23(\u6eab) \u5473(\u82e6) \u7d93\u7d61(\u80ba,\u5927\u8178) \u4f5c\u7528(inflammation)", "name": 20, "myGroup": "G6", "label": "\u674f\u4ec1", "nodeSupportPercent": 1.969358672277727, "id": 20}}, {"data": {"popup": " ", "name": 25, "myGroup": "G1", "label": "\u67f4\u80e1\u6e05\u809d\u6e6f", "nodeSupportPercent": 2.2471678893701963, "id": 25}}, {"data": {"popup": " ", "name": 27, "myGroup": "G3", "label": "\u6842\u679d\u6e6f", "nodeSupportPercent": 5.813415098416487, "id": 27}}, {"data": {"popup": "  \u6c23(\u5e73) \u5473(\u8f9b,\u9e79) \u7d93\u7d61(\u809d,\u80ba)", "name": 33, "myGroup": "G4", "label": "\u6bad\u8836", "nodeSupportPercent": 3.6886890491722313, "id": 33}}, {"data": {"popup": "  \u6c23(\u6dbc) \u5473(\u7518) \u7d93\u7d61(\u5fc3)", "name": 34, "myGroup": "G2", "label": "\u6d6e\u5c0f\u9ea5", "nodeSupportPercent": 2.0856269742460567, "id": 34}}, {"data": {"popup": "  \u4f5c\u7528(allergy,inflammation,oxidation)", "name": 35, "myGroup": "G1", "label": "\u6d88\u98a8\u6563", "nodeSupportPercent": 47.26769490374425, "id": 35}}, {"data": {"popup": "  \u4f5c\u7528(allergy)", "name": 37, "myGroup": "G1", "label": "\u6eab\u6e05\u98f2", "nodeSupportPercent": 7.096482112173188, "id": 37}}, {"data": {"popup": "  \u6c23(\u5bd2) \u5473(\u8f9b,\u82e6) \u7d93\u7d61(\u809d,\u5fc3,\u814e) \u4f5c\u7528(allergy,bacteria,infection,inflammation,oxidation)", "name": 42, "myGroup": "G5", "label": "\u7261\u4e39\u76ae", "nodeSupportPercent": 13.787568551996625, "id": 42}}, {"data": {"popup": "  \u6c23(\u5bd2) \u5473(\u7518,\u82e6) \u7d93\u7d61(\u809d,\u5fc3,\u814e) \u4f5c\u7528(allergy,bacteria,infection,inflammation,oxidation)", "name": 48, "myGroup": "G5", "label": "\u751f\u5730\u9ec3", "nodeSupportPercent": 6.538805831935713, "id": 48}}, {"data": {"popup": "  \u6c23(\u6eab) \u5473(\u8f9b) \u7d93\u7d61(\u80ba,\u5927\u8178,\u80c3) \u4f5c\u7528(allergy,infection,inflammation,oxidation)", "name": 53, "myGroup": "G8", "label": "\u767d\u82b7", "nodeSupportPercent": 3.9490065748181378, "id": 53}}, {"data": {"popup": "  \u6c23(\u5bd2) \u5473(\u82e6) \u7d93\u7d61(\u813e,\u80c3) \u4f5c\u7528(allergy,infection,inflammation)", "name": 57, "myGroup": "G2", "label": "\u767d\u9bae\u76ae", "nodeSupportPercent": 17.018386854479417, "id": 57}}, {"data": {"popup": "  \u6c23(\u6eab) \u5473(\u8f9b) \u7d93\u7d61(\u813e,\u80c3) \u4f5c\u7528(bacteria,infection,inflammation)", "name": 61, "myGroup": "G8", "label": "\u7802\u4ec1", "nodeSupportPercent": 2.87686878144646, "id": 61}}, {"data": {"popup": "  \u6c23(\u5bd2) \u5473(\u82e6) \u7d93\u7d61(\u809d,\u5fc3,\u5927\u8178,\u80c3,\u8180\u80f1) \u4f5c\u7528(allergy,infection,oxidation)", "name": 66, "myGroup": "G1", "label": "\u82e6\u53c3", "nodeSupportPercent": 3.442776445894083, "id": 66}}, {"data": {"popup": "  \u6c23(\u6eab) \u5473(\u8f9b) \u7d93\u7d61(\u809d,\u80ba)", "name": 69, "myGroup": "G0", "label": "\u834a\u82a5", "nodeSupportPercent": 8.371317741719741, "id": 69}}, {"data": {"popup": " ", "name": 76, "myGroup": "G1", "label": "\u84ba\u85dc", "nodeSupportPercent": 6.091224315508957, "id": 76}}, {"data": {"popup": " ", "name": 78, "myGroup": "G1", "label": "\u84bc\u8033\u5b50", "nodeSupportPercent": 1.9981685170132422, "id": 78}}, {"data": {"popup": "  \u6c23(\u6eab) \u5473(\u8f9b,\u82e6) \u7d93\u7d61(\u814e) \u4f5c\u7528(allergy,bacteria)", "name": 81, "myGroup": "G1", "label": "\u86c7\u5e8a\u5b50", "nodeSupportPercent": 2.208068814371997, "id": 81}}, {"data": {"popup": "  \u6c23(\u5bd2) \u5473(\u7518) \u7d93\u7d61(\u809d,\u80ba) \u4f5c\u7528(inflammation)", "name": 82, "myGroup": "G4", "label": "\u87ec\u86fb", "nodeSupportPercent": 15.93801767689759, "id": 82}}, {"data": {"popup": "  \u6c23(\u5bd2) \u5473(\u82e6) \u7d93\u7d61(\u809d)", "name": 87, "myGroup": "G5", "label": "\u8d64\u828d", "nodeSupportPercent": 5.151817592525903, "id": 87}}, {"data": {"popup": "  \u6c23(\u5bd2) \u5473(\u82e6) \u7d93\u7d61(\u5fc3,\u80ba,\u5c0f\u8178)", "name": 90, "myGroup": "G7", "label": "\u9023\u7ff9", "nodeSupportPercent": 13.446995030301784, "id": 90}}, {"data": {"popup": "  \u6c23(\u5bd2) \u5473(\u7518) \u7d93\u7d61(\u80ba,\u5927\u8178,\u80c3) \u4f5c\u7528(allergy,bacteria,infection,inflammation,oxidation)", "name": 93, "myGroup": "G7", "label": "\u91d1\u9280\u82b1", "nodeSupportPercent": 8.453631583821215, "id": 93}}, {"data": {"popup": "  \u6c23(\u6eab) \u5473(\u8f9b,\u7518) \u7d93\u7d61(\u809d,\u813e,\u8180\u80f1) \u4f5c\u7528(allergy,bacteria,inflammation)", "name": 95, "myGroup": "G0", "label": "\u9632\u98a8", "nodeSupportPercent": 6.0809350852462725, "id": 95}}, {"data": {"popup": "  \u6c23(\u6eab) \u5473(\u8f9b,\u82e6) \u7d93\u7d61(\u80ba,\u8180\u80f1) \u4f5c\u7528(allergy,bacteria)", "name": 105, "myGroup": "G6", "label": "\u9ebb\u9ec3", "nodeSupportPercent": 3.5230324419430183, "id": 105}}, {"data": {"popup": "  \u4f5c\u7528(inflammation)", "name": 106, "myGroup": "G3", "label": "\u9ebb\u9ec3\u6e6f", "nodeSupportPercent": 1.9858214406980215, "id": 106}}, {"data": {"popup": "  \u4f5c\u7528(allergy,inflammation)", "name": 111, "myGroup": "G1", "label": "\u9ec3\u9023\u89e3\u6bd2\u6e6f", "nodeSupportPercent": 8.22418174896336, "id": 111}}, {"data": {"popup": " ", "name": 112, "myGroup": "G1", "label": "\u9f8d\u81bd\u7009\u809d\u6e6f", "nodeSupportPercent": 7.091337497041846, "id": 112}}], "edges": [{"data": {"source": 10, "Lift": 1.294981517475963, "is_directed": false, "target": 35, "name": "10-35"}}, {"data": {"source": 11, "Lift": 2.523518492647486, "is_directed": false, "target": 57, "name": "11-57"}}, {"data": {"source": 11, "Lift": 1.3084296675111184, "is_directed": false, "target": 35, "name": "11-35"}}, {"data": {"source": 12, "Lift": 3.5117091126437687, "is_directed": false, "target": 42, "name": "12-42"}}, {"data": {"source": 12, "Lift": 1.0062046754471332, "is_directed": false, "target": 35, "name": "12-35"}}, {"data": {"source": 14, "Lift": 6.178003884057804, "is_directed": false, "target": 61, "name": "14-61"}}, {"data": {"source": 20, "Lift": 15.897769997753885, "is_directed": false, "target": 105, "name": "20-105"}}, {"data": {"source": 25, "Lift": 1.0519928002948966, "is_directed": false, "target": 35, "name": "25-35"}}, {"data": {"source": 27, "Lift": 13.395851896006237, "is_directed": false, "target": 106, "name": "27-106"}}, {"data": {"source": 33, "Lift": 3.087273581822258, "is_directed": false, "target": 82, "name": "33-82"}}, {"data": {"source": 34, "Lift": 5.197663376341995, "is_directed": false, "target": 57, "name": "34-57"}}, {"data": {"source": 35, "Lift": 1.1728799269105357, "is_directed": false, "target": 66, "name": "35-66"}}, {"data": {"source": 35, "Lift": 1.0217625554811303, "is_directed": false, "target": 37, "name": "35-37"}}, {"data": {"source": 35, "Lift": 1.0427955211464321, "is_directed": false, "target": 76, "name": "35-76"}}, {"data": {"source": 35, "Lift": 1.1972477876620027, "is_directed": false, "target": 78, "name": "35-78"}}, {"data": {"source": 35, "Lift": 1.058466622279344, "is_directed": false, "target": 111, "name": "35-111"}}, {"data": {"source": 35, "Lift": 1.105384648776658, "is_directed": false, "target": 112, "name": "35-112"}}, {"data": {"source": 35, "Lift": 1.2401850730091102, "is_directed": false, "target": 81, "name": "35-81"}}, {"data": {"source": 35, "Lift": 1.0105485561866776, "is_directed": false, "target": 82, "name": "35-82"}}, {"data": {"source": 35, "Lift": 1.1272593370952748, "is_directed": false, "target": 57, "name": "35-57"}}, {"data": {"source": 35, "Lift": 1.0078501553423167, "is_directed": false, "target": 93, "name": "35-93"}}, {"data": {"source": 42, "Lift": 3.8210455041863853, "is_directed": false, "target": 48, "name": "42-48"}}, {"data": {"source": 42, "Lift": 3.617039622140943, "is_directed": false, "target": 87, "name": "42-87"}}, {"data": {"source": 53, "Lift": 10.505892807487209, "is_directed": false, "target": 61, "name": "53-61"}}, {"data": {"source": 69, "Lift": 6.294153077879101, "is_directed": false, "target": 95, "name": "69-95"}}, {"data": {"source": 90, "Lift": 3.543611410353391, "is_directed": false, "target": 93, "name": "90-93"}}]}, "data": {"description": "<h1>\u6162\u6027\u8541\u9ebb\u75b9\u4e2d\u91ab\u6cbb\u7642\u5716\u8b5c</h1><h2>Urticaria_(Support=1.0%, Confidence=40.0% (cc))cc</h2>", "name": "Urticaria_(Support=1.0%, Confidence=40.0% (cc))cc", "tags": ["Urticaria", "\u6162\u6027\u8541\u9ebb\u75b9\u4e2d\u91ab\u6cbb\u7642\u5716\u8b5c", "\u570b\u7db2\u4e2d\u5fc3"]}}