{"elements": {"nodes": [{"data": {"popup": "  \u6c23(\u5bd2) \u5473(\u82e6) \u7d93\u7d61(\u5fc3,\u80ba,\u5c0f\u8178)", "name": 171, "myGroup": "G4", "label": "\u9023\u7ff9", "nodeSupportPercent": 13.446995030301784, "id": 171}}, {"data": {"popup": " ", "name": 4, "myGroup": "G2", "label": "\u4e94\u5473\u6d88\u6bd2\u98f2", "nodeSupportPercent": 2.930372778812417, "id": 4}}, {"data": {"popup": "  \u6c23(\u5bd2) \u5473(\u82e6) \u7d93\u7d61(\u809d,\u5fc3,\u5927\u8178,\u80c3,\u8180\u80f1) \u4f5c\u7528(apoptosis,oxidation)", "name": 133, "myGroup": "G0", "label": "\u82e6\u53c3", "nodeSupportPercent": 3.442776445894083, "id": 133}}, {"data": {"popup": "  \u4f5c\u7528(inflammation)", "name": 193, "myGroup": "G2", "label": "\u9ebb\u674f\u7518\u77f3\u6e6f", "nodeSupportPercent": 2.5887703340913064, "id": 193}}, {"data": {"popup": "  \u4f5c\u7528(analgesia)", "name": 12, "myGroup": "G4", "label": "\u52a0\u5473\u900d\u9059\u6563", "nodeSupportPercent": 6.533661216804371, "id": 12}}, {"data": {"popup": "  \u6c23(\u6eab) \u5473(\u8f9b) \u7d93\u7d61(\u809d,\u80ba)", "name": 141, "myGroup": "G3", "label": "\u834a\u82a5", "nodeSupportPercent": 8.371317741719741, "id": 141}}, {"data": {"popup": " ", "name": 143, "myGroup": "G3", "label": "\u834a\u9632\u6557\u6bd2\u6563", "nodeSupportPercent": 13.51387502700923, "id": 143}}, {"data": {"popup": " ", "name": 146, "myGroup": "G2", "label": "\u845b\u6839\u6e6f", "nodeSupportPercent": 2.356233730154647, "id": 146}}, {"data": {"popup": "  \u6c23(\u6eab) \u5473(\u8f9b,\u82e6) \u7d93\u7d61(\u80ba,\u8180\u80f1)", "name": 195, "myGroup": "G5", "label": "\u9ebb\u9ec3", "nodeSupportPercent": 3.5230324419430183, "id": 195}}, {"data": {"popup": "  \u6c23(\u5e73) \u5473(\u7518) \u7d93\u7d61(\u809d,\u80c3) \u4f5c\u7528(apoptosis,inflammation)", "name": 20, "myGroup": "G4", "label": "\u571f\u832f\u82d3", "nodeSupportPercent": 7.9710666845013325, "id": 20}}, {"data": {"popup": "  \u6c23(\u5bd2) \u5473(\u82e6) \u7d93\u7d61(\u8180\u80f1)", "name": 21, "myGroup": "G0", "label": "\u5730\u819a\u5b50", "nodeSupportPercent": 13.697023325685006, "id": 21}}, {"data": {"popup": "  \u6c23(\u6eab) \u5473(\u8f9b,\u82e6) \u7d93\u7d61(\u813e,\u80c3) \u4f5c\u7528(apoptosis,oxidation)", "name": 150, "myGroup": "G1", "label": "\u84bc\u672e", "nodeSupportPercent": 2.510572184094908, "id": 150}}, {"data": {"popup": " ", "name": 151, "myGroup": "G0", "label": "\u84bc\u8033\u5b50", "nodeSupportPercent": 1.9981685170132422, "id": 151}}, {"data": {"popup": "  \u6c23(\u5bd2) \u5473(\u9e79) \u7d93\u7d61(\u809d,\u80ba,\u8180\u80f1) \u4f5c\u7528(apoptosis,inflammation,oxidation)", "name": 24, "myGroup": "G0", "label": "\u5730\u9f8d", "nodeSupportPercent": 0.9280885696941011, "id": 24}}, {"data": {"popup": "  \u6c23(\u6dbc) \u5473(\u8f9b) \u7d93\u7d61(\u809d,\u80ba)", "name": 153, "myGroup": "G3", "label": "\u8584\u8377", "nodeSupportPercent": 2.848058936710945, "id": 153}}, {"data": {"popup": "  \u6c23(\u5bd2) \u5473(\u7518) \u7d93\u7d61(\u80ba,\u814e) \u4f5c\u7528(inflammation)", "name": 22, "myGroup": "G2", "label": "\u5730\u9aa8\u76ae", "nodeSupportPercent": 3.1217524616983403, "id": 22}}, {"data": {"popup": "  \u6c23(\u5bd2) \u5473(\u7518) \u7d93\u7d61(\u813e,\u80ba,\u80c3)", "name": 154, "myGroup": "G1", "label": "\u858f\u82e1\u4ec1", "nodeSupportPercent": 7.754992848984967, "id": 154}}, {"data": {"popup": "  \u6c23(\u5bd2) \u5473(\u7518) \u7d93\u7d61(\u809d,\u80ba) \u4f5c\u7528(inflammation,oxidation)", "name": 158, "myGroup": "G2", "label": "\u87ec\u86fb", "nodeSupportPercent": 15.93801767689759, "id": 158}}, {"data": {"popup": "  \u6c23(\u5bd2) \u5473(\u7518,\u82e6) \u7d93\u7d61(\u80ba,\u80c3) \u4f5c\u7528(apoptosis,inflammation)", "name": 31, "myGroup": "G7", "label": "\u5929\u82b1\u7c89", "nodeSupportPercent": 2.195721738056776, "id": 31}}, {"data": {"popup": "  \u4f5c\u7528(apoptosis,inflammation)", "name": 34, "myGroup": "G4", "label": "\u5c0f\u67f4\u80e1\u6e6f", "nodeSupportPercent": 3.3614915268188788, "id": 34}}, {"data": {"popup": "  \u6c23(\u5e73) \u5473(\u7518,\u9178) \u7d93\u7d61(\u5fc3,\u5c0f\u8178)", "name": 164, "myGroup": "G4", "label": "\u8d64\u5c0f\u8c46", "nodeSupportPercent": 0.7634608854911564, "id": 164}}, {"data": {"popup": "  \u6c23(\u5bd2) \u5473(\u82e6) \u7d93\u7d61(\u809d)", "name": 165, "myGroup": "G2", "label": "\u8d64\u828d", "nodeSupportPercent": 5.151817592525903, "id": 165}}, {"data": {"popup": "  \u6c23(\u5bd2) \u5473(\u7518) \u7d93\u7d61(\u809d,\u80ba,\u814e) \u4f5c\u7528(oxidation)", "name": 167, "myGroup": "G0", "label": "\u8eca\u524d\u5b50", "nodeSupportPercent": 1.0577328710039202, "id": 167}}, {"data": {"popup": " ", "name": 41, "myGroup": "G0", "label": "\u666e\u6fdf\u6d88\u6bd2\u98f2", "nodeSupportPercent": 1.1019765611334615, "id": 41}}, {"data": {"popup": "  \u6c23(\u6eab) \u5473(\u82e6) \u7d93\u7d61(\u80ba,\u5927\u8178) \u4f5c\u7528(inflammation)", "name": 43, "myGroup": "G5", "label": "\u674f\u4ec1", "nodeSupportPercent": 1.969358672277727, "id": 43}}, {"data": {"popup": "  \u6c23(\u5e73) \u5473(\u7518) \u7d93\u7d61(\u809d,\u5fc3)", "name": 173, "myGroup": "G0", "label": "\u9178\u68d7\u4ec1", "nodeSupportPercent": 1.0803691775818252, "id": 173}}, {"data": {"popup": " ", "name": 175, "myGroup": "G3", "label": "\u91d1\u87ec", "nodeSupportPercent": 2.9468355472327117, "id": 175}}, {"data": {"popup": "  \u6c23(\u5bd2) \u5473(\u7518) \u7d93\u7d61(\u80ba,\u5927\u8178,\u80c3) \u4f5c\u7528(apoptosis)", "name": 176, "myGroup": "G4", "label": "\u91d1\u9280\u82b1", "nodeSupportPercent": 8.453631583821215, "id": 176}}, {"data": {"popup": "  \u6c23(\u5bd2) \u5473(\u82e6) \u7d93\u7d61(\u809d,\u80ba,\u81bd,\u5927\u8178,\u80c3) \u4f5c\u7528(oxidation)", "name": 200, "myGroup": "G7", "label": "\u9ec3\u82a9", "nodeSupportPercent": 5.758882178024262, "id": 200}}, {"data": {"popup": " ", "name": 50, "myGroup": "G0", "label": "\u67f4\u80e1\u6e05\u809d\u6e6f", "nodeSupportPercent": 2.2471678893701963, "id": 50}}, {"data": {"popup": "  \u6c23(\u6eab) \u5473(\u8f9b,\u7518) \u7d93\u7d61(\u809d,\u813e,\u8180\u80f1)", "name": 179, "myGroup": "G1", "label": "\u9632\u98a8", "nodeSupportPercent": 6.0809350852462725, "id": 179}}, {"data": {"popup": "  \u4f5c\u7528(apoptosis)", "name": 53, "myGroup": "G5", "label": "\u6842\u679d\u6e6f", "nodeSupportPercent": 5.813415098416487, "id": 53}}, {"data": {"popup": "  \u6c23(\u5bd2) \u5473(\u7518) \u7d93\u7d61(\u80ba) \u4f5c\u7528(apoptosis,inflammation)", "name": 58, "myGroup": "G2", "label": "\u6851\u767d\u76ae", "nodeSupportPercent": 3.601230591939417, "id": 58}}, {"data": {"popup": "  \u6c23(\u5bd2) \u5473(\u82e6) \u7d93\u7d61(\u5fc3,\u80ba,\u80c3,\u4e09\u7126) \u4f5c\u7528(oxidation)", "name": 62, "myGroup": "G4", "label": "\u6894\u5b50", "nodeSupportPercent": 2.44472111041373, "id": 62}}, {"data": {"popup": "  \u6c23(\u5e73) \u5473(\u8f9b,\u9e79) \u7d93\u7d61(\u809d,\u80ba) \u4f5c\u7528(inflammation)", "name": 64, "myGroup": "G2", "label": "\u6bad\u8836", "nodeSupportPercent": 3.6886890491722313, "id": 64}}, {"data": {"popup": "  \u6c23(\u6dbc) \u5473(\u7518) \u7d93\u7d61(\u5fc3)", "name": 65, "myGroup": "G3", "label": "\u6d6e\u5c0f\u9ea5", "nodeSupportPercent": 2.0856269742460567, "id": 65}}, {"data": {"popup": " ", "name": 194, "myGroup": "G0", "label": "\u9ebb\u674f\u858f\u7518\u6e6f", "nodeSupportPercent": 1.8746977538610337, "id": 194}}, {"data": {"popup": "  \u4f5c\u7528(inflammation)", "name": 67, "myGroup": "G0", "label": "\u6d88\u98a8\u6563", "nodeSupportPercent": 47.26769490374425, "id": 67}}, {"data": {"popup": "  \u4f5c\u7528(inflammation)", "name": 196, "myGroup": "G5", "label": "\u9ebb\u9ec3\u6e6f", "nodeSupportPercent": 1.9858214406980215, "id": 196}}, {"data": {"popup": " ", "name": 70, "myGroup": "G4", "label": "\u6e05\u4e0a\u9632\u98a8\u6e6f", "nodeSupportPercent": 3.054872464990894, "id": 70}}, {"data": {"popup": " ", "name": 71, "myGroup": "G0", "label": "\u6e05\u80c3\u6563", "nodeSupportPercent": 0.9764479519287163, "id": 71}}, {"data": {"popup": " ", "name": 72, "myGroup": "G0", "label": "\u6eab\u6e05\u98f2", "nodeSupportPercent": 7.096482112173188, "id": 72}}, {"data": {"popup": "  \u6c23(\u5bd2) \u5473(\u82e6) \u7d93\u7d61(\u809d,\u5fc3,\u5927\u8178,\u80c3) \u4f5c\u7528(apoptosis)", "name": 201, "myGroup": "G7", "label": "\u9ec3\u9023", "nodeSupportPercent": 2.334626346603011, "id": 201}}, {"data": {"popup": "  \u4f5c\u7528(inflammation)", "name": 202, "myGroup": "G0", "label": "\u9ec3\u9023\u89e3\u6bd2\u6e6f", "nodeSupportPercent": 8.22418174896336, "id": 202}}, {"data": {"popup": " ", "name": 204, "myGroup": "G0", "label": "\u9f8d\u81bd\u7009\u809d\u6e6f", "nodeSupportPercent": 7.091337497041846, "id": 204}}, {"data": {"popup": "  \u6c23(\u5bd2) \u5473(\u82e6) \u7d93\u7d61(\u809d,\u81bd,\u80c3)", "name": 205, "myGroup": "G0", "label": "\u9f8d\u81bd\u8349", "nodeSupportPercent": 0.8972208789060491, "id": 205}}, {"data": {"popup": " ", "name": 81, "myGroup": "G7", "label": "\u7099\u7518\u8349", "nodeSupportPercent": 1.2285340933644755, "id": 81}}, {"data": {"popup": "  \u6c23(\u5bd2) \u5473(\u8f9b,\u82e6) \u7d93\u7d61(\u809d,\u5fc3,\u814e) \u4f5c\u7528(inflammation,oxidation)", "name": 86, "myGroup": "G2", "label": "\u7261\u4e39\u76ae", "nodeSupportPercent": 13.787568551996625, "id": 86}}, {"data": {"popup": "  \u6c23(\u5bd2) \u5473(\u7518,\u82e6,\u9e79) \u7d93\u7d61(\u80ba,\u814e,\u80c3) \u4f5c\u7528(inflammation)", "name": 88, "myGroup": "G2", "label": "\u7384\u53c3", "nodeSupportPercent": 3.504511827470187, "id": 88}}, {"data": {"popup": " ", "name": 89, "myGroup": "G4", "label": "\u7389\u5973\u714e", "nodeSupportPercent": 2.416940188704483, "id": 89}}, {"data": {"popup": "  \u6c23(\u5bd2) \u5473(\u82e6) \u7d93\u7d61(\u809d,\u5fc3,\u813e,\u5927\u8178,\u80c3) \u4f5c\u7528(analgesia,apoptosis,inflammation)", "name": 29, "myGroup": "G7", "label": "\u5927\u9ec3", "nodeSupportPercent": 7.670621160830958, "id": 29}}, {"data": {"popup": "  \u6c23(\u5e73) \u5473(\u7518) \u7d93\u7d61(\u5fc3,\u813e,\u80ba,\u80c3) \u4f5c\u7528(apoptosis,inflammation)", "name": 93, "myGroup": "G7", "label": "\u7518\u8349", "nodeSupportPercent": 8.763337414728005, "id": 93}}, {"data": {"popup": "  \u6c23(\u6eab) \u5473(\u7518) \u7d93\u7d61(\u813e,\u80ba) \u4f5c\u7528(analgesia)", "name": 199, "myGroup": "G1", "label": "\u9ec3\u8006", "nodeSupportPercent": 3.234933994587865, "id": 199}}, {"data": {"popup": "  \u6c23(\u5bd2) \u5473(\u82e6) \u7d93\u7d61(\u814e,\u5927\u8178,\u8180\u80f1) \u4f5c\u7528(inflammation)", "name": 198, "myGroup": "G2", "label": "\u9ec3\u67cf", "nodeSupportPercent": 1.9930239018819003, "id": 198}}, {"data": {"popup": "  \u6c23(\u5bd2) \u5473(\u7518,\u82e6) \u7d93\u7d61(\u809d,\u5fc3,\u814e) \u4f5c\u7528(apoptosis,inflammation,oxidation)", "name": 96, "myGroup": "G2", "label": "\u751f\u5730\u9ec3", "nodeSupportPercent": 6.538805831935713, "id": 96}}, {"data": {"popup": "  \u6c23(\u6eab) \u5473(\u8f9b,\u7518) \u7d93\u7d61(\u809d,\u5fc3,\u813e) \u4f5c\u7528(analgesia)", "name": 98, "myGroup": "G1", "label": "\u7576\u6b78", "nodeSupportPercent": 2.600088487380259, "id": 98}}, {"data": {"popup": "  \u6c23(\u6eab) \u5473(\u7518,\u82e6) \u7d93\u7d61(\u813e,\u80c3) \u4f5c\u7528(apoptosis,inflammation,oxidation)", "name": 104, "myGroup": "G1", "label": "\u767d\u672e", "nodeSupportPercent": 2.169998662400066, "id": 104}}, {"data": {"popup": "  \u6c23(\u6eab) \u5473(\u8f9b) \u7d93\u7d61(\u80ba,\u5927\u8178,\u80c3) \u4f5c\u7528(analgesia,apoptosis,inflammation)", "name": 107, "myGroup": "G7", "label": "\u767d\u82b7", "nodeSupportPercent": 3.9490065748181378, "id": 107}}, {"data": {"popup": "  \u6c23(\u5bd2) \u5473(\u7518) \u7d93\u7d61(\u80ba,\u80c3,\u8180\u80f1) \u4f5c\u7528(oxidation)", "name": 108, "myGroup": "G0", "label": "\u767d\u8305\u6839", "nodeSupportPercent": 1.1174104065274877, "id": 108}}, {"data": {"popup": "  \u6c23(\u5e73) \u5473(\u8f9b,\u82e6) \u7d93\u7d61(\u809d) \u4f5c\u7528(inflammation,oxidation)", "name": 109, "myGroup": "G0", "label": "\u767d\u84ba\u85dc", "nodeSupportPercent": 1.179145788103592, "id": 109}}, {"data": {"popup": "  \u6c23(\u5bd2) \u5473(\u82e6) \u7d93\u7d61(\u813e,\u80c3) \u4f5c\u7528(apoptosis,inflammation)", "name": 111, "myGroup": "G2", "label": "\u767d\u9bae\u76ae", "nodeSupportPercent": 17.018386854479417, "id": 111}}, {"data": {"popup": "  \u6c23(\u6eab) \u5473(\u8f9b,\u82e6) \u7d93\u7d61(\u814e)", "name": 157, "myGroup": "G0", "label": "\u86c7\u5e8a\u5b50", "nodeSupportPercent": 2.208068814371997, "id": 157}}, {"data": {"popup": " ", "name": 115, "myGroup": "G0", "label": "\u77e5\u67cf\u5730\u9ec3\u4e38", "nodeSupportPercent": 1.659652841370937, "id": 115}}, {"data": {"popup": "  \u6c23(\u5bd2) \u5473(\u8f9b) \u7d93\u7d61(\u80ba)", "name": 190, "myGroup": "G0", "label": "\u9b5a\u8165\u8349", "nodeSupportPercent": 1.0186337960057208, "id": 190}}, {"data": {"popup": "  \u6c23(\u6eab) \u5473(\u8f9b) \u7d93\u7d61(\u813e,\u80c3) \u4f5c\u7528(inflammation)", "name": 119, "myGroup": "G7", "label": "\u7802\u4ec1", "nodeSupportPercent": 2.87686878144646, "id": 119}}, {"data": {"popup": "  \u6c23(\u5bd2) \u5473(\u7518,\u82e6) \u7d93\u7d61(\u809d,\u80c3) \u4f5c\u7528(apoptosis,inflammation)", "name": 148, "myGroup": "G6", "label": "\u84b2\u516c\u82f1", "nodeSupportPercent": 4.081737645206762, "id": 148}}, {"data": {"popup": "  \u6c23(\u5bd2) \u5473(\u8f9b,\u82e6) \u7d93\u7d61(\u809d,\u5fc3)", "name": 123, "myGroup": "G6", "label": "\u7d2b\u82b1\u5730\u4e01", "nodeSupportPercent": 1.2666042453364064, "id": 123}}, {"data": {"popup": "  \u6c23(\u5bd2) \u5473(\u7518) \u7d93\u7d61(\u809d,\u5fc3)", "name": 124, "myGroup": "G2", "label": "\u7d2b\u8349", "nodeSupportPercent": 2.8017574005288663, "id": 124}}, {"data": {"popup": " ", "name": 125, "myGroup": "G2", "label": "\u7d2b\u8349\u6839", "nodeSupportPercent": 1.704925454526747, "id": 125}}, {"data": {"popup": " ", "name": 149, "myGroup": "G2", "label": "\u84ba\u85dc", "nodeSupportPercent": 6.091224315508957, "id": 149}}], "edges": [{"data": {"source": 171, "Lift": 1.539933058010187, "is_directed": false, "target": 193, "name": "171-193"}}, {"data": {"source": 171, "Lift": 2.2785559577203927, "is_directed": false, "target": 34, "name": "171-34"}}, {"data": {"source": 171, "Lift": 1.4964431462982601, "is_directed": false, "target": 195, "name": "171-195"}}, {"data": {"source": 171, "Lift": 5.542375952311173, "is_directed": false, "target": 164, "name": "171-164"}}, {"data": {"source": 171, "Lift": 1.5728710694919223, "is_directed": false, "target": 165, "name": "171-165"}}, {"data": {"source": 171, "Lift": 1.6831926695474735, "is_directed": false, "target": 70, "name": "171-70"}}, {"data": {"source": 171, "Lift": 1.8234322972617174, "is_directed": false, "target": 12, "name": "171-12"}}, {"data": {"source": 171, "Lift": 1.74306871748641, "is_directed": false, "target": 141, "name": "171-141"}}, {"data": {"source": 171, "Lift": 3.543611410353391, "is_directed": false, "target": 176, "name": "171-176"}}, {"data": {"source": 171, "Lift": 1.9409857676401616, "is_directed": false, "target": 20, "name": "171-20"}}, {"data": {"source": 171, "Lift": 1.910460949689904, "is_directed": false, "target": 88, "name": "171-88"}}, {"data": {"source": 171, "Lift": 2.8112838947849936, "is_directed": false, "target": 89, "name": "171-89"}}, {"data": {"source": 171, "Lift": 1.6941292292580872, "is_directed": false, "target": 154, "name": "171-154"}}, {"data": {"source": 171, "Lift": 2.6644295880108873, "is_directed": false, "target": 58, "name": "171-58"}}, {"data": {"source": 171, "Lift": 2.21282838201692, "is_directed": false, "target": 62, "name": "171-62"}}, {"data": {"source": 4, "Lift": 1.3307649017363423, "is_directed": false, "target": 111, "name": "4-111"}}, {"data": {"source": 133, "Lift": 1.1728799269105357, "is_directed": false, "target": 67, "name": "133-67"}}, {"data": {"source": 133, "Lift": 1.9594049672542415, "is_directed": false, "target": 21, "name": "133-21"}}, {"data": {"source": 133, "Lift": 2.2618902824647233, "is_directed": false, "target": 111, "name": "133-111"}}, {"data": {"source": 193, "Lift": 1.5941412868091973, "is_directed": false, "target": 86, "name": "193-86"}}, {"data": {"source": 193, "Lift": 1.5037386805785773, "is_directed": false, "target": 158, "name": "193-158"}}, {"data": {"source": 12, "Lift": 3.661817426078445, "is_directed": false, "target": 89, "name": "12-89"}}, {"data": {"source": 141, "Lift": 2.419140841724208, "is_directed": false, "target": 175, "name": "141-175"}}, {"data": {"source": 141, "Lift": 6.294153077879101, "is_directed": false, "target": 179, "name": "141-179"}}, {"data": {"source": 141, "Lift": 1.5102435190552672, "is_directed": false, "target": 21, "name": "141-21"}}, {"data": {"source": 141, "Lift": 3.610730291025785, "is_directed": false, "target": 151, "name": "141-151"}}, {"data": {"source": 141, "Lift": 3.909923727982676, "is_directed": false, "target": 153, "name": "141-153"}}, {"data": {"source": 141, "Lift": 2.082181195975708, "is_directed": false, "target": 158, "name": "141-158"}}, {"data": {"source": 143, "Lift": 2.204973079657305, "is_directed": false, "target": 65, "name": "143-65"}}, {"data": {"source": 143, "Lift": 1.8518557114756442, "is_directed": false, "target": 151, "name": "143-151"}}, {"data": {"source": 195, "Lift": 15.897769997753885, "is_directed": false, "target": 43, "name": "195-43"}}, {"data": {"source": 195, "Lift": 4.968567581258788, "is_directed": false, "target": 53, "name": "195-53"}}, {"data": {"source": 20, "Lift": 2.6095473996341707, "is_directed": false, "target": 176, "name": "20-176"}}, {"data": {"source": 20, "Lift": 2.737940166141112, "is_directed": false, "target": 34, "name": "20-34"}}, {"data": {"source": 20, "Lift": 1.294981517475963, "is_directed": false, "target": 67, "name": "20-67"}}, {"data": {"source": 20, "Lift": 2.6789377241521106, "is_directed": false, "target": 70, "name": "20-70"}}, {"data": {"source": 20, "Lift": 1.5890299384916173, "is_directed": false, "target": 111, "name": "20-111"}}, {"data": {"source": 21, "Lift": 1.3084296675111184, "is_directed": false, "target": 67, "name": "21-67"}}, {"data": {"source": 21, "Lift": 2.523518492647486, "is_directed": false, "target": 111, "name": "21-111"}}, {"data": {"source": 21, "Lift": 1.5132011429435746, "is_directed": false, "target": 149, "name": "21-149"}}, {"data": {"source": 21, "Lift": 1.9473962923581953, "is_directed": false, "target": 151, "name": "21-151"}}, {"data": {"source": 21, "Lift": 2.054684650426231, "is_directed": false, "target": 153, "name": "21-153"}}, {"data": {"source": 21, "Lift": 2.6842384324705177, "is_directed": false, "target": 157, "name": "21-157"}}, {"data": {"source": 150, "Lift": 10.330897053222333, "is_directed": false, "target": 104, "name": "150-104"}}, {"data": {"source": 150, "Lift": 3.6596507031705086, "is_directed": false, "target": 179, "name": "150-179"}}, {"data": {"source": 150, "Lift": 6.410549628749009, "is_directed": false, "target": 199, "name": "150-199"}}, {"data": {"source": 151, "Lift": 1.1972477876620027, "is_directed": false, "target": 67, "name": "151-67"}}, {"data": {"source": 24, "Lift": 1.3345698375977129, "is_directed": false, "target": 67, "name": "24-67"}}, {"data": {"source": 153, "Lift": 9.82155692230039, "is_directed": false, "target": 65, "name": "153-65"}}, {"data": {"source": 153, "Lift": 1.815020929293847, "is_directed": false, "target": 111, "name": "153-111"}}, {"data": {"source": 22, "Lift": 1.0062046754471332, "is_directed": false, "target": 67, "name": "22-67"}}, {"data": {"source": 22, "Lift": 3.5117091126437687, "is_directed": false, "target": 86, "name": "22-86"}}, {"data": {"source": 22, "Lift": 1.2104477549481532, "is_directed": false, "target": 111, "name": "22-111"}}, {"data": {"source": 154, "Lift": 3.14974236390093, "is_directed": false, "target": 150, "name": "154-150"}}, {"data": {"source": 158, "Lift": 3.087273581822258, "is_directed": false, "target": 64, "name": "158-64"}}, {"data": {"source": 158, "Lift": 1.5332804443769463, "is_directed": false, "target": 96, "name": "158-96"}}, {"data": {"source": 158, "Lift": 1.3482185041960002, "is_directed": false, "target": 98, "name": "158-98"}}, {"data": {"source": 158, "Lift": 1.0105485561866776, "is_directed": false, "target": 67, "name": "158-67"}}, {"data": {"source": 158, "Lift": 1.5262841447409392, "is_directed": false, "target": 165, "name": "158-165"}}, {"data": {"source": 158, "Lift": 1.1937872426958767, "is_directed": false, "target": 111, "name": "158-111"}}, {"data": {"source": 158, "Lift": 1.8302342404312122, "is_directed": false, "target": 146, "name": "158-146"}}, {"data": {"source": 158, "Lift": 1.9385588431595517, "is_directed": false, "target": 179, "name": "158-179"}}, {"data": {"source": 158, "Lift": 1.4681838342898024, "is_directed": false, "target": 21, "name": "158-21"}}, {"data": {"source": 158, "Lift": 1.3105807839434205, "is_directed": false, "target": 86, "name": "158-86"}}, {"data": {"source": 158, "Lift": 2.274516697593677, "is_directed": false, "target": 151, "name": "158-151"}}, {"data": {"source": 158, "Lift": 2.2168610085940212, "is_directed": false, "target": 153, "name": "158-153"}}, {"data": {"source": 158, "Lift": 2.3817371613979543, "is_directed": false, "target": 125, "name": "158-125"}}, {"data": {"source": 158, "Lift": 1.6660826077853192, "is_directed": false, "target": 149, "name": "158-149"}}, {"data": {"source": 31, "Lift": 6.713072540702033, "is_directed": false, "target": 200, "name": "31-200"}}, {"data": {"source": 31, "Lift": 8.982838829189484, "is_directed": false, "target": 107, "name": "31-107"}}, {"data": {"source": 31, "Lift": 12.135056540807392, "is_directed": false, "target": 119, "name": "31-119"}}, {"data": {"source": 34, "Lift": 2.864072662835609, "is_directed": false, "target": 176, "name": "34-176"}}, {"data": {"source": 165, "Lift": 3.979865387513343, "is_directed": false, "target": 96, "name": "165-96"}}, {"data": {"source": 165, "Lift": 3.617039622140943, "is_directed": false, "target": 86, "name": "165-86"}}, {"data": {"source": 165, "Lift": 1.481028349911092, "is_directed": false, "target": 111, "name": "165-111"}}, {"data": {"source": 167, "Lift": 1.0310510944008562, "is_directed": false, "target": 67, "name": "167-67"}}, {"data": {"source": 41, "Lift": 1.4558398179504428, "is_directed": false, "target": 67, "name": "41-67"}}, {"data": {"source": 43, "Lift": 6.255124698310539, "is_directed": false, "target": 53, "name": "43-53"}}, {"data": {"source": 173, "Lift": 1.0759387137601726, "is_directed": false, "target": 67, "name": "173-67"}}, {"data": {"source": 176, "Lift": 1.0078501553423167, "is_directed": false, "target": 67, "name": "176-67"}}, {"data": {"source": 176, "Lift": 2.4742187036245684, "is_directed": false, "target": 70, "name": "176-70"}}, {"data": {"source": 200, "Lift": 4.6376709867788675, "is_directed": false, "target": 201, "name": "200-201"}}, {"data": {"source": 200, "Lift": 5.148717911953688, "is_directed": false, "target": 107, "name": "200-107"}}, {"data": {"source": 200, "Lift": 7.809653502459591, "is_directed": false, "target": 81, "name": "200-81"}}, {"data": {"source": 200, "Lift": 1.4617264579372211, "is_directed": false, "target": 86, "name": "200-86"}}, {"data": {"source": 200, "Lift": 5.7819498515324605, "is_directed": false, "target": 119, "name": "200-119"}}, {"data": {"source": 50, "Lift": 1.0519928002948966, "is_directed": false, "target": 67, "name": "50-67"}}, {"data": {"source": 179, "Lift": 4.514728273558089, "is_directed": false, "target": 104, "name": "179-104"}}, {"data": {"source": 179, "Lift": 3.9647545024390456, "is_directed": false, "target": 199, "name": "179-199"}}, {"data": {"source": 53, "Lift": 13.395851896006237, "is_directed": false, "target": 196, "name": "53-196"}}, {"data": {"source": 58, "Lift": 1.7945772707889125, "is_directed": false, "target": 86, "name": "58-86"}}, {"data": {"source": 58, "Lift": 1.2037400760062187, "is_directed": false, "target": 111, "name": "58-111"}}, {"data": {"source": 62, "Lift": 2.124589929142168, "is_directed": false, "target": 86, "name": "62-86"}}, {"data": {"source": 64, "Lift": 1.2833768776593322, "is_directed": false, "target": 111, "name": "64-111"}}, {"data": {"source": 65, "Lift": 5.197663376341995, "is_directed": false, "target": 111, "name": "65-111"}}, {"data": {"source": 194, "Lift": 1.033420828254831, "is_directed": false, "target": 67, "name": "194-67"}}, {"data": {"source": 67, "Lift": 1.2082829590006319, "is_directed": false, "target": 71, "name": "67-71"}}, {"data": {"source": 67, "Lift": 1.0217625554811303, "is_directed": false, "target": 72, "name": "67-72"}}, {"data": {"source": 67, "Lift": 1.0792337440669681, "is_directed": false, "target": 108, "name": "67-108"}}, {"data": {"source": 67, "Lift": 1.058466622279344, "is_directed": false, "target": 202, "name": "67-202"}}, {"data": {"source": 67, "Lift": 1.105384648776658, "is_directed": false, "target": 204, "name": "67-204"}}, {"data": {"source": 67, "Lift": 1.3222561440170661, "is_directed": false, "target": 205, "name": "67-205"}}, {"data": {"source": 67, "Lift": 1.067035324595971, "is_directed": false, "target": 109, "name": "67-109"}}, {"data": {"source": 67, "Lift": 1.0020619407603606, "is_directed": false, "target": 115, "name": "67-115"}}, {"data": {"source": 67, "Lift": 1.0427955211464321, "is_directed": false, "target": 149, "name": "67-149"}}, {"data": {"source": 67, "Lift": 1.1272593370952748, "is_directed": false, "target": 111, "name": "67-111"}}, {"data": {"source": 67, "Lift": 1.040709078200099, "is_directed": false, "target": 190, "name": "67-190"}}, {"data": {"source": 81, "Lift": 13.170413689081153, "is_directed": false, "target": 107, "name": "81-107"}}, {"data": {"source": 81, "Lift": 18.864731382233053, "is_directed": false, "target": 119, "name": "81-119"}}, {"data": {"source": 86, "Lift": 3.8210455041863853, "is_directed": false, "target": 96, "name": "86-96"}}, {"data": {"source": 86, "Lift": 1.8834351859699952, "is_directed": false, "target": 198, "name": "86-198"}}, {"data": {"source": 86, "Lift": 1.5055941847647987, "is_directed": false, "target": 93, "name": "86-93"}}, {"data": {"source": 86, "Lift": 1.4698764099694996, "is_directed": false, "target": 111, "name": "86-111"}}, {"data": {"source": 86, "Lift": 1.6870367713795886, "is_directed": false, "target": 149, "name": "86-149"}}, {"data": {"source": 86, "Lift": 2.0357552519259254, "is_directed": false, "target": 88, "name": "86-88"}}, {"data": {"source": 86, "Lift": 1.5654429957492233, "is_directed": false, "target": 89, "name": "86-89"}}, {"data": {"source": 86, "Lift": 2.074923701360988, "is_directed": false, "target": 124, "name": "86-124"}}, {"data": {"source": 86, "Lift": 3.0552392833659106, "is_directed": false, "target": 125, "name": "86-125"}}, {"data": {"source": 88, "Lift": 3.6594390978478764, "is_directed": false, "target": 96, "name": "88-96"}}, {"data": {"source": 29, "Lift": 3.1957166859174224, "is_directed": false, "target": 200, "name": "29-200"}}, {"data": {"source": 29, "Lift": 6.856852112114339, "is_directed": false, "target": 81, "name": "29-81"}}, {"data": {"source": 29, "Lift": 4.283310738147838, "is_directed": false, "target": 107, "name": "29-107"}}, {"data": {"source": 29, "Lift": 6.178003884057804, "is_directed": false, "target": 119, "name": "29-119"}}, {"data": {"source": 29, "Lift": 4.813946597422712, "is_directed": false, "target": 31, "name": "29-31"}}, {"data": {"source": 93, "Lift": 2.4242630618591146, "is_directed": false, "target": 119, "name": "93-119"}}, {"data": {"source": 199, "Lift": 8.384053197432065, "is_directed": false, "target": 104, "name": "199-104"}}, {"data": {"source": 199, "Lift": 6.33664086894617, "is_directed": false, "target": 98, "name": "199-98"}}, {"data": {"source": 96, "Lift": 1.3194411564078976, "is_directed": false, "target": 111, "name": "96-111"}}, {"data": {"source": 107, "Lift": 10.505892807487209, "is_directed": false, "target": 119, "name": "107-119"}}, {"data": {"source": 111, "Lift": 1.7845941975762027, "is_directed": false, "target": 124, "name": "111-124"}}, {"data": {"source": 111, "Lift": 1.3032406798424785, "is_directed": false, "target": 149, "name": "111-149"}}, {"data": {"source": 111, "Lift": 2.0284071313740615, "is_directed": false, "target": 125, "name": "111-125"}}, {"data": {"source": 157, "Lift": 1.2401850730091102, "is_directed": false, "target": 67, "name": "157-67"}}, {"data": {"source": 157, "Lift": 1.3991774297334485, "is_directed": false, "target": 111, "name": "157-111"}}, {"data": {"source": 148, "Lift": 11.762085745171834, "is_directed": false, "target": 123, "name": "148-123"}}]}, "data": {"description": "<h1>\u5b50\u5bae\u5167\u819c\u7570\u4f4d\u4e2d\u91ab\u6cbb\u7642\u5716\u8b5c</h1><h2>endometriosis_(Support=0.5%, Confidence=20.0% (cc))cc</h2>", "name": "endometriosis_(Support=0.5%, Confidence=20.0% (cc))cc", "tags": ["endometriosis", "\u5b50\u5bae\u5167\u819c\u7570\u4f4d\u4e2d\u91ab\u6cbb\u7642\u5716\u8b5c", "\u570b\u7db2\u4e2d\u5fc3"]}}