{"elements": {"nodes": [{"data": {"popup": "  \u6c23(\u6eab) \u5473(\u82e6) \u7d93\u7d61(\u80ba,\u5927\u8178) \u4f5c\u7528(inflammation)", "name": 43, "myGroup": "G8", "label": "\u674f\u4ec1", "nodeSupportPercent": 1.969358672277727, "id": 43}}, {"data": {"popup": "  \u6c23(\u5bd2) \u5473(\u82e6) \u7d93\u7d61(\u809d,\u5fc3,\u5927\u8178,\u80c3,\u8180\u80f1) \u4f5c\u7528(apoptosis,oxidation)", "name": 133, "myGroup": "G0", "label": "\u82e6\u53c3", "nodeSupportPercent": 3.442776445894083, "id": 133}}, {"data": {"popup": "  \u6c23(\u6eab) \u5473(\u8f9b) \u7d93\u7d61(\u809d,\u80ba)", "name": 141, "myGroup": "G1", "label": "\u834a\u82a5", "nodeSupportPercent": 8.371317741719741, "id": 141}}, {"data": {"popup": "  \u6c23(\u6eab) \u5473(\u8f9b,\u82e6) \u7d93\u7d61(\u80ba,\u8180\u80f1)", "name": 195, "myGroup": "G8", "label": "\u9ebb\u9ec3", "nodeSupportPercent": 3.5230324419430183, "id": 195}}, {"data": {"popup": "  \u6c23(\u5e73) \u5473(\u7518) \u7d93\u7d61(\u809d,\u80c3) \u4f5c\u7528(apoptosis,inflammation)", "name": 20, "myGroup": "G0", "label": "\u571f\u832f\u82d3", "nodeSupportPercent": 7.9710666845013325, "id": 20}}, {"data": {"popup": "  \u6c23(\u5bd2) \u5473(\u82e6) \u7d93\u7d61(\u8180\u80f1)", "name": 21, "myGroup": "G5", "label": "\u5730\u819a\u5b50", "nodeSupportPercent": 13.697023325685006, "id": 21}}, {"data": {"popup": "  \u6c23(\u5bd2) \u5473(\u7518) \u7d93\u7d61(\u80ba,\u814e) \u4f5c\u7528(inflammation)", "name": 22, "myGroup": "G2", "label": "\u5730\u9aa8\u76ae", "nodeSupportPercent": 3.1217524616983403, "id": 22}}, {"data": {"popup": " ", "name": 151, "myGroup": "G0", "label": "\u84bc\u8033\u5b50", "nodeSupportPercent": 1.9981685170132422, "id": 151}}, {"data": {"popup": "  \u6c23(\u5bd2) \u5473(\u9e79) \u7d93\u7d61(\u809d,\u80ba,\u8180\u80f1) \u4f5c\u7528(apoptosis,inflammation,oxidation)", "name": 24, "myGroup": "G0", "label": "\u5730\u9f8d", "nodeSupportPercent": 0.9280885696941011, "id": 24}}, {"data": {"popup": "  \u6c23(\u5bd2) \u5473(\u82e6) \u7d93\u7d61(\u809d,\u5fc3,\u813e,\u5927\u8178,\u80c3) \u4f5c\u7528(analgesia,apoptosis,inflammation)", "name": 29, "myGroup": "G9", "label": "\u5927\u9ec3", "nodeSupportPercent": 7.670621160830958, "id": 29}}, {"data": {"popup": "  \u6c23(\u5bd2) \u5473(\u7518) \u7d93\u7d61(\u809d,\u80ba) \u4f5c\u7528(inflammation,oxidation)", "name": 158, "myGroup": "G7", "label": "\u87ec\u86fb", "nodeSupportPercent": 15.93801767689759, "id": 158}}, {"data": {"popup": "  \u6c23(\u5e73) \u5473(\u7518,\u9178) \u7d93\u7d61(\u5fc3,\u5c0f\u8178)", "name": 164, "myGroup": "G3", "label": "\u8d64\u5c0f\u8c46", "nodeSupportPercent": 0.7634608854911564, "id": 164}}, {"data": {"popup": "  \u6c23(\u5bd2) \u5473(\u82e6) \u7d93\u7d61(\u809d)", "name": 165, "myGroup": "G2", "label": "\u8d64\u828d", "nodeSupportPercent": 5.151817592525903, "id": 165}}, {"data": {"popup": "  \u6c23(\u5bd2) \u5473(\u7518) \u7d93\u7d61(\u809d,\u80ba,\u814e) \u4f5c\u7528(oxidation)", "name": 167, "myGroup": "G0", "label": "\u8eca\u524d\u5b50", "nodeSupportPercent": 1.0577328710039202, "id": 167}}, {"data": {"popup": " ", "name": 41, "myGroup": "G0", "label": "\u666e\u6fdf\u6d88\u6bd2\u98f2", "nodeSupportPercent": 1.1019765611334615, "id": 41}}, {"data": {"popup": "  \u6c23(\u5bd2) \u5473(\u82e6) \u7d93\u7d61(\u5fc3,\u80ba,\u5c0f\u8178)", "name": 171, "myGroup": "G3", "label": "\u9023\u7ff9", "nodeSupportPercent": 13.446995030301784, "id": 171}}, {"data": {"popup": "  \u6c23(\u5e73) \u5473(\u7518) \u7d93\u7d61(\u809d,\u5fc3)", "name": 173, "myGroup": "G0", "label": "\u9178\u68d7\u4ec1", "nodeSupportPercent": 1.0803691775818252, "id": 173}}, {"data": {"popup": "  \u6c23(\u6eab) \u5473(\u8f9b,\u82e6) \u7d93\u7d61(\u814e)", "name": 157, "myGroup": "G0", "label": "\u86c7\u5e8a\u5b50", "nodeSupportPercent": 2.208068814371997, "id": 157}}, {"data": {"popup": "  \u6c23(\u5bd2) \u5473(\u7518) \u7d93\u7d61(\u80ba,\u5927\u8178,\u80c3) \u4f5c\u7528(apoptosis)", "name": 176, "myGroup": "G3", "label": "\u91d1\u9280\u82b1", "nodeSupportPercent": 8.453631583821215, "id": 176}}, {"data": {"popup": "  \u6c23(\u5bd2) \u5473(\u82e6) \u7d93\u7d61(\u809d,\u80ba,\u81bd,\u5927\u8178,\u80c3) \u4f5c\u7528(oxidation)", "name": 200, "myGroup": "G9", "label": "\u9ec3\u82a9", "nodeSupportPercent": 5.758882178024262, "id": 200}}, {"data": {"popup": " ", "name": 50, "myGroup": "G0", "label": "\u67f4\u80e1\u6e05\u809d\u6e6f", "nodeSupportPercent": 2.2471678893701963, "id": 50}}, {"data": {"popup": "  \u6c23(\u6eab) \u5473(\u8f9b,\u7518) \u7d93\u7d61(\u809d,\u813e,\u8180\u80f1)", "name": 179, "myGroup": "G1", "label": "\u9632\u98a8", "nodeSupportPercent": 6.0809350852462725, "id": 179}}, {"data": {"popup": "  \u4f5c\u7528(apoptosis)", "name": 53, "myGroup": "G6", "label": "\u6842\u679d\u6e6f", "nodeSupportPercent": 5.813415098416487, "id": 53}}, {"data": {"popup": "  \u6c23(\u5bd2) \u5473(\u8f9b) \u7d93\u7d61(\u80ba)", "name": 190, "myGroup": "G0", "label": "\u9b5a\u8165\u8349", "nodeSupportPercent": 1.0186337960057208, "id": 190}}, {"data": {"popup": "  \u6c23(\u5e73) \u5473(\u8f9b,\u9e79) \u7d93\u7d61(\u809d,\u80ba) \u4f5c\u7528(inflammation)", "name": 64, "myGroup": "G7", "label": "\u6bad\u8836", "nodeSupportPercent": 3.6886890491722313, "id": 64}}, {"data": {"popup": "  \u6c23(\u6dbc) \u5473(\u7518) \u7d93\u7d61(\u5fc3)", "name": 65, "myGroup": "G5", "label": "\u6d6e\u5c0f\u9ea5", "nodeSupportPercent": 2.0856269742460567, "id": 65}}, {"data": {"popup": " ", "name": 194, "myGroup": "G0", "label": "\u9ebb\u674f\u858f\u7518\u6e6f", "nodeSupportPercent": 1.8746977538610337, "id": 194}}, {"data": {"popup": "  \u4f5c\u7528(inflammation)", "name": 67, "myGroup": "G0", "label": "\u6d88\u98a8\u6563", "nodeSupportPercent": 47.26769490374425, "id": 67}}, {"data": {"popup": "  \u4f5c\u7528(inflammation)", "name": 196, "myGroup": "G6", "label": "\u9ebb\u9ec3\u6e6f", "nodeSupportPercent": 1.9858214406980215, "id": 196}}, {"data": {"popup": " ", "name": 71, "myGroup": "G0", "label": "\u6e05\u80c3\u6563", "nodeSupportPercent": 0.9764479519287163, "id": 71}}, {"data": {"popup": " ", "name": 72, "myGroup": "G0", "label": "\u6eab\u6e05\u98f2", "nodeSupportPercent": 7.096482112173188, "id": 72}}, {"data": {"popup": "  \u4f5c\u7528(inflammation)", "name": 202, "myGroup": "G0", "label": "\u9ec3\u9023\u89e3\u6bd2\u6e6f", "nodeSupportPercent": 8.22418174896336, "id": 202}}, {"data": {"popup": " ", "name": 204, "myGroup": "G0", "label": "\u9f8d\u81bd\u7009\u809d\u6e6f", "nodeSupportPercent": 7.091337497041846, "id": 204}}, {"data": {"popup": "  \u6c23(\u5bd2) \u5473(\u82e6) \u7d93\u7d61(\u809d,\u81bd,\u80c3)", "name": 205, "myGroup": "G0", "label": "\u9f8d\u81bd\u8349", "nodeSupportPercent": 0.8972208789060491, "id": 205}}, {"data": {"popup": " ", "name": 81, "myGroup": "G9", "label": "\u7099\u7518\u8349", "nodeSupportPercent": 1.2285340933644755, "id": 81}}, {"data": {"popup": "  \u6c23(\u5bd2) \u5473(\u8f9b,\u82e6) \u7d93\u7d61(\u809d,\u5fc3,\u814e) \u4f5c\u7528(inflammation,oxidation)", "name": 86, "myGroup": "G2", "label": "\u7261\u4e39\u76ae", "nodeSupportPercent": 13.787568551996625, "id": 86}}, {"data": {"popup": "  \u6c23(\u5bd2) \u5473(\u7518,\u82e6) \u7d93\u7d61(\u809d,\u5fc3,\u814e) \u4f5c\u7528(apoptosis,inflammation,oxidation)", "name": 96, "myGroup": "G2", "label": "\u751f\u5730\u9ec3", "nodeSupportPercent": 6.538805831935713, "id": 96}}, {"data": {"popup": "  \u6c23(\u6eab) \u5473(\u8f9b) \u7d93\u7d61(\u80ba,\u5927\u8178,\u80c3) \u4f5c\u7528(analgesia,apoptosis,inflammation)", "name": 107, "myGroup": "G9", "label": "\u767d\u82b7", "nodeSupportPercent": 3.9490065748181378, "id": 107}}, {"data": {"popup": "  \u6c23(\u5bd2) \u5473(\u7518) \u7d93\u7d61(\u80ba,\u80c3,\u8180\u80f1) \u4f5c\u7528(oxidation)", "name": 108, "myGroup": "G0", "label": "\u767d\u8305\u6839", "nodeSupportPercent": 1.1174104065274877, "id": 108}}, {"data": {"popup": "  \u6c23(\u5e73) \u5473(\u8f9b,\u82e6) \u7d93\u7d61(\u809d) \u4f5c\u7528(inflammation,oxidation)", "name": 109, "myGroup": "G0", "label": "\u767d\u84ba\u85dc", "nodeSupportPercent": 1.179145788103592, "id": 109}}, {"data": {"popup": "  \u6c23(\u5bd2) \u5473(\u82e6) \u7d93\u7d61(\u813e,\u80c3) \u4f5c\u7528(apoptosis,inflammation)", "name": 111, "myGroup": "G5", "label": "\u767d\u9bae\u76ae", "nodeSupportPercent": 17.018386854479417, "id": 111}}, {"data": {"popup": " ", "name": 115, "myGroup": "G0", "label": "\u77e5\u67cf\u5730\u9ec3\u4e38", "nodeSupportPercent": 1.659652841370937, "id": 115}}, {"data": {"popup": "  \u6c23(\u6eab) \u5473(\u8f9b) \u7d93\u7d61(\u813e,\u80c3) \u4f5c\u7528(inflammation)", "name": 119, "myGroup": "G9", "label": "\u7802\u4ec1", "nodeSupportPercent": 2.87686878144646, "id": 119}}, {"data": {"popup": "  \u6c23(\u5bd2) \u5473(\u7518,\u82e6) \u7d93\u7d61(\u809d,\u80c3) \u4f5c\u7528(apoptosis,inflammation)", "name": 148, "myGroup": "G4", "label": "\u84b2\u516c\u82f1", "nodeSupportPercent": 4.081737645206762, "id": 148}}, {"data": {"popup": "  \u6c23(\u5bd2) \u5473(\u8f9b,\u82e6) \u7d93\u7d61(\u809d,\u5fc3)", "name": 123, "myGroup": "G4", "label": "\u7d2b\u82b1\u5730\u4e01", "nodeSupportPercent": 1.2666042453364064, "id": 123}}, {"data": {"popup": " ", "name": 125, "myGroup": "G2", "label": "\u7d2b\u8349\u6839", "nodeSupportPercent": 1.704925454526747, "id": 125}}, {"data": {"popup": " ", "name": 149, "myGroup": "G0", "label": "\u84ba\u85dc", "nodeSupportPercent": 6.091224315508957, "id": 149}}], "edges": [{"data": {"source": 133, "Lift": 1.1728799269105357, "is_directed": false, "target": 67, "name": "133-67"}}, {"data": {"source": 141, "Lift": 6.294153077879101, "is_directed": false, "target": 179, "name": "141-179"}}, {"data": {"source": 195, "Lift": 15.897769997753885, "is_directed": false, "target": 43, "name": "195-43"}}, {"data": {"source": 20, "Lift": 1.294981517475963, "is_directed": false, "target": 67, "name": "20-67"}}, {"data": {"source": 21, "Lift": 1.3084296675111184, "is_directed": false, "target": 67, "name": "21-67"}}, {"data": {"source": 21, "Lift": 2.523518492647486, "is_directed": false, "target": 111, "name": "21-111"}}, {"data": {"source": 22, "Lift": 1.0062046754471332, "is_directed": false, "target": 67, "name": "22-67"}}, {"data": {"source": 22, "Lift": 3.5117091126437687, "is_directed": false, "target": 86, "name": "22-86"}}, {"data": {"source": 151, "Lift": 1.1972477876620027, "is_directed": false, "target": 67, "name": "151-67"}}, {"data": {"source": 24, "Lift": 1.3345698375977129, "is_directed": false, "target": 67, "name": "24-67"}}, {"data": {"source": 29, "Lift": 6.856852112114339, "is_directed": false, "target": 81, "name": "29-81"}}, {"data": {"source": 29, "Lift": 6.178003884057804, "is_directed": false, "target": 119, "name": "29-119"}}, {"data": {"source": 158, "Lift": 3.087273581822258, "is_directed": false, "target": 64, "name": "158-64"}}, {"data": {"source": 158, "Lift": 1.0105485561866776, "is_directed": false, "target": 67, "name": "158-67"}}, {"data": {"source": 165, "Lift": 3.617039622140943, "is_directed": false, "target": 86, "name": "165-86"}}, {"data": {"source": 167, "Lift": 1.0310510944008562, "is_directed": false, "target": 67, "name": "167-67"}}, {"data": {"source": 41, "Lift": 1.4558398179504428, "is_directed": false, "target": 67, "name": "41-67"}}, {"data": {"source": 171, "Lift": 3.543611410353391, "is_directed": false, "target": 176, "name": "171-176"}}, {"data": {"source": 171, "Lift": 5.542375952311173, "is_directed": false, "target": 164, "name": "171-164"}}, {"data": {"source": 173, "Lift": 1.0759387137601726, "is_directed": false, "target": 67, "name": "173-67"}}, {"data": {"source": 157, "Lift": 1.2401850730091102, "is_directed": false, "target": 67, "name": "157-67"}}, {"data": {"source": 176, "Lift": 1.0078501553423167, "is_directed": false, "target": 67, "name": "176-67"}}, {"data": {"source": 200, "Lift": 7.809653502459591, "is_directed": false, "target": 81, "name": "200-81"}}, {"data": {"source": 50, "Lift": 1.0519928002948966, "is_directed": false, "target": 67, "name": "50-67"}}, {"data": {"source": 53, "Lift": 13.395851896006237, "is_directed": false, "target": 196, "name": "53-196"}}, {"data": {"source": 190, "Lift": 1.040709078200099, "is_directed": false, "target": 67, "name": "190-67"}}, {"data": {"source": 65, "Lift": 5.197663376341995, "is_directed": false, "target": 111, "name": "65-111"}}, {"data": {"source": 194, "Lift": 1.033420828254831, "is_directed": false, "target": 67, "name": "194-67"}}, {"data": {"source": 67, "Lift": 1.2082829590006319, "is_directed": false, "target": 71, "name": "67-71"}}, {"data": {"source": 67, "Lift": 1.0217625554811303, "is_directed": false, "target": 72, "name": "67-72"}}, {"data": {"source": 67, "Lift": 1.105384648776658, "is_directed": false, "target": 204, "name": "67-204"}}, {"data": {"source": 67, "Lift": 1.058466622279344, "is_directed": false, "target": 202, "name": "67-202"}}, {"data": {"source": 67, "Lift": 1.0792337440669681, "is_directed": false, "target": 108, "name": "67-108"}}, {"data": {"source": 67, "Lift": 1.3222561440170661, "is_directed": false, "target": 205, "name": "67-205"}}, {"data": {"source": 67, "Lift": 1.067035324595971, "is_directed": false, "target": 109, "name": "67-109"}}, {"data": {"source": 67, "Lift": 1.0020619407603606, "is_directed": false, "target": 115, "name": "67-115"}}, {"data": {"source": 67, "Lift": 1.0427955211464321, "is_directed": false, "target": 149, "name": "67-149"}}, {"data": {"source": 67, "Lift": 1.1272593370952748, "is_directed": false, "target": 111, "name": "67-111"}}, {"data": {"source": 81, "Lift": 13.170413689081153, "is_directed": false, "target": 107, "name": "81-107"}}, {"data": {"source": 81, "Lift": 18.864731382233053, "is_directed": false, "target": 119, "name": "81-119"}}, {"data": {"source": 86, "Lift": 3.8210455041863853, "is_directed": false, "target": 96, "name": "86-96"}}, {"data": {"source": 86, "Lift": 3.0552392833659106, "is_directed": false, "target": 125, "name": "86-125"}}, {"data": {"source": 107, "Lift": 10.505892807487209, "is_directed": false, "target": 119, "name": "107-119"}}, {"data": {"source": 148, "Lift": 11.762085745171834, "is_directed": false, "target": 123, "name": "148-123"}}]}, "data": {"description": "<h1>\u5b50\u5bae\u5167\u819c\u7570\u4f4d\u4e2d\u91ab\u6cbb\u7642\u5716\u8b5c</h1><h2>endometriosis_(Support=0.5%, Confidence=40.0% (cc))cc</h2>", "name": "endometriosis_(Support=0.5%, Confidence=40.0% (cc))cc", "tags": ["endometriosis", "\u5b50\u5bae\u5167\u819c\u7570\u4f4d\u4e2d\u91ab\u6cbb\u7642\u5716\u8b5c", "\u570b\u7db2\u4e2d\u5fc3"]}}