{"elements": {"nodes": [{"data": {"popup": " ", "name": 0, "myGroup": "G0", "label": "\u4e94\u6dcb\u6563", "nodeSupportPercent": 0.23771, "id": 0}}, {"data": {"popup": " ", "name": 1, "myGroup": "G0", "label": "\u516b\u6b63\u6563", "nodeSupportPercent": 0.529, "id": 1}}, {"data": {"popup": " ", "name": 2, "myGroup": "G1", "label": "\u845b\u6839\u9ec3\u82a9\u9ec3\u9023\u6e6f", "nodeSupportPercent": 1.2369, "id": 2}}, {"data": {"popup": "  \u6c23(\u5bd2) \u5473(\u7518,\u82e6) \u7d93\u7d61(\u809d,\u5927\u8178) \u4f5c\u7528(allergy)", "name": 3, "myGroup": "G1", "label": "\u6c7a\u660e\u5b50", "nodeSupportPercent": 0.535, "id": 3}}, {"data": {"popup": " ", "name": 4, "myGroup": "G1", "label": "\u5927\u67f4\u80e1\u6e6f", "nodeSupportPercent": 1.4701, "id": 4}}, {"data": {"popup": "  \u6c23(\u5e73) \u5473(\u82e6) \u7d93\u7d61(\u809d,\u5fc3,\u813e) \u4f5c\u7528(bacteria,inflammation,oxidation)", "name": 5, "myGroup": "G2", "label": "\u6c92\u85e5", "nodeSupportPercent": 0.41649, "id": 5}}, {"data": {"popup": "  \u6c23(\u6eab) \u5473(\u8f9b,\u82e6) \u7d93\u7d61(\u809d,\u5fc3,\u813e)", "name": 6, "myGroup": "G2", "label": "\u4e73\u9999", "nodeSupportPercent": 0.573, "id": 6}}, {"data": {"popup": "  \u4f5c\u7528(allergy,oxidation)", "name": 7, "myGroup": "G3", "label": "\u6d88\u98a8\u6563", "nodeSupportPercent": 23.577, "id": 7}}, {"data": {"popup": " ", "name": 8, "myGroup": "G3", "label": "\u4eba\u53c3\u6557\u6bd2\u6563", "nodeSupportPercent": 0.765, "id": 8}}, {"data": {"popup": " ", "name": 9, "myGroup": "G4", "label": "\u9023\u7ff9\u6557\u6bd2\u6563", "nodeSupportPercent": 0.6528, "id": 9}}, {"data": {"popup": " ", "name": 10, "myGroup": "G4", "label": "\u9ec3\u6c34\u8304", "nodeSupportPercent": 0.525, "id": 10}}, {"data": {"popup": "  \u6c23(\u6eab) \u5473(\u9e79) \u7d93\u7d61(\u809d,\u814e)", "name": 11, "myGroup": "G4", "label": "\u6d77\u87b5\u86f8", "nodeSupportPercent": 0.98716, "id": 11}}, {"data": {"popup": " ", "name": 12, "myGroup": "G4", "label": "\u91d1\u87ec", "nodeSupportPercent": 2.007, "id": 12}}, {"data": {"popup": "  \u6c23(\u5bd2) \u5473(\u8f9b) \u7d93\u7d61(\u80ba)", "name": 13, "myGroup": "G4", "label": "\u9b5a\u8165\u8349", "nodeSupportPercent": 2.2766, "id": 13}}, {"data": {"popup": " ", "name": 14, "myGroup": "G4", "label": "\u67f4\u80e1\u6e05\u809d\u6e6f", "nodeSupportPercent": 3.7917, "id": 14}}, {"data": {"popup": "  \u6c23(\u5bd2) \u5473(\u82e6) \u7d93\u7d61(\u8180\u80f1) \u4f5c\u7528(allergy)", "name": 15, "myGroup": "G3", "label": "\u5730\u819a\u5b50", "nodeSupportPercent": 8.628, "id": 15}}, {"data": {"popup": " ", "name": 16, "myGroup": "G4", "label": "\u6e05\u4e0a\u9632\u98a8\u6e6f", "nodeSupportPercent": 15.311, "id": 16}}, {"data": {"popup": " ", "name": 17, "myGroup": "G3", "label": "\u67f4\u845b\u89e3\u808c\u6e6f", "nodeSupportPercent": 0.731, "id": 17}}, {"data": {"popup": " ", "name": 18, "myGroup": "G5", "label": "\u4ed9\u65b9\u6d3b\u547d\u98f2", "nodeSupportPercent": 12.876, "id": 18}}, {"data": {"popup": " ", "name": 19, "myGroup": "G5", "label": "\u6392\u81bf\u6563", "nodeSupportPercent": 0.669, "id": 19}}, {"data": {"popup": "  \u6c23(\u5bd2) \u5473(\u82e6) \u7d93\u7d61(\u5fc3,\u80ba,\u5c0f\u8178) \u4f5c\u7528(infection)", "name": 20, "myGroup": "G6", "label": "\u9023\u7ff9", "nodeSupportPercent": 17.175, "id": 20}}, {"data": {"popup": "  \u4f5c\u7528(inflammation)", "name": 21, "myGroup": "G6", "label": "\u771f\u6b66\u6e6f", "nodeSupportPercent": 0.608, "id": 21}}, {"data": {"popup": "  \u6c23(\u5bd2) \u5473(\u7518) \u7d93\u7d61(\u809d,\u80ba) \u4f5c\u7528(allergy)", "name": 22, "myGroup": "G7", "label": "\u87ec\u86fb", "nodeSupportPercent": 7.6512, "id": 22}}, {"data": {"popup": "  \u6c23(\u5bd2) \u5473(\u9e79) \u7d93\u7d61(\u809d,\u80ba,\u8180\u80f1) \u4f5c\u7528(allergy,bacteria)", "name": 23, "myGroup": "G7", "label": "\u5730\u9f8d", "nodeSupportPercent": 0.604, "id": 23}}, {"data": {"popup": "  \u4f5c\u7528(oxidation)", "name": 24, "myGroup": "G8", "label": "\u9ec3\u9023\u89e3\u6bd2\u6e6f", "nodeSupportPercent": 10.948, "id": 24}}, {"data": {"popup": " ", "name": 25, "myGroup": "G8", "label": "\u5012\u5730\u8708\u86a3", "nodeSupportPercent": 0.671, "id": 25}}, {"data": {"popup": "  \u6c23(\u5e73) \u5473(\u7518) \u7d93\u7d61(\u5fc3,\u813e,\u80ba,\u80c3) \u4f5c\u7528(allergy,bacteria,inflammation)", "name": 26, "myGroup": "G8", "label": "\u7518\u8349", "nodeSupportPercent": 10.288, "id": 26}}, {"data": {"popup": "  \u6c23(\u5bd2) \u5473(\u7518) \u7d93\u7d61(\u80ba,\u5927\u8178,\u80c3) \u4f5c\u7528(allergy,bacteria,infection,oxidation)", "name": 27, "myGroup": "G8", "label": "\u91d1\u9280\u82b1", "nodeSupportPercent": 11.209, "id": 27}}, {"data": {"popup": " ", "name": 28, "myGroup": "G3", "label": "\u85ff\u9999\u6b63\u6c23\u6563", "nodeSupportPercent": 0.816, "id": 28}}, {"data": {"popup": " ", "name": 29, "myGroup": "G6", "label": "\u84bc\u8033\u6563", "nodeSupportPercent": 0.777, "id": 29}}, {"data": {"popup": " ", "name": 30, "myGroup": "G8", "label": "\u56db\u7269\u6e6f", "nodeSupportPercent": 0.862, "id": 30}}, {"data": {"popup": "  \u6c23(\u5e73) \u5473(\u7518,\u82e6) \u7d93\u7d61(\u80ba) \u4f5c\u7528(allergy,inflammation)", "name": 31, "myGroup": "G3", "label": "\u767e\u90e8", "nodeSupportPercent": 0.537, "id": 31}}, {"data": {"popup": "  \u6c23(\u71b1) \u5473(\u8f9b) \u7d93\u7d61(\u5fc3,\u813e,\u814e) \u4f5c\u7528(bacteria,infection,inflammation)", "name": 32, "myGroup": "G9", "label": "\u9644\u5b50", "nodeSupportPercent": 1.9048, "id": 32}}, {"data": {"popup": "  \u6c23(\u71b1) \u5473(\u8f9b) \u7d93\u7d61(\u5fc3,\u813e,\u80ba,\u80c3) \u4f5c\u7528(allergy)", "name": 33, "myGroup": "G9", "label": "\u4e7e\u8591", "nodeSupportPercent": 0.678, "id": 33}}, {"data": {"popup": "  \u6c23(\u5e73) \u5473(\u7518,\u9178) \u7d93\u7d61(\u5fc3,\u5c0f\u8178)", "name": 34, "myGroup": "G6", "label": "\u8d64\u5c0f\u8c46", "nodeSupportPercent": 0.734, "id": 34}}, {"data": {"popup": "  \u6c23(\u5e73) \u5473(\u8f9b,\u9e79) \u7d93\u7d61(\u809d,\u80ba) \u4f5c\u7528(infection,inflammation)", "name": 35, "myGroup": "G7", "label": "\u6bad\u8836", "nodeSupportPercent": 2.7986, "id": 35}}, {"data": {"popup": " ", "name": 36, "myGroup": "G7", "label": "\u6eab\u7d93\u6e6f", "nodeSupportPercent": 0.926, "id": 36}}, {"data": {"popup": " ", "name": 37, "myGroup": "G7", "label": "\u834a\u9632\u6557\u6bd2\u6563", "nodeSupportPercent": 8.9579, "id": 37}}, {"data": {"popup": "  \u6c23(\u6dbc) \u5473(\u7518,\u82e6) \u7d93\u7d61(\u809d,\u814e) \u4f5c\u7528(bacteria,inflammation,oxidation)", "name": 38, "myGroup": "G10", "label": "\u5973\u8c9e\u5b50", "nodeSupportPercent": 0.84498, "id": 38}}, {"data": {"popup": "  \u6c23(\u5bd2) \u5473(\u7518,\u9178) \u7d93\u7d61(\u809d,\u814e)", "name": 39, "myGroup": "G10", "label": "\u65f1\u84ee\u8349", "nodeSupportPercent": 0.754, "id": 39}}, {"data": {"popup": "  \u6c23(\u5bd2) \u5473(\u7518,\u82e6) \u7d93\u7d61(\u5c0f\u8178,\u5927\u8178,\u80c3) \u4f5c\u7528(inflammation)", "name": 40, "myGroup": "G5", "label": "\u767d\u82b1\u86c7\u820c\u8349", "nodeSupportPercent": 2.0654, "id": 40}}, {"data": {"popup": "  \u4f5c\u7528(allergy,bacteria,infection,inflammation,oxidation)", "name": 41, "myGroup": "G5", "label": "\u534a\u679d\u84ee", "nodeSupportPercent": 0.802, "id": 41}}, {"data": {"popup": " ", "name": 42, "myGroup": "G3", "label": "\u80c3\u82d3\u6e6f", "nodeSupportPercent": 1.03, "id": 42}}, {"data": {"popup": "  \u6c23(\u5bd2) \u5473(\u8f9b,\u82e6) \u7d93\u7d61(\u80ba,\u80c3) \u4f5c\u7528(bacteria,infection,inflammation)", "name": 43, "myGroup": "G6", "label": "\u725b\u84a1\u5b50", "nodeSupportPercent": 0.714, "id": 43}}, {"data": {"popup": "  \u6c23(\u6eab) \u5473(\u8f9b) \u7d93\u7d61(\u813e,\u80c3) \u4f5c\u7528(bacteria,infection,inflammation)", "name": 44, "myGroup": "G11", "label": "\u7802\u4ec1", "nodeSupportPercent": 3.8316, "id": 44}}, {"data": {"popup": "  \u6c23(\u6eab) \u5473(\u8f9b) \u7d93\u7d61(\u80ba,\u814e) \u4f5c\u7528(inflammation)", "name": 45, "myGroup": "G11", "label": "\u7d30\u8f9b", "nodeSupportPercent": 1.0, "id": 45}}, {"data": {"popup": "  \u6c23(\u5bd2) \u5473(\u82e6) \u7d93\u7d61(\u809d,\u80ba,\u81bd,\u5927\u8178,\u80c3) \u4f5c\u7528(allergy,oxidation)", "name": 46, "myGroup": "G11", "label": "\u9ec3\u82a9", "nodeSupportPercent": 7.5196, "id": 46}}, {"data": {"popup": "  \u6c23(\u6eab) \u5473(\u8f9b) \u7d93\u7d61(\u80ba,\u5927\u8178,\u80c3) \u4f5c\u7528(allergy,bacteria,infection,inflammation,oxidation)", "name": 47, "myGroup": "G11", "label": "\u767d\u82b7", "nodeSupportPercent": 8.4912, "id": 47}}, {"data": {"popup": "  \u6c23(\u5bd2) \u5473(\u82e6) \u7d93\u7d61(\u809d,\u5fc3,\u813e,\u5927\u8178,\u80c3) \u4f5c\u7528(allergy,bacteria,infection,inflammation)", "name": 48, "myGroup": "G11", "label": "\u5927\u9ec3", "nodeSupportPercent": 10.228, "id": 48}}, {"data": {"popup": "  \u6c23(\u6eab) \u5473(\u8f9b) \u7d93\u7d61(\u809d,\u5fc3) \u4f5c\u7528(bacteria,infection,inflammation)", "name": 49, "myGroup": "G12", "label": "\u7d05\u82b1", "nodeSupportPercent": 1.0891, "id": 49}}, {"data": {"popup": "  \u6c23(\u5e73) \u5473(\u82e6) \u7d93\u7d61(\u809d,\u5fc3,\u80ba,\u5927\u8178) \u4f5c\u7528(bacteria)", "name": 50, "myGroup": "G12", "label": "\u6843\u4ec1", "nodeSupportPercent": 1.01, "id": 50}}, {"data": {"popup": "  \u6c23(\u5bd2) \u5473(\u7518,\u82e6) \u7d93\u7d61(\u809d,\u80c3)", "name": 51, "myGroup": "G5", "label": "\u84b2\u516c\u82f1", "nodeSupportPercent": 12.522, "id": 51}}, {"data": {"popup": "  \u6c23(\u5bd2) \u5473(\u82e6) \u7d93\u7d61(\u5fc3,\u80c3) \u4f5c\u7528(allergy,bacteria)", "name": 52, "myGroup": "G5", "label": "\u677f\u85cd\u6839", "nodeSupportPercent": 1.09, "id": 52}}, {"data": {"popup": "  \u6c23(\u5bd2) \u5473(\u7518) \u7d93\u7d61(\u80ba) \u4f5c\u7528(allergy)", "name": 53, "myGroup": "G5", "label": "\u6851\u767d\u76ae", "nodeSupportPercent": 4.4749, "id": 53}}, {"data": {"popup": "  \u6c23(\u5e73) \u5473(\u82e6) \u7d93\u7d61(\u80ba,\u80c3) \u4f5c\u7528(inflammation)", "name": 54, "myGroup": "G5", "label": "\u6787\u6777\u8449", "nodeSupportPercent": 1.08, "id": 54}}, {"data": {"popup": " ", "name": 55, "myGroup": "G11", "label": "\u7099\u7518\u8349", "nodeSupportPercent": 1.23, "id": 55}}, {"data": {"popup": " ", "name": 56, "myGroup": "G6", "label": "\u7389\u5973\u714e", "nodeSupportPercent": 1.91, "id": 56}}, {"data": {"popup": "  \u6c23(\u5bd2) \u5473(\u8f9b,\u82e6) \u7d93\u7d61(\u809d,\u5fc3,\u81bd,\u5fc3\u5305,\u4e09\u7126) \u4f5c\u7528(allergy,bacteria,infection,inflammation)", "name": 57, "myGroup": "G6", "label": "\u67f4\u80e1", "nodeSupportPercent": 1.47, "id": 57}}, {"data": {"popup": "  \u6c23(\u6eab) \u5473(\u8f9b,\u82e6) \u7d93\u7d61(\u814e) \u4f5c\u7528(bacteria)", "name": 58, "myGroup": "G3", "label": "\u86c7\u5e8a\u5b50", "nodeSupportPercent": 1.83, "id": 58}}, {"data": {"popup": "  \u6c23(\u5bd2) \u5473(\u82e6) \u7d93\u7d61(\u813e,\u80c3) \u4f5c\u7528(allergy,inflammation)", "name": 59, "myGroup": "G3", "label": "\u767d\u9bae\u76ae", "nodeSupportPercent": 10.805, "id": 59}}, {"data": {"popup": "  \u6c23(\u5bd2) \u5473(\u82e6) \u7d93\u7d61(\u809d,\u5fc3,\u5927\u8178,\u80c3,\u8180\u80f1) \u4f5c\u7528(bacteria,infection,inflammation)", "name": 60, "myGroup": "G3", "label": "\u82e6\u53c3", "nodeSupportPercent": 2.56, "id": 60}}, {"data": {"popup": "  \u6c23(\u5bd2) \u5473(\u7518) \u7d93\u7d61(\u813e,\u80ba,\u80c3) \u4f5c\u7528(oxidation)", "name": 61, "myGroup": "G13", "label": "\u858f\u82e1\u4ec1", "nodeSupportPercent": 13.006, "id": 61}}, {"data": {"popup": "  \u6c23(\u6eab) \u5473(\u8f9b,\u82e6) \u7d93\u7d61(\u813e,\u80c3) \u4f5c\u7528(allergy,inflammation,oxidation)", "name": 62, "myGroup": "G13", "label": "\u84bc\u672e", "nodeSupportPercent": 2.49, "id": 62}}, {"data": {"popup": " ", "name": 63, "myGroup": "G5", "label": "\u6563\u816b\u6f70\u5805\u6e6f", "nodeSupportPercent": 3.28, "id": 63}}, {"data": {"popup": "  \u6c23(\u5bd2) \u5473(\u8f9b,\u82e6) \u7d93\u7d61(\u809d,\u5fc3)", "name": 64, "myGroup": "G5", "label": "\u7d2b\u82b1\u5730\u4e01", "nodeSupportPercent": 2.74, "id": 64}}, {"data": {"popup": "  \u6c23(\u6eab) \u5473(\u8f9b)", "name": 65, "myGroup": "G6", "label": "\u7682\u523a", "nodeSupportPercent": 2.91, "id": 65}}, {"data": {"popup": "  \u6c23(\u5bd2) \u5473(\u82e6) \u7d93\u7d61(\u809d,\u5fc3,\u5927\u8178,\u80c3)", "name": 66, "myGroup": "G11", "label": "\u9ec3\u9023", "nodeSupportPercent": 3.16, "id": 66}}, {"data": {"popup": " ", "name": 67, "myGroup": "G3", "label": "\u84ba\u85dc", "nodeSupportPercent": 3.38, "id": 67}}, {"data": {"popup": "  \u6c23(\u5bd2) \u5473(\u82e6) \u7d93\u7d61(\u5fc3,\u80ba,\u80c3,\u4e09\u7126)", "name": 68, "myGroup": "G6", "label": "\u6894\u5b50", "nodeSupportPercent": 3.04, "id": 68}}, {"data": {"popup": "  \u6c23(\u6eab) \u5473(\u8f9b) \u7d93\u7d61(\u809d,\u80ba)", "name": 69, "myGroup": "G6", "label": "\u834a\u82a5", "nodeSupportPercent": 4.5263, "id": 69}}, {"data": {"popup": "  \u6c23(\u6eab) \u5473(\u8f9b,\u7518) \u7d93\u7d61(\u809d,\u813e,\u8180\u80f1) \u4f5c\u7528(allergy,bacteria,inflammation,oxidation)", "name": 70, "myGroup": "G6", "label": "\u9632\u98a8", "nodeSupportPercent": 2.83, "id": 70}}, {"data": {"popup": " ", "name": 71, "myGroup": "G3", "label": "\u7576\u6b78\u98f2\u5b50", "nodeSupportPercent": 4.46, "id": 71}}, {"data": {"popup": "  \u6c23(\u5bd2) \u5473(\u7518,\u82e6,\u9e79) \u7d93\u7d61(\u80ba,\u814e,\u80c3) \u4f5c\u7528(inflammation)", "name": 72, "myGroup": "G6", "label": "\u7384\u53c3", "nodeSupportPercent": 3.44, "id": 72}}, {"data": {"popup": "  \u6c23(\u5bd2) \u5473(\u7518,\u82e6) \u7d93\u7d61(\u80ba,\u80c3) \u4f5c\u7528(allergy,bacteria,inflammation)", "name": 73, "myGroup": "G11", "label": "\u5929\u82b1\u7c89", "nodeSupportPercent": 4.08, "id": 73}}, {"data": {"popup": " ", "name": 74, "myGroup": "G3", "label": "\u6eab\u6e05\u98f2", "nodeSupportPercent": 5.25, "id": 74}}, {"data": {"popup": "  \u6c23(\u5bd2) \u5473(\u8f9b,\u82e6) \u7d93\u7d61(\u809d,\u5fc3,\u814e) \u4f5c\u7528(allergy,bacteria,infection,inflammation,oxidation)", "name": 75, "myGroup": "G14", "label": "\u7261\u4e39\u76ae", "nodeSupportPercent": 8.7568, "id": 75}}, {"data": {"popup": "  \u6c23(\u5bd2) \u5473(\u7518,\u82e6) \u7d93\u7d61(\u809d,\u5fc3,\u814e) \u4f5c\u7528(allergy,bacteria,infection,inflammation,oxidation)", "name": 76, "myGroup": "G14", "label": "\u751f\u5730\u9ec3", "nodeSupportPercent": 4.13, "id": 76}}, {"data": {"popup": "  \u6c23(\u5bd2) \u5473(\u82e6) \u7d93\u7d61(\u809d)", "name": 77, "myGroup": "G14", "label": "\u8d64\u828d", "nodeSupportPercent": 4.62, "id": 77}}], "edges": [{"data": {"source": 0, "Lift": 132.09, "is_directed": false, "target": 1, "name": "0-1"}}, {"data": {"source": 2, "Lift": 25.049, "is_directed": false, "target": 3, "name": "2-3"}}, {"data": {"source": 3, "Lift": 27.791, "is_directed": false, "target": 4, "name": "3-4"}}, {"data": {"source": 5, "Lift": 137.91, "is_directed": false, "target": 6, "name": "5-6"}}, {"data": {"source": 7, "Lift": 1.4685, "is_directed": false, "target": 67, "name": "7-67"}}, {"data": {"source": 7, "Lift": 1.5239, "is_directed": false, "target": 71, "name": "7-71"}}, {"data": {"source": 7, "Lift": 1.4768, "is_directed": false, "target": 8, "name": "7-8"}}, {"data": {"source": 7, "Lift": 1.6827, "is_directed": false, "target": 60, "name": "7-60"}}, {"data": {"source": 7, "Lift": 1.5502, "is_directed": false, "target": 42, "name": "7-42"}}, {"data": {"source": 7, "Lift": 1.8042, "is_directed": false, "target": 15, "name": "7-15"}}, {"data": {"source": 7, "Lift": 1.2945, "is_directed": false, "target": 17, "name": "7-17"}}, {"data": {"source": 7, "Lift": 1.5398, "is_directed": false, "target": 22, "name": "7-22"}}, {"data": {"source": 7, "Lift": 1.4073, "is_directed": false, "target": 23, "name": "7-23"}}, {"data": {"source": 7, "Lift": 1.8379, "is_directed": false, "target": 58, "name": "7-58"}}, {"data": {"source": 7, "Lift": 1.8834, "is_directed": false, "target": 59, "name": "7-59"}}, {"data": {"source": 7, "Lift": 1.3035, "is_directed": false, "target": 28, "name": "7-28"}}, {"data": {"source": 7, "Lift": 1.2896, "is_directed": false, "target": 74, "name": "7-74"}}, {"data": {"source": 7, "Lift": 1.2764, "is_directed": false, "target": 31, "name": "7-31"}}, {"data": {"source": 9, "Lift": 3.661, "is_directed": false, "target": 16, "name": "9-16"}}, {"data": {"source": 9, "Lift": 62.4, "is_directed": false, "target": 10, "name": "9-10"}}, {"data": {"source": 9, "Lift": 27.29, "is_directed": false, "target": 12, "name": "9-12"}}, {"data": {"source": 9, "Lift": 14.454, "is_directed": false, "target": 13, "name": "9-13"}}, {"data": {"source": 10, "Lift": 36.194, "is_directed": false, "target": 11, "name": "10-11"}}, {"data": {"source": 10, "Lift": 35.897, "is_directed": false, "target": 12, "name": "10-12"}}, {"data": {"source": 10, "Lift": 18.969, "is_directed": false, "target": 13, "name": "10-13"}}, {"data": {"source": 10, "Lift": 8.6648, "is_directed": false, "target": 14, "name": "10-14"}}, {"data": {"source": 10, "Lift": 4.7397, "is_directed": false, "target": 15, "name": "10-15"}}, {"data": {"source": 10, "Lift": 4.1524, "is_directed": false, "target": 16, "name": "10-16"}}, {"data": {"source": 13, "Lift": 2.2783, "is_directed": false, "target": 16, "name": "13-16"}}, {"data": {"source": 15, "Lift": 4.5975, "is_directed": false, "target": 58, "name": "15-58"}}, {"data": {"source": 15, "Lift": 3.9385, "is_directed": false, "target": 59, "name": "15-59"}}, {"data": {"source": 16, "Lift": 1.9859, "is_directed": false, "target": 41, "name": "16-41"}}, {"data": {"source": 18, "Lift": 2.7172, "is_directed": false, "target": 64, "name": "18-64"}}, {"data": {"source": 18, "Lift": 3.9253, "is_directed": false, "target": 19, "name": "18-19"}}, {"data": {"source": 18, "Lift": 2.4323, "is_directed": false, "target": 63, "name": "18-63"}}, {"data": {"source": 20, "Lift": 1.9071, "is_directed": false, "target": 65, "name": "20-65"}}, {"data": {"source": 20, "Lift": 2.6919, "is_directed": false, "target": 34, "name": "20-34"}}, {"data": {"source": 20, "Lift": 2.1472, "is_directed": false, "target": 68, "name": "20-68"}}, {"data": {"source": 20, "Lift": 1.7811, "is_directed": false, "target": 69, "name": "20-69"}}, {"data": {"source": 20, "Lift": 1.7864, "is_directed": false, "target": 72, "name": "20-72"}}, {"data": {"source": 20, "Lift": 1.9856, "is_directed": false, "target": 43, "name": "20-43"}}, {"data": {"source": 20, "Lift": 1.8068, "is_directed": false, "target": 51, "name": "20-51"}}, {"data": {"source": 20, "Lift": 2.2386, "is_directed": false, "target": 21, "name": "20-21"}}, {"data": {"source": 20, "Lift": 2.2915, "is_directed": false, "target": 56, "name": "20-56"}}, {"data": {"source": 20, "Lift": 1.8982, "is_directed": false, "target": 57, "name": "20-57"}}, {"data": {"source": 20, "Lift": 2.571, "is_directed": false, "target": 27, "name": "20-27"}}, {"data": {"source": 20, "Lift": 2.0503, "is_directed": false, "target": 29, "name": "20-29"}}, {"data": {"source": 20, "Lift": 2.3857, "is_directed": false, "target": 53, "name": "20-53"}}, {"data": {"source": 22, "Lift": 4.3766, "is_directed": false, "target": 35, "name": "22-35"}}, {"data": {"source": 22, "Lift": 6.2786, "is_directed": false, "target": 36, "name": "22-36"}}, {"data": {"source": 22, "Lift": 6.7463, "is_directed": false, "target": 23, "name": "22-23"}}, {"data": {"source": 24, "Lift": 3.316, "is_directed": false, "target": 25, "name": "24-25"}}, {"data": {"source": 24, "Lift": 3.4205, "is_directed": false, "target": 30, "name": "24-30"}}, {"data": {"source": 25, "Lift": 3.0351, "is_directed": false, "target": 26, "name": "25-26"}}, {"data": {"source": 25, "Lift": 3.2424, "is_directed": false, "target": 27, "name": "25-27"}}, {"data": {"source": 26, "Lift": 3.0493, "is_directed": false, "target": 44, "name": "26-44"}}, {"data": {"source": 32, "Lift": 15.778, "is_directed": false, "target": 33, "name": "32-33"}}, {"data": {"source": 35, "Lift": 11.149, "is_directed": false, "target": 36, "name": "35-36"}}, {"data": {"source": 36, "Lift": 5.0865, "is_directed": false, "target": 37, "name": "36-37"}}, {"data": {"source": 38, "Lift": 63.994, "is_directed": false, "target": 39, "name": "38-39"}}, {"data": {"source": 40, "Lift": 18.652, "is_directed": false, "target": 41, "name": "40-41"}}, {"data": {"source": 40, "Lift": 2.8579, "is_directed": false, "target": 51, "name": "40-51"}}, {"data": {"source": 44, "Lift": 5.1726, "is_directed": false, "target": 48, "name": "44-48"}}, {"data": {"source": 44, "Lift": 5.773, "is_directed": false, "target": 47, "name": "44-47"}}, {"data": {"source": 44, "Lift": 8.6802, "is_directed": false, "target": 45, "name": "44-45"}}, {"data": {"source": 44, "Lift": 4.0738, "is_directed": false, "target": 46, "name": "44-46"}}, {"data": {"source": 44, "Lift": 12.319, "is_directed": false, "target": 55, "name": "44-55"}}, {"data": {"source": 45, "Lift": 4.2256, "is_directed": false, "target": 48, "name": "45-48"}}, {"data": {"source": 45, "Lift": 4.9461, "is_directed": false, "target": 46, "name": "45-46"}}, {"data": {"source": 45, "Lift": 4.2619, "is_directed": false, "target": 47, "name": "45-47"}}, {"data": {"source": 46, "Lift": 4.4256, "is_directed": false, "target": 73, "name": "46-73"}}, {"data": {"source": 46, "Lift": 4.4462, "is_directed": false, "target": 66, "name": "46-66"}}, {"data": {"source": 46, "Lift": 5.0799, "is_directed": false, "target": 55, "name": "46-55"}}, {"data": {"source": 47, "Lift": 3.6675, "is_directed": false, "target": 73, "name": "47-73"}}, {"data": {"source": 47, "Lift": 5.3047, "is_directed": false, "target": 55, "name": "47-55"}}, {"data": {"source": 48, "Lift": 4.8996, "is_directed": false, "target": 55, "name": "48-55"}}, {"data": {"source": 49, "Lift": 28.542, "is_directed": false, "target": 50, "name": "49-50"}}, {"data": {"source": 51, "Lift": 4.7144, "is_directed": false, "target": 64, "name": "51-64"}}, {"data": {"source": 51, "Lift": 2.5614, "is_directed": false, "target": 52, "name": "51-52"}}, {"data": {"source": 51, "Lift": 2.5576, "is_directed": false, "target": 54, "name": "51-54"}}, {"data": {"source": 53, "Lift": 8.3858, "is_directed": false, "target": 54, "name": "53-54"}}, {"data": {"source": 59, "Lift": 3.7829, "is_directed": false, "target": 60, "name": "59-60"}}, {"data": {"source": 61, "Lift": 2.6383, "is_directed": false, "target": 62, "name": "61-62"}}, {"data": {"source": 69, "Lift": 10.562, "is_directed": false, "target": 70, "name": "69-70"}}, {"data": {"source": 75, "Lift": 4.3199, "is_directed": false, "target": 76, "name": "75-76"}}, {"data": {"source": 75, "Lift": 4.1334, "is_directed": false, "target": 77, "name": "75-77"}}]}, "data": {"description": "<h1>\u6fd5\u75b9\u4e2d\u91ab\u6cbb\u7642\u5716\u8b5c</h1><h2>ECZEMA_(Support=0.5%, Confidence=30.0%)</h2>", "name": "ECZEMA_(Support=0.5%, Confidence=30.0%)", "tags": ["ECZEMA", "\u6fd5\u75b9\u4e2d\u91ab\u6cbb\u7642\u5716\u8b5c"]}}