{"elements": {"nodes": [{"data": {"popup": "  \u4f5c\u7528(infection)", "name": 0, "myGroup": "G0", "label": "\u9f8d\u81bd\u7009\u809d\u6e6f", "nodeSupportPercent": 9.3328, "id": 0}}, {"data": {"popup": " ", "name": 1, "myGroup": "G0", "label": "\u80c3\u82d3\u6e6f", "nodeSupportPercent": 1.03, "id": 1}}, {"data": {"popup": "  \u4f5c\u7528(allergy,oxidation)", "name": 2, "myGroup": "G0", "label": "\u6d88\u98a8\u6563", "nodeSupportPercent": 23.577, "id": 2}}, {"data": {"popup": "  \u6c23(\u5bd2) \u5473(\u82e6) \u7d93\u7d61(\u5fc3,\u80ba,\u5c0f\u8178) \u4f5c\u7528(infection)", "name": 3, "myGroup": "G1", "label": "\u9023\u7ff9", "nodeSupportPercent": 17.175, "id": 3}}, {"data": {"popup": " ", "name": 4, "myGroup": "G0", "label": "\u8335\u9673\u4e94\u82d3\u6563", "nodeSupportPercent": 1.11, "id": 4}}, {"data": {"popup": " ", "name": 5, "myGroup": "G1", "label": "\u7af9\u8449\u77f3\u818f\u6e6f", "nodeSupportPercent": 1.08, "id": 5}}, {"data": {"popup": " ", "name": 6, "myGroup": "G1", "label": "\u845b\u6839\u6e6f", "nodeSupportPercent": 1.16, "id": 6}}, {"data": {"popup": "  \u4f5c\u7528(inflammation)", "name": 7, "myGroup": "G0", "label": "\u4e94\u82d3\u6563", "nodeSupportPercent": 1.22, "id": 7}}, {"data": {"popup": " ", "name": 8, "myGroup": "G2", "label": "\u5927\u67f4\u80e1\u6e6f", "nodeSupportPercent": 1.4701, "id": 8}}, {"data": {"popup": " ", "name": 9, "myGroup": "G2", "label": "\u845b\u6839\u9ec3\u82a9\u9ec3\u9023\u6e6f", "nodeSupportPercent": 1.24, "id": 9}}, {"data": {"popup": "  \u6c23(\u6eab) \u5473(\u8f9b) \u7d93\u7d61(\u80ba,\u5927\u8178,\u80c3) \u4f5c\u7528(allergy,bacteria,infection,inflammation,oxidation)", "name": 10, "myGroup": "G3", "label": "\u767d\u82b7", "nodeSupportPercent": 8.4912, "id": 10}}, {"data": {"popup": "  \u6c23(\u5bd2) \u5473(\u7518,\u82e6) \u7d93\u7d61(\u809d,\u80ba,\u80c3)", "name": 11, "myGroup": "G3", "label": "\u767d\u53ca", "nodeSupportPercent": 1.01, "id": 11}}, {"data": {"popup": "  \u6c23(\u5bd2) \u5473(\u7518,\u82e6) \u7d93\u7d61(\u809d,\u80c3)", "name": 12, "myGroup": "G4", "label": "\u84b2\u516c\u82f1", "nodeSupportPercent": 12.522, "id": 12}}, {"data": {"popup": "  \u6c23(\u5bd2) \u5473(\u7518) \u7d93\u7d61(\u813e,\u80ba,\u80c3) \u4f5c\u7528(oxidation)", "name": 13, "myGroup": "G5", "label": "\u858f\u82e1\u4ec1", "nodeSupportPercent": 13.006, "id": 13}}, {"data": {"popup": " ", "name": 14, "myGroup": "G5", "label": "\u7576\u6b78\u62c8\u75db\u6e6f", "nodeSupportPercent": 1.35, "id": 14}}, {"data": {"popup": " ", "name": 15, "myGroup": "G3", "label": "\u7099\u7518\u8349", "nodeSupportPercent": 1.2285, "id": 15}}, {"data": {"popup": "  \u6c23(\u6eab) \u5473(\u8f9b) \u7d93\u7d61(\u80ba,\u814e) \u4f5c\u7528(inflammation)", "name": 16, "myGroup": "G3", "label": "\u7d30\u8f9b", "nodeSupportPercent": 1.0, "id": 16}}, {"data": {"popup": "  \u6c23(\u6eab) \u5473(\u8f9b) \u7d93\u7d61(\u813e,\u80c3) \u4f5c\u7528(bacteria,infection,inflammation)", "name": 17, "myGroup": "G3", "label": "\u7802\u4ec1", "nodeSupportPercent": 3.8316, "id": 17}}, {"data": {"popup": "  \u6c23(\u5bd2) \u5473(\u7518,\u82e6) \u7d93\u7d61(\u80ba,\u80c3) \u4f5c\u7528(allergy,bacteria,inflammation)", "name": 18, "myGroup": "G3", "label": "\u5929\u82b1\u7c89", "nodeSupportPercent": 4.0785, "id": 18}}, {"data": {"popup": "  \u6c23(\u5bd2) \u5473(\u82e6) \u7d93\u7d61(\u809d,\u80ba,\u81bd,\u5927\u8178,\u80c3) \u4f5c\u7528(allergy,oxidation)", "name": 19, "myGroup": "G3", "label": "\u9ec3\u82a9", "nodeSupportPercent": 7.5196, "id": 19}}, {"data": {"popup": "  \u6c23(\u5bd2) \u5473(\u82e6) \u7d93\u7d61(\u809d,\u5fc3,\u813e,\u5927\u8178,\u80c3) \u4f5c\u7528(allergy,bacteria,infection,inflammation)", "name": 20, "myGroup": "G3", "label": "\u5927\u9ec3", "nodeSupportPercent": 10.228, "id": 20}}, {"data": {"popup": " ", "name": 21, "myGroup": "G0", "label": "\u84bc\u8033\u5b50", "nodeSupportPercent": 1.07, "id": 21}}, {"data": {"popup": "  \u6c23(\u6eab) \u5473(\u8f9b) \u7d93\u7d61(\u809d,\u5fc3) \u4f5c\u7528(bacteria,infection,inflammation)", "name": 22, "myGroup": "G6", "label": "\u7d05\u82b1", "nodeSupportPercent": 1.0891, "id": 22}}, {"data": {"popup": "  \u6c23(\u5e73) \u5473(\u82e6) \u7d93\u7d61(\u809d,\u5fc3,\u80ba,\u5927\u8178) \u4f5c\u7528(bacteria)", "name": 23, "myGroup": "G6", "label": "\u6843\u4ec1", "nodeSupportPercent": 1.01, "id": 23}}, {"data": {"popup": "  \u6c23(\u5bd2) \u5473(\u8f9b,\u82e6) \u7d93\u7d61(\u809d,\u5fc3,\u814e) \u4f5c\u7528(allergy,bacteria,infection,inflammation,oxidation)", "name": 24, "myGroup": "G6", "label": "\u7261\u4e39\u76ae", "nodeSupportPercent": 8.7568, "id": 24}}, {"data": {"popup": "  \u4f5c\u7528(allergy,infection)", "name": 25, "myGroup": "G4", "label": "\u52a0\u5473\u900d\u9059\u6563", "nodeSupportPercent": 9.7191, "id": 25}}, {"data": {"popup": "  \u6c23(\u5bd2) \u5473(\u8f9b,\u82e6) \u7d93\u7d61(\u809d,\u5fc3,\u8180\u80f1) \u4f5c\u7528(inflammation)", "name": 26, "myGroup": "G4", "label": "\u76ca\u6bcd\u8349", "nodeSupportPercent": 1.14, "id": 26}}, {"data": {"popup": " ", "name": 27, "myGroup": "G4", "label": "\u4ed9\u65b9\u6d3b\u547d\u98f2", "nodeSupportPercent": 12.876, "id": 27}}, {"data": {"popup": "  \u6c23(\u5bd2) \u5473(\u8f9b,\u82e6) \u7d93\u7d61(\u809d,\u5927\u8178,\u80c3) \u4f5c\u7528(bacteria,infection)", "name": 28, "myGroup": "G4", "label": "\u6557\u91ac\u8349", "nodeSupportPercent": 1.26, "id": 28}}, {"data": {"popup": "  \u6c23(\u5bd2) \u5473(\u82e6) \u7d93\u7d61(\u809d,\u813e,\u81bd,\u80c3) \u4f5c\u7528(infection)", "name": 29, "myGroup": "G1", "label": "\u8335\u9673\u84bf", "nodeSupportPercent": 1.1, "id": 29}}, {"data": {"popup": "  \u4f5c\u7528(oxidation)", "name": 30, "myGroup": "G1", "label": "\u9ec3\u9023\u89e3\u6bd2\u6e6f", "nodeSupportPercent": 10.948, "id": 30}}, {"data": {"popup": "  \u6c23(\u5bd2) \u5473(\u82e6) \u7d93\u7d61(\u5fc3,\u80c3) \u4f5c\u7528(allergy,bacteria)", "name": 31, "myGroup": "G1", "label": "\u677f\u85cd\u6839", "nodeSupportPercent": 1.09, "id": 31}}, {"data": {"popup": "  \u6c23(\u5bd2) \u5473(\u7518) \u7d93\u7d61(\u80ba,\u5927\u8178,\u80c3) \u4f5c\u7528(allergy,bacteria,infection,oxidation)", "name": 32, "myGroup": "G1", "label": "\u91d1\u9280\u82b1", "nodeSupportPercent": 11.209, "id": 32}}, {"data": {"popup": "  \u6c23(\u5bd2) \u5473(\u7518) \u7d93\u7d61(\u80ba) \u4f5c\u7528(allergy)", "name": 33, "myGroup": "G4", "label": "\u6851\u767d\u76ae", "nodeSupportPercent": 4.4749, "id": 33}}, {"data": {"popup": "  \u6c23(\u5e73) \u5473(\u82e6) \u7d93\u7d61(\u80ba,\u80c3) \u4f5c\u7528(inflammation)", "name": 34, "myGroup": "G4", "label": "\u6787\u6777\u8449", "nodeSupportPercent": 1.08, "id": 34}}, {"data": {"popup": " ", "name": 35, "myGroup": "G4", "label": "\u6e05\u4e0a\u9632\u98a8\u6e6f", "nodeSupportPercent": 15.311, "id": 35}}, {"data": {"popup": " ", "name": 36, "myGroup": "G5", "label": "\u6258\u88cf\u6d88\u6bd2\u6563", "nodeSupportPercent": 1.49, "id": 36}}, {"data": {"popup": " ", "name": 37, "myGroup": "G1", "label": "\u9ec3\u9023\u4e0a\u6e05\u4e38", "nodeSupportPercent": 1.47, "id": 37}}, {"data": {"popup": "  \u6c23(\u5bd2) \u5473(\u82e6) \u7d93\u7d61(\u813e,\u80c3) \u4f5c\u7528(allergy,inflammation)", "name": 38, "myGroup": "G0", "label": "\u767d\u9bae\u76ae", "nodeSupportPercent": 10.805, "id": 38}}, {"data": {"popup": "  \u6c23(\u5e73) \u5473(\u7518,\u82e6) \u7d93\u7d61(\u809d,\u5fc3)", "name": 39, "myGroup": "G0", "label": "\u591c\u4ea4\u85e4", "nodeSupportPercent": 1.24, "id": 39}}, {"data": {"popup": "  \u6c23(\u6eab) \u5473(\u8f9b,\u82e6) \u7d93\u7d61(\u80ba,\u8180\u80f1) \u4f5c\u7528(bacteria,infection)", "name": 40, "myGroup": "G5", "label": "\u9ebb\u9ec3", "nodeSupportPercent": 1.9243, "id": 40}}, {"data": {"popup": "  \u6c23(\u6eab) \u5473(\u82e6) \u7d93\u7d61(\u80ba,\u5927\u8178) \u4f5c\u7528(inflammation)", "name": 41, "myGroup": "G5", "label": "\u674f\u4ec1", "nodeSupportPercent": 1.14, "id": 41}}, {"data": {"popup": "  \u4f5c\u7528(bacteria,infection)", "name": 42, "myGroup": "G1", "label": "\u67b3\u6bbc", "nodeSupportPercent": 1.05, "id": 42}}, {"data": {"popup": "  \u6c23(\u5e73) \u5473(\u7518) \u7d93\u7d61(\u5fc3,\u813e,\u80ba,\u80c3) \u4f5c\u7528(allergy,bacteria,inflammation)", "name": 43, "myGroup": "G1", "label": "\u7518\u8349", "nodeSupportPercent": 10.288, "id": 43}}, {"data": {"popup": "  \u6c23(\u5bd2) \u5473(\u8f9b,\u82e6) \u7d93\u7d61(\u809d,\u81bd) \u4f5c\u7528(bacteria)", "name": 44, "myGroup": "G4", "label": "\u590f\u67af\u8349", "nodeSupportPercent": 1.38, "id": 44}}, {"data": {"popup": "  \u4f5c\u7528(allergy)", "name": 45, "myGroup": "G1", "label": "\u8840\u5e9c\u9010\u7600\u6e6f", "nodeSupportPercent": 1.71, "id": 45}}, {"data": {"popup": " ", "name": 46, "myGroup": "G4", "label": "\u6dbc\u8188\u6563", "nodeSupportPercent": 1.78, "id": 46}}, {"data": {"popup": "  \u6c23(\u6eab) \u5473(\u8f9b,\u82e6) \u7d93\u7d61(\u813e,\u80ba,\u5927\u8178,\u80c3) \u4f5c\u7528(bacteria,inflammation)", "name": 47, "myGroup": "G3", "label": "\u539a\u6734", "nodeSupportPercent": 1.5992, "id": 47}}, {"data": {"popup": "  \u6c23(\u5bd2) \u5473(\u8f9b,\u82e6) \u7d93\u7d61(\u813e,\u5927\u8178,\u80c3) \u4f5c\u7528(bacteria,infection,oxidation)", "name": 48, "myGroup": "G3", "label": "\u67b3\u5be6", "nodeSupportPercent": 1.51, "id": 48}}, {"data": {"popup": "  \u6c23(\u5bd2) \u5473(\u8f9b,\u82e6) \u7d93\u7d61(\u809d,\u5fc3)", "name": 49, "myGroup": "G4", "label": "\u7d2b\u82b1\u5730\u4e01", "nodeSupportPercent": 2.7369, "id": 49}}, {"data": {"popup": " ", "name": 50, "myGroup": "G4", "label": "\u7d2b\u8349\u6839", "nodeSupportPercent": 1.52, "id": 50}}, {"data": {"popup": "  \u6c23(\u5e73) \u5473(\u8f9b,\u7518,\u82e6) \u7d93\u7d61(\u809d,\u4e09\u7126) \u4f5c\u7528(bacteria,inflammation)", "name": 51, "myGroup": "G4", "label": "\u9999\u9644", "nodeSupportPercent": 1.59, "id": 51}}, {"data": {"popup": " ", "name": 52, "myGroup": "G1", "label": "\u7389\u5973\u714e", "nodeSupportPercent": 1.91, "id": 52}}, {"data": {"popup": "  \u6c23(\u6eab) \u5473(\u8f9b) \u7d93\u7d61(\u809d,\u80ba)", "name": 53, "myGroup": "G1", "label": "\u834a\u82a5", "nodeSupportPercent": 4.5263, "id": 53}}, {"data": {"popup": "  \u6c23(\u6dbc) \u5473(\u8f9b) \u7d93\u7d61(\u809d,\u80ba)", "name": 54, "myGroup": "G1", "label": "\u8584\u8377", "nodeSupportPercent": 1.42, "id": 54}}, {"data": {"popup": "  \u6c23(\u5bd2) \u5473(\u7518) \u7d93\u7d61(\u809d,\u80ba) \u4f5c\u7528(allergy)", "name": 55, "myGroup": "G0", "label": "\u87ec\u86fb", "nodeSupportPercent": 7.6512, "id": 55}}, {"data": {"popup": "  \u6c23(\u6eab) \u5473(\u8f9b,\u7518) \u7d93\u7d61(\u809d,\u5fc3,\u813e) \u4f5c\u7528(allergy)", "name": 56, "myGroup": "G3", "label": "\u7576\u6b78", "nodeSupportPercent": 2.3162, "id": 56}}, {"data": {"popup": "  \u6c23(\u6eab) \u5473(\u8f9b) \u7d93\u7d61(\u809d,\u5fc3,\u81bd,\u5fc3\u5305) \u4f5c\u7528(allergy,bacteria,inflammation,oxidation)", "name": 57, "myGroup": "G3", "label": "\u5ddd\u828e", "nodeSupportPercent": 1.32, "id": 57}}, {"data": {"popup": "  \u6c23(\u5bd2) \u5473(\u8f9b,\u82e6) \u7d93\u7d61(\u809d,\u5fc3,\u81bd,\u5fc3\u5305,\u4e09\u7126) \u4f5c\u7528(allergy,bacteria,infection,inflammation)", "name": 58, "myGroup": "G0", "label": "\u67f4\u80e1", "nodeSupportPercent": 1.47, "id": 58}}, {"data": {"popup": "  \u6c23(\u6eab) \u5473(\u8f9b,\u82e6) \u7d93\u7d61(\u813e,\u80c3) \u4f5c\u7528(allergy,inflammation,oxidation)", "name": 59, "myGroup": "G5", "label": "\u84bc\u672e", "nodeSupportPercent": 2.4911, "id": 59}}, {"data": {"popup": "  \u6c23(\u5e73) \u5473(\u9178,\u82e6) \u7d93\u7d61(\u809d,\u814e) \u4f5c\u7528(allergy,inflammation)", "name": 60, "myGroup": "G5", "label": "\u725b\u819d", "nodeSupportPercent": 1.62, "id": 60}}, {"data": {"popup": "  \u6c23(\u5bd2) \u5473(\u82e6) \u7d93\u7d61(\u814e,\u5927\u8178,\u8180\u80f1) \u4f5c\u7528(oxidation)", "name": 61, "myGroup": "G5", "label": "\u9ec3\u67cf", "nodeSupportPercent": 2.9701, "id": 61}}, {"data": {"popup": "  \u6c23(\u5bd2) \u5473(\u9178,\u82e6) \u7d93\u7d61(\u809d,\u813e) \u4f5c\u7528(bacteria,infection,inflammation,oxidation)", "name": 62, "myGroup": "G1", "label": "\u767d\u828d", "nodeSupportPercent": 1.51, "id": 62}}, {"data": {"popup": "  \u6c23(\u5bd2) \u5473(\u7518,\u82e6) \u7d93\u7d61(\u80ba,\u814e,\u80c3) \u4f5c\u7528(bacteria,infection,inflammation)", "name": 63, "myGroup": "G5", "label": "\u77e5\u6bcd", "nodeSupportPercent": 1.65, "id": 63}}, {"data": {"popup": "  \u6c23(\u5bd2) \u5473(\u82e6) \u7d93\u7d61(\u8180\u80f1) \u4f5c\u7528(allergy)", "name": 64, "myGroup": "G0", "label": "\u5730\u819a\u5b50", "nodeSupportPercent": 8.628, "id": 64}}, {"data": {"popup": " ", "name": 65, "myGroup": "G0", "label": "\u91d1\u87ec", "nodeSupportPercent": 2.01, "id": 65}}, {"data": {"popup": "  \u6c23(\u5bd2) \u5473(\u7518,\u82e6) \u7d93\u7d61(\u809d,\u5fc3,\u814e) \u4f5c\u7528(allergy,bacteria,infection,inflammation,oxidation)", "name": 66, "myGroup": "G1", "label": "\u751f\u5730\u9ec3", "nodeSupportPercent": 4.1322, "id": 66}}, {"data": {"popup": "  \u6c23(\u5bd2) \u5473(\u7518,\u82e6) \u7d93\u7d61(\u5fc3,\u80ba,\u80c3) \u4f5c\u7528(allergy,infection,inflammation,oxidation)", "name": 67, "myGroup": "G1", "label": "\u9ea5\u9580\u51ac", "nodeSupportPercent": 1.74, "id": 67}}, {"data": {"popup": "  \u6c23(\u71b1) \u5473(\u8f9b) \u7d93\u7d61(\u5fc3,\u813e,\u814e) \u4f5c\u7528(bacteria,infection,inflammation)", "name": 68, "myGroup": "G3", "label": "\u9644\u5b50", "nodeSupportPercent": 1.9, "id": 68}}, {"data": {"popup": "  \u6c23(\u5e73) \u5473(\u7518) \u7d93\u7d61(\u809d,\u80c3) \u4f5c\u7528(allergy,inflammation)", "name": 69, "myGroup": "G0", "label": "\u571f\u832f\u82d3", "nodeSupportPercent": 8.4384, "id": 69}}, {"data": {"popup": "  \u6c23(\u6eab) \u5473(\u8f9b,\u82e6) \u7d93\u7d61(\u814e) \u4f5c\u7528(bacteria)", "name": 70, "myGroup": "G0", "label": "\u86c7\u5e8a\u5b50", "nodeSupportPercent": 1.83, "id": 70}}, {"data": {"popup": "  \u4f5c\u7528(allergy,bacteria,infection,inflammation)", "name": 71, "myGroup": "G1", "label": "\u5c0f\u67f4\u80e1\u6e6f", "nodeSupportPercent": 2.4, "id": 71}}, {"data": {"popup": "  \u6c23(\u5e73) \u5473(\u7518) \u7d93\u7d61(\u5fc3,\u813e,\u814e)", "name": 72, "myGroup": "G7", "label": "\u832f\u82d3", "nodeSupportPercent": 2.2724, "id": 72}}, {"data": {"popup": "  \u6c23(\u6eab) \u5473(\u7518,\u82e6) \u7d93\u7d61(\u813e,\u80c3) \u4f5c\u7528(allergy,bacteria,inflammation,oxidation)", "name": 73, "myGroup": "G7", "label": "\u767d\u672e", "nodeSupportPercent": 1.86, "id": 73}}, {"data": {"popup": "  \u6c23(\u5bd2) \u5473(\u7518) \u7d93\u7d61(\u80ba,\u814e) \u4f5c\u7528(inflammation)", "name": 74, "myGroup": "G6", "label": "\u5730\u9aa8\u76ae", "nodeSupportPercent": 1.91, "id": 74}}, {"data": {"popup": "  \u6c23(\u5bd2) \u5473(\u8f9b) \u7d93\u7d61(\u80ba)", "name": 75, "myGroup": "G4", "label": "\u9b5a\u8165\u8349", "nodeSupportPercent": 2.28, "id": 75}}, {"data": {"popup": "  \u6c23(\u5e73) \u5473(\u8f9b,\u82e6) \u7d93\u7d61(\u80ba) \u4f5c\u7528(inflammation)", "name": 76, "myGroup": "G1", "label": "\u6854\u6897", "nodeSupportPercent": 1.87, "id": 76}}, {"data": {"popup": "  \u6c23(\u5bd2) \u5473(\u7518) \u7d93\u7d61(\u809d,\u5fc3)", "name": 77, "myGroup": "G6", "label": "\u7d2b\u8349", "nodeSupportPercent": 2.16, "id": 77}}, {"data": {"popup": "  \u6c23(\u5bd2) \u5473(\u7518,\u82e6) \u7d93\u7d61(\u5c0f\u8178,\u5927\u8178,\u80c3) \u4f5c\u7528(inflammation)", "name": 78, "myGroup": "G4", "label": "\u767d\u82b1\u86c7\u820c\u8349", "nodeSupportPercent": 2.07, "id": 78}}, {"data": {"popup": "  \u6c23(\u5bd2) \u5473(\u82e6) \u4f5c\u7528(bacteria)", "name": 79, "myGroup": "G4", "label": "\u8c9d\u6bcd", "nodeSupportPercent": 2.26, "id": 79}}, {"data": {"popup": " ", "name": 80, "myGroup": "G4", "label": "\u9ebb\u5b50\u4ec1\u4e38", "nodeSupportPercent": 2.94, "id": 80}}, {"data": {"popup": "  \u6c23(\u5bd2) \u5473(\u8f9b,\u7518) \u7d93\u7d61(\u80ba,\u80c3) \u4f5c\u7528(infection)", "name": 81, "myGroup": "G1", "label": "\u77f3\u818f", "nodeSupportPercent": 2.49, "id": 81}}, {"data": {"popup": "  \u6c23(\u5bd2) \u5473(\u82e6) \u7d93\u7d61(\u809d,\u5fc3,\u5927\u8178,\u80c3,\u8180\u80f1) \u4f5c\u7528(bacteria,infection,inflammation)", "name": 82, "myGroup": "G0", "label": "\u82e6\u53c3", "nodeSupportPercent": 2.56, "id": 82}}, {"data": {"popup": " ", "name": 83, "myGroup": "G4", "label": "\u6563\u816b\u6f70\u5805\u6e6f", "nodeSupportPercent": 3.28, "id": 83}}, {"data": {"popup": "  \u4f5c\u7528(allergy)", "name": 84, "myGroup": "G1", "label": "\u7518\u9732\u98f2", "nodeSupportPercent": 3.03, "id": 84}}, {"data": {"popup": "  \u6c23(\u6eab) \u5473(\u7518) \u7d93\u7d61(\u813e,\u80ba) \u4f5c\u7528(inflammation,oxidation)", "name": 85, "myGroup": "G3", "label": "\u9ec3\u8006", "nodeSupportPercent": 2.8495, "id": 85}}, {"data": {"popup": "  \u6c23(\u5e73) \u5473(\u8f9b,\u9e79) \u7d93\u7d61(\u809d,\u80ba) \u4f5c\u7528(infection,inflammation)", "name": 86, "myGroup": "G0", "label": "\u6bad\u8836", "nodeSupportPercent": 2.8, "id": 86}}, {"data": {"popup": "  \u6c23(\u6eab) \u5473(\u8f9b)", "name": 87, "myGroup": "G4", "label": "\u7682\u523a", "nodeSupportPercent": 2.91, "id": 87}}, {"data": {"popup": "  \u6c23(\u5bd2) \u5473(\u82e6) \u7d93\u7d61(\u809d,\u5fc3,\u5927\u8178,\u80c3)", "name": 88, "myGroup": "G3", "label": "\u9ec3\u9023", "nodeSupportPercent": 3.16, "id": 88}}, {"data": {"popup": " ", "name": 89, "myGroup": "G1", "label": "\u67f4\u80e1\u6e05\u809d\u6e6f", "nodeSupportPercent": 3.79, "id": 89}}, {"data": {"popup": " ", "name": 90, "myGroup": "G0", "label": "\u84ba\u85dc", "nodeSupportPercent": 3.38, "id": 90}}, {"data": {"popup": "  \u6c23(\u5bd2) \u5473(\u82e6) \u7d93\u7d61(\u5fc3,\u80ba,\u80c3,\u4e09\u7126)", "name": 91, "myGroup": "G6", "label": "\u6894\u5b50", "nodeSupportPercent": 3.04, "id": 91}}, {"data": {"popup": "  \u6c23(\u6eab) \u5473(\u8f9b,\u7518) \u7d93\u7d61(\u809d,\u813e,\u8180\u80f1) \u4f5c\u7528(allergy,bacteria,inflammation,oxidation)", "name": 92, "myGroup": "G1", "label": "\u9632\u98a8", "nodeSupportPercent": 2.83, "id": 92}}, {"data": {"popup": " ", "name": 93, "myGroup": "G0", "label": "\u7576\u6b78\u98f2\u5b50", "nodeSupportPercent": 4.46, "id": 93}}, {"data": {"popup": "  \u6c23(\u5bd2) \u5473(\u7518,\u82e6,\u9e79) \u7d93\u7d61(\u80ba,\u814e,\u80c3) \u4f5c\u7528(inflammation)", "name": 94, "myGroup": "G1", "label": "\u7384\u53c3", "nodeSupportPercent": 3.44, "id": 94}}, {"data": {"popup": "  \u6c23(\u5bd2) \u5473(\u82e6) \u7d93\u7d61(\u809d,\u5fc3,\u5fc3\u5305) \u4f5c\u7528(allergy,bacteria,infection,inflammation,oxidation)", "name": 95, "myGroup": "G1", "label": "\u4e39\u53c3", "nodeSupportPercent": 3.97, "id": 95}}, {"data": {"popup": " ", "name": 96, "myGroup": "G0", "label": "\u6eab\u6e05\u98f2", "nodeSupportPercent": 5.25, "id": 96}}, {"data": {"popup": "  \u6c23(\u5bd2) \u5473(\u82e6) \u7d93\u7d61(\u809d)", "name": 97, "myGroup": "G6", "label": "\u8d64\u828d", "nodeSupportPercent": 4.62, "id": 97}}, {"data": {"popup": " ", "name": 98, "myGroup": "G0", "label": "\u834a\u9632\u6557\u6bd2\u6563", "nodeSupportPercent": 8.96, "id": 98}}], "edges": [{"data": {"source": 0, "Lift": 2.2817, "is_directed": false, "target": 1, "name": "0-1"}}, {"data": {"source": 0, "Lift": 1.1189, "is_directed": false, "target": 2, "name": "0-2"}}, {"data": {"source": 1, "Lift": 1.5502, "is_directed": false, "target": 2, "name": "1-2"}}, {"data": {"source": 2, "Lift": 1.1233, "is_directed": false, "target": 4, "name": "2-4"}}, {"data": {"source": 2, "Lift": 1.0341, "is_directed": false, "target": 7, "name": "2-7"}}, {"data": {"source": 2, "Lift": 1.0177, "is_directed": false, "target": 13, "name": "2-13"}}, {"data": {"source": 2, "Lift": 1.1444, "is_directed": false, "target": 21, "name": "2-21"}}, {"data": {"source": 2, "Lift": 1.0051, "is_directed": false, "target": 24, "name": "2-24"}}, {"data": {"source": 2, "Lift": 1.8834, "is_directed": false, "target": 38, "name": "2-38"}}, {"data": {"source": 2, "Lift": 1.0513, "is_directed": false, "target": 39, "name": "2-39"}}, {"data": {"source": 2, "Lift": 1.0005, "is_directed": false, "target": 40, "name": "2-40"}}, {"data": {"source": 2, "Lift": 1.17, "is_directed": false, "target": 53, "name": "2-53"}}, {"data": {"source": 2, "Lift": 1.5398, "is_directed": false, "target": 55, "name": "2-55"}}, {"data": {"source": 2, "Lift": 1.0349, "is_directed": false, "target": 58, "name": "2-58"}}, {"data": {"source": 2, "Lift": 1.8042, "is_directed": false, "target": 64, "name": "2-64"}}, {"data": {"source": 2, "Lift": 1.2358, "is_directed": false, "target": 69, "name": "2-69"}}, {"data": {"source": 2, "Lift": 1.8379, "is_directed": false, "target": 70, "name": "2-70"}}, {"data": {"source": 2, "Lift": 1.135, "is_directed": false, "target": 74, "name": "2-74"}}, {"data": {"source": 2, "Lift": 1.0289, "is_directed": false, "target": 75, "name": "2-75"}}, {"data": {"source": 2, "Lift": 1.026, "is_directed": false, "target": 77, "name": "2-77"}}, {"data": {"source": 2, "Lift": 1.6827, "is_directed": false, "target": 82, "name": "2-82"}}, {"data": {"source": 2, "Lift": 1.4685, "is_directed": false, "target": 90, "name": "2-90"}}, {"data": {"source": 2, "Lift": 1.5239, "is_directed": false, "target": 93, "name": "2-93"}}, {"data": {"source": 2, "Lift": 1.2896, "is_directed": false, "target": 96, "name": "2-96"}}, {"data": {"source": 2, "Lift": 1.2075, "is_directed": false, "target": 98, "name": "2-98"}}, {"data": {"source": 3, "Lift": 1.6787, "is_directed": false, "target": 4, "name": "3-4"}}, {"data": {"source": 3, "Lift": 1.3776, "is_directed": false, "target": 5, "name": "3-5"}}, {"data": {"source": 3, "Lift": 1.3329, "is_directed": false, "target": 6, "name": "3-6"}}, {"data": {"source": 3, "Lift": 1.8068, "is_directed": false, "target": 12, "name": "3-12"}}, {"data": {"source": 3, "Lift": 1.5723, "is_directed": false, "target": 13, "name": "3-13"}}, {"data": {"source": 3, "Lift": 1.3426, "is_directed": false, "target": 18, "name": "3-18"}}, {"data": {"source": 3, "Lift": 1.3232, "is_directed": false, "target": 19, "name": "3-19"}}, {"data": {"source": 3, "Lift": 1.3801, "is_directed": false, "target": 24, "name": "3-24"}}, {"data": {"source": 3, "Lift": 1.5363, "is_directed": false, "target": 25, "name": "3-25"}}, {"data": {"source": 3, "Lift": 1.3122, "is_directed": false, "target": 27, "name": "3-27"}}, {"data": {"source": 3, "Lift": 1.5714, "is_directed": false, "target": 29, "name": "3-29"}}, {"data": {"source": 3, "Lift": 1.1795, "is_directed": false, "target": 30, "name": "3-30"}}, {"data": {"source": 3, "Lift": 1.5921, "is_directed": false, "target": 31, "name": "3-31"}}, {"data": {"source": 3, "Lift": 2.571, "is_directed": false, "target": 32, "name": "3-32"}}, {"data": {"source": 3, "Lift": 2.3857, "is_directed": false, "target": 33, "name": "3-33"}}, {"data": {"source": 3, "Lift": 1.2767, "is_directed": false, "target": 34, "name": "3-34"}}, {"data": {"source": 3, "Lift": 1.3252, "is_directed": false, "target": 40, "name": "3-40"}}, {"data": {"source": 3, "Lift": 1.2226, "is_directed": false, "target": 42, "name": "3-42"}}, {"data": {"source": 3, "Lift": 1.3455, "is_directed": false, "target": 43, "name": "3-43"}}, {"data": {"source": 3, "Lift": 1.2816, "is_directed": false, "target": 44, "name": "3-44"}}, {"data": {"source": 3, "Lift": 1.2332, "is_directed": false, "target": 45, "name": "3-45"}}, {"data": {"source": 3, "Lift": 1.6062, "is_directed": false, "target": 49, "name": "3-49"}}, {"data": {"source": 3, "Lift": 2.2915, "is_directed": false, "target": 52, "name": "3-52"}}, {"data": {"source": 3, "Lift": 1.7811, "is_directed": false, "target": 53, "name": "3-53"}}, {"data": {"source": 3, "Lift": 1.5086, "is_directed": false, "target": 54, "name": "3-54"}}, {"data": {"source": 3, "Lift": 1.4519, "is_directed": false, "target": 57, "name": "3-57"}}, {"data": {"source": 3, "Lift": 1.8982, "is_directed": false, "target": 58, "name": "3-58"}}, {"data": {"source": 3, "Lift": 1.2172, "is_directed": false, "target": 63, "name": "3-63"}}, {"data": {"source": 3, "Lift": 1.2937, "is_directed": false, "target": 66, "name": "3-66"}}, {"data": {"source": 3, "Lift": 1.375, "is_directed": false, "target": 69, "name": "3-69"}}, {"data": {"source": 3, "Lift": 1.4825, "is_directed": false, "target": 71, "name": "3-71"}}, {"data": {"source": 3, "Lift": 1.6826, "is_directed": false, "target": 76, "name": "3-76"}}, {"data": {"source": 3, "Lift": 1.2418, "is_directed": false, "target": 78, "name": "3-78"}}, {"data": {"source": 3, "Lift": 1.3078, "is_directed": false, "target": 79, "name": "3-79"}}, {"data": {"source": 3, "Lift": 1.2294, "is_directed": false, "target": 81, "name": "3-81"}}, {"data": {"source": 3, "Lift": 1.3387, "is_directed": false, "target": 84, "name": "3-84"}}, {"data": {"source": 3, "Lift": 1.9071, "is_directed": false, "target": 87, "name": "3-87"}}, {"data": {"source": 3, "Lift": 1.2849, "is_directed": false, "target": 90, "name": "3-90"}}, {"data": {"source": 3, "Lift": 2.1472, "is_directed": false, "target": 91, "name": "3-91"}}, {"data": {"source": 3, "Lift": 1.448, "is_directed": false, "target": 92, "name": "3-92"}}, {"data": {"source": 3, "Lift": 1.7864, "is_directed": false, "target": 94, "name": "3-94"}}, {"data": {"source": 3, "Lift": 1.5184, "is_directed": false, "target": 95, "name": "3-95"}}, {"data": {"source": 3, "Lift": 1.5304, "is_directed": false, "target": 97, "name": "3-97"}}, {"data": {"source": 8, "Lift": 14.716, "is_directed": false, "target": 9, "name": "8-9"}}, {"data": {"source": 10, "Lift": 2.0229, "is_directed": false, "target": 43, "name": "10-43"}}, {"data": {"source": 10, "Lift": 2.5969, "is_directed": false, "target": 11, "name": "10-11"}}, {"data": {"source": 10, "Lift": 5.3047, "is_directed": false, "target": 15, "name": "10-15"}}, {"data": {"source": 10, "Lift": 4.2619, "is_directed": false, "target": 16, "name": "10-16"}}, {"data": {"source": 10, "Lift": 5.773, "is_directed": false, "target": 17, "name": "10-17"}}, {"data": {"source": 10, "Lift": 3.6675, "is_directed": false, "target": 18, "name": "10-18"}}, {"data": {"source": 10, "Lift": 2.9499, "is_directed": false, "target": 19, "name": "10-19"}}, {"data": {"source": 10, "Lift": 2.658, "is_directed": false, "target": 20, "name": "10-20"}}, {"data": {"source": 10, "Lift": 2.9542, "is_directed": false, "target": 57, "name": "10-57"}}, {"data": {"source": 11, "Lift": 1.7323, "is_directed": false, "target": 12, "name": "11-12"}}, {"data": {"source": 12, "Lift": 1.8747, "is_directed": false, "target": 32, "name": "12-32"}}, {"data": {"source": 12, "Lift": 2.5576, "is_directed": false, "target": 34, "name": "12-34"}}, {"data": {"source": 12, "Lift": 1.7476, "is_directed": false, "target": 35, "name": "12-35"}}, {"data": {"source": 12, "Lift": 2.0911, "is_directed": false, "target": 75, "name": "12-75"}}, {"data": {"source": 12, "Lift": 1.8143, "is_directed": false, "target": 44, "name": "12-44"}}, {"data": {"source": 12, "Lift": 2.1718, "is_directed": false, "target": 46, "name": "12-46"}}, {"data": {"source": 12, "Lift": 4.7144, "is_directed": false, "target": 49, "name": "12-49"}}, {"data": {"source": 12, "Lift": 1.8268, "is_directed": false, "target": 18, "name": "12-18"}}, {"data": {"source": 12, "Lift": 1.6661, "is_directed": false, "target": 83, "name": "12-83"}}, {"data": {"source": 12, "Lift": 2.8579, "is_directed": false, "target": 78, "name": "12-78"}}, {"data": {"source": 12, "Lift": 2.3319, "is_directed": false, "target": 87, "name": "12-87"}}, {"data": {"source": 12, "Lift": 1.7609, "is_directed": false, "target": 27, "name": "12-27"}}, {"data": {"source": 12, "Lift": 2.1477, "is_directed": false, "target": 28, "name": "12-28"}}, {"data": {"source": 12, "Lift": 2.5614, "is_directed": false, "target": 31, "name": "12-31"}}, {"data": {"source": 13, "Lift": 1.9952, "is_directed": false, "target": 33, "name": "13-33"}}, {"data": {"source": 13, "Lift": 1.3458, "is_directed": false, "target": 35, "name": "13-35"}}, {"data": {"source": 13, "Lift": 1.6074, "is_directed": false, "target": 36, "name": "13-36"}}, {"data": {"source": 13, "Lift": 1.8206, "is_directed": false, "target": 69, "name": "13-69"}}, {"data": {"source": 13, "Lift": 2.2322, "is_directed": false, "target": 41, "name": "13-41"}}, {"data": {"source": 13, "Lift": 1.7088, "is_directed": false, "target": 14, "name": "13-14"}}, {"data": {"source": 13, "Lift": 1.7907, "is_directed": false, "target": 60, "name": "13-60"}}, {"data": {"source": 13, "Lift": 2.6383, "is_directed": false, "target": 59, "name": "13-59"}}, {"data": {"source": 13, "Lift": 2.1988, "is_directed": false, "target": 28, "name": "13-28"}}, {"data": {"source": 13, "Lift": 1.7196, "is_directed": false, "target": 61, "name": "13-61"}}, {"data": {"source": 15, "Lift": 17.443, "is_directed": false, "target": 16, "name": "15-16"}}, {"data": {"source": 15, "Lift": 12.319, "is_directed": false, "target": 17, "name": "15-17"}}, {"data": {"source": 15, "Lift": 6.7568, "is_directed": false, "target": 18, "name": "15-18"}}, {"data": {"source": 15, "Lift": 5.0799, "is_directed": false, "target": 19, "name": "15-19"}}, {"data": {"source": 15, "Lift": 4.8996, "is_directed": false, "target": 20, "name": "15-20"}}, {"data": {"source": 16, "Lift": 8.6802, "is_directed": false, "target": 17, "name": "16-17"}}, {"data": {"source": 16, "Lift": 7.1558, "is_directed": false, "target": 18, "name": "16-18"}}, {"data": {"source": 16, "Lift": 4.9461, "is_directed": false, "target": 19, "name": "16-19"}}, {"data": {"source": 16, "Lift": 4.2256, "is_directed": false, "target": 20, "name": "16-20"}}, {"data": {"source": 17, "Lift": 3.0493, "is_directed": false, "target": 43, "name": "17-43"}}, {"data": {"source": 17, "Lift": 5.9808, "is_directed": false, "target": 18, "name": "17-18"}}, {"data": {"source": 17, "Lift": 4.0738, "is_directed": false, "target": 19, "name": "17-19"}}, {"data": {"source": 17, "Lift": 5.1726, "is_directed": false, "target": 20, "name": "17-20"}}, {"data": {"source": 18, "Lift": 4.4256, "is_directed": false, "target": 19, "name": "18-19"}}, {"data": {"source": 18, "Lift": 2.6711, "is_directed": false, "target": 20, "name": "18-20"}}, {"data": {"source": 19, "Lift": 4.4462, "is_directed": false, "target": 88, "name": "19-88"}}, {"data": {"source": 19, "Lift": 2.6907, "is_directed": false, "target": 57, "name": "19-57"}}, {"data": {"source": 19, "Lift": 2.8919, "is_directed": false, "target": 34, "name": "19-34"}}, {"data": {"source": 19, "Lift": 3.5803, "is_directed": false, "target": 91, "name": "19-91"}}, {"data": {"source": 19, "Lift": 2.774, "is_directed": false, "target": 20, "name": "19-20"}}, {"data": {"source": 20, "Lift": 2.5365, "is_directed": false, "target": 48, "name": "20-48"}}, {"data": {"source": 20, "Lift": 2.3673, "is_directed": false, "target": 40, "name": "20-40"}}, {"data": {"source": 20, "Lift": 2.0718, "is_directed": false, "target": 68, "name": "20-68"}}, {"data": {"source": 20, "Lift": 1.9563, "is_directed": false, "target": 88, "name": "20-88"}}, {"data": {"source": 20, "Lift": 2.4558, "is_directed": false, "target": 47, "name": "20-47"}}, {"data": {"source": 22, "Lift": 28.542, "is_directed": false, "target": 23, "name": "22-23"}}, {"data": {"source": 23, "Lift": 2.72, "is_directed": false, "target": 24, "name": "23-24"}}, {"data": {"source": 24, "Lift": 4.1334, "is_directed": false, "target": 97, "name": "24-97"}}, {"data": {"source": 24, "Lift": 4.3199, "is_directed": false, "target": 66, "name": "24-66"}}, {"data": {"source": 24, "Lift": 2.3339, "is_directed": false, "target": 42, "name": "24-42"}}, {"data": {"source": 24, "Lift": 2.3171, "is_directed": false, "target": 77, "name": "24-77"}}, {"data": {"source": 24, "Lift": 2.3783, "is_directed": false, "target": 57, "name": "24-57"}}, {"data": {"source": 24, "Lift": 2.6857, "is_directed": false, "target": 91, "name": "24-91"}}, {"data": {"source": 24, "Lift": 3.3418, "is_directed": false, "target": 74, "name": "24-74"}}, {"data": {"source": 25, "Lift": 2.3423, "is_directed": false, "target": 33, "name": "25-33"}}, {"data": {"source": 25, "Lift": 2.6546, "is_directed": false, "target": 34, "name": "25-34"}}, {"data": {"source": 25, "Lift": 1.3755, "is_directed": false, "target": 35, "name": "25-35"}}, {"data": {"source": 25, "Lift": 2.287, "is_directed": false, "target": 51, "name": "25-51"}}, {"data": {"source": 25, "Lift": 2.4624, "is_directed": false, "target": 26, "name": "25-26"}}, {"data": {"source": 25, "Lift": 1.5759, "is_directed": false, "target": 27, "name": "25-27"}}, {"data": {"source": 27, "Lift": 2.2685, "is_directed": false, "target": 34, "name": "27-34"}}, {"data": {"source": 27, "Lift": 1.3847, "is_directed": false, "target": 35, "name": "27-35"}}, {"data": {"source": 27, "Lift": 1.74, "is_directed": false, "target": 75, "name": "27-75"}}, {"data": {"source": 27, "Lift": 1.5533, "is_directed": false, "target": 46, "name": "27-46"}}, {"data": {"source": 27, "Lift": 2.7172, "is_directed": false, "target": 49, "name": "27-49"}}, {"data": {"source": 27, "Lift": 2.4323, "is_directed": false, "target": 83, "name": "27-83"}}, {"data": {"source": 27, "Lift": 2.226, "is_directed": false, "target": 87, "name": "27-87"}}, {"data": {"source": 27, "Lift": 1.7602, "is_directed": false, "target": 28, "name": "27-28"}}, {"data": {"source": 30, "Lift": 1.9958, "is_directed": false, "target": 31, "name": "30-31"}}, {"data": {"source": 31, "Lift": 2.2366, "is_directed": false, "target": 32, "name": "31-32"}}, {"data": {"source": 32, "Lift": 2.1807, "is_directed": false, "target": 89, "name": "32-89"}}, {"data": {"source": 32, "Lift": 2.0091, "is_directed": false, "target": 36, "name": "32-36"}}, {"data": {"source": 32, "Lift": 1.7934, "is_directed": false, "target": 37, "name": "32-37"}}, {"data": {"source": 33, "Lift": 8.3858, "is_directed": false, "target": 34, "name": "33-34"}}, {"data": {"source": 33, "Lift": 1.4399, "is_directed": false, "target": 35, "name": "33-35"}}, {"data": {"source": 34, "Lift": 1.4152, "is_directed": false, "target": 35, "name": "34-35"}}, {"data": {"source": 35, "Lift": 1.738, "is_directed": false, "target": 65, "name": "35-65"}}, {"data": {"source": 35, "Lift": 2.2783, "is_directed": false, "target": 75, "name": "35-75"}}, {"data": {"source": 35, "Lift": 1.3726, "is_directed": false, "target": 78, "name": "35-78"}}, {"data": {"source": 35, "Lift": 1.6053, "is_directed": false, "target": 79, "name": "35-79"}}, {"data": {"source": 35, "Lift": 1.3497, "is_directed": false, "target": 80, "name": "35-80"}}, {"data": {"source": 35, "Lift": 1.5298, "is_directed": false, "target": 49, "name": "35-49"}}, {"data": {"source": 35, "Lift": 1.3275, "is_directed": false, "target": 83, "name": "35-83"}}, {"data": {"source": 35, "Lift": 1.5509, "is_directed": false, "target": 46, "name": "35-46"}}, {"data": {"source": 38, "Lift": 3.9385, "is_directed": false, "target": 64, "name": "38-64"}}, {"data": {"source": 38, "Lift": 2.0034, "is_directed": false, "target": 69, "name": "38-69"}}, {"data": {"source": 38, "Lift": 2.7722, "is_directed": false, "target": 70, "name": "38-70"}}, {"data": {"source": 38, "Lift": 2.0528, "is_directed": false, "target": 39, "name": "38-39"}}, {"data": {"source": 38, "Lift": 3.7829, "is_directed": false, "target": 82, "name": "38-82"}}, {"data": {"source": 38, "Lift": 1.9774, "is_directed": false, "target": 55, "name": "38-55"}}, {"data": {"source": 38, "Lift": 2.4629, "is_directed": false, "target": 90, "name": "38-90"}}, {"data": {"source": 40, "Lift": 14.922, "is_directed": false, "target": 41, "name": "40-41"}}, {"data": {"source": 42, "Lift": 2.2071, "is_directed": false, "target": 43, "name": "42-43"}}, {"data": {"source": 43, "Lift": 2.2584, "is_directed": false, "target": 54, "name": "43-54"}}, {"data": {"source": 43, "Lift": 2.1685, "is_directed": false, "target": 62, "name": "43-62"}}, {"data": {"source": 47, "Lift": 15.772, "is_directed": false, "target": 48, "name": "47-48"}}, {"data": {"source": 49, "Lift": 8.5837, "is_directed": false, "target": 50, "name": "49-50"}}, {"data": {"source": 53, "Lift": 10.562, "is_directed": false, "target": 92, "name": "53-92"}}, {"data": {"source": 53, "Lift": 4.6805, "is_directed": false, "target": 54, "name": "53-54"}}, {"data": {"source": 54, "Lift": 2.6171, "is_directed": false, "target": 55, "name": "54-55"}}, {"data": {"source": 55, "Lift": 2.8238, "is_directed": false, "target": 92, "name": "55-92"}}, {"data": {"source": 55, "Lift": 4.3766, "is_directed": false, "target": 86, "name": "55-86"}}, {"data": {"source": 56, "Lift": 11.882, "is_directed": false, "target": 57, "name": "56-57"}}, {"data": {"source": 56, "Lift": 7.4658, "is_directed": false, "target": 85, "name": "56-85"}}, {"data": {"source": 59, "Lift": 9.259, "is_directed": false, "target": 60, "name": "59-60"}}, {"data": {"source": 59, "Lift": 9.3628, "is_directed": false, "target": 61, "name": "59-61"}}, {"data": {"source": 60, "Lift": 8.6246, "is_directed": false, "target": 61, "name": "60-61"}}, {"data": {"source": 61, "Lift": 8.3642, "is_directed": false, "target": 63, "name": "61-63"}}, {"data": {"source": 64, "Lift": 2.7374, "is_directed": false, "target": 65, "name": "64-65"}}, {"data": {"source": 64, "Lift": 2.3471, "is_directed": false, "target": 82, "name": "64-82"}}, {"data": {"source": 64, "Lift": 4.5975, "is_directed": false, "target": 70, "name": "64-70"}}, {"data": {"source": 66, "Lift": 5.5052, "is_directed": false, "target": 67, "name": "66-67"}}, {"data": {"source": 66, "Lift": 4.866, "is_directed": false, "target": 94, "name": "66-94"}}, {"data": {"source": 69, "Lift": 3.0464, "is_directed": false, "target": 70, "name": "69-70"}}, {"data": {"source": 72, "Lift": 10.899, "is_directed": false, "target": 73, "name": "72-73"}}]}, "data": {"description": "<h1>\u6fd5\u75b9\u4e2d\u91ab\u6cbb\u7642\u5716\u8b5c</h1><h2>ECZEMA_(Support=1.0%, Confidence=20.0%)</h2>", "name": "ECZEMA_(Support=1.0%, Confidence=20.0%)", "tags": ["ECZEMA", "\u6fd5\u75b9\u4e2d\u91ab\u6cbb\u7642\u5716\u8b5c"]}}