{"elements": {"nodes": [{"data": {"popup": "  \u4f5c\u7528(allergy,oxidation)", "name": 0, "myGroup": "G0", "label": "\u6d88\u98a8\u6563", "nodeSupportPercent": 23.577, "id": 0}}, {"data": {"popup": " ", "name": 1, "myGroup": "G0", "label": "\u4eba\u53c3\u6557\u6bd2\u6563", "nodeSupportPercent": 0.765, "id": 1}}, {"data": {"popup": " ", "name": 2, "myGroup": "G0", "label": "\u85ff\u9999\u6b63\u6c23\u6563", "nodeSupportPercent": 0.816, "id": 2}}, {"data": {"popup": "  \u6c23(\u5bd2) \u5473(\u82e6) \u7d93\u7d61(\u5fc3,\u80ba,\u5c0f\u8178) \u4f5c\u7528(infection)", "name": 3, "myGroup": "G1", "label": "\u9023\u7ff9", "nodeSupportPercent": 17.175, "id": 3}}, {"data": {"popup": " ", "name": 4, "myGroup": "G1", "label": "\u84bc\u8033\u6563", "nodeSupportPercent": 0.777, "id": 4}}, {"data": {"popup": "  \u4f5c\u7528(oxidation)", "name": 5, "myGroup": "G2", "label": "\u9ec3\u9023\u89e3\u6bd2\u6e6f", "nodeSupportPercent": 10.948, "id": 5}}, {"data": {"popup": " ", "name": 6, "myGroup": "G2", "label": "\u56db\u7269\u6e6f", "nodeSupportPercent": 0.862, "id": 6}}, {"data": {"popup": "  \u6c23(\u5e73) \u5473(\u8f9b,\u9e79) \u7d93\u7d61(\u809d,\u80ba) \u4f5c\u7528(infection,inflammation)", "name": 7, "myGroup": "G3", "label": "\u6bad\u8836", "nodeSupportPercent": 2.7986, "id": 7}}, {"data": {"popup": " ", "name": 8, "myGroup": "G3", "label": "\u6eab\u7d93\u6e6f", "nodeSupportPercent": 0.926, "id": 8}}, {"data": {"popup": " ", "name": 9, "myGroup": "G3", "label": "\u834a\u9632\u6557\u6bd2\u6563", "nodeSupportPercent": 8.9579, "id": 9}}, {"data": {"popup": "  \u6c23(\u5bd2) \u5473(\u7518) \u7d93\u7d61(\u809d,\u80ba) \u4f5c\u7528(allergy)", "name": 10, "myGroup": "G3", "label": "\u87ec\u86fb", "nodeSupportPercent": 7.6512, "id": 10}}, {"data": {"popup": "  \u6c23(\u6dbc) \u5473(\u7518,\u82e6) \u7d93\u7d61(\u809d,\u814e) \u4f5c\u7528(bacteria,inflammation,oxidation)", "name": 11, "myGroup": "G4", "label": "\u5973\u8c9e\u5b50", "nodeSupportPercent": 0.84498, "id": 11}}, {"data": {"popup": "  \u6c23(\u5bd2) \u5473(\u7518,\u9178) \u7d93\u7d61(\u809d,\u814e)", "name": 12, "myGroup": "G4", "label": "\u65f1\u84ee\u8349", "nodeSupportPercent": 0.754, "id": 12}}, {"data": {"popup": "  \u6c23(\u5bd2) \u5473(\u7518,\u82e6) \u7d93\u7d61(\u5c0f\u8178,\u5927\u8178,\u80c3) \u4f5c\u7528(inflammation)", "name": 13, "myGroup": "G5", "label": "\u767d\u82b1\u86c7\u820c\u8349", "nodeSupportPercent": 2.0654, "id": 13}}, {"data": {"popup": "  \u4f5c\u7528(allergy,bacteria,infection,inflammation,oxidation)", "name": 14, "myGroup": "G5", "label": "\u534a\u679d\u84ee", "nodeSupportPercent": 0.802, "id": 14}}, {"data": {"popup": " ", "name": 15, "myGroup": "G5", "label": "\u6e05\u4e0a\u9632\u98a8\u6e6f", "nodeSupportPercent": 15.311, "id": 15}}, {"data": {"popup": " ", "name": 16, "myGroup": "G0", "label": "\u80c3\u82d3\u6e6f", "nodeSupportPercent": 1.03, "id": 16}}, {"data": {"popup": "  \u6c23(\u6eab) \u5473(\u8f9b) \u7d93\u7d61(\u813e,\u80c3) \u4f5c\u7528(bacteria,infection,inflammation)", "name": 17, "myGroup": "G6", "label": "\u7802\u4ec1", "nodeSupportPercent": 3.8316, "id": 17}}, {"data": {"popup": "  \u6c23(\u6eab) \u5473(\u8f9b) \u7d93\u7d61(\u80ba,\u814e) \u4f5c\u7528(inflammation)", "name": 18, "myGroup": "G6", "label": "\u7d30\u8f9b", "nodeSupportPercent": 1.0, "id": 18}}, {"data": {"popup": "  \u6c23(\u5bd2) \u5473(\u82e6) \u7d93\u7d61(\u809d,\u80ba,\u81bd,\u5927\u8178,\u80c3) \u4f5c\u7528(allergy,oxidation)", "name": 19, "myGroup": "G6", "label": "\u9ec3\u82a9", "nodeSupportPercent": 7.5196, "id": 19}}, {"data": {"popup": "  \u6c23(\u6eab) \u5473(\u8f9b) \u7d93\u7d61(\u80ba,\u5927\u8178,\u80c3) \u4f5c\u7528(allergy,bacteria,infection,inflammation,oxidation)", "name": 20, "myGroup": "G6", "label": "\u767d\u82b7", "nodeSupportPercent": 8.4912, "id": 20}}, {"data": {"popup": "  \u6c23(\u5bd2) \u5473(\u82e6) \u7d93\u7d61(\u809d,\u5fc3,\u813e,\u5927\u8178,\u80c3) \u4f5c\u7528(allergy,bacteria,infection,inflammation)", "name": 21, "myGroup": "G6", "label": "\u5927\u9ec3", "nodeSupportPercent": 10.228, "id": 21}}, {"data": {"popup": "  \u6c23(\u6eab) \u5473(\u8f9b) \u7d93\u7d61(\u809d,\u5fc3) \u4f5c\u7528(bacteria,infection,inflammation)", "name": 22, "myGroup": "G7", "label": "\u7d05\u82b1", "nodeSupportPercent": 1.0891, "id": 22}}, {"data": {"popup": "  \u6c23(\u5e73) \u5473(\u82e6) \u7d93\u7d61(\u809d,\u5fc3,\u80ba,\u5927\u8178) \u4f5c\u7528(bacteria)", "name": 23, "myGroup": "G7", "label": "\u6843\u4ec1", "nodeSupportPercent": 1.01, "id": 23}}, {"data": {"popup": "  \u6c23(\u5bd2) \u5473(\u7518,\u82e6) \u7d93\u7d61(\u809d,\u80c3)", "name": 24, "myGroup": "G5", "label": "\u84b2\u516c\u82f1", "nodeSupportPercent": 12.522, "id": 24}}, {"data": {"popup": "  \u6c23(\u5bd2) \u5473(\u82e6) \u7d93\u7d61(\u5fc3,\u80c3) \u4f5c\u7528(allergy,bacteria)", "name": 25, "myGroup": "G5", "label": "\u677f\u85cd\u6839", "nodeSupportPercent": 1.09, "id": 25}}, {"data": {"popup": "  \u6c23(\u5bd2) \u5473(\u7518) \u7d93\u7d61(\u80ba) \u4f5c\u7528(allergy)", "name": 26, "myGroup": "G5", "label": "\u6851\u767d\u76ae", "nodeSupportPercent": 4.4749, "id": 26}}, {"data": {"popup": "  \u6c23(\u5e73) \u5473(\u82e6) \u7d93\u7d61(\u80ba,\u80c3) \u4f5c\u7528(inflammation)", "name": 27, "myGroup": "G5", "label": "\u6787\u6777\u8449", "nodeSupportPercent": 1.08, "id": 27}}, {"data": {"popup": " ", "name": 28, "myGroup": "G6", "label": "\u7099\u7518\u8349", "nodeSupportPercent": 1.23, "id": 28}}, {"data": {"popup": " ", "name": 29, "myGroup": "G1", "label": "\u7389\u5973\u714e", "nodeSupportPercent": 1.91, "id": 29}}, {"data": {"popup": "  \u6c23(\u5bd2) \u5473(\u8f9b,\u82e6) \u7d93\u7d61(\u809d,\u5fc3,\u81bd,\u5fc3\u5305,\u4e09\u7126) \u4f5c\u7528(allergy,bacteria,infection,inflammation)", "name": 30, "myGroup": "G1", "label": "\u67f4\u80e1", "nodeSupportPercent": 1.47, "id": 30}}, {"data": {"popup": "  \u6c23(\u5bd2) \u5473(\u82e6) \u7d93\u7d61(\u8180\u80f1) \u4f5c\u7528(allergy)", "name": 31, "myGroup": "G0", "label": "\u5730\u819a\u5b50", "nodeSupportPercent": 8.628, "id": 31}}, {"data": {"popup": "  \u6c23(\u6eab) \u5473(\u8f9b,\u82e6) \u7d93\u7d61(\u814e) \u4f5c\u7528(bacteria)", "name": 32, "myGroup": "G0", "label": "\u86c7\u5e8a\u5b50", "nodeSupportPercent": 1.83, "id": 32}}, {"data": {"popup": "  \u6c23(\u5bd2) \u5473(\u8f9b) \u7d93\u7d61(\u80ba)", "name": 33, "myGroup": "G5", "label": "\u9b5a\u8165\u8349", "nodeSupportPercent": 2.28, "id": 33}}, {"data": {"popup": "  \u6c23(\u5bd2) \u5473(\u82e6) \u7d93\u7d61(\u813e,\u80c3) \u4f5c\u7528(allergy,inflammation)", "name": 34, "myGroup": "G0", "label": "\u767d\u9bae\u76ae", "nodeSupportPercent": 10.805, "id": 34}}, {"data": {"popup": "  \u6c23(\u5bd2) \u5473(\u82e6) \u7d93\u7d61(\u809d,\u5fc3,\u5927\u8178,\u80c3,\u8180\u80f1) \u4f5c\u7528(bacteria,infection,inflammation)", "name": 35, "myGroup": "G0", "label": "\u82e6\u53c3", "nodeSupportPercent": 2.56, "id": 35}}, {"data": {"popup": "  \u6c23(\u5bd2) \u5473(\u7518) \u7d93\u7d61(\u813e,\u80ba,\u80c3) \u4f5c\u7528(oxidation)", "name": 36, "myGroup": "G8", "label": "\u858f\u82e1\u4ec1", "nodeSupportPercent": 13.006, "id": 36}}, {"data": {"popup": "  \u6c23(\u6eab) \u5473(\u8f9b,\u82e6) \u7d93\u7d61(\u813e,\u80c3) \u4f5c\u7528(allergy,inflammation,oxidation)", "name": 37, "myGroup": "G8", "label": "\u84bc\u672e", "nodeSupportPercent": 2.49, "id": 37}}, {"data": {"popup": " ", "name": 38, "myGroup": "G5", "label": "\u4ed9\u65b9\u6d3b\u547d\u98f2", "nodeSupportPercent": 12.876, "id": 38}}, {"data": {"popup": " ", "name": 39, "myGroup": "G5", "label": "\u6563\u816b\u6f70\u5805\u6e6f", "nodeSupportPercent": 3.28, "id": 39}}, {"data": {"popup": "  \u6c23(\u5bd2) \u5473(\u8f9b,\u82e6) \u7d93\u7d61(\u809d,\u5fc3)", "name": 40, "myGroup": "G5", "label": "\u7d2b\u82b1\u5730\u4e01", "nodeSupportPercent": 2.74, "id": 40}}, {"data": {"popup": "  \u6c23(\u6eab) \u5473(\u8f9b)", "name": 41, "myGroup": "G1", "label": "\u7682\u523a", "nodeSupportPercent": 2.91, "id": 41}}, {"data": {"popup": "  \u6c23(\u5bd2) \u5473(\u82e6) \u7d93\u7d61(\u809d,\u5fc3,\u5927\u8178,\u80c3)", "name": 42, "myGroup": "G6", "label": "\u9ec3\u9023", "nodeSupportPercent": 3.16, "id": 42}}, {"data": {"popup": " ", "name": 43, "myGroup": "G0", "label": "\u84ba\u85dc", "nodeSupportPercent": 3.38, "id": 43}}, {"data": {"popup": "  \u6c23(\u5bd2) \u5473(\u82e6) \u7d93\u7d61(\u5fc3,\u80ba,\u80c3,\u4e09\u7126)", "name": 44, "myGroup": "G1", "label": "\u6894\u5b50", "nodeSupportPercent": 3.04, "id": 44}}, {"data": {"popup": "  \u6c23(\u6eab) \u5473(\u8f9b) \u7d93\u7d61(\u809d,\u80ba)", "name": 45, "myGroup": "G1", "label": "\u834a\u82a5", "nodeSupportPercent": 4.5263, "id": 45}}, {"data": {"popup": "  \u6c23(\u6eab) \u5473(\u8f9b,\u7518) \u7d93\u7d61(\u809d,\u813e,\u8180\u80f1) \u4f5c\u7528(allergy,bacteria,inflammation,oxidation)", "name": 46, "myGroup": "G1", "label": "\u9632\u98a8", "nodeSupportPercent": 2.83, "id": 46}}, {"data": {"popup": " ", "name": 47, "myGroup": "G0", "label": "\u7576\u6b78\u98f2\u5b50", "nodeSupportPercent": 4.46, "id": 47}}, {"data": {"popup": "  \u6c23(\u5bd2) \u5473(\u7518,\u82e6,\u9e79) \u7d93\u7d61(\u80ba,\u814e,\u80c3) \u4f5c\u7528(inflammation)", "name": 48, "myGroup": "G1", "label": "\u7384\u53c3", "nodeSupportPercent": 3.44, "id": 48}}, {"data": {"popup": "  \u6c23(\u5e73) \u5473(\u7518) \u7d93\u7d61(\u5fc3,\u813e,\u80ba,\u80c3) \u4f5c\u7528(allergy,bacteria,inflammation)", "name": 49, "myGroup": "G6", "label": "\u7518\u8349", "nodeSupportPercent": 10.288, "id": 49}}, {"data": {"popup": "  \u6c23(\u5bd2) \u5473(\u7518,\u82e6) \u7d93\u7d61(\u80ba,\u80c3) \u4f5c\u7528(allergy,bacteria,inflammation)", "name": 50, "myGroup": "G6", "label": "\u5929\u82b1\u7c89", "nodeSupportPercent": 4.08, "id": 50}}, {"data": {"popup": " ", "name": 51, "myGroup": "G0", "label": "\u6eab\u6e05\u98f2", "nodeSupportPercent": 5.25, "id": 51}}, {"data": {"popup": "  \u6c23(\u5bd2) \u5473(\u8f9b,\u82e6) \u7d93\u7d61(\u809d,\u5fc3,\u814e) \u4f5c\u7528(allergy,bacteria,infection,inflammation,oxidation)", "name": 52, "myGroup": "G9", "label": "\u7261\u4e39\u76ae", "nodeSupportPercent": 8.7568, "id": 52}}, {"data": {"popup": "  \u6c23(\u5bd2) \u5473(\u7518,\u82e6) \u7d93\u7d61(\u809d,\u5fc3,\u814e) \u4f5c\u7528(allergy,bacteria,infection,inflammation,oxidation)", "name": 53, "myGroup": "G9", "label": "\u751f\u5730\u9ec3", "nodeSupportPercent": 4.13, "id": 53}}, {"data": {"popup": "  \u6c23(\u5bd2) \u5473(\u82e6) \u7d93\u7d61(\u809d)", "name": 54, "myGroup": "G9", "label": "\u8d64\u828d", "nodeSupportPercent": 4.62, "id": 54}}, {"data": {"popup": "  \u6c23(\u5bd2) \u5473(\u7518) \u7d93\u7d61(\u80ba,\u5927\u8178,\u80c3) \u4f5c\u7528(allergy,bacteria,infection,oxidation)", "name": 55, "myGroup": "G1", "label": "\u91d1\u9280\u82b1", "nodeSupportPercent": 11.2, "id": 55}}], "edges": [{"data": {"source": 0, "Lift": 1.8379, "is_directed": false, "target": 32, "name": "0-32"}}, {"data": {"source": 0, "Lift": 1.4768, "is_directed": false, "target": 1, "name": "0-1"}}, {"data": {"source": 0, "Lift": 1.3035, "is_directed": false, "target": 2, "name": "0-2"}}, {"data": {"source": 0, "Lift": 1.6827, "is_directed": false, "target": 35, "name": "0-35"}}, {"data": {"source": 0, "Lift": 1.5398, "is_directed": false, "target": 10, "name": "0-10"}}, {"data": {"source": 0, "Lift": 1.4685, "is_directed": false, "target": 43, "name": "0-43"}}, {"data": {"source": 0, "Lift": 1.8834, "is_directed": false, "target": 34, "name": "0-34"}}, {"data": {"source": 0, "Lift": 1.5239, "is_directed": false, "target": 47, "name": "0-47"}}, {"data": {"source": 0, "Lift": 1.5502, "is_directed": false, "target": 16, "name": "0-16"}}, {"data": {"source": 0, "Lift": 1.2896, "is_directed": false, "target": 51, "name": "0-51"}}, {"data": {"source": 0, "Lift": 1.8042, "is_directed": false, "target": 31, "name": "0-31"}}, {"data": {"source": 3, "Lift": 2.0503, "is_directed": false, "target": 4, "name": "3-4"}}, {"data": {"source": 3, "Lift": 1.9071, "is_directed": false, "target": 41, "name": "3-41"}}, {"data": {"source": 3, "Lift": 2.1472, "is_directed": false, "target": 44, "name": "3-44"}}, {"data": {"source": 3, "Lift": 1.7811, "is_directed": false, "target": 45, "name": "3-45"}}, {"data": {"source": 3, "Lift": 1.7864, "is_directed": false, "target": 48, "name": "3-48"}}, {"data": {"source": 3, "Lift": 2.571, "is_directed": false, "target": 55, "name": "3-55"}}, {"data": {"source": 3, "Lift": 1.8068, "is_directed": false, "target": 24, "name": "3-24"}}, {"data": {"source": 3, "Lift": 2.3857, "is_directed": false, "target": 26, "name": "3-26"}}, {"data": {"source": 3, "Lift": 2.2915, "is_directed": false, "target": 29, "name": "3-29"}}, {"data": {"source": 3, "Lift": 1.8982, "is_directed": false, "target": 30, "name": "3-30"}}, {"data": {"source": 5, "Lift": 3.4205, "is_directed": false, "target": 6, "name": "5-6"}}, {"data": {"source": 7, "Lift": 11.149, "is_directed": false, "target": 8, "name": "7-8"}}, {"data": {"source": 7, "Lift": 4.3766, "is_directed": false, "target": 10, "name": "7-10"}}, {"data": {"source": 8, "Lift": 5.0865, "is_directed": false, "target": 9, "name": "8-9"}}, {"data": {"source": 8, "Lift": 6.2786, "is_directed": false, "target": 10, "name": "8-10"}}, {"data": {"source": 11, "Lift": 63.994, "is_directed": false, "target": 12, "name": "11-12"}}, {"data": {"source": 13, "Lift": 2.8579, "is_directed": false, "target": 24, "name": "13-24"}}, {"data": {"source": 13, "Lift": 18.652, "is_directed": false, "target": 14, "name": "13-14"}}, {"data": {"source": 14, "Lift": 1.9859, "is_directed": false, "target": 15, "name": "14-15"}}, {"data": {"source": 15, "Lift": 2.2783, "is_directed": false, "target": 33, "name": "15-33"}}, {"data": {"source": 17, "Lift": 3.0493, "is_directed": false, "target": 49, "name": "17-49"}}, {"data": {"source": 17, "Lift": 8.6802, "is_directed": false, "target": 18, "name": "17-18"}}, {"data": {"source": 17, "Lift": 4.0738, "is_directed": false, "target": 19, "name": "17-19"}}, {"data": {"source": 17, "Lift": 5.773, "is_directed": false, "target": 20, "name": "17-20"}}, {"data": {"source": 17, "Lift": 5.1726, "is_directed": false, "target": 21, "name": "17-21"}}, {"data": {"source": 17, "Lift": 12.319, "is_directed": false, "target": 28, "name": "17-28"}}, {"data": {"source": 18, "Lift": 4.9461, "is_directed": false, "target": 19, "name": "18-19"}}, {"data": {"source": 18, "Lift": 4.2619, "is_directed": false, "target": 20, "name": "18-20"}}, {"data": {"source": 18, "Lift": 4.2256, "is_directed": false, "target": 21, "name": "18-21"}}, {"data": {"source": 19, "Lift": 4.4256, "is_directed": false, "target": 50, "name": "19-50"}}, {"data": {"source": 19, "Lift": 5.0799, "is_directed": false, "target": 28, "name": "19-28"}}, {"data": {"source": 19, "Lift": 4.4462, "is_directed": false, "target": 42, "name": "19-42"}}, {"data": {"source": 20, "Lift": 3.6675, "is_directed": false, "target": 50, "name": "20-50"}}, {"data": {"source": 20, "Lift": 5.3047, "is_directed": false, "target": 28, "name": "20-28"}}, {"data": {"source": 21, "Lift": 4.8996, "is_directed": false, "target": 28, "name": "21-28"}}, {"data": {"source": 22, "Lift": 28.542, "is_directed": false, "target": 23, "name": "22-23"}}, {"data": {"source": 24, "Lift": 4.7144, "is_directed": false, "target": 40, "name": "24-40"}}, {"data": {"source": 24, "Lift": 2.5614, "is_directed": false, "target": 25, "name": "24-25"}}, {"data": {"source": 24, "Lift": 2.5576, "is_directed": false, "target": 27, "name": "24-27"}}, {"data": {"source": 26, "Lift": 8.3858, "is_directed": false, "target": 27, "name": "26-27"}}, {"data": {"source": 31, "Lift": 4.5975, "is_directed": false, "target": 32, "name": "31-32"}}, {"data": {"source": 31, "Lift": 3.9385, "is_directed": false, "target": 34, "name": "31-34"}}, {"data": {"source": 34, "Lift": 3.7829, "is_directed": false, "target": 35, "name": "34-35"}}, {"data": {"source": 36, "Lift": 2.6383, "is_directed": false, "target": 37, "name": "36-37"}}, {"data": {"source": 38, "Lift": 2.7172, "is_directed": false, "target": 40, "name": "38-40"}}, {"data": {"source": 38, "Lift": 2.4323, "is_directed": false, "target": 39, "name": "38-39"}}, {"data": {"source": 45, "Lift": 10.562, "is_directed": false, "target": 46, "name": "45-46"}}, {"data": {"source": 52, "Lift": 4.3199, "is_directed": false, "target": 53, "name": "52-53"}}, {"data": {"source": 52, "Lift": 4.1334, "is_directed": false, "target": 54, "name": "52-54"}}]}, "data": {"description": "<h1>\u6fd5\u75b9\u4e2d\u91ab\u6cbb\u7642\u5716\u8b5c</h1><h2>ECZEMA_(Support=0.75%, Confidence=30.0%)</h2>", "name": "ECZEMA_(Support=0.75%, Confidence=30.0%)", "tags": ["ECZEMA", "\u6fd5\u75b9\u4e2d\u91ab\u6cbb\u7642\u5716\u8b5c"]}}