{"elements": {"nodes": [{"data": {"popup": " ", "name": 0, "myGroup": "G0", "label": "\u9ce5\u4e0d\u5bbf", "nodeSupportPercent": 0.18073, "id": 0}}, {"data": {"popup": " ", "name": 1, "myGroup": "G0", "label": "\u84bc\u8033\u6563", "nodeSupportPercent": 0.777, "id": 1}}, {"data": {"popup": " ", "name": 2, "myGroup": "G1", "label": "\u4e94\u6dcb\u6563", "nodeSupportPercent": 0.23771, "id": 2}}, {"data": {"popup": " ", "name": 3, "myGroup": "G1", "label": "\u516b\u6b63\u6563", "nodeSupportPercent": 0.529, "id": 3}}, {"data": {"popup": "  \u4f5c\u7528(allergy,oxidation)", "name": 4, "myGroup": "G0", "label": "\u6d88\u98a8\u6563", "nodeSupportPercent": 23.577, "id": 4}}, {"data": {"popup": "  \u4f5c\u7528(allergy)", "name": 5, "myGroup": "G0", "label": "\u8f9b\u5937\u6563", "nodeSupportPercent": 0.533, "id": 5}}, {"data": {"popup": " ", "name": 6, "myGroup": "G2", "label": "\u845b\u6839\u9ec3\u82a9\u9ec3\u9023\u6e6f", "nodeSupportPercent": 1.2369, "id": 6}}, {"data": {"popup": "  \u6c23(\u5bd2) \u5473(\u7518,\u82e6) \u7d93\u7d61(\u809d,\u5927\u8178) \u4f5c\u7528(allergy)", "name": 7, "myGroup": "G2", "label": "\u6c7a\u660e\u5b50", "nodeSupportPercent": 0.535, "id": 7}}, {"data": {"popup": " ", "name": 8, "myGroup": "G2", "label": "\u5927\u67f4\u80e1\u6e6f", "nodeSupportPercent": 1.4701, "id": 8}}, {"data": {"popup": "  \u6c23(\u5e73) \u5473(\u82e6) \u7d93\u7d61(\u809d,\u5fc3,\u813e) \u4f5c\u7528(bacteria,inflammation,oxidation)", "name": 9, "myGroup": "G3", "label": "\u6c92\u85e5", "nodeSupportPercent": 0.41649, "id": 9}}, {"data": {"popup": "  \u6c23(\u6eab) \u5473(\u8f9b,\u82e6) \u7d93\u7d61(\u809d,\u5fc3,\u813e)", "name": 10, "myGroup": "G3", "label": "\u4e73\u9999", "nodeSupportPercent": 0.573, "id": 10}}, {"data": {"popup": " ", "name": 11, "myGroup": "G0", "label": "\u7518\u9ea5\u5927\u68d7\u6e6f", "nodeSupportPercent": 0.542, "id": 11}}, {"data": {"popup": " ", "name": 12, "myGroup": "G0", "label": "\u4eba\u53c3\u6557\u6bd2\u6563", "nodeSupportPercent": 0.765, "id": 12}}, {"data": {"popup": "  \u4f5c\u7528(allergy,bacteria,infection,inflammation)", "name": 13, "myGroup": "G0", "label": "\u5c0f\u9752\u9f8d\u6e6f", "nodeSupportPercent": 0.646, "id": 13}}, {"data": {"popup": " ", "name": 14, "myGroup": "G0", "label": "\u6e05\u5fc3\u84ee\u5b50\u98f2", "nodeSupportPercent": 0.566, "id": 14}}, {"data": {"popup": " ", "name": 15, "myGroup": "G4", "label": "\u9023\u7ff9\u6557\u6bd2\u6563", "nodeSupportPercent": 0.6528, "id": 15}}, {"data": {"popup": " ", "name": 16, "myGroup": "G4", "label": "\u9ec3\u6c34\u8304", "nodeSupportPercent": 0.525, "id": 16}}, {"data": {"popup": "  \u6c23(\u6eab) \u5473(\u9e79) \u7d93\u7d61(\u809d,\u814e)", "name": 17, "myGroup": "G4", "label": "\u6d77\u87b5\u86f8", "nodeSupportPercent": 0.98716, "id": 17}}, {"data": {"popup": " ", "name": 18, "myGroup": "G4", "label": "\u91d1\u87ec", "nodeSupportPercent": 2.007, "id": 18}}, {"data": {"popup": "  \u6c23(\u5bd2) \u5473(\u8f9b) \u7d93\u7d61(\u80ba)", "name": 19, "myGroup": "G4", "label": "\u9b5a\u8165\u8349", "nodeSupportPercent": 2.2766, "id": 19}}, {"data": {"popup": " ", "name": 20, "myGroup": "G5", "label": "\u67f4\u80e1\u6e05\u809d\u6e6f", "nodeSupportPercent": 3.7917, "id": 20}}, {"data": {"popup": "  \u6c23(\u5bd2) \u5473(\u82e6) \u7d93\u7d61(\u8180\u80f1) \u4f5c\u7528(allergy)", "name": 21, "myGroup": "G0", "label": "\u5730\u819a\u5b50", "nodeSupportPercent": 8.628, "id": 21}}, {"data": {"popup": " ", "name": 22, "myGroup": "G4", "label": "\u6e05\u4e0a\u9632\u98a8\u6e6f", "nodeSupportPercent": 15.311, "id": 22}}, {"data": {"popup": "  \u6c23(\u5bd2) \u5473(\u7518,\u82e6) \u7d93\u7d61(\u809d,\u80c3)", "name": 23, "myGroup": "G4", "label": "\u84b2\u516c\u82f1", "nodeSupportPercent": 12.522, "id": 23}}, {"data": {"popup": "  \u6c23(\u6eab) \u5473(\u7518,\u82e6) \u7d93\u7d61(\u809d)", "name": 24, "myGroup": "G6", "label": "\u4e94\u9748\u8102", "nodeSupportPercent": 0.36593, "id": 24}}, {"data": {"popup": "  \u6c23(\u5e73) \u5473(\u7518)", "name": 25, "myGroup": "G6", "label": "\u5408\u6b61\u76ae", "nodeSupportPercent": 0.546, "id": 25}}, {"data": {"popup": " ", "name": 26, "myGroup": "G0", "label": "\u67f4\u845b\u89e3\u808c\u6e6f", "nodeSupportPercent": 0.731, "id": 26}}, {"data": {"popup": " ", "name": 27, "myGroup": "G0", "label": "\u6b78\u813e\u6e6f", "nodeSupportPercent": 0.662, "id": 27}}, {"data": {"popup": "  \u6c23(\u6eab) \u5473(\u8f9b,\u7518) \u7d93\u7d61(\u809d,\u5fc3,\u813e) \u4f5c\u7528(allergy)", "name": 28, "myGroup": "G7", "label": "\u7576\u6b78", "nodeSupportPercent": 2.3162, "id": 28}}, {"data": {"popup": " ", "name": 29, "myGroup": "G7", "label": "\u6392\u81bf\u6563", "nodeSupportPercent": 0.669, "id": 29}}, {"data": {"popup": " ", "name": 30, "myGroup": "G4", "label": "\u4ed9\u65b9\u6d3b\u547d\u98f2", "nodeSupportPercent": 12.876, "id": 30}}, {"data": {"popup": "  \u6c23(\u6eab) \u5473(\u8f9b,\u7518,\u82e6) \u7d93\u7d61(\u809d,\u814e)", "name": 31, "myGroup": "G8", "label": "\u7e8c\u65b7", "nodeSupportPercent": 0.58353, "id": 31}}, {"data": {"popup": "  \u6c23(\u6eab) \u5473(\u7518) \u7d93\u7d61(\u809d,\u814e) \u4f5c\u7528(bacteria,infection,oxidation)", "name": 32, "myGroup": "G8", "label": "\u675c\u4ef2", "nodeSupportPercent": 0.548, "id": 32}}, {"data": {"popup": " ", "name": 33, "myGroup": "G0", "label": "\u53c3\u82d3\u767d\u672e\u6563", "nodeSupportPercent": 0.722, "id": 33}}, {"data": {"popup": "  \u6c23(\u6eab) \u5473(\u8f9b,\u7518) \u7d93\u7d61(\u809d,\u813e,\u8180\u80f1) \u4f5c\u7528(allergy,bacteria,inflammation,oxidation)", "name": 34, "myGroup": "G9", "label": "\u9632\u98a8", "nodeSupportPercent": 2.8327, "id": 34}}, {"data": {"popup": "  \u4f5c\u7528(inflammation)", "name": 35, "myGroup": "G9", "label": "\u771f\u6b66\u6e6f", "nodeSupportPercent": 0.608, "id": 35}}, {"data": {"popup": "  \u6c23(\u5bd2) \u5473(\u82e6) \u7d93\u7d61(\u5fc3,\u80ba,\u5c0f\u8178) \u4f5c\u7528(infection)", "name": 36, "myGroup": "G9", "label": "\u9023\u7ff9", "nodeSupportPercent": 17.175, "id": 36}}, {"data": {"popup": "  \u6c23(\u6dbc) \u5473(\u8f9b,\u7518) \u7d93\u7d61(\u813e,\u80c3) \u4f5c\u7528(infection)", "name": 37, "myGroup": "G9", "label": "\u845b\u6839", "nodeSupportPercent": 1.3369, "id": 37}}, {"data": {"popup": "  \u6c23(\u5bd2) \u5473(\u8f9b,\u7518,\u82e6) \u7d93\u7d61(\u813e,\u80ba,\u5927\u8178,\u80c3) \u4f5c\u7528(bacteria,infection,inflammation)", "name": 38, "myGroup": "G9", "label": "\u5347\u9ebb", "nodeSupportPercent": 0.595, "id": 38}}, {"data": {"popup": "  \u6c23(\u5bd2) \u5473(\u7518) \u7d93\u7d61(\u813e,\u80ba,\u80c3) \u4f5c\u7528(oxidation)", "name": 39, "myGroup": "G10", "label": "\u858f\u82e1\u4ec1", "nodeSupportPercent": 13.006, "id": 39}}, {"data": {"popup": "  \u6c23(\u5bd2) \u5473(\u7518) \u7d93\u7d61(\u5fc3,\u5c0f\u8178,\u80c3)", "name": 40, "myGroup": "G10", "label": "\u6de1\u7af9\u8449", "nodeSupportPercent": 0.547, "id": 40}}, {"data": {"popup": "  \u4f5c\u7528(bacteria,infection)", "name": 41, "myGroup": "G9", "label": "\u67b3\u6bbc", "nodeSupportPercent": 1.0469, "id": 41}}, {"data": {"popup": "  \u4f5c\u7528(allergy,inflammation)", "name": 42, "myGroup": "G9", "label": "\u4e00\u8cab\u714e", "nodeSupportPercent": 0.621, "id": 42}}, {"data": {"popup": "  \u6c23(\u5bd2) \u5473(\u7518,\u82e6) \u7d93\u7d61(\u80ba,\u80c3) \u4f5c\u7528(allergy,bacteria,inflammation)", "name": 43, "myGroup": "G11", "label": "\u5929\u82b1\u7c89", "nodeSupportPercent": 4.0785, "id": 43}}, {"data": {"popup": " ", "name": 44, "myGroup": "G0", "label": "\u834a\u9632\u6557\u6bd2\u6563", "nodeSupportPercent": 8.9579, "id": 44}}, {"data": {"popup": "  \u6c23(\u5bd2) \u5473(\u9e79) \u7d93\u7d61(\u809d,\u80ba,\u8180\u80f1) \u4f5c\u7528(allergy,bacteria)", "name": 45, "myGroup": "G0", "label": "\u5730\u9f8d", "nodeSupportPercent": 0.604, "id": 45}}, {"data": {"popup": "  \u6c23(\u5bd2) \u5473(\u7518) \u7d93\u7d61(\u809d,\u80ba) \u4f5c\u7528(allergy)", "name": 46, "myGroup": "G0", "label": "\u87ec\u86fb", "nodeSupportPercent": 7.6512, "id": 46}}, {"data": {"popup": "  \u6c23(\u5bd2) \u5473(\u82e6) \u7d93\u7d61(\u813e,\u80c3) \u4f5c\u7528(allergy,inflammation)", "name": 47, "myGroup": "G0", "label": "\u767d\u9bae\u76ae", "nodeSupportPercent": 10.805, "id": 47}}, {"data": {"popup": "  \u6c23(\u5e73) \u5473(\u8f9b,\u7518,\u82e6) \u7d93\u7d61(\u809d,\u4e09\u7126) \u4f5c\u7528(bacteria,inflammation)", "name": 48, "myGroup": "G4", "label": "\u9999\u9644", "nodeSupportPercent": 1.5922, "id": 48}}, {"data": {"popup": "  \u6c23(\u5e73) \u5473(\u7518) \u7d93\u7d61(\u809d,\u813e,\u80c3)", "name": 49, "myGroup": "G4", "label": "\u9ea5\u82bd", "nodeSupportPercent": 0.663, "id": 49}}, {"data": {"popup": "  \u4f5c\u7528(oxidation)", "name": 50, "myGroup": "G5", "label": "\u9ec3\u9023\u89e3\u6bd2\u6e6f", "nodeSupportPercent": 10.948, "id": 50}}, {"data": {"popup": " ", "name": 51, "myGroup": "G9", "label": "\u5012\u5730\u8708\u86a3", "nodeSupportPercent": 0.671, "id": 51}}, {"data": {"popup": "  \u6c23(\u5bd2) \u5473(\u82e6) \u7d93\u7d61(\u809d,\u5fc3,\u813e,\u5927\u8178,\u80c3) \u4f5c\u7528(allergy,bacteria,infection,inflammation)", "name": 52, "myGroup": "G11", "label": "\u5927\u9ec3", "nodeSupportPercent": 10.228, "id": 52}}, {"data": {"popup": "  \u6c23(\u5e73) \u5473(\u7518) \u7d93\u7d61(\u5fc3,\u813e,\u80ba,\u80c3) \u4f5c\u7528(allergy,bacteria,inflammation)", "name": 53, "myGroup": "G9", "label": "\u7518\u8349", "nodeSupportPercent": 10.288, "id": 53}}, {"data": {"popup": "  \u6c23(\u5bd2) \u5473(\u7518) \u7d93\u7d61(\u80ba,\u5927\u8178,\u80c3) \u4f5c\u7528(allergy,bacteria,infection,oxidation)", "name": 54, "myGroup": "G5", "label": "\u91d1\u9280\u82b1", "nodeSupportPercent": 11.209, "id": 54}}, {"data": {"popup": "  \u6c23(\u6eab) \u5473(\u8f9b) \u7d93\u7d61(\u80ba,\u80c3) \u4f5c\u7528(allergy,bacteria,infection)", "name": 55, "myGroup": "G0", "label": "\u8f9b\u5937", "nodeSupportPercent": 0.599, "id": 55}}, {"data": {"popup": " ", "name": 56, "myGroup": "G0", "label": "\u85ff\u9999\u6b63\u6c23\u6563", "nodeSupportPercent": 0.816, "id": 56}}, {"data": {"popup": "  \u4f5c\u7528(infection)", "name": 57, "myGroup": "G0", "label": "\u9f8d\u81bd\u7009\u809d\u6e6f", "nodeSupportPercent": 9.3328, "id": 57}}, {"data": {"popup": "  \u6c23(\u6eab) \u5473(\u8f9b,\u82e6) \u7d93\u7d61(\u5fc3,\u80ba) \u4f5c\u7528(inflammation)", "name": 58, "myGroup": "G9", "label": "\u9060\u5fd7", "nodeSupportPercent": 0.611, "id": 58}}, {"data": {"popup": "  \u6c23(\u5e73) \u5473(\u7518,\u82e6) \u7d93\u7d61(\u809d,\u5fc3)", "name": 59, "myGroup": "G0", "label": "\u591c\u4ea4\u85e4", "nodeSupportPercent": 1.243, "id": 59}}, {"data": {"popup": " ", "name": 60, "myGroup": "G0", "label": "\u832f\u795e", "nodeSupportPercent": 0.642, "id": 60}}, {"data": {"popup": " ", "name": 61, "myGroup": "G5", "label": "\u56db\u7269\u6e6f", "nodeSupportPercent": 0.862, "id": 61}}, {"data": {"popup": "  \u6c23(\u5e73) \u5473(\u7518,\u82e6) \u7d93\u7d61(\u80ba) \u4f5c\u7528(allergy,inflammation)", "name": 62, "myGroup": "G0", "label": "\u767e\u90e8", "nodeSupportPercent": 0.537, "id": 62}}, {"data": {"popup": "  \u6c23(\u71b1) \u5473(\u8f9b) \u7d93\u7d61(\u5fc3,\u813e,\u814e) \u4f5c\u7528(bacteria,infection,inflammation)", "name": 63, "myGroup": "G11", "label": "\u9644\u5b50", "nodeSupportPercent": 1.9048, "id": 63}}, {"data": {"popup": "  \u6c23(\u71b1) \u5473(\u8f9b) \u7d93\u7d61(\u5fc3,\u813e,\u80ba,\u80c3) \u4f5c\u7528(allergy)", "name": 64, "myGroup": "G11", "label": "\u4e7e\u8591", "nodeSupportPercent": 0.678, "id": 64}}, {"data": {"popup": "  \u6c23(\u5bd2) \u5473(\u82e6) \u7d93\u7d61(\u5fc3,\u80c3) \u4f5c\u7528(allergy,bacteria)", "name": 65, "myGroup": "G5", "label": "\u677f\u85cd\u6839", "nodeSupportPercent": 1.093, "id": 65}}, {"data": {"popup": "  \u6c23(\u5bd2) \u5473(\u82e6) \u7d93\u7d61(\u5fc3,\u80ba,\u80c3) \u4f5c\u7528(bacteria,infection)", "name": 66, "myGroup": "G0", "label": "\u5927\u9752\u8449", "nodeSupportPercent": 0.72, "id": 66}}, {"data": {"popup": " ", "name": 67, "myGroup": "G4", "label": "\u56db\u9006\u6563", "nodeSupportPercent": 0.821, "id": 67}}, {"data": {"popup": " ", "name": 68, "myGroup": "G11", "label": "\u7099\u7518\u8349\u6e6f", "nodeSupportPercent": 0.828, "id": 68}}, {"data": {"popup": "  \u6c23(\u5bd2) \u5473(\u7518) \u7d93\u7d61(\u80c3,\u8180\u80f1)", "name": 69, "myGroup": "G7", "label": "\u6ed1\u77f3", "nodeSupportPercent": 0.85671, "id": 69}}, {"data": {"popup": "  \u6c23(\u5e73) \u5473(\u7518,\u9178) \u7d93\u7d61(\u5fc3,\u5c0f\u8178)", "name": 70, "myGroup": "G7", "label": "\u8d64\u5c0f\u8c46", "nodeSupportPercent": 0.734, "id": 70}}, {"data": {"popup": " ", "name": 71, "myGroup": "G0", "label": "\u534a\u590f\u7009\u5fc3\u6e6f", "nodeSupportPercent": 1.8724, "id": 71}}, {"data": {"popup": " ", "name": 72, "myGroup": "G0", "label": "\u6eab\u7d93\u6e6f", "nodeSupportPercent": 0.926, "id": 72}}, {"data": {"popup": " ", "name": 73, "myGroup": "G0", "label": "\u9ebb\u5b50\u4ec1\u4e38", "nodeSupportPercent": 2.9372, "id": 73}}, {"data": {"popup": "  \u6c23(\u5e73) \u5473(\u8f9b,\u9e79) \u7d93\u7d61(\u809d,\u80ba) \u4f5c\u7528(infection,inflammation)", "name": 74, "myGroup": "G0", "label": "\u6bad\u8836", "nodeSupportPercent": 2.7986, "id": 74}}, {"data": {"popup": "  \u6c23(\u5e73) \u5473(\u7518) \u7d93\u7d61(\u5fc3,\u814e,\u5927\u8178)", "name": 75, "myGroup": "G9", "label": "\u67cf\u5b50\u4ec1", "nodeSupportPercent": 0.76, "id": 75}}, {"data": {"popup": "  \u6c23(\u6dbc) \u5473(\u7518,\u82e6) \u7d93\u7d61(\u809d,\u814e) \u4f5c\u7528(bacteria,inflammation,oxidation)", "name": 76, "myGroup": "G12", "label": "\u5973\u8c9e\u5b50", "nodeSupportPercent": 0.84498, "id": 76}}, {"data": {"popup": "  \u6c23(\u5bd2) \u5473(\u7518,\u9178) \u7d93\u7d61(\u809d,\u814e)", "name": 77, "myGroup": "G12", "label": "\u65f1\u84ee\u8349", "nodeSupportPercent": 0.754, "id": 77}}, {"data": {"popup": "  \u6c23(\u5bd2) \u5473(\u7518,\u82e6) \u7d93\u7d61(\u5c0f\u8178,\u5927\u8178,\u80c3) \u4f5c\u7528(inflammation)", "name": 78, "myGroup": "G4", "label": "\u767d\u82b1\u86c7\u820c\u8349", "nodeSupportPercent": 2.0654, "id": 78}}, {"data": {"popup": "  \u4f5c\u7528(allergy,bacteria,infection,inflammation,oxidation)", "name": 79, "myGroup": "G4", "label": "\u534a\u679d\u84ee", "nodeSupportPercent": 0.802, "id": 79}}, {"data": {"popup": "  \u6c23(\u5e73) \u5473(\u7518) \u7d93\u7d61(\u813e,\u5927\u8178)", "name": 80, "myGroup": "G4", "label": "\u706b\u9ebb\u4ec1", "nodeSupportPercent": 0.844, "id": 80}}, {"data": {"popup": " ", "name": 81, "myGroup": "G0", "label": "\u80c3\u82d3\u6e6f", "nodeSupportPercent": 1.03, "id": 81}}, {"data": {"popup": " ", "name": 82, "myGroup": "G4", "label": "\u6f64\u8178\u4e38", "nodeSupportPercent": 0.994, "id": 82}}, {"data": {"popup": "  \u6c23(\u6eab) \u5473(\u7518,\u82e6) \u7d93\u7d61(\u809d)", "name": 83, "myGroup": "G9", "label": "\u96de\u8840\u85e4", "nodeSupportPercent": 0.853, "id": 83}}, {"data": {"popup": "  \u4f5c\u7528(allergy,infection)", "name": 84, "myGroup": "G4", "label": "\u52a0\u5473\u900d\u9059\u6563", "nodeSupportPercent": 9.7191, "id": 84}}, {"data": {"popup": "  \u6c23(\u5bd2) \u5473(\u8f9b,\u82e6) \u7d93\u7d61(\u809d,\u5fc3,\u81bd) \u4f5c\u7528(inflammation)", "name": 85, "myGroup": "G4", "label": "\u9b31\u91d1", "nodeSupportPercent": 0.718, "id": 85}}, {"data": {"popup": "  \u6c23(\u6eab) \u5473(\u8f9b) \u7d93\u7d61(\u80ba,\u5927\u8178,\u80c3) \u4f5c\u7528(allergy,bacteria,infection,inflammation,oxidation)", "name": 86, "myGroup": "G11", "label": "\u767d\u82b7", "nodeSupportPercent": 8.4912, "id": 86}}, {"data": {"popup": "  \u6c23(\u5bd2) \u5473(\u7518,\u82e6) \u7d93\u7d61(\u80ba,\u814e) \u4f5c\u7528(allergy,inflammation)", "name": 87, "myGroup": "G11", "label": "\u5929\u9580\u51ac", "nodeSupportPercent": 0.907, "id": 87}}, {"data": {"popup": "  \u6c23(\u6eab) \u5473(\u8f9b) \u7d93\u7d61(\u809d,\u80ba)", "name": 88, "myGroup": "G9", "label": "\u834a\u82a5", "nodeSupportPercent": 4.5263, "id": 88}}, {"data": {"popup": "  \u6c23(\u5bd2) \u5473(\u8f9b,\u82e6) \u7d93\u7d61(\u80ba,\u80c3) \u4f5c\u7528(bacteria,infection,inflammation)", "name": 89, "myGroup": "G9", "label": "\u725b\u84a1\u5b50", "nodeSupportPercent": 0.714, "id": 89}}, {"data": {"popup": " ", "name": 90, "myGroup": "G0", "label": "\u8335\u9673\u4e94\u82d3\u6563", "nodeSupportPercent": 1.11, "id": 90}}, {"data": {"popup": " ", "name": 91, "myGroup": "G9", "label": "\u7af9\u8449\u77f3\u818f\u6e6f", "nodeSupportPercent": 1.08, "id": 91}}, {"data": {"popup": " ", "name": 92, "myGroup": "G9", "label": "\u845b\u6839\u6e6f", "nodeSupportPercent": 1.16, "id": 92}}, {"data": {"popup": "  \u4f5c\u7528(inflammation)", "name": 93, "myGroup": "G0", "label": "\u4e94\u82d3\u6563", "nodeSupportPercent": 1.22, "id": 93}}, {"data": {"popup": "  \u6c23(\u5bd2) \u5473(\u7518,\u82e6) \u7d93\u7d61(\u809d,\u80ba,\u80c3)", "name": 94, "myGroup": "G11", "label": "\u767d\u53ca", "nodeSupportPercent": 1.01, "id": 94}}, {"data": {"popup": " ", "name": 95, "myGroup": "G10", "label": "\u7576\u6b78\u62c8\u75db\u6e6f", "nodeSupportPercent": 1.35, "id": 95}}, {"data": {"popup": " ", "name": 96, "myGroup": "G11", "label": "\u7099\u7518\u8349", "nodeSupportPercent": 1.2285, "id": 96}}, {"data": {"popup": "  \u6c23(\u6eab) \u5473(\u8f9b) \u7d93\u7d61(\u80ba,\u814e) \u4f5c\u7528(inflammation)", "name": 97, "myGroup": "G11", "label": "\u7d30\u8f9b", "nodeSupportPercent": 1.0, "id": 97}}, {"data": {"popup": "  \u6c23(\u6eab) \u5473(\u8f9b) \u7d93\u7d61(\u813e,\u80c3) \u4f5c\u7528(bacteria,infection,inflammation)", "name": 98, "myGroup": "G11", "label": "\u7802\u4ec1", "nodeSupportPercent": 3.8316, "id": 98}}, {"data": {"popup": "  \u6c23(\u5bd2) \u5473(\u82e6) \u7d93\u7d61(\u809d,\u80ba,\u81bd,\u5927\u8178,\u80c3) \u4f5c\u7528(allergy,oxidation)", "name": 99, "myGroup": "G11", "label": "\u9ec3\u82a9", "nodeSupportPercent": 7.5196, "id": 99}}, {"data": {"popup": " ", "name": 100, "myGroup": "G0", "label": "\u84bc\u8033\u5b50", "nodeSupportPercent": 1.07, "id": 100}}, {"data": {"popup": "  \u6c23(\u5e73) \u5473(\u7518) \u7d93\u7d61(\u5fc3,\u813e,\u814e)", "name": 101, "myGroup": "G10", "label": "\u832f\u82d3", "nodeSupportPercent": 2.2724, "id": 101}}, {"data": {"popup": "  \u6c23(\u5bd2) \u5473(\u7518) \u7d93\u7d61(\u814e,\u8180\u80f1) \u4f5c\u7528(allergy)", "name": 102, "myGroup": "G10", "label": "\u6fa4\u7009", "nodeSupportPercent": 0.965, "id": 102}}, {"data": {"popup": "  \u6c23(\u5bd2) \u5473(\u8f9b,\u82e6) \u7d93\u7d61(\u809d,\u5fc3,\u814e) \u4f5c\u7528(allergy,bacteria,infection,inflammation,oxidation)", "name": 103, "myGroup": "G9", "label": "\u7261\u4e39\u76ae", "nodeSupportPercent": 8.7568, "id": 103}}, {"data": {"popup": "  \u6c23(\u5bd2) \u5473(\u82e6) \u7d93\u7d61(\u809d,\u81bd,\u80c3)", "name": 104, "myGroup": "G4", "label": "\u9f8d\u81bd\u8349", "nodeSupportPercent": 0.966, "id": 104}}, {"data": {"popup": "  \u6c23(\u6eab) \u5473(\u8f9b) \u7d93\u7d61(\u809d,\u5fc3) \u4f5c\u7528(bacteria,infection,inflammation)", "name": 105, "myGroup": "G9", "label": "\u7d05\u82b1", "nodeSupportPercent": 1.0891, "id": 105}}, {"data": {"popup": "  \u6c23(\u5e73) \u5473(\u82e6) \u7d93\u7d61(\u809d,\u5fc3,\u80ba,\u5927\u8178) \u4f5c\u7528(bacteria)", "name": 106, "myGroup": "G9", "label": "\u6843\u4ec1", "nodeSupportPercent": 1.01, "id": 106}}, {"data": {"popup": "  \u6c23(\u5bd2) \u5473(\u8f9b,\u82e6) \u7d93\u7d61(\u809d,\u5fc3,\u8180\u80f1) \u4f5c\u7528(inflammation)", "name": 107, "myGroup": "G4", "label": "\u76ca\u6bcd\u8349", "nodeSupportPercent": 1.14, "id": 107}}, {"data": {"popup": "  \u6c23(\u5bd2) \u5473(\u8f9b,\u82e6) \u7d93\u7d61(\u809d,\u5927\u8178,\u80c3) \u4f5c\u7528(bacteria,infection)", "name": 108, "myGroup": "G4", "label": "\u6557\u91ac\u8349", "nodeSupportPercent": 1.26, "id": 108}}, {"data": {"popup": "  \u6c23(\u5bd2) \u5473(\u82e6) \u7d93\u7d61(\u809d,\u813e,\u81bd,\u80c3) \u4f5c\u7528(infection)", "name": 109, "myGroup": "G9", "label": "\u8335\u9673\u84bf", "nodeSupportPercent": 1.1, "id": 109}}, {"data": {"popup": "  \u6c23(\u5bd2) \u5473(\u7518) \u7d93\u7d61(\u80ba) \u4f5c\u7528(allergy)", "name": 110, "myGroup": "G4", "label": "\u6851\u767d\u76ae", "nodeSupportPercent": 4.4749, "id": 110}}, {"data": {"popup": "  \u6c23(\u5e73) \u5473(\u82e6) \u7d93\u7d61(\u80ba,\u80c3) \u4f5c\u7528(inflammation)", "name": 111, "myGroup": "G4", "label": "\u6787\u6777\u8449", "nodeSupportPercent": 1.08, "id": 111}}, {"data": {"popup": " ", "name": 112, "myGroup": "G5", "label": "\u6258\u88cf\u6d88\u6bd2\u6563", "nodeSupportPercent": 1.49, "id": 112}}, {"data": {"popup": " ", "name": 113, "myGroup": "G5", "label": "\u9ec3\u9023\u4e0a\u6e05\u4e38", "nodeSupportPercent": 1.47, "id": 113}}, {"data": {"popup": "  \u6c23(\u6eab) \u5473(\u8f9b,\u82e6) \u7d93\u7d61(\u80ba,\u8180\u80f1) \u4f5c\u7528(bacteria,infection)", "name": 114, "myGroup": "G10", "label": "\u9ebb\u9ec3", "nodeSupportPercent": 1.9243, "id": 114}}, {"data": {"popup": "  \u6c23(\u6eab) \u5473(\u82e6) \u7d93\u7d61(\u80ba,\u5927\u8178) \u4f5c\u7528(inflammation)", "name": 115, "myGroup": "G10", "label": "\u674f\u4ec1", "nodeSupportPercent": 1.14, "id": 115}}, {"data": {"popup": "  \u6c23(\u5bd2) \u5473(\u8f9b,\u82e6) \u7d93\u7d61(\u809d,\u81bd) \u4f5c\u7528(bacteria)", "name": 116, "myGroup": "G9", "label": "\u590f\u67af\u8349", "nodeSupportPercent": 1.38, "id": 116}}, {"data": {"popup": "  \u4f5c\u7528(allergy)", "name": 117, "myGroup": "G9", "label": "\u8840\u5e9c\u9010\u7600\u6e6f", "nodeSupportPercent": 1.71, "id": 117}}, {"data": {"popup": " ", "name": 118, "myGroup": "G4", "label": "\u6dbc\u8188\u6563", "nodeSupportPercent": 1.78, "id": 118}}, {"data": {"popup": "  \u6c23(\u6eab) \u5473(\u8f9b,\u82e6) \u7d93\u7d61(\u813e,\u80ba,\u5927\u8178,\u80c3) \u4f5c\u7528(bacteria,inflammation)", "name": 119, "myGroup": "G11", "label": "\u539a\u6734", "nodeSupportPercent": 1.5992, "id": 119}}, {"data": {"popup": "  \u6c23(\u5bd2) \u5473(\u8f9b,\u82e6) \u7d93\u7d61(\u813e,\u5927\u8178,\u80c3) \u4f5c\u7528(bacteria,infection,oxidation)", "name": 120, "myGroup": "G11", "label": "\u67b3\u5be6", "nodeSupportPercent": 1.51, "id": 120}}, {"data": {"popup": "  \u6c23(\u5bd2) \u5473(\u8f9b,\u82e6) \u7d93\u7d61(\u809d,\u5fc3)", "name": 121, "myGroup": "G4", "label": "\u7d2b\u82b1\u5730\u4e01", "nodeSupportPercent": 2.7369, "id": 121}}, {"data": {"popup": " ", "name": 122, "myGroup": "G4", "label": "\u7d2b\u8349\u6839", "nodeSupportPercent": 1.52, "id": 122}}, {"data": {"popup": " ", "name": 123, "myGroup": "G9", "label": "\u7389\u5973\u714e", "nodeSupportPercent": 1.91, "id": 123}}, {"data": {"popup": "  \u6c23(\u6dbc) \u5473(\u8f9b) \u7d93\u7d61(\u809d,\u80ba)", "name": 124, "myGroup": "G9", "label": "\u8584\u8377", "nodeSupportPercent": 1.42, "id": 124}}, {"data": {"popup": "  \u6c23(\u6eab) \u5473(\u8f9b) \u7d93\u7d61(\u809d,\u5fc3,\u81bd,\u5fc3\u5305) \u4f5c\u7528(allergy,bacteria,inflammation,oxidation)", "name": 125, "myGroup": "G9", "label": "\u5ddd\u828e", "nodeSupportPercent": 1.32, "id": 125}}, {"data": {"popup": "  \u6c23(\u5bd2) \u5473(\u8f9b,\u82e6) \u7d93\u7d61(\u809d,\u5fc3,\u81bd,\u5fc3\u5305,\u4e09\u7126) \u4f5c\u7528(allergy,bacteria,infection,inflammation)", "name": 126, "myGroup": "G0", "label": "\u67f4\u80e1", "nodeSupportPercent": 1.47, "id": 126}}, {"data": {"popup": "  \u6c23(\u6eab) \u5473(\u8f9b,\u82e6) \u7d93\u7d61(\u813e,\u80c3) \u4f5c\u7528(allergy,inflammation,oxidation)", "name": 127, "myGroup": "G10", "label": "\u84bc\u672e", "nodeSupportPercent": 2.4911, "id": 127}}, {"data": {"popup": "  \u6c23(\u5e73) \u5473(\u9178,\u82e6) \u7d93\u7d61(\u809d,\u814e) \u4f5c\u7528(allergy,inflammation)", "name": 128, "myGroup": "G10", "label": "\u725b\u819d", "nodeSupportPercent": 1.62, "id": 128}}, {"data": {"popup": "  \u6c23(\u5bd2) \u5473(\u82e6) \u7d93\u7d61(\u814e,\u5927\u8178,\u8180\u80f1) \u4f5c\u7528(oxidation)", "name": 129, "myGroup": "G10", "label": "\u9ec3\u67cf", "nodeSupportPercent": 2.9701, "id": 129}}, {"data": {"popup": "  \u6c23(\u5bd2) \u5473(\u9178,\u82e6) \u7d93\u7d61(\u809d,\u813e) \u4f5c\u7528(bacteria,infection,inflammation,oxidation)", "name": 130, "myGroup": "G9", "label": "\u767d\u828d", "nodeSupportPercent": 1.51, "id": 130}}, {"data": {"popup": "  \u6c23(\u5bd2) \u5473(\u7518,\u82e6) \u7d93\u7d61(\u80ba,\u814e,\u80c3) \u4f5c\u7528(bacteria,infection,inflammation)", "name": 131, "myGroup": "G10", "label": "\u77e5\u6bcd", "nodeSupportPercent": 1.65, "id": 131}}, {"data": {"popup": "  \u6c23(\u5bd2) \u5473(\u7518,\u82e6) \u7d93\u7d61(\u809d,\u5fc3,\u814e) \u4f5c\u7528(allergy,bacteria,infection,inflammation,oxidation)", "name": 132, "myGroup": "G9", "label": "\u751f\u5730\u9ec3", "nodeSupportPercent": 4.1322, "id": 132}}, {"data": {"popup": "  \u6c23(\u5bd2) \u5473(\u7518,\u82e6) \u7d93\u7d61(\u5fc3,\u80ba,\u80c3) \u4f5c\u7528(allergy,infection,inflammation,oxidation)", "name": 133, "myGroup": "G9", "label": "\u9ea5\u9580\u51ac", "nodeSupportPercent": 1.74, "id": 133}}, {"data": {"popup": "  \u6c23(\u5e73) \u5473(\u7518) \u7d93\u7d61(\u809d,\u80c3) \u4f5c\u7528(allergy,inflammation)", "name": 134, "myGroup": "G0", "label": "\u571f\u832f\u82d3", "nodeSupportPercent": 8.4384, "id": 134}}, {"data": {"popup": "  \u6c23(\u6eab) \u5473(\u8f9b,\u82e6) \u7d93\u7d61(\u814e) \u4f5c\u7528(bacteria)", "name": 135, "myGroup": "G0", "label": "\u86c7\u5e8a\u5b50", "nodeSupportPercent": 1.83, "id": 135}}, {"data": {"popup": "  \u4f5c\u7528(allergy,bacteria,infection,inflammation)", "name": 136, "myGroup": "G9", "label": "\u5c0f\u67f4\u80e1\u6e6f", "nodeSupportPercent": 2.4, "id": 136}}, {"data": {"popup": "  \u6c23(\u6eab) \u5473(\u7518,\u82e6) \u7d93\u7d61(\u813e,\u80c3) \u4f5c\u7528(allergy,bacteria,inflammation,oxidation)", "name": 137, "myGroup": "G10", "label": "\u767d\u672e", "nodeSupportPercent": 1.86, "id": 137}}, {"data": {"popup": "  \u6c23(\u5bd2) \u5473(\u7518) \u7d93\u7d61(\u80ba,\u814e) \u4f5c\u7528(inflammation)", "name": 138, "myGroup": "G0", "label": "\u5730\u9aa8\u76ae", "nodeSupportPercent": 1.91, "id": 138}}, {"data": {"popup": "  \u6c23(\u5e73) \u5473(\u8f9b,\u82e6) \u7d93\u7d61(\u80ba) \u4f5c\u7528(inflammation)", "name": 139, "myGroup": "G9", "label": "\u6854\u6897", "nodeSupportPercent": 1.87, "id": 139}}, {"data": {"popup": "  \u6c23(\u5bd2) \u5473(\u7518) \u7d93\u7d61(\u809d,\u5fc3)", "name": 140, "myGroup": "G0", "label": "\u7d2b\u8349", "nodeSupportPercent": 2.16, "id": 140}}, {"data": {"popup": "  \u6c23(\u5bd2) \u5473(\u82e6) \u4f5c\u7528(bacteria)", "name": 141, "myGroup": "G9", "label": "\u8c9d\u6bcd", "nodeSupportPercent": 2.26, "id": 141}}, {"data": {"popup": "  \u6c23(\u5bd2) \u5473(\u8f9b,\u7518) \u7d93\u7d61(\u80ba,\u80c3) \u4f5c\u7528(infection)", "name": 142, "myGroup": "G9", "label": "\u77f3\u818f", "nodeSupportPercent": 2.49, "id": 142}}, {"data": {"popup": "  \u6c23(\u5bd2) \u5473(\u82e6) \u7d93\u7d61(\u809d,\u5fc3,\u5927\u8178,\u80c3,\u8180\u80f1) \u4f5c\u7528(bacteria,infection,inflammation)", "name": 143, "myGroup": "G0", "label": "\u82e6\u53c3", "nodeSupportPercent": 2.56, "id": 143}}, {"data": {"popup": " ", "name": 144, "myGroup": "G4", "label": "\u6563\u816b\u6f70\u5805\u6e6f", "nodeSupportPercent": 3.28, "id": 144}}, {"data": {"popup": "  \u4f5c\u7528(allergy)", "name": 145, "myGroup": "G9", "label": "\u7518\u9732\u98f2", "nodeSupportPercent": 3.03, "id": 145}}, {"data": {"popup": "  \u6c23(\u6eab) \u5473(\u7518) \u7d93\u7d61(\u813e,\u80ba) \u4f5c\u7528(inflammation,oxidation)", "name": 146, "myGroup": "G7", "label": "\u9ec3\u8006", "nodeSupportPercent": 2.8495, "id": 146}}, {"data": {"popup": "  \u6c23(\u6eab) \u5473(\u8f9b)", "name": 147, "myGroup": "G4", "label": "\u7682\u523a", "nodeSupportPercent": 2.91, "id": 147}}, {"data": {"popup": "  \u6c23(\u5bd2) \u5473(\u82e6) \u7d93\u7d61(\u809d,\u5fc3,\u5927\u8178,\u80c3)", "name": 148, "myGroup": "G11", "label": "\u9ec3\u9023", "nodeSupportPercent": 3.16, "id": 148}}, {"data": {"popup": " ", "name": 149, "myGroup": "G0", "label": "\u84ba\u85dc", "nodeSupportPercent": 3.38, "id": 149}}, {"data": {"popup": "  \u6c23(\u5bd2) \u5473(\u82e6) \u7d93\u7d61(\u5fc3,\u80ba,\u80c3,\u4e09\u7126)", "name": 150, "myGroup": "G9", "label": "\u6894\u5b50", "nodeSupportPercent": 3.04, "id": 150}}, {"data": {"popup": " ", "name": 151, "myGroup": "G0", "label": "\u7576\u6b78\u98f2\u5b50", "nodeSupportPercent": 4.46, "id": 151}}, {"data": {"popup": "  \u6c23(\u5bd2) \u5473(\u7518,\u82e6,\u9e79) \u7d93\u7d61(\u80ba,\u814e,\u80c3) \u4f5c\u7528(inflammation)", "name": 152, "myGroup": "G9", "label": "\u7384\u53c3", "nodeSupportPercent": 3.44, "id": 152}}, {"data": {"popup": "  \u6c23(\u5bd2) \u5473(\u82e6) \u7d93\u7d61(\u809d,\u5fc3,\u5fc3\u5305) \u4f5c\u7528(allergy,bacteria,infection,inflammation,oxidation)", "name": 153, "myGroup": "G9", "label": "\u4e39\u53c3", "nodeSupportPercent": 3.97, "id": 153}}, {"data": {"popup": " ", "name": 154, "myGroup": "G0", "label": "\u6eab\u6e05\u98f2", "nodeSupportPercent": 5.25, "id": 154}}, {"data": {"popup": "  \u6c23(\u5bd2) \u5473(\u82e6) \u7d93\u7d61(\u809d)", "name": 155, "myGroup": "G9", "label": "\u8d64\u828d", "nodeSupportPercent": 4.62, "id": 155}}], "edges": [{"data": {"source": 0, "Lift": 121.28, "is_directed": false, "target": 1, "name": "0-1"}}, {"data": {"source": 1, "Lift": 2.9531, "is_directed": false, "target": 57, "name": "1-57"}}, {"data": {"source": 1, "Lift": 2.0503, "is_directed": false, "target": 36, "name": "1-36"}}, {"data": {"source": 2, "Lift": 132.09, "is_directed": false, "target": 3, "name": "2-3"}}, {"data": {"source": 4, "Lift": 1.181, "is_directed": false, "target": 5, "name": "4-5"}}, {"data": {"source": 4, "Lift": 1.2358, "is_directed": false, "target": 134, "name": "4-134"}}, {"data": {"source": 4, "Lift": 1.8379, "is_directed": false, "target": 135, "name": "4-135"}}, {"data": {"source": 4, "Lift": 1.135, "is_directed": false, "target": 138, "name": "4-138"}}, {"data": {"source": 4, "Lift": 1.0227, "is_directed": false, "target": 11, "name": "4-11"}}, {"data": {"source": 4, "Lift": 1.4768, "is_directed": false, "target": 12, "name": "4-12"}}, {"data": {"source": 4, "Lift": 1.0691, "is_directed": false, "target": 13, "name": "4-13"}}, {"data": {"source": 4, "Lift": 1.0876, "is_directed": false, "target": 14, "name": "4-14"}}, {"data": {"source": 4, "Lift": 1.6827, "is_directed": false, "target": 143, "name": "4-143"}}, {"data": {"source": 4, "Lift": 1.0289, "is_directed": false, "target": 19, "name": "4-19"}}, {"data": {"source": 4, "Lift": 1.4685, "is_directed": false, "target": 149, "name": "4-149"}}, {"data": {"source": 4, "Lift": 1.5239, "is_directed": false, "target": 151, "name": "4-151"}}, {"data": {"source": 4, "Lift": 1.2945, "is_directed": false, "target": 26, "name": "4-26"}}, {"data": {"source": 4, "Lift": 1.2211, "is_directed": false, "target": 27, "name": "4-27"}}, {"data": {"source": 4, "Lift": 1.2896, "is_directed": false, "target": 154, "name": "4-154"}}, {"data": {"source": 4, "Lift": 1.2208, "is_directed": false, "target": 33, "name": "4-33"}}, {"data": {"source": 4, "Lift": 1.0177, "is_directed": false, "target": 39, "name": "4-39"}}, {"data": {"source": 4, "Lift": 1.2075, "is_directed": false, "target": 44, "name": "4-44"}}, {"data": {"source": 4, "Lift": 1.4073, "is_directed": false, "target": 45, "name": "4-45"}}, {"data": {"source": 4, "Lift": 1.5398, "is_directed": false, "target": 46, "name": "4-46"}}, {"data": {"source": 4, "Lift": 1.8834, "is_directed": false, "target": 47, "name": "4-47"}}, {"data": {"source": 4, "Lift": 1.1192, "is_directed": false, "target": 55, "name": "4-55"}}, {"data": {"source": 4, "Lift": 1.3035, "is_directed": false, "target": 56, "name": "4-56"}}, {"data": {"source": 4, "Lift": 1.1189, "is_directed": false, "target": 57, "name": "4-57"}}, {"data": {"source": 4, "Lift": 1.0513, "is_directed": false, "target": 59, "name": "4-59"}}, {"data": {"source": 4, "Lift": 1.0345, "is_directed": false, "target": 60, "name": "4-60"}}, {"data": {"source": 4, "Lift": 1.2764, "is_directed": false, "target": 62, "name": "4-62"}}, {"data": {"source": 4, "Lift": 1.0056, "is_directed": false, "target": 66, "name": "4-66"}}, {"data": {"source": 4, "Lift": 1.026, "is_directed": false, "target": 140, "name": "4-140"}}, {"data": {"source": 4, "Lift": 1.5502, "is_directed": false, "target": 81, "name": "4-81"}}, {"data": {"source": 4, "Lift": 1.17, "is_directed": false, "target": 88, "name": "4-88"}}, {"data": {"source": 4, "Lift": 1.1233, "is_directed": false, "target": 90, "name": "4-90"}}, {"data": {"source": 4, "Lift": 1.0341, "is_directed": false, "target": 93, "name": "4-93"}}, {"data": {"source": 4, "Lift": 1.1444, "is_directed": false, "target": 100, "name": "4-100"}}, {"data": {"source": 4, "Lift": 1.0051, "is_directed": false, "target": 103, "name": "4-103"}}, {"data": {"source": 4, "Lift": 1.0005, "is_directed": false, "target": 114, "name": "4-114"}}, {"data": {"source": 4, "Lift": 1.0349, "is_directed": false, "target": 126, "name": "4-126"}}, {"data": {"source": 4, "Lift": 1.8042, "is_directed": false, "target": 21, "name": "4-21"}}, {"data": {"source": 6, "Lift": 14.716, "is_directed": false, "target": 8, "name": "6-8"}}, {"data": {"source": 6, "Lift": 25.049, "is_directed": false, "target": 7, "name": "6-7"}}, {"data": {"source": 7, "Lift": 27.791, "is_directed": false, "target": 8, "name": "7-8"}}, {"data": {"source": 9, "Lift": 137.91, "is_directed": false, "target": 10, "name": "9-10"}}, {"data": {"source": 15, "Lift": 62.4, "is_directed": false, "target": 16, "name": "15-16"}}, {"data": {"source": 15, "Lift": 24.491, "is_directed": false, "target": 17, "name": "15-17"}}, {"data": {"source": 15, "Lift": 27.29, "is_directed": false, "target": 18, "name": "15-18"}}, {"data": {"source": 15, "Lift": 14.454, "is_directed": false, "target": 19, "name": "15-19"}}, {"data": {"source": 15, "Lift": 3.2881, "is_directed": false, "target": 21, "name": "15-21"}}, {"data": {"source": 15, "Lift": 3.661, "is_directed": false, "target": 22, "name": "15-22"}}, {"data": {"source": 16, "Lift": 36.194, "is_directed": false, "target": 17, "name": "16-17"}}, {"data": {"source": 16, "Lift": 35.897, "is_directed": false, "target": 18, "name": "16-18"}}, {"data": {"source": 16, "Lift": 18.969, "is_directed": false, "target": 19, "name": "16-19"}}, {"data": {"source": 16, "Lift": 8.6648, "is_directed": false, "target": 20, "name": "16-20"}}, {"data": {"source": 16, "Lift": 4.7397, "is_directed": false, "target": 21, "name": "16-21"}}, {"data": {"source": 16, "Lift": 4.1524, "is_directed": false, "target": 22, "name": "16-22"}}, {"data": {"source": 16, "Lift": 1.718, "is_directed": false, "target": 23, "name": "16-23"}}, {"data": {"source": 17, "Lift": 14.423, "is_directed": false, "target": 18, "name": "17-18"}}, {"data": {"source": 17, "Lift": 2.4007, "is_directed": false, "target": 21, "name": "17-21"}}, {"data": {"source": 17, "Lift": 1.959, "is_directed": false, "target": 22, "name": "17-22"}}, {"data": {"source": 18, "Lift": 12.342, "is_directed": false, "target": 67, "name": "18-67"}}, {"data": {"source": 18, "Lift": 2.7374, "is_directed": false, "target": 21, "name": "18-21"}}, {"data": {"source": 18, "Lift": 1.738, "is_directed": false, "target": 22, "name": "18-22"}}, {"data": {"source": 19, "Lift": 2.2783, "is_directed": false, "target": 22, "name": "19-22"}}, {"data": {"source": 19, "Lift": 1.74, "is_directed": false, "target": 30, "name": "19-30"}}, {"data": {"source": 19, "Lift": 2.0911, "is_directed": false, "target": 23, "name": "19-23"}}, {"data": {"source": 20, "Lift": 2.1807, "is_directed": false, "target": 54, "name": "20-54"}}, {"data": {"source": 21, "Lift": 2.3471, "is_directed": false, "target": 143, "name": "21-143"}}, {"data": {"source": 21, "Lift": 4.5975, "is_directed": false, "target": 135, "name": "21-135"}}, {"data": {"source": 21, "Lift": 2.8761, "is_directed": false, "target": 45, "name": "21-45"}}, {"data": {"source": 21, "Lift": 3.9385, "is_directed": false, "target": 47, "name": "21-47"}}, {"data": {"source": 22, "Lift": 1.3275, "is_directed": false, "target": 144, "name": "22-144"}}, {"data": {"source": 22, "Lift": 1.6093, "is_directed": false, "target": 66, "name": "22-66"}}, {"data": {"source": 22, "Lift": 1.6267, "is_directed": false, "target": 67, "name": "22-67"}}, {"data": {"source": 22, "Lift": 1.3458, "is_directed": false, "target": 39, "name": "22-39"}}, {"data": {"source": 22, "Lift": 1.3497, "is_directed": false, "target": 73, "name": "22-73"}}, {"data": {"source": 22, "Lift": 1.6053, "is_directed": false, "target": 141, "name": "22-141"}}, {"data": {"source": 22, "Lift": 1.3726, "is_directed": false, "target": 78, "name": "22-78"}}, {"data": {"source": 22, "Lift": 1.9859, "is_directed": false, "target": 79, "name": "22-79"}}, {"data": {"source": 22, "Lift": 1.6912, "is_directed": false, "target": 80, "name": "22-80"}}, {"data": {"source": 22, "Lift": 1.3433, "is_directed": false, "target": 82, "name": "22-82"}}, {"data": {"source": 22, "Lift": 1.3755, "is_directed": false, "target": 84, "name": "22-84"}}, {"data": {"source": 22, "Lift": 1.4399, "is_directed": false, "target": 110, "name": "22-110"}}, {"data": {"source": 22, "Lift": 1.5509, "is_directed": false, "target": 118, "name": "22-118"}}, {"data": {"source": 22, "Lift": 1.7476, "is_directed": false, "target": 23, "name": "22-23"}}, {"data": {"source": 22, "Lift": 1.5298, "is_directed": false, "target": 121, "name": "22-121"}}, {"data": {"source": 22, "Lift": 1.4152, "is_directed": false, "target": 111, "name": "22-111"}}, {"data": {"source": 22, "Lift": 1.3847, "is_directed": false, "target": 30, "name": "22-30"}}, {"data": {"source": 23, "Lift": 2.5614, "is_directed": false, "target": 65, "name": "23-65"}}, {"data": {"source": 23, "Lift": 1.6828, "is_directed": false, "target": 66, "name": "23-66"}}, {"data": {"source": 23, "Lift": 2.2598, "is_directed": false, "target": 35, "name": "23-35"}}, {"data": {"source": 23, "Lift": 1.8068, "is_directed": false, "target": 36, "name": "23-36"}}, {"data": {"source": 23, "Lift": 1.8747, "is_directed": false, "target": 54, "name": "23-54"}}, {"data": {"source": 23, "Lift": 1.7067, "is_directed": false, "target": 104, "name": "23-104"}}, {"data": {"source": 23, "Lift": 1.8268, "is_directed": false, "target": 43, "name": "23-43"}}, {"data": {"source": 23, "Lift": 2.1477, "is_directed": false, "target": 108, "name": "23-108"}}, {"data": {"source": 23, "Lift": 2.8579, "is_directed": false, "target": 78, "name": "23-78"}}, {"data": {"source": 23, "Lift": 1.8387, "is_directed": false, "target": 79, "name": "23-79"}}, {"data": {"source": 23, "Lift": 1.6661, "is_directed": false, "target": 144, "name": "23-144"}}, {"data": {"source": 23, "Lift": 2.3319, "is_directed": false, "target": 147, "name": "23-147"}}, {"data": {"source": 23, "Lift": 1.8143, "is_directed": false, "target": 116, "name": "23-116"}}, {"data": {"source": 23, "Lift": 1.7609, "is_directed": false, "target": 30, "name": "23-30"}}, {"data": {"source": 23, "Lift": 2.1718, "is_directed": false, "target": 118, "name": "23-118"}}, {"data": {"source": 23, "Lift": 4.7144, "is_directed": false, "target": 121, "name": "23-121"}}, {"data": {"source": 23, "Lift": 2.5576, "is_directed": false, "target": 111, "name": "23-111"}}, {"data": {"source": 23, "Lift": 1.7323, "is_directed": false, "target": 94, "name": "23-94"}}, {"data": {"source": 24, "Lift": 58.6, "is_directed": false, "target": 25, "name": "24-25"}}, {"data": {"source": 28, "Lift": 7.4658, "is_directed": false, "target": 146, "name": "28-146"}}, {"data": {"source": 28, "Lift": 9.424, "is_directed": false, "target": 29, "name": "28-29"}}, {"data": {"source": 28, "Lift": 9.0514, "is_directed": false, "target": 69, "name": "28-69"}}, {"data": {"source": 28, "Lift": 10.859, "is_directed": false, "target": 70, "name": "28-70"}}, {"data": {"source": 28, "Lift": 11.882, "is_directed": false, "target": 125, "name": "28-125"}}, {"data": {"source": 29, "Lift": 3.9253, "is_directed": false, "target": 30, "name": "29-30"}}, {"data": {"source": 30, "Lift": 1.3122, "is_directed": false, "target": 36, "name": "30-36"}}, {"data": {"source": 30, "Lift": 2.1372, "is_directed": false, "target": 69, "name": "30-69"}}, {"data": {"source": 30, "Lift": 1.7602, "is_directed": false, "target": 108, "name": "30-108"}}, {"data": {"source": 30, "Lift": 2.2685, "is_directed": false, "target": 111, "name": "30-111"}}, {"data": {"source": 30, "Lift": 2.4323, "is_directed": false, "target": 144, "name": "30-144"}}, {"data": {"source": 30, "Lift": 2.226, "is_directed": false, "target": 147, "name": "30-147"}}, {"data": {"source": 30, "Lift": 1.5759, "is_directed": false, "target": 84, "name": "30-84"}}, {"data": {"source": 30, "Lift": 1.5533, "is_directed": false, "target": 118, "name": "30-118"}}, {"data": {"source": 30, "Lift": 2.7172, "is_directed": false, "target": 121, "name": "30-121"}}, {"data": {"source": 31, "Lift": 40.878, "is_directed": false, "target": 32, "name": "31-32"}}, {"data": {"source": 34, "Lift": 10.562, "is_directed": false, "target": 88, "name": "34-88"}}, {"data": {"source": 34, "Lift": 8.2863, "is_directed": false, "target": 35, "name": "34-35"}}, {"data": {"source": 34, "Lift": 1.448, "is_directed": false, "target": 36, "name": "34-36"}}, {"data": {"source": 34, "Lift": 2.8238, "is_directed": false, "target": 46, "name": "34-46"}}, {"data": {"source": 35, "Lift": 2.2386, "is_directed": false, "target": 36, "name": "35-36"}}, {"data": {"source": 36, "Lift": 1.2172, "is_directed": false, "target": 131, "name": "36-131"}}, {"data": {"source": 36, "Lift": 1.2937, "is_directed": false, "target": 132, "name": "36-132"}}, {"data": {"source": 36, "Lift": 1.375, "is_directed": false, "target": 134, "name": "36-134"}}, {"data": {"source": 36, "Lift": 1.4825, "is_directed": false, "target": 136, "name": "36-136"}}, {"data": {"source": 36, "Lift": 1.6826, "is_directed": false, "target": 139, "name": "36-139"}}, {"data": {"source": 36, "Lift": 1.3078, "is_directed": false, "target": 141, "name": "36-141"}}, {"data": {"source": 36, "Lift": 1.2294, "is_directed": false, "target": 142, "name": "36-142"}}, {"data": {"source": 36, "Lift": 1.3387, "is_directed": false, "target": 145, "name": "36-145"}}, {"data": {"source": 36, "Lift": 1.9071, "is_directed": false, "target": 147, "name": "36-147"}}, {"data": {"source": 36, "Lift": 1.2849, "is_directed": false, "target": 149, "name": "36-149"}}, {"data": {"source": 36, "Lift": 2.1472, "is_directed": false, "target": 150, "name": "36-150"}}, {"data": {"source": 36, "Lift": 1.7864, "is_directed": false, "target": 152, "name": "36-152"}}, {"data": {"source": 36, "Lift": 1.5184, "is_directed": false, "target": 153, "name": "36-153"}}, {"data": {"source": 36, "Lift": 1.5304, "is_directed": false, "target": 155, "name": "36-155"}}, {"data": {"source": 36, "Lift": 1.5917, "is_directed": false, "target": 38, "name": "36-38"}}, {"data": {"source": 36, "Lift": 1.5723, "is_directed": false, "target": 39, "name": "36-39"}}, {"data": {"source": 36, "Lift": 1.2483, "is_directed": false, "target": 40, "name": "36-40"}}, {"data": {"source": 36, "Lift": 1.2226, "is_directed": false, "target": 41, "name": "36-41"}}, {"data": {"source": 36, "Lift": 1.2578, "is_directed": false, "target": 42, "name": "36-42"}}, {"data": {"source": 36, "Lift": 1.3426, "is_directed": false, "target": 43, "name": "36-43"}}, {"data": {"source": 36, "Lift": 1.1795, "is_directed": false, "target": 50, "name": "36-50"}}, {"data": {"source": 36, "Lift": 1.578, "is_directed": false, "target": 51, "name": "36-51"}}, {"data": {"source": 36, "Lift": 1.3455, "is_directed": false, "target": 53, "name": "36-53"}}, {"data": {"source": 36, "Lift": 2.571, "is_directed": false, "target": 54, "name": "36-54"}}, {"data": {"source": 36, "Lift": 1.3831, "is_directed": false, "target": 58, "name": "36-58"}}, {"data": {"source": 36, "Lift": 1.5921, "is_directed": false, "target": 65, "name": "36-65"}}, {"data": {"source": 36, "Lift": 1.4889, "is_directed": false, "target": 66, "name": "36-66"}}, {"data": {"source": 36, "Lift": 2.6919, "is_directed": false, "target": 70, "name": "36-70"}}, {"data": {"source": 36, "Lift": 1.6434, "is_directed": false, "target": 75, "name": "36-75"}}, {"data": {"source": 36, "Lift": 1.2418, "is_directed": false, "target": 78, "name": "36-78"}}, {"data": {"source": 36, "Lift": 1.2121, "is_directed": false, "target": 83, "name": "36-83"}}, {"data": {"source": 36, "Lift": 1.5363, "is_directed": false, "target": 84, "name": "36-84"}}, {"data": {"source": 36, "Lift": 1.1912, "is_directed": false, "target": 85, "name": "36-85"}}, {"data": {"source": 36, "Lift": 1.7811, "is_directed": false, "target": 88, "name": "36-88"}}, {"data": {"source": 36, "Lift": 1.9856, "is_directed": false, "target": 89, "name": "36-89"}}, {"data": {"source": 36, "Lift": 1.6787, "is_directed": false, "target": 90, "name": "36-90"}}, {"data": {"source": 36, "Lift": 1.3776, "is_directed": false, "target": 91, "name": "36-91"}}, {"data": {"source": 36, "Lift": 1.3329, "is_directed": false, "target": 92, "name": "36-92"}}, {"data": {"source": 36, "Lift": 1.3232, "is_directed": false, "target": 99, "name": "36-99"}}, {"data": {"source": 36, "Lift": 1.3801, "is_directed": false, "target": 103, "name": "36-103"}}, {"data": {"source": 36, "Lift": 1.5714, "is_directed": false, "target": 109, "name": "36-109"}}, {"data": {"source": 36, "Lift": 2.3857, "is_directed": false, "target": 110, "name": "36-110"}}, {"data": {"source": 36, "Lift": 1.2767, "is_directed": false, "target": 111, "name": "36-111"}}, {"data": {"source": 36, "Lift": 1.3252, "is_directed": false, "target": 114, "name": "36-114"}}, {"data": {"source": 36, "Lift": 1.2816, "is_directed": false, "target": 116, "name": "36-116"}}, {"data": {"source": 36, "Lift": 1.2332, "is_directed": false, "target": 117, "name": "36-117"}}, {"data": {"source": 36, "Lift": 1.6062, "is_directed": false, "target": 121, "name": "36-121"}}, {"data": {"source": 36, "Lift": 2.2915, "is_directed": false, "target": 123, "name": "36-123"}}, {"data": {"source": 36, "Lift": 1.5086, "is_directed": false, "target": 124, "name": "36-124"}}, {"data": {"source": 36, "Lift": 1.4519, "is_directed": false, "target": 125, "name": "36-125"}}, {"data": {"source": 36, "Lift": 1.8982, "is_directed": false, "target": 126, "name": "36-126"}}, {"data": {"source": 37, "Lift": 15.67, "is_directed": false, "target": 38, "name": "37-38"}}, {"data": {"source": 39, "Lift": 1.7907, "is_directed": false, "target": 128, "name": "39-128"}}, {"data": {"source": 39, "Lift": 1.7196, "is_directed": false, "target": 129, "name": "39-129"}}, {"data": {"source": 39, "Lift": 1.8206, "is_directed": false, "target": 134, "name": "39-134"}}, {"data": {"source": 39, "Lift": 1.5498, "is_directed": false, "target": 102, "name": "39-102"}}, {"data": {"source": 39, "Lift": 1.9507, "is_directed": false, "target": 40, "name": "39-40"}}, {"data": {"source": 39, "Lift": 2.1988, "is_directed": false, "target": 108, "name": "39-108"}}, {"data": {"source": 39, "Lift": 1.9952, "is_directed": false, "target": 110, "name": "39-110"}}, {"data": {"source": 39, "Lift": 1.6074, "is_directed": false, "target": 112, "name": "39-112"}}, {"data": {"source": 39, "Lift": 2.2322, "is_directed": false, "target": 115, "name": "39-115"}}, {"data": {"source": 39, "Lift": 1.7955, "is_directed": false, "target": 87, "name": "39-87"}}, {"data": {"source": 39, "Lift": 2.6383, "is_directed": false, "target": 127, "name": "39-127"}}, {"data": {"source": 39, "Lift": 1.7088, "is_directed": false, "target": 95, "name": "39-95"}}, {"data": {"source": 41, "Lift": 19.774, "is_directed": false, "target": 42, "name": "41-42"}}, {"data": {"source": 41, "Lift": 2.2071, "is_directed": false, "target": 53, "name": "41-53"}}, {"data": {"source": 41, "Lift": 2.3339, "is_directed": false, "target": 103, "name": "41-103"}}, {"data": {"source": 42, "Lift": 5.2965, "is_directed": false, "target": 43, "name": "42-43"}}, {"data": {"source": 43, "Lift": 6.7568, "is_directed": false, "target": 96, "name": "43-96"}}, {"data": {"source": 43, "Lift": 7.1558, "is_directed": false, "target": 97, "name": "43-97"}}, {"data": {"source": 43, "Lift": 5.9808, "is_directed": false, "target": 98, "name": "43-98"}}, {"data": {"source": 43, "Lift": 4.4256, "is_directed": false, "target": 99, "name": "43-99"}}, {"data": {"source": 43, "Lift": 2.6711, "is_directed": false, "target": 52, "name": "43-52"}}, {"data": {"source": 43, "Lift": 3.6675, "is_directed": false, "target": 86, "name": "43-86"}}, {"data": {"source": 44, "Lift": 5.0865, "is_directed": false, "target": 72, "name": "44-72"}}, {"data": {"source": 44, "Lift": 3.2138, "is_directed": false, "target": 45, "name": "44-45"}}, {"data": {"source": 45, "Lift": 6.7463, "is_directed": false, "target": 46, "name": "45-46"}}, {"data": {"source": 45, "Lift": 2.1214, "is_directed": false, "target": 47, "name": "45-47"}}, {"data": {"source": 46, "Lift": 6.2786, "is_directed": false, "target": 72, "name": "46-72"}}, {"data": {"source": 46, "Lift": 4.3766, "is_directed": false, "target": 74, "name": "46-74"}}, {"data": {"source": 46, "Lift": 2.6171, "is_directed": false, "target": 124, "name": "46-124"}}, {"data": {"source": 46, "Lift": 1.9774, "is_directed": false, "target": 47, "name": "46-47"}}, {"data": {"source": 47, "Lift": 1.9215, "is_directed": false, "target": 66, "name": "47-66"}}, {"data": {"source": 47, "Lift": 2.0034, "is_directed": false, "target": 134, "name": "47-134"}}, {"data": {"source": 47, "Lift": 2.7722, "is_directed": false, "target": 135, "name": "47-135"}}, {"data": {"source": 47, "Lift": 3.7829, "is_directed": false, "target": 143, "name": "47-143"}}, {"data": {"source": 47, "Lift": 2.4629, "is_directed": false, "target": 149, "name": "47-149"}}, {"data": {"source": 47, "Lift": 2.0528, "is_directed": false, "target": 59, "name": "47-59"}}, {"data": {"source": 48, "Lift": 13.239, "is_directed": false, "target": 49, "name": "48-49"}}, {"data": {"source": 48, "Lift": 2.287, "is_directed": false, "target": 84, "name": "48-84"}}, {"data": {"source": 50, "Lift": 1.9958, "is_directed": false, "target": 65, "name": "50-65"}}, {"data": {"source": 50, "Lift": 3.316, "is_directed": false, "target": 51, "name": "50-51"}}, {"data": {"source": 50, "Lift": 3.4205, "is_directed": false, "target": 61, "name": "50-61"}}, {"data": {"source": 50, "Lift": 1.8866, "is_directed": false, "target": 79, "name": "50-79"}}, {"data": {"source": 51, "Lift": 2.1166, "is_directed": false, "target": 52, "name": "51-52"}}, {"data": {"source": 51, "Lift": 3.0351, "is_directed": false, "target": 53, "name": "51-53"}}, {"data": {"source": 51, "Lift": 3.2424, "is_directed": false, "target": 54, "name": "51-54"}}, {"data": {"source": 52, "Lift": 4.8996, "is_directed": false, "target": 96, "name": "52-96"}}, {"data": {"source": 52, "Lift": 4.2256, "is_directed": false, "target": 97, "name": "52-97"}}, {"data": {"source": 52, "Lift": 5.1726, "is_directed": false, "target": 98, "name": "52-98"}}, {"data": {"source": 52, "Lift": 2.774, "is_directed": false, "target": 99, "name": "52-99"}}, {"data": {"source": 52, "Lift": 2.6973, "is_directed": false, "target": 68, "name": "52-68"}}, {"data": {"source": 52, "Lift": 2.3673, "is_directed": false, "target": 114, "name": "52-114"}}, {"data": {"source": 52, "Lift": 1.9563, "is_directed": false, "target": 148, "name": "52-148"}}, {"data": {"source": 52, "Lift": 2.658, "is_directed": false, "target": 86, "name": "52-86"}}, {"data": {"source": 52, "Lift": 2.4558, "is_directed": false, "target": 119, "name": "52-119"}}, {"data": {"source": 52, "Lift": 2.5365, "is_directed": false, "target": 120, "name": "52-120"}}, {"data": {"source": 52, "Lift": 2.0718, "is_directed": false, "target": 63, "name": "52-63"}}, {"data": {"source": 53, "Lift": 2.165, "is_directed": false, "target": 64, "name": "53-64"}}, {"data": {"source": 53, "Lift": 2.1685, "is_directed": false, "target": 130, "name": "53-130"}}, {"data": {"source": 53, "Lift": 2.2584, "is_directed": false, "target": 124, "name": "53-124"}}, {"data": {"source": 53, "Lift": 3.0493, "is_directed": false, "target": 98, "name": "53-98"}}, {"data": {"source": 53, "Lift": 2.0229, "is_directed": false, "target": 86, "name": "53-86"}}, {"data": {"source": 54, "Lift": 2.0091, "is_directed": false, "target": 112, "name": "54-112"}}, {"data": {"source": 54, "Lift": 2.2366, "is_directed": false, "target": 65, "name": "54-65"}}, {"data": {"source": 54, "Lift": 1.7934, "is_directed": false, "target": 113, "name": "54-113"}}, {"data": {"source": 57, "Lift": 2.2817, "is_directed": false, "target": 81, "name": "57-81"}}, {"data": {"source": 59, "Lift": 18.223, "is_directed": false, "target": 60, "name": "59-60"}}, {"data": {"source": 63, "Lift": 15.778, "is_directed": false, "target": 64, "name": "63-64"}}, {"data": {"source": 65, "Lift": 20.733, "is_directed": false, "target": 66, "name": "65-66"}}, {"data": {"source": 69, "Lift": 24.073, "is_directed": false, "target": 70, "name": "69-70"}}, {"data": {"source": 71, "Lift": 11.007, "is_directed": false, "target": 72, "name": "71-72"}}, {"data": {"source": 72, "Lift": 7.4174, "is_directed": false, "target": 73, "name": "72-73"}}, {"data": {"source": 72, "Lift": 11.149, "is_directed": false, "target": 74, "name": "72-74"}}, {"data": {"source": 76, "Lift": 63.994, "is_directed": false, "target": 77, "name": "76-77"}}, {"data": {"source": 78, "Lift": 18.652, "is_directed": false, "target": 79, "name": "78-79"}}, {"data": {"source": 84, "Lift": 2.4624, "is_directed": false, "target": 107, "name": "84-107"}}, {"data": {"source": 84, "Lift": 2.089, "is_directed": false, "target": 85, "name": "84-85"}}, {"data": {"source": 84, "Lift": 2.3423, "is_directed": false, "target": 110, "name": "84-110"}}, {"data": {"source": 84, "Lift": 2.6546, "is_directed": false, "target": 111, "name": "84-111"}}, {"data": {"source": 86, "Lift": 5.3047, "is_directed": false, "target": 96, "name": "86-96"}}, {"data": {"source": 86, "Lift": 4.2619, "is_directed": false, "target": 97, "name": "86-97"}}, {"data": {"source": 86, "Lift": 5.773, "is_directed": false, "target": 98, "name": "86-98"}}, {"data": {"source": 86, "Lift": 2.9499, "is_directed": false, "target": 99, "name": "86-99"}}, {"data": {"source": 86, "Lift": 2.449, "is_directed": false, "target": 87, "name": "86-87"}}, {"data": {"source": 86, "Lift": 2.9542, "is_directed": false, "target": 125, "name": "86-125"}}, {"data": {"source": 86, "Lift": 2.5969, "is_directed": false, "target": 94, "name": "86-94"}}, {"data": {"source": 88, "Lift": 5.5038, "is_directed": false, "target": 89, "name": "88-89"}}, {"data": {"source": 88, "Lift": 4.6805, "is_directed": false, "target": 124, "name": "88-124"}}, {"data": {"source": 96, "Lift": 17.443, "is_directed": false, "target": 97, "name": "96-97"}}, {"data": {"source": 96, "Lift": 12.319, "is_directed": false, "target": 98, "name": "96-98"}}, {"data": {"source": 96, "Lift": 5.0799, "is_directed": false, "target": 99, "name": "96-99"}}, {"data": {"source": 97, "Lift": 8.6802, "is_directed": false, "target": 98, "name": "97-98"}}, {"data": {"source": 97, "Lift": 4.9461, "is_directed": false, "target": 99, "name": "97-99"}}, {"data": {"source": 98, "Lift": 4.0738, "is_directed": false, "target": 99, "name": "98-99"}}, {"data": {"source": 99, "Lift": 4.4462, "is_directed": false, "target": 148, "name": "99-148"}}, {"data": {"source": 99, "Lift": 2.6907, "is_directed": false, "target": 125, "name": "99-125"}}, {"data": {"source": 99, "Lift": 3.5803, "is_directed": false, "target": 150, "name": "99-150"}}, {"data": {"source": 99, "Lift": 2.8919, "is_directed": false, "target": 111, "name": "99-111"}}, {"data": {"source": 101, "Lift": 10.899, "is_directed": false, "target": 137, "name": "101-137"}}, {"data": {"source": 101, "Lift": 11.011, "is_directed": false, "target": 102, "name": "101-102"}}, {"data": {"source": 102, "Lift": 2.8442, "is_directed": false, "target": 103, "name": "102-103"}}, {"data": {"source": 103, "Lift": 4.3199, "is_directed": false, "target": 132, "name": "103-132"}}, {"data": {"source": 103, "Lift": 2.72, "is_directed": false, "target": 106, "name": "103-106"}}, {"data": {"source": 103, "Lift": 2.3171, "is_directed": false, "target": 140, "name": "103-140"}}, {"data": {"source": 103, "Lift": 3.3418, "is_directed": false, "target": 138, "name": "103-138"}}, {"data": {"source": 103, "Lift": 2.6857, "is_directed": false, "target": 150, "name": "103-150"}}, {"data": {"source": 103, "Lift": 4.1334, "is_directed": false, "target": 155, "name": "103-155"}}, {"data": {"source": 103, "Lift": 2.3783, "is_directed": false, "target": 125, "name": "103-125"}}, {"data": {"source": 105, "Lift": 28.542, "is_directed": false, "target": 106, "name": "105-106"}}, {"data": {"source": 110, "Lift": 8.3858, "is_directed": false, "target": 111, "name": "110-111"}}, {"data": {"source": 114, "Lift": 14.922, "is_directed": false, "target": 115, "name": "114-115"}}, {"data": {"source": 119, "Lift": 15.772, "is_directed": false, "target": 120, "name": "119-120"}}, {"data": {"source": 121, "Lift": 8.5837, "is_directed": false, "target": 122, "name": "121-122"}}, {"data": {"source": 127, "Lift": 9.259, "is_directed": false, "target": 128, "name": "127-128"}}, {"data": {"source": 127, "Lift": 9.3628, "is_directed": false, "target": 129, "name": "127-129"}}, {"data": {"source": 128, "Lift": 8.6246, "is_directed": false, "target": 129, "name": "128-129"}}, {"data": {"source": 129, "Lift": 8.3642, "is_directed": false, "target": 131, "name": "129-131"}}, {"data": {"source": 132, "Lift": 4.866, "is_directed": false, "target": 152, "name": "132-152"}}, {"data": {"source": 132, "Lift": 5.5052, "is_directed": false, "target": 133, "name": "132-133"}}, {"data": {"source": 134, "Lift": 3.0464, "is_directed": false, "target": 135, "name": "134-135"}}]}, "data": {"description": "<h1>\u6fd5\u75b9\u4e2d\u91ab\u6cbb\u7642\u5716\u8b5c</h1><h2>ECZEMA_(Support=0.5%, Confidence=20.0%)</h2>", "name": "ECZEMA_(Support=0.5%, Confidence=20.0%)", "tags": ["ECZEMA", "\u6fd5\u75b9\u4e2d\u91ab\u6cbb\u7642\u5716\u8b5c"]}}