{"elements": {"nodes": [{"data": {"popup": "  \u6c23(\u5bd2) \u5473(\u82e6) \u7d93\u7d61(\u809d,\u5fc3,\u813e,\u5927\u8178,\u80c3) \u4f5c\u7528(allergy,bacteria,infection,inflammation)", "name": 0, "myGroup": "G0", "label": "\u5927\u9ec3", "nodeSupportPercent": 10.228, "id": 0}}, {"data": {"popup": "  \u6c23(\u6eab) \u5473(\u8f9b) \u7d93\u7d61(\u80ba,\u814e) \u4f5c\u7528(inflammation)", "name": 1, "myGroup": "G0", "label": "\u7d30\u8f9b", "nodeSupportPercent": 1.0, "id": 1}}, {"data": {"popup": "  \u6c23(\u6eab) \u5473(\u8f9b) \u7d93\u7d61(\u813e,\u80c3) \u4f5c\u7528(bacteria,infection,inflammation)", "name": 2, "myGroup": "G0", "label": "\u7802\u4ec1", "nodeSupportPercent": 3.8316, "id": 2}}, {"data": {"popup": " ", "name": 3, "myGroup": "G0", "label": "\u7099\u7518\u8349", "nodeSupportPercent": 1.23, "id": 3}}, {"data": {"popup": "  \u6c23(\u6eab) \u5473(\u8f9b) \u7d93\u7d61(\u80ba,\u5927\u8178,\u80c3) \u4f5c\u7528(allergy,bacteria,infection,inflammation,oxidation)", "name": 4, "myGroup": "G0", "label": "\u767d\u82b7", "nodeSupportPercent": 8.4912, "id": 4}}, {"data": {"popup": "  \u4f5c\u7528(allergy,oxidation)", "name": 5, "myGroup": "G1", "label": "\u6d88\u98a8\u6563", "nodeSupportPercent": 23.577, "id": 5}}, {"data": {"popup": "  \u6c23(\u6eab) \u5473(\u8f9b,\u82e6) \u7d93\u7d61(\u814e) \u4f5c\u7528(bacteria)", "name": 6, "myGroup": "G1", "label": "\u86c7\u5e8a\u5b50", "nodeSupportPercent": 1.83, "id": 6}}, {"data": {"popup": "  \u6c23(\u5bd2) \u5473(\u82e6) \u7d93\u7d61(\u813e,\u80c3) \u4f5c\u7528(allergy,inflammation)", "name": 7, "myGroup": "G1", "label": "\u767d\u9bae\u76ae", "nodeSupportPercent": 10.805, "id": 7}}, {"data": {"popup": "  \u6c23(\u5bd2) \u5473(\u82e6) \u7d93\u7d61(\u809d,\u5fc3,\u5927\u8178,\u80c3,\u8180\u80f1) \u4f5c\u7528(bacteria,infection,inflammation)", "name": 8, "myGroup": "G1", "label": "\u82e6\u53c3", "nodeSupportPercent": 2.56, "id": 8}}, {"data": {"popup": "  \u6c23(\u5bd2) \u5473(\u7518,\u82e6) \u7d93\u7d61(\u809d,\u80c3)", "name": 9, "myGroup": "G2", "label": "\u84b2\u516c\u82f1", "nodeSupportPercent": 12.522, "id": 9}}, {"data": {"popup": "  \u6c23(\u5bd2) \u5473(\u8f9b,\u82e6) \u7d93\u7d61(\u809d,\u5fc3)", "name": 10, "myGroup": "G2", "label": "\u7d2b\u82b1\u5730\u4e01", "nodeSupportPercent": 2.74, "id": 10}}, {"data": {"popup": "  \u6c23(\u6eab) \u5473(\u8f9b) \u7d93\u7d61(\u809d,\u80ba)", "name": 11, "myGroup": "G3", "label": "\u834a\u82a5", "nodeSupportPercent": 4.5263, "id": 11}}, {"data": {"popup": "  \u6c23(\u6eab) \u5473(\u8f9b,\u7518) \u7d93\u7d61(\u809d,\u813e,\u8180\u80f1) \u4f5c\u7528(allergy,bacteria,inflammation,oxidation)", "name": 12, "myGroup": "G3", "label": "\u9632\u98a8", "nodeSupportPercent": 2.83, "id": 12}}, {"data": {"popup": "  \u6c23(\u5bd2) \u5473(\u82e6) \u7d93\u7d61(\u5fc3,\u80ba,\u5c0f\u8178) \u4f5c\u7528(infection)", "name": 13, "myGroup": "G4", "label": "\u9023\u7ff9", "nodeSupportPercent": 17.175, "id": 13}}, {"data": {"popup": "  \u6c23(\u5bd2) \u5473(\u7518) \u7d93\u7d61(\u80ba) \u4f5c\u7528(allergy)", "name": 14, "myGroup": "G4", "label": "\u6851\u767d\u76ae", "nodeSupportPercent": 4.47, "id": 14}}, {"data": {"popup": "  \u6c23(\u5bd2) \u5473(\u82e6) \u7d93\u7d61(\u8180\u80f1) \u4f5c\u7528(allergy)", "name": 15, "myGroup": "G1", "label": "\u5730\u819a\u5b50", "nodeSupportPercent": 8.63, "id": 15}}, {"data": {"popup": "  \u6c23(\u5bd2) \u5473(\u7518) \u7d93\u7d61(\u80ba,\u5927\u8178,\u80c3) \u4f5c\u7528(allergy,bacteria,infection,oxidation)", "name": 16, "myGroup": "G4", "label": "\u91d1\u9280\u82b1", "nodeSupportPercent": 11.2, "id": 16}}], "edges": [{"data": {"source": 0, "Lift": 4.2256, "is_directed": false, "target": 1, "name": "0-1"}}, {"data": {"source": 0, "Lift": 5.1726, "is_directed": false, "target": 2, "name": "0-2"}}, {"data": {"source": 0, "Lift": 4.8996, "is_directed": false, "target": 3, "name": "0-3"}}, {"data": {"source": 2, "Lift": 12.319, "is_directed": false, "target": 3, "name": "2-3"}}, {"data": {"source": 2, "Lift": 5.773, "is_directed": false, "target": 4, "name": "2-4"}}, {"data": {"source": 3, "Lift": 5.3047, "is_directed": false, "target": 4, "name": "3-4"}}, {"data": {"source": 5, "Lift": 1.8834, "is_directed": false, "target": 7, "name": "5-7"}}, {"data": {"source": 5, "Lift": 1.8379, "is_directed": false, "target": 6, "name": "5-6"}}, {"data": {"source": 5, "Lift": 1.8042, "is_directed": false, "target": 15, "name": "5-15"}}, {"data": {"source": 7, "Lift": 3.7829, "is_directed": false, "target": 8, "name": "7-8"}}, {"data": {"source": 7, "Lift": 3.9385, "is_directed": false, "target": 15, "name": "7-15"}}, {"data": {"source": 9, "Lift": 4.7144, "is_directed": false, "target": 10, "name": "9-10"}}, {"data": {"source": 11, "Lift": 10.562, "is_directed": false, "target": 12, "name": "11-12"}}, {"data": {"source": 13, "Lift": 2.571, "is_directed": false, "target": 16, "name": "13-16"}}, {"data": {"source": 13, "Lift": 2.3857, "is_directed": false, "target": 14, "name": "13-14"}}]}, "data": {"description": "<h1>\u6fd5\u75b9\u4e2d\u91ab\u6cbb\u7642\u5716\u8b5c</h1><h2>ECZEMA_(Support=1.0%, Confidence=40.0%)</h2>", "name": "ECZEMA_(Support=1.0%, Confidence=40.0%)", "tags": ["ECZEMA", "\u6fd5\u75b9\u4e2d\u91ab\u6cbb\u7642\u5716\u8b5c"]}}