{"elements": {"nodes": [{"data": {"popup": " ", "name": 0, "myGroup": "G0", "label": "\u5927\u67f4\u80e1\u6e6f", "nodeSupportPercent": 1.4701, "id": 0}}, {"data": {"popup": "  \u6c23(\u5bd2) \u5473(\u7518,\u82e6) \u7d93\u7d61(\u809d,\u5927\u8178) \u4f5c\u7528(allergy)", "name": 1, "myGroup": "G0", "label": "\u6c7a\u660e\u5b50", "nodeSupportPercent": 0.535, "id": 1}}, {"data": {"popup": "  \u6c23(\u5e73) \u5473(\u82e6) \u7d93\u7d61(\u809d,\u5fc3,\u813e) \u4f5c\u7528(bacteria,inflammation,oxidation)", "name": 2, "myGroup": "G1", "label": "\u6c92\u85e5", "nodeSupportPercent": 0.41649, "id": 2}}, {"data": {"popup": "  \u6c23(\u6eab) \u5473(\u8f9b,\u82e6) \u7d93\u7d61(\u809d,\u5fc3,\u813e)", "name": 3, "myGroup": "G1", "label": "\u4e73\u9999", "nodeSupportPercent": 0.573, "id": 3}}, {"data": {"popup": " ", "name": 4, "myGroup": "G2", "label": "\u9023\u7ff9\u6557\u6bd2\u6563", "nodeSupportPercent": 0.6528, "id": 4}}, {"data": {"popup": " ", "name": 5, "myGroup": "G2", "label": "\u9ec3\u6c34\u8304", "nodeSupportPercent": 0.525, "id": 5}}, {"data": {"popup": " ", "name": 6, "myGroup": "G2", "label": "\u91d1\u87ec", "nodeSupportPercent": 2.007, "id": 6}}, {"data": {"popup": "  \u6c23(\u5bd2) \u5473(\u8f9b) \u7d93\u7d61(\u80ba)", "name": 7, "myGroup": "G2", "label": "\u9b5a\u8165\u8349", "nodeSupportPercent": 2.2766, "id": 7}}, {"data": {"popup": "  \u6c23(\u5bd2) \u5473(\u82e6) \u7d93\u7d61(\u8180\u80f1) \u4f5c\u7528(allergy)", "name": 8, "myGroup": "G3", "label": "\u5730\u819a\u5b50", "nodeSupportPercent": 8.628, "id": 8}}, {"data": {"popup": " ", "name": 9, "myGroup": "G2", "label": "\u6e05\u4e0a\u9632\u98a8\u6e6f", "nodeSupportPercent": 15.311, "id": 9}}, {"data": {"popup": " ", "name": 10, "myGroup": "G4", "label": "\u4ed9\u65b9\u6d3b\u547d\u98f2", "nodeSupportPercent": 12.876, "id": 10}}, {"data": {"popup": " ", "name": 11, "myGroup": "G4", "label": "\u6392\u81bf\u6563", "nodeSupportPercent": 0.669, "id": 11}}, {"data": {"popup": "  \u6c23(\u5bd2) \u5473(\u7518) \u7d93\u7d61(\u809d,\u80ba) \u4f5c\u7528(allergy)", "name": 12, "myGroup": "G5", "label": "\u87ec\u86fb", "nodeSupportPercent": 7.6512, "id": 12}}, {"data": {"popup": "  \u6c23(\u5bd2) \u5473(\u9e79) \u7d93\u7d61(\u809d,\u80ba,\u8180\u80f1) \u4f5c\u7528(allergy,bacteria)", "name": 13, "myGroup": "G5", "label": "\u5730\u9f8d", "nodeSupportPercent": 0.604, "id": 13}}, {"data": {"popup": "  \u6c23(\u5bd2) \u5473(\u82e6) \u7d93\u7d61(\u5fc3,\u80ba,\u5c0f\u8178) \u4f5c\u7528(infection)", "name": 14, "myGroup": "G6", "label": "\u9023\u7ff9", "nodeSupportPercent": 17.175, "id": 14}}, {"data": {"popup": "  \u6c23(\u5e73) \u5473(\u7518,\u9178) \u7d93\u7d61(\u5fc3,\u5c0f\u8178)", "name": 15, "myGroup": "G6", "label": "\u8d64\u5c0f\u8c46", "nodeSupportPercent": 0.734, "id": 15}}, {"data": {"popup": " ", "name": 16, "myGroup": "G5", "label": "\u834a\u9632\u6557\u6bd2\u6563", "nodeSupportPercent": 8.9579, "id": 16}}, {"data": {"popup": " ", "name": 17, "myGroup": "G5", "label": "\u6eab\u7d93\u6e6f", "nodeSupportPercent": 0.926, "id": 17}}, {"data": {"popup": "  \u6c23(\u6dbc) \u5473(\u7518,\u82e6) \u7d93\u7d61(\u809d,\u814e) \u4f5c\u7528(bacteria,inflammation,oxidation)", "name": 18, "myGroup": "G7", "label": "\u5973\u8c9e\u5b50", "nodeSupportPercent": 0.84498, "id": 18}}, {"data": {"popup": "  \u6c23(\u5bd2) \u5473(\u7518,\u9178) \u7d93\u7d61(\u809d,\u814e)", "name": 19, "myGroup": "G7", "label": "\u65f1\u84ee\u8349", "nodeSupportPercent": 0.754, "id": 19}}, {"data": {"popup": "  \u6c23(\u5bd2) \u5473(\u82e6) \u7d93\u7d61(\u809d,\u5fc3,\u813e,\u5927\u8178,\u80c3) \u4f5c\u7528(allergy,bacteria,infection,inflammation)", "name": 20, "myGroup": "G8", "label": "\u5927\u9ec3", "nodeSupportPercent": 10.228, "id": 20}}, {"data": {"popup": "  \u6c23(\u6eab) \u5473(\u8f9b) \u7d93\u7d61(\u80ba,\u814e) \u4f5c\u7528(inflammation)", "name": 21, "myGroup": "G8", "label": "\u7d30\u8f9b", "nodeSupportPercent": 1.0, "id": 21}}, {"data": {"popup": "  \u6c23(\u6eab) \u5473(\u8f9b) \u7d93\u7d61(\u813e,\u80c3) \u4f5c\u7528(bacteria,infection,inflammation)", "name": 22, "myGroup": "G8", "label": "\u7802\u4ec1", "nodeSupportPercent": 3.8316, "id": 22}}, {"data": {"popup": " ", "name": 23, "myGroup": "G8", "label": "\u7099\u7518\u8349", "nodeSupportPercent": 1.23, "id": 23}}, {"data": {"popup": "  \u6c23(\u6eab) \u5473(\u8f9b) \u7d93\u7d61(\u80ba,\u5927\u8178,\u80c3) \u4f5c\u7528(allergy,bacteria,infection,inflammation,oxidation)", "name": 24, "myGroup": "G8", "label": "\u767d\u82b7", "nodeSupportPercent": 8.4912, "id": 24}}, {"data": {"popup": "  \u4f5c\u7528(allergy,oxidation)", "name": 25, "myGroup": "G3", "label": "\u6d88\u98a8\u6563", "nodeSupportPercent": 23.577, "id": 25}}, {"data": {"popup": "  \u6c23(\u6eab) \u5473(\u8f9b,\u82e6) \u7d93\u7d61(\u814e) \u4f5c\u7528(bacteria)", "name": 26, "myGroup": "G3", "label": "\u86c7\u5e8a\u5b50", "nodeSupportPercent": 1.83, "id": 26}}, {"data": {"popup": "  \u6c23(\u5bd2) \u5473(\u82e6) \u7d93\u7d61(\u813e,\u80c3) \u4f5c\u7528(allergy,inflammation)", "name": 27, "myGroup": "G3", "label": "\u767d\u9bae\u76ae", "nodeSupportPercent": 10.805, "id": 27}}, {"data": {"popup": "  \u6c23(\u5bd2) \u5473(\u82e6) \u7d93\u7d61(\u809d,\u5fc3,\u5927\u8178,\u80c3,\u8180\u80f1) \u4f5c\u7528(bacteria,infection,inflammation)", "name": 28, "myGroup": "G3", "label": "\u82e6\u53c3", "nodeSupportPercent": 2.56, "id": 28}}, {"data": {"popup": "  \u6c23(\u5bd2) \u5473(\u7518,\u82e6) \u7d93\u7d61(\u809d,\u80c3)", "name": 29, "myGroup": "G9", "label": "\u84b2\u516c\u82f1", "nodeSupportPercent": 12.522, "id": 29}}, {"data": {"popup": "  \u6c23(\u5bd2) \u5473(\u8f9b,\u82e6) \u7d93\u7d61(\u809d,\u5fc3)", "name": 30, "myGroup": "G9", "label": "\u7d2b\u82b1\u5730\u4e01", "nodeSupportPercent": 2.74, "id": 30}}, {"data": {"popup": "  \u6c23(\u6eab) \u5473(\u8f9b) \u7d93\u7d61(\u809d,\u80ba)", "name": 31, "myGroup": "G10", "label": "\u834a\u82a5", "nodeSupportPercent": 4.5263, "id": 31}}, {"data": {"popup": "  \u6c23(\u6eab) \u5473(\u8f9b,\u7518) \u7d93\u7d61(\u809d,\u813e,\u8180\u80f1) \u4f5c\u7528(allergy,bacteria,inflammation,oxidation)", "name": 32, "myGroup": "G10", "label": "\u9632\u98a8", "nodeSupportPercent": 2.83, "id": 32}}, {"data": {"popup": "  \u6c23(\u5bd2) \u5473(\u7518) \u7d93\u7d61(\u80ba) \u4f5c\u7528(allergy)", "name": 33, "myGroup": "G6", "label": "\u6851\u767d\u76ae", "nodeSupportPercent": 4.47, "id": 33}}, {"data": {"popup": "  \u6c23(\u5bd2) \u5473(\u7518) \u7d93\u7d61(\u80ba,\u5927\u8178,\u80c3) \u4f5c\u7528(allergy,bacteria,infection,oxidation)", "name": 34, "myGroup": "G6", "label": "\u91d1\u9280\u82b1", "nodeSupportPercent": 11.2, "id": 34}}], "edges": [{"data": {"source": 0, "Lift": 27.791, "is_directed": false, "target": 1, "name": "0-1"}}, {"data": {"source": 2, "Lift": 137.91, "is_directed": false, "target": 3, "name": "2-3"}}, {"data": {"source": 4, "Lift": 3.661, "is_directed": false, "target": 9, "name": "4-9"}}, {"data": {"source": 4, "Lift": 62.4, "is_directed": false, "target": 5, "name": "4-5"}}, {"data": {"source": 4, "Lift": 27.29, "is_directed": false, "target": 6, "name": "4-6"}}, {"data": {"source": 5, "Lift": 4.7397, "is_directed": false, "target": 8, "name": "5-8"}}, {"data": {"source": 5, "Lift": 4.1524, "is_directed": false, "target": 9, "name": "5-9"}}, {"data": {"source": 5, "Lift": 35.897, "is_directed": false, "target": 6, "name": "5-6"}}, {"data": {"source": 5, "Lift": 18.969, "is_directed": false, "target": 7, "name": "5-7"}}, {"data": {"source": 8, "Lift": 1.8042, "is_directed": false, "target": 25, "name": "8-25"}}, {"data": {"source": 8, "Lift": 3.9385, "is_directed": false, "target": 27, "name": "8-27"}}, {"data": {"source": 10, "Lift": 3.9253, "is_directed": false, "target": 11, "name": "10-11"}}, {"data": {"source": 12, "Lift": 6.2786, "is_directed": false, "target": 17, "name": "12-17"}}, {"data": {"source": 12, "Lift": 6.7463, "is_directed": false, "target": 13, "name": "12-13"}}, {"data": {"source": 14, "Lift": 2.3857, "is_directed": false, "target": 33, "name": "14-33"}}, {"data": {"source": 14, "Lift": 2.571, "is_directed": false, "target": 34, "name": "14-34"}}, {"data": {"source": 14, "Lift": 2.6919, "is_directed": false, "target": 15, "name": "14-15"}}, {"data": {"source": 16, "Lift": 5.0865, "is_directed": false, "target": 17, "name": "16-17"}}, {"data": {"source": 18, "Lift": 63.994, "is_directed": false, "target": 19, "name": "18-19"}}, {"data": {"source": 20, "Lift": 4.2256, "is_directed": false, "target": 21, "name": "20-21"}}, {"data": {"source": 20, "Lift": 5.1726, "is_directed": false, "target": 22, "name": "20-22"}}, {"data": {"source": 20, "Lift": 4.8996, "is_directed": false, "target": 23, "name": "20-23"}}, {"data": {"source": 22, "Lift": 5.773, "is_directed": false, "target": 24, "name": "22-24"}}, {"data": {"source": 22, "Lift": 12.319, "is_directed": false, "target": 23, "name": "22-23"}}, {"data": {"source": 23, "Lift": 5.3047, "is_directed": false, "target": 24, "name": "23-24"}}, {"data": {"source": 25, "Lift": 1.8379, "is_directed": false, "target": 26, "name": "25-26"}}, {"data": {"source": 25, "Lift": 1.8834, "is_directed": false, "target": 27, "name": "25-27"}}, {"data": {"source": 27, "Lift": 3.7829, "is_directed": false, "target": 28, "name": "27-28"}}, {"data": {"source": 29, "Lift": 4.7144, "is_directed": false, "target": 30, "name": "29-30"}}, {"data": {"source": 31, "Lift": 10.562, "is_directed": false, "target": 32, "name": "31-32"}}]}, "data": {"description": "<h1>\u6fd5\u75b9\u4e2d\u91ab\u6cbb\u7642\u5716\u8b5c</h1><h2>ECZEMA_(Support=0.5%, Confidence=40.0%)</h2>", "name": "ECZEMA_(Support=0.5%, Confidence=40.0%)", "tags": ["ECZEMA", "\u6fd5\u75b9\u4e2d\u91ab\u6cbb\u7642\u5716\u8b5c"]}}