{"elements": {"nodes": [{"data": {"popup": "<b>Uniprot ID</b>: <a style=\"color:blue\" href=\"http://www.uniprot.org/uniprot/Q13651\" target=\"UniProtKB\">Q13651</a><br><li><i>Recommended name</i>: Interleukin-10 receptor subunit alpha</li><li><i>Alternate name(s)</i>: <ul><li>CDw210a</li><li>Interleukin-10 receptor subunit 1</li></ul></li><br><b>Entrez ID:</b> <a style=\"color:blue\" href=\"http://www.ncbi.nlm.nih.gov/gene/3587\" target=\"EntrezGene\">3587</a>", "name": "IL10RA", "id": "IL10RA", "label": "IL10RA"}}, {"data": {"popup": "<b>Uniprot ID</b>: <a style=\"color:blue\" href=\"http://www.uniprot.org/uniprot/Q08334\" target=\"UniProtKB\">Q08334</a><br><li><i>Recommended name</i>: Interleukin-10 receptor subunit beta</li><li><i>Alternate name(s)</i>: <ul><li>Cytokine receptor class-II member 4</li><li>Cytokine receptor family 2 member 4</li><li>Interleukin-10 receptor subunit 2</li></ul></li><br><b>Entrez ID:</b> <a style=\"color:blue\" href=\"http://www.ncbi.nlm.nih.gov/gene/3588\" target=\"EntrezGene\">3588</a>", "name": "IL10RB", "id": "IL10RB", "label": "IL10RB"}}, {"data": {"popup": "<b>Uniprot ID</b>: <a style=\"color:blue\" href=\"http://www.uniprot.org/uniprot/P04229\" target=\"UniProtKB\">P04229</a><br><li><i>Recommended name</i>: HLA class II histocompatibility antigen, DRB1-1 beta chain</li><li><i>Alternate name(s)</i>: <ul><li>MHC class II antigen DRB1*1</li></ul></li>", "name": "HLA-DRB1-P04229", "id": "HLA-DRB1-P04229", "label": "HLA-DRB1-P04229-family"}}, {"data": {"popup": "<b>Uniprot ID</b>: <a style=\"color:blue\" href=\"http://www.uniprot.org/uniprot/P13761\" target=\"UniProtKB\">P13761</a><br><li><i>Recommended name</i>: HLA class II histocompatibility antigen, DRB1-7 beta chain</li><li><i>Alternate name(s)</i>: <ul><li>MHC class II antigen DRB1*7</li></ul></li><br><b>Entrez ID:</b> <a style=\"color:blue\" href=\"http://www.ncbi.nlm.nih.gov/gene/3123\" target=\"EntrezGene\">3123</a>", "name": "HLA-DRB1-P13761", "id": "HLA-DRB1-P13761", "label": "HLA-DRB1-P13761-family"}}, {"data": {"popup": "<b>Uniprot ID</b>: <a style=\"color:blue\" href=\"http://www.uniprot.org/uniprot/Q8TCQ1\" target=\"UniProtKB\">Q8TCQ1</a><br><li><i>Recommended name</i>: E3 ubiquitin-protein ligase MARCH1</li><li><i>Alternate name(s)</i>: <ul><li>Membrane-associated RING finger protein 1</li><li>Membrane-associated RING-CH protein I</li><li>RING finger protein 171</li><li>RING-type E3 ubiquitin transferase MARCH1</li></ul></li><br><b>Entrez ID:</b> <a style=\"color:blue\" href=\"http://www.ncbi.nlm.nih.gov/gene/55016\" target=\"EntrezGene\">55016</a>", "name": "MARCH1", "id": "MARCH1", "label": "MARCH1"}}, {"data": {"popup": "<b>Uniprot ID</b>: <a style=\"color:blue\" href=\"http://www.uniprot.org/uniprot/Q95IE3\" target=\"UniProtKB\">Q95IE3</a><br><li><i>Recommended name</i>: HLA class II histocompatibility antigen, DRB1-12 beta chain</li><li><i>Alternate name(s)</i>: <ul><li>MHC class II antigen DRB1*12</li></ul></li>", "name": "HLA-DRB1-Q95IE3", "id": "HLA-DRB1-Q95IE3", "label": "HLA-DRB1-Q95IE3-family"}}, {"data": {"popup": "<b>Uniprot ID</b>: <a style=\"color:blue\" href=\"http://www.uniprot.org/uniprot/P40763\" target=\"UniProtKB\">P40763</a><br><li><i>Recommended name</i>: Signal transducer and activator of transcription 3</li><li><i>Alternate name(s)</i>: <ul><li>Acute-phase response factor</li></ul></li><br><b>Entrez ID:</b> <a style=\"color:blue\" href=\"http://www.ncbi.nlm.nih.gov/gene/6774\" target=\"EntrezGene\">6774</a>", "name": "STAT3", "id": "STAT3", "label": "STAT3"}}, {"data": {"popup": "<b>Uniprot ID</b>: <a style=\"color:blue\" href=\"http://www.uniprot.org/uniprot/Q9GIY3\" target=\"UniProtKB\">Q9GIY3</a><br><li><i>Recommended name</i>: HLA class II histocompatibility antigen, DRB1-14 beta chain</li><li><i>Alternate name(s)</i>: <ul><li>MHC class II antigen DRB1*14</li></ul></li>", "name": "HLA-DRB1-Q9GIY3", "id": "HLA-DRB1-Q9GIY3", "label": "HLA-DRB1-Q9GIY3-family"}}, {"data": {"popup": "<b>Uniprot ID</b>: <a style=\"color:blue\" href=\"http://www.uniprot.org/uniprot/P42224\" target=\"UniProtKB\">P42224</a><br><li><i>Recommended name</i>: Signal transducer and activator of transcription 1-alpha/beta</li><li><i>Alternate name(s)</i>: <ul><li>Transcription factor ISGF-3 components p91/p84</li></ul></li><br><b>Entrez ID:</b> <a style=\"color:blue\" href=\"http://www.ncbi.nlm.nih.gov/gene/6772\" target=\"EntrezGene\">6772</a>", "name": "STAT1", "id": "STAT1", "label": "STAT1"}}, {"data": {"popup": "<b>Uniprot ID</b>: <a style=\"color:blue\" href=\"http://www.uniprot.org/uniprot/Q9Y6W8\" target=\"UniProtKB\">Q9Y6W8</a><br><li><i>Recommended name</i>: Inducible T-cell costimulator</li><li><i>Alternate name(s)</i>: <ul><li>Activation-inducible lymphocyte immunomediatory molecule</li></ul></li><br><b>Entrez ID:</b> <a style=\"color:blue\" href=\"http://www.ncbi.nlm.nih.gov/gene/29851\" target=\"EntrezGene\">29851</a>", "name": "ICOS", "id": "ICOS", "label": "ICOS"}}, {"data": {"popup": "<b>Uniprot ID</b>: <a style=\"color:blue\" href=\"http://www.uniprot.org/uniprot/P10747\" target=\"UniProtKB\">P10747</a><br><li><i>Recommended name</i>: T-cell-specific surface glycoprotein CD28</li><li><i>Alternate name(s)</i>: <ul><li>TP44</li></ul></li><br><b>Entrez ID:</b> <a style=\"color:blue\" href=\"http://www.ncbi.nlm.nih.gov/gene/940\" target=\"EntrezGene\">940</a>", "name": "CD28", "id": "CD28", "label": "CD28"}}, {"data": {"popup": "<b>Uniprot ID</b>: <a style=\"color:blue\" href=\"http://www.uniprot.org/uniprot/Q5Y7A7\" target=\"UniProtKB\">Q5Y7A7</a><br><li><i>Recommended name</i>: HLA class II histocompatibility antigen, DRB1-13 beta chain</li><li><i>Alternate name(s)</i>: <ul><li>MHC class II antigen DRB1*13</li></ul></li>", "name": "HLA-DRB1-Q5Y7A7", "id": "HLA-DRB1-Q5Y7A7", "label": "HLA-DRB1-Q5Y7A7-family"}}, {"data": {"popup": "<b>Uniprot ID</b>: <a style=\"color:blue\" href=\"http://www.uniprot.org/uniprot/Q29974\" target=\"UniProtKB\">Q29974</a><br><li><i>Recommended name</i>: HLA class II histocompatibility antigen, DRB1-16 beta chain</li><li><i>Alternate name(s)</i>: <ul><li>MHC class II antigen DRB1*16</li></ul></li><br><b>Entrez ID:</b> <a style=\"color:blue\" href=\"http://www.ncbi.nlm.nih.gov/gene/3123\" target=\"EntrezGene\">3123</a>", "name": "HLA-DRB1-Q29974", "id": "HLA-DRB1-Q29974", "label": "HLA-DRB1-Q29974-family"}}, {"data": {"popup": "<b>Uniprot ID</b>: <a style=\"color:blue\" href=\"http://www.uniprot.org/uniprot/Q30134\" target=\"UniProtKB\">Q30134</a><br><li><i>Recommended name</i>: HLA class II histocompatibility antigen, DRB1-8 beta chain</li><li><i>Alternate name(s)</i>: <ul><li>MHC class II antigen DRB1*8</li></ul></li>", "name": "HLA-DRB1", "id": "HLA-DRB1", "label": "HLA-DRB1"}}, {"data": {"popup": "<b>Uniprot ID</b>: <a style=\"color:blue\" href=\"http://www.uniprot.org/uniprot/P13760\" target=\"UniProtKB\">P13760</a><br><li><i>Recommended name</i>: HLA class II histocompatibility antigen, DRB1-4 beta chain</li><li><i>Alternate name(s)</i>: <ul><li>MHC class II antigen DRB1*4</li></ul></li>", "name": "HLA-DRB1-P13760", "id": "HLA-DRB1-P13760", "label": "HLA-DRB1-P13760-family"}}, {"data": {"popup": "<b>Uniprot ID</b>: <a style=\"color:blue\" href=\"http://www.uniprot.org/uniprot/Q30167\" target=\"UniProtKB\">Q30167</a><br><li><i>Recommended name</i>: HLA class II histocompatibility antigen, DRB1-10 beta chain</li><li><i>Alternate name(s)</i>: <ul><li>DRw10</li><li>MHC class II antigen DRB1*10</li></ul></li>", "name": "HLA-DRB1-Q30167", "id": "HLA-DRB1-Q30167", "label": "HLA-DRB1-Q30167-family"}}, {"data": {"popup": "<b>Uniprot ID</b>: <a style=\"color:blue\" href=\"http://www.uniprot.org/uniprot/P29350\" target=\"UniProtKB\">P29350</a><br><li><i>Recommended name</i>: Tyrosine-protein phosphatase non-receptor type 6</li><li><i>Alternate name(s)</i>: <ul><li>Hematopoietic cell protein-tyrosine phosphatase</li><li>Protein-tyrosine phosphatase 1C</li><li>Protein-tyrosine phosphatase SHP-1</li><li>SH-PTP1</li></ul></li><br><b>Entrez ID:</b> <a style=\"color:blue\" href=\"http://www.ncbi.nlm.nih.gov/gene/5777\" target=\"EntrezGene\">5777</a>", "name": "PTPN6", "id": "PTPN6", "label": "PTPN6"}}, {"data": {"popup": "<b>Uniprot ID</b>: <a style=\"color:blue\" href=\"http://www.uniprot.org/uniprot/P20039\" target=\"UniProtKB\">P20039</a><br><li><i>Recommended name</i>: HLA class II histocompatibility antigen, DRB1-11 beta chain</li><li><i>Alternate name(s)</i>: <ul><li>DR-5</li><li>DRw11</li><li>MHC class II antigen DRB1*11</li></ul></li>", "name": "HLA-DRB1-P20039", "id": "HLA-DRB1-P20039", "label": "HLA-DRB1-P20039-family"}}, {"data": {"popup": "<b>Uniprot ID</b>: <a style=\"color:blue\" href=\"http://www.uniprot.org/uniprot/P22301\" target=\"UniProtKB\">P22301</a><br><li><i>Recommended name</i>: Interleukin-10</li><li><i>Alternate name(s)</i>: <ul><li>Cytokine synthesis inhibitory factor</li></ul></li><br><b>Entrez ID:</b> <a style=\"color:blue\" href=\"http://www.ncbi.nlm.nih.gov/gene/3586\" target=\"EntrezGene\">3586</a>", "name": "IL10", "id": "IL10", "label": "IL10"}}, {"data": {"popup": "<b>Uniprot ID</b>: <a style=\"color:blue\" href=\"http://www.uniprot.org/uniprot/P01912\" target=\"UniProtKB\">P01912</a><br><li><i>Recommended name</i>: HLA class II histocompatibility antigen, DRB1-3 chain</li><li><i>Alternate name(s)</i>: <ul><li>Clone P2-beta-3</li><li>MHC class II antigen DRB1*3</li></ul></li><br><b>Entrez ID:</b> <a style=\"color:blue\" href=\"http://www.ncbi.nlm.nih.gov/gene/3123\" target=\"EntrezGene\">3123</a>", "name": "HLA-DRB1-P01912", "id": "HLA-DRB1-P01912", "label": "HLA-DRB1-P01912-family"}}, {"data": {"popup": "<b>Uniprot ID</b>: <a style=\"color:blue\" href=\"http://www.uniprot.org/uniprot/P01911\" target=\"UniProtKB\">P01911</a><br><li><i>Recommended name</i>: HLA class II histocompatibility antigen, DRB1-15 beta chain</li><li><i>Alternate name(s)</i>: <ul><li>DW2.2/DR2.2</li><li>MHC class II antigen DRB1*15</li></ul></li><br><b>Entrez ID:</b> <a style=\"color:blue\" href=\"http://www.ncbi.nlm.nih.gov/gene/3123\" target=\"EntrezGene\">3123</a>", "name": "HLA-DRB1-P01911", "id": "HLA-DRB1-P01911", "label": "HLA-DRB1-P01911-family"}}, {"data": {"popup": "<b>Uniprot ID</b>: <a style=\"color:blue\" href=\"http://www.uniprot.org/uniprot/Q9TQE0\" target=\"UniProtKB\">Q9TQE0</a><br><li><i>Recommended name</i>: HLA class II histocompatibility antigen, DRB1-9 beta chain</li><li><i>Alternate name(s)</i>: <ul><li>MHC class II antigen DRB1*9</li></ul></li>", "name": "HLA-DRB1-Q9TQE0", "id": "HLA-DRB1-Q9TQE0", "label": "HLA-DRB1-Q9TQE0-family"}}], "edges": [{"data": {"source": "IL10RB", "popup": "<b>IL10RB - IL10RA</b></br><b>Q08334 - Q13651</b></br><hr /><h><b>Sources of Evidence</b></h><dl><dt>BioGrid</dt>&bull;&nbsp&nbspMI:0915 (physical association) <br>&nbsp&nbsp&nbsp&nbsp&bull;&nbsp&nbspMI:0004 (affinity chromatography technology)  <a style=\"color:blue\" href=\"http://www.ncbi.nlm.nih.gov/pubmed/9312047\" target=\"PubMed\">pmid:9312047</a><br></li></ul><br><dt>KEGG</dt>&bull;&nbsp&nbspgroup-entry <br>&nbsp&nbsp&nbsp&nbsp&bull;&nbsp&nbspCytokine-cytokine receptor interaction  <a style=\"color:blue\" href=\"http://www.kegg.jp/kegg-bin/show_pathway?hsa04060\" target=\"KEGG\">map</a>,&nbsp<a style=\"color:blue\" href=\"http://www.kegg.jp/dbget-bin/www_bget?pathway+hsa04060\" target=\"KEGG\">evidence</a><br>&nbsp&nbsp&nbsp&nbsp&bull;&nbsp&nbspTuberculosis  <a style=\"color:blue\" href=\"http://www.kegg.jp/kegg-bin/show_pathway?hsa05152\" target=\"KEGG\">map</a>,&nbsp<a style=\"color:blue\" href=\"http://www.kegg.jp/dbget-bin/www_bget?pathway+hsa05152\" target=\"KEGG\">evidence</a><br></li></ul><br><dt>NetPath</dt>&bull;&nbsp&nbspMI:0218 (physical interaction) <br>&nbsp&nbsp&nbsp&nbsp&bull;&nbsp&nbspInterleukin-10 (IL-10) pathway  <a style=\"color:blue\" href=\"http://www.ncbi.nlm.nih.gov/pubmed/9312047\" target=\"PubMed\">pmid:9312047</a>,&nbsp<a style=\"color:blue\" href=\"http://www.ncbi.nlm.nih.gov/pubmed/11485736\" target=\"PubMed\">pmid:11485736</a>,&nbsp<a style=\"color:blue\" href=\"http://www.netpath.org/reactions?path_id=NetPath_132\" target=\"NetPath\">netpath:NetPath_132</a><br></li></ul><br><dt>SPIKE</dt>&nbsp&nbsp&nbsp&nbsp&bull;&nbsp&nbsp2013-06-LatestSpikeDB (Complex)  <br></li></ul><br><dt>Reactome-FIs</dt>&nbsp&nbsp&nbsp&nbsp&bull;&nbsp&nbsp<FONT COLOR=\"gray\">MI:0046 (experimental knowledge based)</FONT>  <a style=\"color:blue\" href=\"http://www.ncbi.nlm.nih.gov/pubmed/20482850\" target=\"PubMed\">pmid:20482850</a><br></li></ul><br>", "is_directed": false, "target": "IL10RA", "name": "IL10RB-IL10RA"}}, {"data": {"source": "MARCH1", "popup": "<b>MARCH1 - HLA-DRB1-P04229</b></br><b>Q8TCQ1 - P04229</b></br><hr /><h><b>Sources of Evidence</b></h><dl><dt>NetPath</dt>&bull;&nbsp&nbspMI:0220 (ubiquitination reaction) <br>&nbsp&nbsp&nbsp&nbsp&bull;&nbsp&nbspInterleukin-10 (IL-10) pathway  <a style=\"color:blue\" href=\"http://www.ncbi.nlm.nih.gov/pubmed/18389477\" target=\"PubMed\">pmid:18389477</a>,&nbsp<a style=\"color:blue\" href=\"http://www.netpath.org/reactions?path_id=NetPath_132\" target=\"NetPath\">netpath:NetPath_132</a><br></li></ul><br>", "is_directed": true, "target": "HLA-DRB1-P04229", "name": "MARCH1-HLA-DRB1-P04229"}}, {"data": {"source": "MARCH1", "popup": "<b>MARCH1 - HLA-DRB1-P13761</b></br><b>Q8TCQ1 - P13761</b></br><hr /><h><b>Sources of Evidence</b></h><dl><dt>NetPath</dt>&bull;&nbsp&nbspMI:0220 (ubiquitination reaction) <br>&nbsp&nbsp&nbsp&nbsp&bull;&nbsp&nbspInterleukin-10 (IL-10) pathway  <a style=\"color:blue\" href=\"http://www.ncbi.nlm.nih.gov/pubmed/18389477\" target=\"PubMed\">pmid:18389477</a>,&nbsp<a style=\"color:blue\" href=\"http://www.netpath.org/reactions?path_id=NetPath_132\" target=\"NetPath\">netpath:NetPath_132</a><br></li></ul><br>", "is_directed": true, "target": "HLA-DRB1-P13761", "name": "MARCH1-HLA-DRB1-P13761"}}, {"data": {"source": "MARCH1", "popup": "<b>MARCH1 - HLA-DRB1-P20039</b></br><b>Q8TCQ1 - P20039</b></br><hr /><h><b>Sources of Evidence</b></h><dl><dt>NetPath</dt>&bull;&nbsp&nbspMI:0220 (ubiquitination reaction) <br>&nbsp&nbsp&nbsp&nbsp&bull;&nbsp&nbspInterleukin-10 (IL-10) pathway  <a style=\"color:blue\" href=\"http://www.ncbi.nlm.nih.gov/pubmed/18389477\" target=\"PubMed\">pmid:18389477</a>,&nbsp<a style=\"color:blue\" href=\"http://www.netpath.org/reactions?path_id=NetPath_132\" target=\"NetPath\">netpath:NetPath_132</a><br></li></ul><br>", "is_directed": true, "target": "HLA-DRB1-P20039", "name": "MARCH1-HLA-DRB1-P20039"}}, {"data": {"source": "MARCH1", "popup": "<b>MARCH1 - HLA-DRB1-Q29974</b></br><b>Q8TCQ1 - Q29974</b></br><hr /><h><b>Sources of Evidence</b></h><dl><dt>BioGrid</dt>&bull;&nbsp&nbspMI:0407 (direct interaction) <br>&nbsp&nbsp&nbsp&nbsp&bull;&nbsp&nbspMI:0055 (fluorescent resonance energy transfer)  <a style=\"color:blue\" href=\"http://www.ncbi.nlm.nih.gov/pubmed/23264739\" target=\"PubMed\">pmid:23264739</a><br></li></ul><br><dt>NetPath</dt>&bull;&nbsp&nbspMI:0220 (ubiquitination reaction) <br>&nbsp&nbsp&nbsp&nbsp&bull;&nbsp&nbspInterleukin-10 (IL-10) pathway  <a style=\"color:blue\" href=\"http://www.ncbi.nlm.nih.gov/pubmed/18389477\" target=\"PubMed\">pmid:18389477</a>,&nbsp<a style=\"color:blue\" href=\"http://www.netpath.org/reactions?path_id=NetPath_132\" target=\"NetPath\">netpath:NetPath_132</a><br></li></ul><br>", "is_directed": true, "target": "HLA-DRB1-Q29974", "name": "MARCH1-HLA-DRB1-Q29974"}}, {"data": {"source": "MARCH1", "popup": "<b>MARCH1 - HLA-DRB1-Q9GIY3</b></br><b>Q8TCQ1 - Q9GIY3</b></br><hr /><h><b>Sources of Evidence</b></h><dl><dt>NetPath</dt>&bull;&nbsp&nbspMI:0220 (ubiquitination reaction) <br>&nbsp&nbsp&nbsp&nbsp&bull;&nbsp&nbspInterleukin-10 (IL-10) pathway  <a style=\"color:blue\" href=\"http://www.ncbi.nlm.nih.gov/pubmed/18389477\" target=\"PubMed\">pmid:18389477</a>,&nbsp<a style=\"color:blue\" href=\"http://www.netpath.org/reactions?path_id=NetPath_132\" target=\"NetPath\">netpath:NetPath_132</a><br></li></ul><br>", "is_directed": true, "target": "HLA-DRB1-Q9GIY3", "name": "MARCH1-HLA-DRB1-Q9GIY3"}}, {"data": {"source": "MARCH1", "popup": "<b>MARCH1 - HLA-DRB1</b></br><b>Q8TCQ1 - Q30134</b></br><hr /><h><b>Sources of Evidence</b></h><dl><dt>NetPath</dt>&bull;&nbsp&nbspMI:0220 (ubiquitination reaction) <br>&nbsp&nbsp&nbsp&nbsp&bull;&nbsp&nbspInterleukin-10 (IL-10) pathway  <a style=\"color:blue\" href=\"http://www.ncbi.nlm.nih.gov/pubmed/18389477\" target=\"PubMed\">pmid:18389477</a>,&nbsp<a style=\"color:blue\" href=\"http://www.netpath.org/reactions?path_id=NetPath_132\" target=\"NetPath\">netpath:NetPath_132</a><br></li></ul><br>", "is_directed": true, "target": "HLA-DRB1", "name": "MARCH1-HLA-DRB1"}}, {"data": {"source": "MARCH1", "popup": "<b>MARCH1 - HLA-DRB1-P01912</b></br><b>Q8TCQ1 - P01912</b></br><hr /><h><b>Sources of Evidence</b></h><dl><dt>BioGrid</dt>&bull;&nbsp&nbspMI:0407 (direct interaction) <br>&nbsp&nbsp&nbsp&nbsp&bull;&nbsp&nbspMI:0055 (fluorescent resonance energy transfer)  <a style=\"color:blue\" href=\"http://www.ncbi.nlm.nih.gov/pubmed/23264739\" target=\"PubMed\">pmid:23264739</a><br></li></ul><br><dt>NetPath</dt>&bull;&nbsp&nbspMI:0220 (ubiquitination reaction) <br>&nbsp&nbsp&nbsp&nbsp&bull;&nbsp&nbspInterleukin-10 (IL-10) pathway  <a style=\"color:blue\" href=\"http://www.ncbi.nlm.nih.gov/pubmed/18389477\" target=\"PubMed\">pmid:18389477</a>,&nbsp<a style=\"color:blue\" href=\"http://www.netpath.org/reactions?path_id=NetPath_132\" target=\"NetPath\">netpath:NetPath_132</a><br></li></ul><br>", "is_directed": true, "target": "HLA-DRB1-P01912", "name": "MARCH1-HLA-DRB1-P01912"}}, {"data": {"source": "MARCH1", "popup": "<b>MARCH1 - HLA-DRB1-P13760</b></br><b>Q8TCQ1 - P13760</b></br><hr /><h><b>Sources of Evidence</b></h><dl><dt>NetPath</dt>&bull;&nbsp&nbspMI:0220 (ubiquitination reaction) <br>&nbsp&nbsp&nbsp&nbsp&bull;&nbsp&nbspInterleukin-10 (IL-10) pathway  <a style=\"color:blue\" href=\"http://www.ncbi.nlm.nih.gov/pubmed/18389477\" target=\"PubMed\">pmid:18389477</a>,&nbsp<a style=\"color:blue\" href=\"http://www.netpath.org/reactions?path_id=NetPath_132\" target=\"NetPath\">netpath:NetPath_132</a><br></li></ul><br>", "is_directed": true, "target": "HLA-DRB1-P13760", "name": "MARCH1-HLA-DRB1-P13760"}}, {"data": {"source": "MARCH1", "popup": "<b>MARCH1 - HLA-DRB1-P01911</b></br><b>Q8TCQ1 - P01911</b></br><hr /><h><b>Sources of Evidence</b></h><dl><dt>BioGrid</dt>&bull;&nbsp&nbspMI:0407 (direct interaction) <br>&nbsp&nbsp&nbsp&nbsp&bull;&nbsp&nbspMI:0055 (fluorescent resonance energy transfer)  <a style=\"color:blue\" href=\"http://www.ncbi.nlm.nih.gov/pubmed/23264739\" target=\"PubMed\">pmid:23264739</a><br></li></ul><br><dt>NetPath</dt>&bull;&nbsp&nbspMI:0220 (ubiquitination reaction) <br>&nbsp&nbsp&nbsp&nbsp&bull;&nbsp&nbspInterleukin-10 (IL-10) pathway  <a style=\"color:blue\" href=\"http://www.ncbi.nlm.nih.gov/pubmed/18389477\" target=\"PubMed\">pmid:18389477</a>,&nbsp<a style=\"color:blue\" href=\"http://www.netpath.org/reactions?path_id=NetPath_132\" target=\"NetPath\">netpath:NetPath_132</a><br></li></ul><br>", "is_directed": true, "target": "HLA-DRB1-P01911", "name": "MARCH1-HLA-DRB1-P01911"}}, {"data": {"source": "MARCH1", "popup": "<b>MARCH1 - HLA-DRB1-Q9TQE0</b></br><b>Q8TCQ1 - Q9TQE0</b></br><hr /><h><b>Sources of Evidence</b></h><dl><dt>NetPath</dt>&bull;&nbsp&nbspMI:0220 (ubiquitination reaction) <br>&nbsp&nbsp&nbsp&nbsp&bull;&nbsp&nbspInterleukin-10 (IL-10) pathway  <a style=\"color:blue\" href=\"http://www.ncbi.nlm.nih.gov/pubmed/18389477\" target=\"PubMed\">pmid:18389477</a>,&nbsp<a style=\"color:blue\" href=\"http://www.netpath.org/reactions?path_id=NetPath_132\" target=\"NetPath\">netpath:NetPath_132</a><br></li></ul><br>", "is_directed": true, "target": "HLA-DRB1-Q9TQE0", "name": "MARCH1-HLA-DRB1-Q9TQE0"}}, {"data": {"source": "MARCH1", "popup": "<b>MARCH1 - HLA-DRB1-Q95IE3</b></br><b>Q8TCQ1 - Q95IE3</b></br><hr /><h><b>Sources of Evidence</b></h><dl><dt>NetPath</dt>&bull;&nbsp&nbspMI:0220 (ubiquitination reaction) <br>&nbsp&nbsp&nbsp&nbsp&bull;&nbsp&nbspInterleukin-10 (IL-10) pathway  <a style=\"color:blue\" href=\"http://www.ncbi.nlm.nih.gov/pubmed/18389477\" target=\"PubMed\">pmid:18389477</a>,&nbsp<a style=\"color:blue\" href=\"http://www.netpath.org/reactions?path_id=NetPath_132\" target=\"NetPath\">netpath:NetPath_132</a><br></li></ul><br>", "is_directed": true, "target": "HLA-DRB1-Q95IE3", "name": "MARCH1-HLA-DRB1-Q95IE3"}}, {"data": {"source": "MARCH1", "popup": "<b>MARCH1 - HLA-DRB1-Q30167</b></br><b>Q8TCQ1 - Q30167</b></br><hr /><h><b>Sources of Evidence</b></h><dl><dt>NetPath</dt>&bull;&nbsp&nbspMI:0220 (ubiquitination reaction) <br>&nbsp&nbsp&nbsp&nbsp&bull;&nbsp&nbspInterleukin-10 (IL-10) pathway  <a style=\"color:blue\" href=\"http://www.ncbi.nlm.nih.gov/pubmed/18389477\" target=\"PubMed\">pmid:18389477</a>,&nbsp<a style=\"color:blue\" href=\"http://www.netpath.org/reactions?path_id=NetPath_132\" target=\"NetPath\">netpath:NetPath_132</a><br></li></ul><br>", "is_directed": true, "target": "HLA-DRB1-Q30167", "name": "MARCH1-HLA-DRB1-Q30167"}}, {"data": {"source": "MARCH1", "popup": "<b>MARCH1 - HLA-DRB1-Q5Y7A7</b></br><b>Q8TCQ1 - Q5Y7A7</b></br><hr /><h><b>Sources of Evidence</b></h><dl><dt>NetPath</dt>&bull;&nbsp&nbspMI:0220 (ubiquitination reaction) <br>&nbsp&nbsp&nbsp&nbsp&bull;&nbsp&nbspInterleukin-10 (IL-10) pathway  <a style=\"color:blue\" href=\"http://www.ncbi.nlm.nih.gov/pubmed/18389477\" target=\"PubMed\">pmid:18389477</a>,&nbsp<a style=\"color:blue\" href=\"http://www.netpath.org/reactions?path_id=NetPath_132\" target=\"NetPath\">netpath:NetPath_132</a><br></li></ul><br>", "is_directed": true, "target": "HLA-DRB1-Q5Y7A7", "name": "MARCH1-HLA-DRB1-Q5Y7A7"}}, {"data": {"source": "STAT3", "popup": "<b>STAT3 - IL10RA</b></br><b>P40763 - Q13651</b></br><hr /><h><b>Sources of Evidence</b></h><dl><dt>NetPath</dt>&bull;&nbsp&nbspMI:0218 (physical interaction) <br>&nbsp&nbsp&nbsp&nbsp&bull;&nbsp&nbspInterleukin-10 (IL-10) pathway  <a style=\"color:blue\" href=\"http://www.ncbi.nlm.nih.gov/pubmed/8910398\" target=\"PubMed\">pmid:8910398</a>,&nbsp<a style=\"color:blue\" href=\"http://www.netpath.org/reactions?path_id=NetPath_132\" target=\"NetPath\">netpath:NetPath_132</a><br></li></ul><br><dt>Reactome-FIs</dt>&nbsp&nbsp&nbsp&nbsp&bull;&nbsp&nbsp<FONT COLOR=\"gray\">MI:0046 (experimental knowledge based)</FONT>  <a style=\"color:blue\" href=\"http://www.ncbi.nlm.nih.gov/pubmed/20482850\" target=\"PubMed\">pmid:20482850</a><br></li></ul><br>", "is_directed": false, "target": "IL10RA", "name": "STAT3-IL10RA"}}, {"data": {"source": "STAT3", "popup": "<b>STAT3 - STAT1</b></br><b>P40763 - P42224</b></br><hr /><h><b>Sources of Evidence</b></h><dl><dt>BioGrid</dt>&bull;&nbsp&nbspMI:0915 (physical association) <br>&nbsp&nbsp&nbsp&nbsp&bull;&nbsp&nbspMI:0004 (affinity chromatography technology)  <a style=\"color:blue\" href=\"http://www.ncbi.nlm.nih.gov/pubmed/11594781\" target=\"PubMed\">pmid:11594781</a>,&nbsp<a style=\"color:blue\" href=\"http://www.ncbi.nlm.nih.gov/pubmed/11722592\" target=\"PubMed\">pmid:11722592</a>,&nbsp<a style=\"color:blue\" href=\"http://www.ncbi.nlm.nih.gov/pubmed/12070153\" target=\"PubMed\">pmid:12070153</a>,&nbsp<a style=\"color:blue\" href=\"http://www.ncbi.nlm.nih.gov/pubmed/25609649\" target=\"PubMed\">pmid:25609649</a><br>&bull;&nbsp&nbspMI:0407 (direct interaction) <br>&nbsp&nbsp&nbsp&nbsp&bull;&nbsp&nbspMI:0096 (pull down)  <a style=\"color:blue\" href=\"http://www.ncbi.nlm.nih.gov/pubmed/16007122\" target=\"PubMed\">pmid:16007122</a><br>&bull;&nbsp&nbspMI:0403 (colocalization) <br>&nbsp&nbsp&nbsp&nbsp&bull;&nbsp&nbspMI:0428 (imaging technique)  <a style=\"color:blue\" href=\"http://www.ncbi.nlm.nih.gov/pubmed/25241761\" target=\"PubMed\">pmid:25241761</a><br></li></ul><br><dt>InnateDB</dt>&bull;&nbsp&nbspMI:0915 (physical association) <br>&nbsp&nbsp&nbsp&nbsp&bull;&nbsp&nbspMI:0007 (anti tag coimmunoprecipitation)  <a style=\"color:blue\" href=\"http://www.ncbi.nlm.nih.gov/pubmed/15284024\" target=\"PubMed\">pmid:15284024</a><br></li></ul><br><dt>IntAct</dt>&bull;&nbsp&nbspMI:0915 (physical association) <br>&nbsp&nbsp&nbsp&nbsp&bull;&nbsp&nbsp<FONT COLOR=\"gray\">MI:0813 (proximity ligation assay)</FONT>  <a style=\"color:blue\" href=\"http://www.ncbi.nlm.nih.gov/pubmed/25241761\" target=\"PubMed\">pmid:25241761</a>,&nbsp<a style=\"color:blue\" href=\"http://www.ebi.ac.uk/intact/imex/main.xhtml?query=IM-18707\" target=\"IMEX\">imex:IM&#8209;18707</a><br></li></ul><br><dt>KEGG</dt>&bull;&nbsp&nbspgroup-entry <br>&nbsp&nbsp&nbsp&nbsp&bull;&nbsp&nbspJak-STAT signaling pathway  <a style=\"color:blue\" href=\"http://www.kegg.jp/kegg-bin/show_pathway?hsa04630\" target=\"KEGG\">map</a>,&nbsp<a style=\"color:blue\" href=\"http://www.kegg.jp/dbget-bin/www_bget?pathway+hsa04630\" target=\"KEGG\">evidence</a><br></li></ul><br><dt>MINT</dt>&bull;&nbsp&nbspMI:0914 (association) <br>&nbsp&nbsp&nbsp&nbsp&bull;&nbsp&nbspMI:0676 (tandem affinity purification)  <a style=\"color:blue\" href=\"http://www.ncbi.nlm.nih.gov/pubmed/25609649\" target=\"PubMed\">pmid:25609649</a>,&nbsp<a style=\"color:blue\" href=\"http://www.ebi.ac.uk/intact/imex/main.xhtml?query=IM-24178\" target=\"IMEX\">imex:IM&#8209;24178</a><br>&nbsp&nbsp&nbsp&nbsp&bull;&nbsp&nbspMI:0405 (competition binding)  <a style=\"color:blue\" href=\"http://www.ncbi.nlm.nih.gov/pubmed/8662591\" target=\"PubMed\">pmid:8662591</a>,&nbsp<a style=\"color:blue\" href=\"http://dx.doi.org/10.1074/jbc.271.22.12999\" target=\"DOI\">doi:10.1074/jbc.271.22.12999</a><br></li></ul><br><dt>NetPath</dt>&bull;&nbsp&nbspMI:0218 (physical interaction) <br>&nbsp&nbsp&nbsp&nbsp&bull;&nbsp&nbspLeptin pathway  <a style=\"color:blue\" href=\"http://www.ncbi.nlm.nih.gov/pubmed/8710878\" target=\"PubMed\">pmid:8710878</a>,&nbsp<a style=\"color:blue\" href=\"http://www.ncbi.nlm.nih.gov/pubmed/11064148\" target=\"PubMed\">pmid:11064148</a>,&nbsp<a style=\"color:blue\" href=\"http://www.netpath.org/reactions?path_id=NetPath_22\" target=\"NetPath\">netpath:NetPath_22</a><br>&nbsp&nbsp&nbsp&nbsp&bull;&nbsp&nbspInterleukin-9 (IL-9) pathway  <a style=\"color:blue\" href=\"http://www.ncbi.nlm.nih.gov/pubmed/9535918\" target=\"PubMed\">pmid:9535918</a>,&nbsp<a style=\"color:blue\" href=\"http://www.netpath.org/reactions?path_id=NetPath_20\" target=\"NetPath\">netpath:NetPath_20</a><br>&nbsp&nbsp&nbsp&nbsp&bull;&nbsp&nbspInterleukin-10 (IL-10) pathway  <a style=\"color:blue\" href=\"http://www.ncbi.nlm.nih.gov/pubmed/7543512\" target=\"PubMed\">pmid:7543512</a>,&nbsp<a style=\"color:blue\" href=\"http://www.netpath.org/reactions?path_id=NetPath_132\" target=\"NetPath\">netpath:NetPath_132</a><br>&nbsp&nbsp&nbsp&nbsp&bull;&nbsp&nbspEpidermal growth factor receptor (EGFR) pathway  <a style=\"color:blue\" href=\"http://www.ncbi.nlm.nih.gov/pubmed/12070153\" target=\"PubMed\">pmid:12070153</a>,&nbsp<a style=\"color:blue\" href=\"http://www.ncbi.nlm.nih.gov/pubmed/20067773\" target=\"PubMed\">pmid:20067773</a>,&nbsp<a style=\"color:blue\" href=\"http://www.netpath.org/reactions?path_id=NetPath_4\" target=\"NetPath\">netpath:NetPath_4</a><br>&nbsp&nbsp&nbsp&nbsp&bull;&nbsp&nbspInterleukin-6 (IL-6) pathway  <a style=\"color:blue\" href=\"http://www.ncbi.nlm.nih.gov/pubmed/9794795\" target=\"PubMed\">pmid:9794795</a>,&nbsp<a style=\"color:blue\" href=\"http://www.netpath.org/reactions?path_id=NetPath_18\" target=\"NetPath\">netpath:NetPath_18</a><br>&nbsp&nbsp&nbsp&nbsp&bull;&nbsp&nbspOncostatin-M (OSM) pathway  <a style=\"color:blue\" href=\"http://www.ncbi.nlm.nih.gov/pubmed/8898888\" target=\"PubMed\">pmid:8898888</a>,&nbsp<a style=\"color:blue\" href=\"http://www.ncbi.nlm.nih.gov/pubmed/9182534\" target=\"PubMed\">pmid:9182534</a>,&nbsp<a style=\"color:blue\" href=\"http://www.ncbi.nlm.nih.gov/pubmed/10391682\" target=\"PubMed\">pmid:10391682</a>,&nbsp<a style=\"color:blue\" href=\"http://www.ncbi.nlm.nih.gov/pubmed/11038252\" target=\"PubMed\">pmid:11038252</a>,&nbsp<a style=\"color:blue\" href=\"http://www.ncbi.nlm.nih.gov/pubmed/12584569\" target=\"PubMed\">pmid:12584569</a>,&nbsp<a style=\"color:blue\" href=\"http://www.ncbi.nlm.nih.gov/pubmed/20956996\" target=\"PubMed\">pmid:20956996</a>,&nbsp<a style=\"color:blue\" href=\"http://www.netpath.org/reactions?path_id=NetPath_114\" target=\"NetPath\">netpath:NetPath_114</a><br></li></ul><br><dt>SPIKE</dt>&nbsp&nbsp&nbsp&nbsp&bull;&nbsp&nbsp2013-06-LatestSpikeDB (Integrity=1)  <a style=\"color:blue\" href=\"http://www.ncbi.nlm.nih.gov/pubmed/9535918\" target=\"PubMed\">pmid:9535918</a>,&nbsp<a style=\"color:blue\" href=\"http://www.ncbi.nlm.nih.gov/pubmed/12070153\" target=\"PubMed\">pmid:12070153</a>,&nbsp<a style=\"color:blue\" href=\"http://www.ncbi.nlm.nih.gov/pubmed/16189514\" target=\"PubMed\">pmid:16189514</a><br></li></ul><br><dt>Reactome</dt>&bull;&nbsp&nbspMI:0914 (association) <br>&nbsp&nbsp&nbsp&nbsp&bull;&nbsp&nbsp<FONT COLOR=\"gray\">MI:0364 (inferred by curator)</FONT>  <a style=\"color:blue\" href=\"http://www.ncbi.nlm.nih.gov/pubmed/17367534\" target=\"PubMed\">pmid:17367534</a><br></li></ul><br><dt>Reactome-FIs</dt>&nbsp&nbsp&nbsp&nbsp&bull;&nbsp&nbsp<FONT COLOR=\"gray\">MI:0046 (experimental knowledge based)</FONT>  <a style=\"color:blue\" href=\"http://www.ncbi.nlm.nih.gov/pubmed/20482850\" target=\"PubMed\">pmid:20482850</a><br></li></ul><br>", "is_directed": false, "target": "STAT1", "name": "STAT3-STAT1"}}, {"data": {"source": "PTPN6", "popup": "<b>PTPN6 - ICOS</b></br><b>P29350 - Q9Y6W8</b></br><hr /><h><b>Sources of Evidence</b></h><dl><dt>NetPath</dt>&bull;&nbsp&nbspMI:0203 (dephosphorylation reaction) <br>&nbsp&nbsp&nbsp&nbsp&bull;&nbsp&nbspInterleukin-10 (IL-10) pathway  <a style=\"color:blue\" href=\"http://www.ncbi.nlm.nih.gov/pubmed/17531298\" target=\"PubMed\">pmid:17531298</a>,&nbsp<a style=\"color:blue\" href=\"http://www.netpath.org/reactions?path_id=NetPath_132\" target=\"NetPath\">netpath:NetPath_132</a><br></li></ul><br>", "is_directed": true, "target": "ICOS", "name": "PTPN6-ICOS"}}, {"data": {"source": "PTPN6", "popup": "<b>PTPN6 - CD28</b></br><b>P29350 - P10747</b></br><hr /><h><b>Sources of Evidence</b></h><dl><dt>NetPath</dt>&bull;&nbsp&nbspMI:0203 (dephosphorylation reaction) <br>&nbsp&nbsp&nbsp&nbsp&bull;&nbsp&nbspInterleukin-10 (IL-10) pathway  <a style=\"color:blue\" href=\"http://www.ncbi.nlm.nih.gov/pubmed/17531298\" target=\"PubMed\">pmid:17531298</a>,&nbsp<a style=\"color:blue\" href=\"http://www.netpath.org/reactions?path_id=NetPath_132\" target=\"NetPath\">netpath:NetPath_132</a><br></li></ul><br>", "is_directed": true, "target": "CD28", "name": "PTPN6-CD28"}}, {"data": {"source": "IL10", "popup": "<b>IL10 - IL10RA</b></br><b>P22301 - Q13651</b></br><hr /><h><b>Sources of Evidence</b></h><dl><dt>BioGrid</dt>&bull;&nbsp&nbspMI:0914 (association) <br>&nbsp&nbsp&nbsp&nbsp&bull;&nbsp&nbspMI:0114 (x-ray crystallography)  <a style=\"color:blue\" href=\"http://www.ncbi.nlm.nih.gov/pubmed/10231374\" target=\"PubMed\">pmid:10231374</a>,&nbsp<a style=\"color:blue\" href=\"http://www.ncbi.nlm.nih.gov/pubmed/11485736\" target=\"PubMed\">pmid:11485736</a><br>&nbsp&nbsp&nbsp&nbsp&bull;&nbsp&nbspMI:0401 (biochemical)  <a style=\"color:blue\" href=\"http://www.ncbi.nlm.nih.gov/pubmed/8248239\" target=\"PubMed\">pmid:8248239</a><br>&bull;&nbsp&nbspMI:0407 (direct interaction) <br>&nbsp&nbsp&nbsp&nbsp&bull;&nbsp&nbspMI:0096 (pull down)  <a style=\"color:blue\" href=\"http://www.ncbi.nlm.nih.gov/pubmed/7759550\" target=\"PubMed\">pmid:7759550</a>,&nbsp<a style=\"color:blue\" href=\"http://www.ncbi.nlm.nih.gov/pubmed/11717514\" target=\"PubMed\">pmid:11717514</a><br></li></ul><br><dt>DIP</dt>&bull;&nbsp&nbspMI:0218 (physical interaction) <br>&nbsp&nbsp&nbsp&nbsp&bull;&nbsp&nbspMI:0107 (surface plasmon resonance)  <a style=\"color:blue\" href=\"http://www.ncbi.nlm.nih.gov/pubmed/8120391\" target=\"PubMed\">pmid:8120391</a>,&nbsp<a style=\"color:blue\" href=\"http://www.ncbi.nlm.nih.gov/pubmed/15837194\" target=\"PubMed\">pmid:15837194</a>,&nbsp<a style=\"color:blue\" href=\"http://www.ncbi.nlm.nih.gov/pubmed/20462497\" target=\"PubMed\">pmid:20462497</a><br>&nbsp&nbsp&nbsp&nbsp&bull;&nbsp&nbspMI:0004 (affinity chromatography technology)  <a style=\"color:blue\" href=\"http://www.ncbi.nlm.nih.gov/pubmed/8120391\" target=\"PubMed\">pmid:8120391</a>,&nbsp<a style=\"color:blue\" href=\"http://www.ncbi.nlm.nih.gov/pubmed/15837194\" target=\"PubMed\">pmid:15837194</a>,&nbsp<a style=\"color:blue\" href=\"http://www.ncbi.nlm.nih.gov/pubmed/20462497\" target=\"PubMed\">pmid:20462497</a><br>&nbsp&nbsp&nbsp&nbsp&bull;&nbsp&nbspMI:0065 (isothermal titration calorimetry)  <a style=\"color:blue\" href=\"http://www.ncbi.nlm.nih.gov/pubmed/8120391\" target=\"PubMed\">pmid:8120391</a>,&nbsp<a style=\"color:blue\" href=\"http://www.ncbi.nlm.nih.gov/pubmed/15837194\" target=\"PubMed\">pmid:15837194</a>,&nbsp<a style=\"color:blue\" href=\"http://www.ncbi.nlm.nih.gov/pubmed/20462497\" target=\"PubMed\">pmid:20462497</a><br>&bull;&nbsp&nbspMI:0407 (direct interaction) <br>&nbsp&nbsp&nbsp&nbsp&bull;&nbsp&nbspMI:0107 (surface plasmon resonance)  <a style=\"color:blue\" href=\"http://www.ncbi.nlm.nih.gov/pubmed/8120391\" target=\"PubMed\">pmid:8120391</a>,&nbsp<a style=\"color:blue\" href=\"http://www.ncbi.nlm.nih.gov/pubmed/15837194\" target=\"PubMed\">pmid:15837194</a>,&nbsp<a style=\"color:blue\" href=\"http://www.ncbi.nlm.nih.gov/pubmed/20462497\" target=\"PubMed\">pmid:20462497</a><br>&nbsp&nbsp&nbsp&nbsp&bull;&nbsp&nbspMI:0065 (isothermal titration calorimetry)  <a style=\"color:blue\" href=\"http://www.ncbi.nlm.nih.gov/pubmed/8120391\" target=\"PubMed\">pmid:8120391</a>,&nbsp<a style=\"color:blue\" href=\"http://www.ncbi.nlm.nih.gov/pubmed/15837194\" target=\"PubMed\">pmid:15837194</a>,&nbsp<a style=\"color:blue\" href=\"http://www.ncbi.nlm.nih.gov/pubmed/20462497\" target=\"PubMed\">pmid:20462497</a><br>&nbsp&nbsp&nbsp&nbsp&bull;&nbsp&nbspMI:0004 (affinity chromatography technology)  <a style=\"color:blue\" href=\"http://www.ncbi.nlm.nih.gov/pubmed/8120391\" target=\"PubMed\">pmid:8120391</a>,&nbsp<a style=\"color:blue\" href=\"http://www.ncbi.nlm.nih.gov/pubmed/15837194\" target=\"PubMed\">pmid:15837194</a>,&nbsp<a style=\"color:blue\" href=\"http://www.ncbi.nlm.nih.gov/pubmed/20462497\" target=\"PubMed\">pmid:20462497</a><br></li></ul><br><dt>InnateDB</dt>&bull;&nbsp&nbspMI:0915 (physical association) <br>&nbsp&nbsp&nbsp&nbsp&bull;&nbsp&nbspMI:0114 (x-ray crystallography)  <a style=\"color:blue\" href=\"http://www.ncbi.nlm.nih.gov/pubmed/11717514\" target=\"PubMed\">pmid:11717514</a><br>&nbsp&nbsp&nbsp&nbsp&bull;&nbsp&nbspMI:0049 (filter binding)  <a style=\"color:blue\" href=\"http://www.ncbi.nlm.nih.gov/pubmed/9568901\" target=\"PubMed\">pmid:9568901</a><br>&nbsp&nbsp&nbsp&nbsp&bull;&nbsp&nbspMI:0065 (isothermal titration calorimetry)  <a style=\"color:blue\" href=\"http://www.ncbi.nlm.nih.gov/pubmed/10788470\" target=\"PubMed\">pmid:10788470</a><br></li></ul><br><dt>IntAct</dt>&bull;&nbsp&nbspMI:0915 (physical association) <br>&nbsp&nbsp&nbsp&nbsp&bull;&nbsp&nbspMI:0107 (surface plasmon resonance)  <a style=\"color:blue\" href=\"http://www.ncbi.nlm.nih.gov/pubmed/12513909\" target=\"PubMed\">pmid:12513909</a>,&nbsp<a style=\"color:blue\" href=\"http://www.ebi.ac.uk/intact/imex/main.xhtml?query=IM-24852\" target=\"IMEX\">imex:IM&#8209;24852</a><br>&bull;&nbsp&nbspMI:0407 (direct interaction) <br>&nbsp&nbsp&nbsp&nbsp&bull;&nbsp&nbspMI:0107 (surface plasmon resonance)  <a style=\"color:blue\" href=\"http://www.ncbi.nlm.nih.gov/pubmed/12513909\" target=\"PubMed\">pmid:12513909</a>,&nbsp<a style=\"color:blue\" href=\"http://www.ebi.ac.uk/intact/imex/main.xhtml?query=IM-24852\" target=\"IMEX\">imex:IM&#8209;24852</a><br>&nbsp&nbsp&nbsp&nbsp&bull;&nbsp&nbspMI:0071 (molecular sieving)  <a style=\"color:blue\" href=\"http://www.ncbi.nlm.nih.gov/pubmed/12513909\" target=\"PubMed\">pmid:12513909</a>,&nbsp<a style=\"color:blue\" href=\"http://www.ebi.ac.uk/intact/imex/main.xhtml?query=IM-24852\" target=\"IMEX\">imex:IM&#8209;24852</a><br></li></ul><br><dt>KEGG</dt>&bull;&nbsp&nbspactivation <br>&nbsp&nbsp&nbsp&nbsp&bull;&nbsp&nbspJak-STAT signaling pathway  <a style=\"color:blue\" href=\"http://www.kegg.jp/kegg-bin/show_pathway?hsa04630\" target=\"KEGG\">map</a>,&nbsp<a style=\"color:blue\" href=\"http://www.kegg.jp/dbget-bin/www_bget?pathway+hsa04630\" target=\"KEGG\">evidence</a><br>&nbsp&nbsp&nbsp&nbsp&bull;&nbsp&nbspTuberculosis  <a style=\"color:blue\" href=\"http://www.kegg.jp/kegg-bin/show_pathway?hsa05152\" target=\"KEGG\">map</a>,&nbsp<a style=\"color:blue\" href=\"http://www.kegg.jp/dbget-bin/www_bget?pathway+hsa05152\" target=\"KEGG\">evidence</a><br>&nbsp&nbsp&nbsp&nbsp&bull;&nbsp&nbspCytokine-cytokine receptor interaction  <a style=\"color:blue\" href=\"http://www.kegg.jp/kegg-bin/show_pathway?hsa04060\" target=\"KEGG\">map</a>,&nbsp<a style=\"color:blue\" href=\"http://www.kegg.jp/dbget-bin/www_bget?pathway+hsa04060\" target=\"KEGG\">evidence</a><br>&bull;&nbsp&nbspbinding/association <br>&nbsp&nbsp&nbsp&nbsp&bull;&nbsp&nbspEpstein-Barr virus infection  <a style=\"color:blue\" href=\"http://www.kegg.jp/kegg-bin/show_pathway?hsa05169\" target=\"KEGG\">map</a>,&nbsp<a style=\"color:blue\" href=\"http://www.kegg.jp/dbget-bin/www_bget?pathway+hsa05169\" target=\"KEGG\">evidence</a><br>&nbsp&nbsp&nbsp&nbsp&bull;&nbsp&nbspToxoplasmosis  <a style=\"color:blue\" href=\"http://www.kegg.jp/kegg-bin/show_pathway?hsa05145\" target=\"KEGG\">map</a>,&nbsp<a style=\"color:blue\" href=\"http://www.kegg.jp/dbget-bin/www_bget?pathway+hsa05145\" target=\"KEGG\">evidence</a><br></li></ul><br><dt>MINT</dt>&bull;&nbsp&nbspMI:0407 (direct interaction) <br>&nbsp&nbsp&nbsp&nbsp&bull;&nbsp&nbspMI:0114 (x-ray crystallography)  <a style=\"color:blue\" href=\"http://www.ncbi.nlm.nih.gov/pubmed/11485736\" target=\"PubMed\">pmid:11485736</a><br></li></ul><br><dt>NetPath</dt>&bull;&nbsp&nbspMI:0218 (physical interaction) <br>&nbsp&nbsp&nbsp&nbsp&bull;&nbsp&nbspInterleukin-10 (IL-10) pathway  <a style=\"color:blue\" href=\"http://www.ncbi.nlm.nih.gov/pubmed/11485736\" target=\"PubMed\">pmid:11485736</a>,&nbsp<a style=\"color:blue\" href=\"http://www.netpath.org/reactions?path_id=NetPath_132\" target=\"NetPath\">netpath:NetPath_132</a><br></li></ul><br><dt>SPIKE</dt>&nbsp&nbsp&nbsp&nbsp&bull;&nbsp&nbsp2013-06-LatestSpikeDB (Integrity=1)  <a style=\"color:blue\" href=\"http://www.ncbi.nlm.nih.gov/pubmed/11485736\" target=\"PubMed\">pmid:11485736</a>,&nbsp<a style=\"color:blue\" href=\"http://www.ncbi.nlm.nih.gov/pubmed/11591769\" target=\"PubMed\">pmid:11591769</a>,&nbsp<a style=\"color:blue\" href=\"http://www.ncbi.nlm.nih.gov/pubmed/17145710\" target=\"PubMed\">pmid:17145710</a><br></li></ul><br><dt>Reactome-FIs</dt>&nbsp&nbsp&nbsp&nbsp&bull;&nbsp&nbsp<FONT COLOR=\"gray\">MI:0046 (experimental knowledge based)</FONT>  <a style=\"color:blue\" href=\"http://www.ncbi.nlm.nih.gov/pubmed/20482850\" target=\"PubMed\">pmid:20482850</a><br></li></ul><br>", "is_directed": true, "target": "IL10RA", "name": "IL10-IL10RA"}}, {"data": {"source": "IL10", "popup": "<b>IL10 - IL10RB</b></br><b>P22301 - Q08334</b></br><hr /><h><b>Sources of Evidence</b></h><dl><dt>DIP</dt>&bull;&nbsp&nbspMI:0915 (physical association) <br>&nbsp&nbsp&nbsp&nbsp&bull;&nbsp&nbspMI:0107 (surface plasmon resonance)  <a style=\"color:blue\" href=\"http://www.ncbi.nlm.nih.gov/pubmed/9312047\" target=\"PubMed\">pmid:9312047</a>,&nbsp<a style=\"color:blue\" href=\"http://www.ncbi.nlm.nih.gov/pubmed/20462497\" target=\"PubMed\">pmid:20462497</a><br>&nbsp&nbsp&nbsp&nbsp&bull;&nbsp&nbspMI:0030 (cross-linking study)  <a style=\"color:blue\" href=\"http://www.ncbi.nlm.nih.gov/pubmed/9312047\" target=\"PubMed\">pmid:9312047</a>,&nbsp<a style=\"color:blue\" href=\"http://www.ncbi.nlm.nih.gov/pubmed/20462497\" target=\"PubMed\">pmid:20462497</a><br>&bull;&nbsp&nbspMI:0407 (direct interaction) <br>&nbsp&nbsp&nbsp&nbsp&bull;&nbsp&nbspMI:0107 (surface plasmon resonance)  <a style=\"color:blue\" href=\"http://www.ncbi.nlm.nih.gov/pubmed/9312047\" target=\"PubMed\">pmid:9312047</a>,&nbsp<a style=\"color:blue\" href=\"http://www.ncbi.nlm.nih.gov/pubmed/20462497\" target=\"PubMed\">pmid:20462497</a><br>&nbsp&nbsp&nbsp&nbsp&bull;&nbsp&nbspMI:0030 (cross-linking study)  <a style=\"color:blue\" href=\"http://www.ncbi.nlm.nih.gov/pubmed/9312047\" target=\"PubMed\">pmid:9312047</a>,&nbsp<a style=\"color:blue\" href=\"http://www.ncbi.nlm.nih.gov/pubmed/20462497\" target=\"PubMed\">pmid:20462497</a><br></li></ul><br><dt>IntAct</dt>&bull;&nbsp&nbspMI:0915 (physical association) <br>&nbsp&nbsp&nbsp&nbsp&bull;&nbsp&nbspMI:0107 (surface plasmon resonance)  <a style=\"color:blue\" href=\"http://www.ncbi.nlm.nih.gov/pubmed/12513909\" target=\"PubMed\">pmid:12513909</a>,&nbsp<a style=\"color:blue\" href=\"http://www.ebi.ac.uk/intact/imex/main.xhtml?query=IM-24852\" target=\"IMEX\">imex:IM&#8209;24852</a><br></li></ul><br><dt>KEGG</dt>&bull;&nbsp&nbspactivation <br>&nbsp&nbsp&nbsp&nbsp&bull;&nbsp&nbspJak-STAT signaling pathway  <a style=\"color:blue\" href=\"http://www.kegg.jp/kegg-bin/show_pathway?hsa04630\" target=\"KEGG\">map</a>,&nbsp<a style=\"color:blue\" href=\"http://www.kegg.jp/dbget-bin/www_bget?pathway+hsa04630\" target=\"KEGG\">evidence</a><br>&nbsp&nbsp&nbsp&nbsp&bull;&nbsp&nbspTuberculosis  <a style=\"color:blue\" href=\"http://www.kegg.jp/kegg-bin/show_pathway?hsa05152\" target=\"KEGG\">map</a>,&nbsp<a style=\"color:blue\" href=\"http://www.kegg.jp/dbget-bin/www_bget?pathway+hsa05152\" target=\"KEGG\">evidence</a><br>&nbsp&nbsp&nbsp&nbsp&bull;&nbsp&nbspCytokine-cytokine receptor interaction  <a style=\"color:blue\" href=\"http://www.kegg.jp/kegg-bin/show_pathway?hsa04060\" target=\"KEGG\">map</a>,&nbsp<a style=\"color:blue\" href=\"http://www.kegg.jp/dbget-bin/www_bget?pathway+hsa04060\" target=\"KEGG\">evidence</a><br>&bull;&nbsp&nbspbinding/association <br>&nbsp&nbsp&nbsp&nbsp&bull;&nbsp&nbspEpstein-Barr virus infection  <a style=\"color:blue\" href=\"http://www.kegg.jp/kegg-bin/show_pathway?hsa05169\" target=\"KEGG\">map</a>,&nbsp<a style=\"color:blue\" href=\"http://www.kegg.jp/dbget-bin/www_bget?pathway+hsa05169\" target=\"KEGG\">evidence</a><br>&nbsp&nbsp&nbsp&nbsp&bull;&nbsp&nbspToxoplasmosis  <a style=\"color:blue\" href=\"http://www.kegg.jp/kegg-bin/show_pathway?hsa05145\" target=\"KEGG\">map</a>,&nbsp<a style=\"color:blue\" href=\"http://www.kegg.jp/dbget-bin/www_bget?pathway+hsa05145\" target=\"KEGG\">evidence</a><br></li></ul><br><dt>NetPath</dt>&bull;&nbsp&nbspMI:0218 (physical interaction) <br>&nbsp&nbsp&nbsp&nbsp&bull;&nbsp&nbspInterleukin-10 (IL-10) pathway  <a style=\"color:blue\" href=\"http://www.ncbi.nlm.nih.gov/pubmed/11485736\" target=\"PubMed\">pmid:11485736</a>,&nbsp<a style=\"color:blue\" href=\"http://www.netpath.org/reactions?path_id=NetPath_132\" target=\"NetPath\">netpath:NetPath_132</a><br></li></ul><br><dt>Reactome-FIs</dt>&nbsp&nbsp&nbsp&nbsp&bull;&nbsp&nbsp<FONT COLOR=\"gray\">MI:0046 (experimental knowledge based)</FONT>  <a style=\"color:blue\" href=\"http://www.ncbi.nlm.nih.gov/pubmed/20482850\" target=\"PubMed\">pmid:20482850</a><br></li></ul><br>", "is_directed": true, "target": "IL10RB", "name": "IL10-IL10RB"}}]}, "data": {"name": "NetPath-Interleukin-10-(IL-10)-pathway", "tags": ["NetPath"], "title": "", "description": "<b>Legend:</b><table border=\"1\"><tr><th>Node Style</th><th>Node Description</th></tr><tr><td  align=\"center\"><font color=\"#8CE1DC\" size=\"8\">&#x25b2;</font></td><td>Source Receptor</td></tr><tr><td  align=\"center\"><font color=\"#FFFF60\" size=\"8\">&#x25a0;</font></td><td>Target TF</td></tr><tr><td  align=\"center\"><font color=\"#D8D8D8\" size=\"8\">&#x25b2;</font></td><td>Receptor</td></tr><tr><td  align=\"center\"><font color=\"#D8D8D8\" size=\"8\">&#x25a0;</font></td><td>TF</td></tr><tr><td  align=\"center\"><font color=\"#D8D8D8\" size=\"8\">&#x25cf;</font></td><td>Intermediate Protein</td></tr></table><br><b>Source Receptor</b>: Receptor used as source for KSP<br><b>Target TF</b>: Transcription Factor/Regulator used as target for KSP<br><br><table border=\"1\"><tr><th>Edge Style</th><th>Edge Description</th></tr><tr><td>&nbsp;&nbsp;<b><font color=\"#F07406\" size=\"5\">&#10230;</font></b></td>       <td>Phosphorylation</td></tr><tr><td>&nbsp;&nbsp;<b><font color=\"#2A69DC\" size=\"5\">&#10230;</font></b></td>       <td>Enzymatic Reaction</td></tr><tr><td>&nbsp;&nbsp;<b><font color=\"grey\" size=\"5\">&#10230;</font></b></td>       <td>KEGG Activation</td></tr><tr><td>&nbsp;&nbsp;&nbsp;<b><font color=\"grey\" size=\"5\">&#x22a3;</font></b></td> <td>KEGG Inhibition</td></tr><tr><td>&nbsp;&nbsp;<b><font color=\"brown\" size=\"5\">&#10230;</font></b></td>       <td>SPIKE regulation</td></tr><tr><td>&nbsp;&nbsp;&nbsp;<b><font color=\"#27AF47\" size=\"5\">&#x2014;</font></b></td> <td>Physical</td></tr></table><br>Enzymatic reactions are reactions such as dephosphorylation, glycosylation, methylation, ubiquitination, etc.<br>Phosphorylation is separate because it occurs more frequently.<hr /><b>Sources of Evidence</b><br> Sources are black if they were used to construct the interactome and <FONT COLOR=\"gray\">gray</FONT> if they were not used to construct the interactome.<ul><li><FONT COLOR=\"black\">BioGrid</FONT></li><li><FONT COLOR=\"black\">DIP</FONT></li><li><FONT COLOR=\"black\">KEGG</FONT></li><li><FONT COLOR=\"black\">IntAct</FONT></li><li><FONT COLOR=\"black\">Mint</FONT></li><li><FONT COLOR=\"black\">NetPath</FONT></li><li><FONT COLOR=\"black\">Phosphosite Plus</FONT></li><li><FONT COLOR=\"black\">Spike</FONT></li><li><FONT COLOR=\"grey\">Reactome</FONT></li><li><FONT COLOR=\"grey\">Reactome-FIs</FONT></li></ul><hr /><b>Path/Edges file</b>: pathway-edges/NetPath_132-edges.txt<br>"}}