{"elements": {"nodes": [{"data": {"popup": "<b>Uniprot ID</b>: <a style=\"color:blue\" href=\"http://www.uniprot.org/uniprot/P20809\" target=\"UniProtKB\">P20809</a><br><li><i>Recommended name</i>: Interleukin-11</li><li><i>Alternate name(s)</i>: <ul><li>Adipogenesis inhibitory factor</li></ul></li><br><b>Entrez ID:</b> <a style=\"color:blue\" href=\"http://www.ncbi.nlm.nih.gov/gene/3589\" target=\"EntrezGene\">3589</a>", "name": "IL11", "id": "IL11", "label": "IL11"}}, {"data": {"popup": "<b>Uniprot ID</b>: <a style=\"color:blue\" href=\"http://www.uniprot.org/uniprot/Q06124\" target=\"UniProtKB\">Q06124</a><br><li><i>Recommended name</i>: Tyrosine-protein phosphatase non-receptor type 11</li><li><i>Alternate name(s)</i>: <ul><li>Protein-tyrosine phosphatase 1D</li><li>Protein-tyrosine phosphatase 2C</li><li>SH-PTP2</li><li>SH-PTP3</li></ul></li><br><b>Entrez ID:</b> <a style=\"color:blue\" href=\"http://www.ncbi.nlm.nih.gov/gene/5781\" target=\"EntrezGene\">5781</a>", "name": "PTPN11", "id": "PTPN11", "label": "PTPN11"}}, {"data": {"popup": "<b>Uniprot ID</b>: <a style=\"color:blue\" href=\"http://www.uniprot.org/uniprot/P06241\" target=\"UniProtKB\">P06241</a><br><li><i>Recommended name</i>: Tyrosine-protein kinase Fyn</li><li><i>Alternate name(s)</i>: <ul><li>Proto-oncogene Syn</li><li>Proto-oncogene c-Fyn</li><li>Src-like kinase</li><li>p59-Fyn</li></ul></li><br><b>Entrez ID:</b> <a style=\"color:blue\" href=\"http://www.ncbi.nlm.nih.gov/gene/2534\" target=\"EntrezGene\">2534</a>", "name": "FYN", "id": "FYN", "label": "FYN"}}, {"data": {"popup": "<b>Uniprot ID</b>: <a style=\"color:blue\" href=\"http://www.uniprot.org/uniprot/P40189\" target=\"UniProtKB\">P40189</a><br><li><i>Recommended name</i>: Interleukin-6 receptor subunit beta</li><li><i>Alternate name(s)</i>: <ul><li>CDw130</li><li>Interleukin-6 signal transducer</li><li>Membrane glycoprotein 130</li><li>Oncostatin-M receptor subunit alpha</li></ul></li><br><b>Entrez ID:</b> <a style=\"color:blue\" href=\"http://www.ncbi.nlm.nih.gov/gene/3572\" target=\"EntrezGene\">3572</a>", "name": "IL6ST", "id": "IL6ST", "label": "IL6ST"}}, {"data": {"popup": "<b>Uniprot ID</b>: <a style=\"color:blue\" href=\"http://www.uniprot.org/uniprot/P62993\" target=\"UniProtKB\">P62993</a><br><li><i>Recommended name</i>: Growth factor receptor-bound protein 2</li><li><i>Alternate name(s)</i>: <ul><li>Adapter protein GRB2</li><li>Protein Ash</li><li>SH2/SH3 adapter GRB2</li></ul></li><br><b>Entrez ID:</b> <a style=\"color:blue\" href=\"http://www.ncbi.nlm.nih.gov/gene/2885\" target=\"EntrezGene\">2885</a>", "name": "GRB2", "id": "GRB2", "label": "GRB2"}}, {"data": {"popup": "<b>Uniprot ID</b>: <a style=\"color:blue\" href=\"http://www.uniprot.org/uniprot/O60674\" target=\"UniProtKB\">O60674</a><br><li><i>Recommended name</i>: Tyrosine-protein kinase JAK2</li><li><i>Alternate name(s)</i>: <ul><li>Janus kinase 2</li></ul></li><br><b>Entrez ID:</b> <a style=\"color:blue\" href=\"http://www.ncbi.nlm.nih.gov/gene/3717\" target=\"EntrezGene\">3717</a>", "name": "JAK2", "id": "JAK2", "label": "JAK2"}}, {"data": {"popup": "<b>Uniprot ID</b>: <a style=\"color:blue\" href=\"http://www.uniprot.org/uniprot/O00459\" target=\"UniProtKB\">O00459</a><br><li><i>Recommended name</i>: Phosphatidylinositol 3-kinase regulatory subunit beta</li><li><i>Alternate name(s)</i>: <ul><li>Phosphatidylinositol 3-kinase 85 kDa regulatory subunit beta</li></ul></li><br><b>Entrez ID:</b> <a style=\"color:blue\" href=\"http://www.ncbi.nlm.nih.gov/gene/5296\" target=\"EntrezGene\">5296</a>", "name": "PIK3R2", "id": "PIK3R2", "label": "PIK3R2"}}, {"data": {"popup": "<b>Uniprot ID</b>: <a style=\"color:blue\" href=\"http://www.uniprot.org/uniprot/P27986\" target=\"UniProtKB\">P27986</a><br><li><i>Recommended name</i>: Phosphatidylinositol 3-kinase regulatory subunit alpha</li><li><i>Alternate name(s)</i>: <ul><li>Phosphatidylinositol 3-kinase 85 kDa regulatory subunit alpha</li></ul></li><br><b>Entrez ID:</b> <a style=\"color:blue\" href=\"http://www.ncbi.nlm.nih.gov/gene/5295\" target=\"EntrezGene\">5295</a>", "name": "PIK3R1", "id": "PIK3R1", "label": "PIK3R1"}}, {"data": {"popup": "<b>Uniprot ID</b>: <a style=\"color:blue\" href=\"http://www.uniprot.org/uniprot/Q14626\" target=\"UniProtKB\">Q14626</a><br><li><i>Recommended name</i>: Interleukin-11 receptor subunit alpha</li><br><b>Entrez ID:</b> <a style=\"color:blue\" href=\"http://www.ncbi.nlm.nih.gov/gene/3590\" target=\"EntrezGene\">3590</a>", "name": "IL11RA", "id": "IL11RA", "label": "IL11RA"}}, {"data": {"popup": "<b>Uniprot ID</b>: <a style=\"color:blue\" href=\"http://www.uniprot.org/uniprot/P04049\" target=\"UniProtKB\">P04049</a><br><li><i>Recommended name</i>: RAF proto-oncogene serine/threonine-protein kinase</li><li><i>Alternate name(s)</i>: <ul><li>Proto-oncogene c-RAF</li><li>Raf-1</li></ul></li><br><b>Entrez ID:</b> <a style=\"color:blue\" href=\"http://www.ncbi.nlm.nih.gov/gene/5894\" target=\"EntrezGene\">5894</a>", "name": "RAF1", "id": "RAF1", "label": "RAF1"}}, {"data": {"popup": "<b>Uniprot ID</b>: <a style=\"color:blue\" href=\"http://www.uniprot.org/uniprot/P01112\" target=\"UniProtKB\">P01112</a><br><li><i>Recommended name</i>: GTPase HRas</li><li><i>Alternate name(s)</i>: <ul><li>H-Ras-1</li><li>Ha-Ras</li><li>Transforming protein p21</li><li>c-H-ras</li><li>p21ras</li></ul></li><br><b>Entrez ID:</b> <a style=\"color:blue\" href=\"http://www.ncbi.nlm.nih.gov/gene/3265\" target=\"EntrezGene\">3265</a>", "name": "HRAS", "id": "HRAS", "label": "HRAS"}}, {"data": {"popup": "<b>Uniprot ID</b>: <a style=\"color:blue\" href=\"http://www.uniprot.org/uniprot/P07947\" target=\"UniProtKB\">P07947</a><br><li><i>Recommended name</i>: Tyrosine-protein kinase Yes</li><li><i>Alternate name(s)</i>: <ul><li>Proto-oncogene c-Yes</li><li>p61-Yes</li></ul></li><br><b>Entrez ID:</b> <a style=\"color:blue\" href=\"http://www.ncbi.nlm.nih.gov/gene/7525\" target=\"EntrezGene\">7525</a>", "name": "YES1", "id": "YES1", "label": "YES1"}}], "edges": [{"data": {"source": "IL11", "popup": "<b>IL11 - IL11RA</b></br><b>P20809 - Q14626</b></br><hr /><h><b>Sources of Evidence</b></h><dl><dt>DIP</dt>&bull;&nbsp&nbspMI:0218 (physical interaction) <br>&nbsp&nbsp&nbsp&nbsp&bull;&nbsp&nbspMI:0019 (coimmunoprecipitation)  <a style=\"color:blue\" href=\"http://www.ncbi.nlm.nih.gov/pubmed/8940087\" target=\"PubMed\">pmid:8940087</a><br></li></ul><br><dt>InnateDB</dt>&bull;&nbsp&nbspMI:0915 (physical association) <br>&nbsp&nbsp&nbsp&nbsp&bull;&nbsp&nbspMI:0007 (anti tag coimmunoprecipitation)  <a style=\"color:blue\" href=\"http://www.ncbi.nlm.nih.gov/pubmed/8940087\" target=\"PubMed\">pmid:8940087</a><br></li></ul><br><dt>IntAct</dt>&bull;&nbsp&nbspMI:0407 (direct interaction) <br>&nbsp&nbsp&nbsp&nbsp&bull;&nbsp&nbspMI:0107 (surface plasmon resonance)  <a style=\"color:blue\" href=\"http://www.ncbi.nlm.nih.gov/pubmed/26551460\" target=\"PubMed\">pmid:26551460</a>,&nbsp<a style=\"color:blue\" href=\"http://www.ebi.ac.uk/intact/imex/main.xhtml?query=IM-25658\" target=\"IMEX\">imex:IM&#8209;25658</a><br></li></ul><br><dt>KEGG</dt>&bull;&nbsp&nbspactivation <br>&nbsp&nbsp&nbsp&nbsp&bull;&nbsp&nbspJak-STAT signaling pathway  <a style=\"color:blue\" href=\"http://www.kegg.jp/kegg-bin/show_pathway?hsa04630\" target=\"KEGG\">map</a>,&nbsp<a style=\"color:blue\" href=\"http://www.kegg.jp/dbget-bin/www_bget?pathway+hsa04630\" target=\"KEGG\">evidence</a><br>&nbsp&nbsp&nbsp&nbsp&bull;&nbsp&nbspCytokine-cytokine receptor interaction  <a style=\"color:blue\" href=\"http://www.kegg.jp/kegg-bin/show_pathway?hsa04060\" target=\"KEGG\">map</a>,&nbsp<a style=\"color:blue\" href=\"http://www.kegg.jp/dbget-bin/www_bget?pathway+hsa04060\" target=\"KEGG\">evidence</a><br></li></ul><br><dt>NetPath</dt>&bull;&nbsp&nbspMI:0218 (physical interaction) <br>&nbsp&nbsp&nbsp&nbsp&bull;&nbsp&nbspInterleukin-11 (IL-11) pathway  <a style=\"color:blue\" href=\"http://www.ncbi.nlm.nih.gov/pubmed/8637716\" target=\"PubMed\">pmid:8637716</a>,&nbsp<a style=\"color:blue\" href=\"http://www.ncbi.nlm.nih.gov/pubmed/8809037\" target=\"PubMed\">pmid:8809037</a>,&nbsp<a style=\"color:blue\" href=\"http://www.ncbi.nlm.nih.gov/pubmed/8940087\" target=\"PubMed\">pmid:8940087</a>,&nbsp<a style=\"color:blue\" href=\"http://www.ncbi.nlm.nih.gov/pubmed/9560294\" target=\"PubMed\">pmid:9560294</a>,&nbsp<a style=\"color:blue\" href=\"http://www.ncbi.nlm.nih.gov/pubmed/10948192\" target=\"PubMed\">pmid:10948192</a>,&nbsp<a style=\"color:blue\" href=\"http://www.netpath.org/reactions?path_id=NetPath_147\" target=\"NetPath\">netpath:NetPath_147</a><br></li></ul><br><dt>SPIKE</dt>&nbsp&nbsp&nbsp&nbsp&bull;&nbsp&nbsp2013-06-LatestSpikeDB (Integrity=3)  <br>&nbsp&nbsp&nbsp&nbsp&bull;&nbsp&nbsp2013-06-LatestSpikeDB (Integrity=1)  <a style=\"color:blue\" href=\"http://www.ncbi.nlm.nih.gov/pubmed/16189514\" target=\"PubMed\">pmid:16189514</a><br></li></ul><br><dt>Reactome-FIs</dt>&nbsp&nbsp&nbsp&nbsp&bull;&nbsp&nbsp<FONT COLOR=\"gray\">MI:0046 (experimental knowledge based)</FONT>  <a style=\"color:blue\" href=\"http://www.ncbi.nlm.nih.gov/pubmed/20482850\" target=\"PubMed\">pmid:20482850</a><br></li></ul><br>", "is_directed": true, "target": "IL11RA", "name": "IL11-IL11RA"}}, {"data": {"source": "IL11", "popup": "<b>IL11 - IL6ST</b></br><b>P20809 - P40189</b></br><hr /><h><b>Sources of Evidence</b></h><dl><dt>DIP</dt>&bull;&nbsp&nbspMI:0218 (physical interaction) <br>&nbsp&nbsp&nbsp&nbsp&bull;&nbsp&nbsp<FONT COLOR=\"gray\">MI:0045 (experimental interaction detection)</FONT>  <a style=\"color:blue\" href=\"http://www.ncbi.nlm.nih.gov/pubmed/8360477\" target=\"PubMed\">pmid:8360477</a><br></li></ul><br><dt>InnateDB</dt>&bull;&nbsp&nbspMI:0915 (physical association) <br>&nbsp&nbsp&nbsp&nbsp&bull;&nbsp&nbspMI:0007 (anti tag coimmunoprecipitation)  <a style=\"color:blue\" href=\"http://www.ncbi.nlm.nih.gov/pubmed/9560294\" target=\"PubMed\">pmid:9560294</a><br></li></ul><br><dt>KEGG</dt>&bull;&nbsp&nbspactivation <br>&nbsp&nbsp&nbsp&nbsp&bull;&nbsp&nbspJak-STAT signaling pathway  <a style=\"color:blue\" href=\"http://www.kegg.jp/kegg-bin/show_pathway?hsa04630\" target=\"KEGG\">map</a>,&nbsp<a style=\"color:blue\" href=\"http://www.kegg.jp/dbget-bin/www_bget?pathway+hsa04630\" target=\"KEGG\">evidence</a><br>&nbsp&nbsp&nbsp&nbsp&bull;&nbsp&nbspCytokine-cytokine receptor interaction  <a style=\"color:blue\" href=\"http://www.kegg.jp/kegg-bin/show_pathway?hsa04060\" target=\"KEGG\">map</a>,&nbsp<a style=\"color:blue\" href=\"http://www.kegg.jp/dbget-bin/www_bget?pathway+hsa04060\" target=\"KEGG\">evidence</a><br></li></ul><br><dt>NetPath</dt>&bull;&nbsp&nbspMI:0218 (physical interaction) <br>&nbsp&nbsp&nbsp&nbsp&bull;&nbsp&nbspInterleukin-11 (IL-11) pathway  <a style=\"color:blue\" href=\"http://www.ncbi.nlm.nih.gov/pubmed/8637716\" target=\"PubMed\">pmid:8637716</a>,&nbsp<a style=\"color:blue\" href=\"http://www.ncbi.nlm.nih.gov/pubmed/8809037\" target=\"PubMed\">pmid:8809037</a>,&nbsp<a style=\"color:blue\" href=\"http://www.ncbi.nlm.nih.gov/pubmed/8940087\" target=\"PubMed\">pmid:8940087</a>,&nbsp<a style=\"color:blue\" href=\"http://www.ncbi.nlm.nih.gov/pubmed/9560294\" target=\"PubMed\">pmid:9560294</a>,&nbsp<a style=\"color:blue\" href=\"http://www.ncbi.nlm.nih.gov/pubmed/10948192\" target=\"PubMed\">pmid:10948192</a>,&nbsp<a style=\"color:blue\" href=\"http://www.netpath.org/reactions?path_id=NetPath_147\" target=\"NetPath\">netpath:NetPath_147</a><br></li></ul><br><dt>SPIKE</dt>&nbsp&nbsp&nbsp&nbsp&bull;&nbsp&nbsp2013-06-LatestSpikeDB (Integrity=3)  <br></li></ul><br><dt>Reactome-FIs</dt>&nbsp&nbsp&nbsp&nbsp&bull;&nbsp&nbsp<FONT COLOR=\"gray\">MI:0046 (experimental knowledge based)</FONT>  <a style=\"color:blue\" href=\"http://www.ncbi.nlm.nih.gov/pubmed/20482850\" target=\"PubMed\">pmid:20482850</a><br></li></ul><br>", "is_directed": true, "target": "IL6ST", "name": "IL11-IL6ST"}}, {"data": {"source": "FYN", "popup": "<b>FYN - GRB2</b></br><b>P06241 - P62993</b></br><hr /><h><b>Sources of Evidence</b></h><dl><dt>NetPath</dt>&bull;&nbsp&nbspMI:0218 (physical interaction) <br>&nbsp&nbsp&nbsp&nbsp&bull;&nbsp&nbspInterleukin-11 (IL-11) pathway  <a style=\"color:blue\" href=\"http://www.ncbi.nlm.nih.gov/pubmed/7499280\" target=\"PubMed\">pmid:7499280</a>,&nbsp<a style=\"color:blue\" href=\"http://www.netpath.org/reactions?path_id=NetPath_147\" target=\"NetPath\">netpath:NetPath_147</a><br></li></ul><br><dt>Reactome-FIs</dt>&nbsp&nbsp&nbsp&nbsp&bull;&nbsp&nbsp<FONT COLOR=\"gray\">MI:0046 (experimental knowledge based)</FONT>  <a style=\"color:blue\" href=\"http://www.ncbi.nlm.nih.gov/pubmed/20482850\" target=\"PubMed\">pmid:20482850</a><br></li></ul><br>", "is_directed": false, "target": "GRB2", "name": "FYN-GRB2"}}, {"data": {"source": "FYN", "popup": "<b>FYN - IL6ST</b></br><b>P06241 - P40189</b></br><hr /><h><b>Sources of Evidence</b></h><dl><dt>NetPath</dt>&bull;&nbsp&nbspMI:0218 (physical interaction) <br>&nbsp&nbsp&nbsp&nbsp&bull;&nbsp&nbspInterleukin-11 (IL-11) pathway  <a style=\"color:blue\" href=\"http://www.ncbi.nlm.nih.gov/pubmed/7499280\" target=\"PubMed\">pmid:7499280</a>,&nbsp<a style=\"color:blue\" href=\"http://www.netpath.org/reactions?path_id=NetPath_147\" target=\"NetPath\">netpath:NetPath_147</a><br></li></ul><br>", "is_directed": false, "target": "IL6ST", "name": "FYN-IL6ST"}}, {"data": {"source": "IL6ST", "popup": "<b>IL6ST - IL11RA</b></br><b>P40189 - Q14626</b></br><hr /><h><b>Sources of Evidence</b></h><dl><dt>InnateDB</dt>&bull;&nbsp&nbspMI:0915 (physical association) <br>&nbsp&nbsp&nbsp&nbsp&bull;&nbsp&nbspMI:0007 (anti tag coimmunoprecipitation)  <a style=\"color:blue\" href=\"http://www.ncbi.nlm.nih.gov/pubmed/8940087\" target=\"PubMed\">pmid:8940087</a>,&nbsp<a style=\"color:blue\" href=\"http://www.ncbi.nlm.nih.gov/pubmed/10504396\" target=\"PubMed\">pmid:10504396</a><br></li></ul><br><dt>KEGG</dt>&bull;&nbsp&nbspgroup-entry <br>&nbsp&nbsp&nbsp&nbsp&bull;&nbsp&nbspCytokine-cytokine receptor interaction  <a style=\"color:blue\" href=\"http://www.kegg.jp/kegg-bin/show_pathway?hsa04060\" target=\"KEGG\">map</a>,&nbsp<a style=\"color:blue\" href=\"http://www.kegg.jp/dbget-bin/www_bget?pathway+hsa04060\" target=\"KEGG\">evidence</a><br></li></ul><br><dt>NetPath</dt>&bull;&nbsp&nbspMI:0218 (physical interaction) <br>&nbsp&nbsp&nbsp&nbsp&bull;&nbsp&nbspInterleukin-11 (IL-11) pathway  <a style=\"color:blue\" href=\"http://www.ncbi.nlm.nih.gov/pubmed/8637716\" target=\"PubMed\">pmid:8637716</a>,&nbsp<a style=\"color:blue\" href=\"http://www.ncbi.nlm.nih.gov/pubmed/8809037\" target=\"PubMed\">pmid:8809037</a>,&nbsp<a style=\"color:blue\" href=\"http://www.ncbi.nlm.nih.gov/pubmed/8940087\" target=\"PubMed\">pmid:8940087</a>,&nbsp<a style=\"color:blue\" href=\"http://www.ncbi.nlm.nih.gov/pubmed/9560294\" target=\"PubMed\">pmid:9560294</a>,&nbsp<a style=\"color:blue\" href=\"http://www.ncbi.nlm.nih.gov/pubmed/10948192\" target=\"PubMed\">pmid:10948192</a>,&nbsp<a style=\"color:blue\" href=\"http://www.netpath.org/reactions?path_id=NetPath_147\" target=\"NetPath\">netpath:NetPath_147</a><br></li></ul><br><dt>Reactome-FIs</dt>&nbsp&nbsp&nbsp&nbsp&bull;&nbsp&nbsp<FONT COLOR=\"gray\">MI:0046 (experimental knowledge based)</FONT>  <a style=\"color:blue\" href=\"http://www.ncbi.nlm.nih.gov/pubmed/20482850\" target=\"PubMed\">pmid:20482850</a><br></li></ul><br>", "is_directed": false, "target": "IL11RA", "name": "IL6ST-IL11RA"}}, {"data": {"source": "IL6ST", "popup": "<b>IL6ST - PTPN11</b></br><b>P40189 - Q06124</b></br><hr /><h><b>Sources of Evidence</b></h><dl><dt>BioGrid</dt>&bull;&nbsp&nbspMI:0915 (physical association) <br>&nbsp&nbsp&nbsp&nbsp&bull;&nbsp&nbspMI:0004 (affinity chromatography technology)  <a style=\"color:blue\" href=\"http://www.ncbi.nlm.nih.gov/pubmed/9388212\" target=\"PubMed\">pmid:9388212</a>,&nbsp<a style=\"color:blue\" href=\"http://www.ncbi.nlm.nih.gov/pubmed/10946280\" target=\"PubMed\">pmid:10946280</a>,&nbsp<a style=\"color:blue\" href=\"http://www.ncbi.nlm.nih.gov/pubmed/12403768\" target=\"PubMed\">pmid:12403768</a><br>&bull;&nbsp&nbspMI:0407 (direct interaction) <br>&nbsp&nbsp&nbsp&nbsp&bull;&nbsp&nbspMI:0096 (pull down)  <a style=\"color:blue\" href=\"http://www.ncbi.nlm.nih.gov/pubmed/10777583\" target=\"PubMed\">pmid:10777583</a><br></li></ul><br><dt>NetPath</dt>&bull;&nbsp&nbspMI:0218 (physical interaction) <br>&nbsp&nbsp&nbsp&nbsp&bull;&nbsp&nbspInterleukin-6 (IL-6) pathway  <a style=\"color:blue\" href=\"http://www.ncbi.nlm.nih.gov/pubmed/8978300\" target=\"PubMed\">pmid:8978300</a>,&nbsp<a style=\"color:blue\" href=\"http://www.ncbi.nlm.nih.gov/pubmed/9632795\" target=\"PubMed\">pmid:9632795</a>,&nbsp<a style=\"color:blue\" href=\"http://www.ncbi.nlm.nih.gov/pubmed/9815779\" target=\"PubMed\">pmid:9815779</a>,&nbsp<a style=\"color:blue\" href=\"http://www.ncbi.nlm.nih.gov/pubmed/10764798\" target=\"PubMed\">pmid:10764798</a>,&nbsp<a style=\"color:blue\" href=\"http://www.ncbi.nlm.nih.gov/pubmed/10777583\" target=\"PubMed\">pmid:10777583</a>,&nbsp<a style=\"color:blue\" href=\"http://www.ncbi.nlm.nih.gov/pubmed/12040451\" target=\"PubMed\">pmid:12040451</a>,&nbsp<a style=\"color:blue\" href=\"http://www.netpath.org/reactions?path_id=NetPath_18\" target=\"NetPath\">netpath:NetPath_18</a><br>&nbsp&nbsp&nbsp&nbsp&bull;&nbsp&nbspInterleukin-11 (IL-11) pathway  <a style=\"color:blue\" href=\"http://www.ncbi.nlm.nih.gov/pubmed/7559603\" target=\"PubMed\">pmid:7559603</a>,&nbsp<a style=\"color:blue\" href=\"http://www.netpath.org/reactions?path_id=NetPath_147\" target=\"NetPath\">netpath:NetPath_147</a><br>&nbsp&nbsp&nbsp&nbsp&bull;&nbsp&nbspOncostatin-M (OSM) pathway  <a style=\"color:blue\" href=\"http://www.ncbi.nlm.nih.gov/pubmed/10854424\" target=\"PubMed\">pmid:10854424</a>,&nbsp<a style=\"color:blue\" href=\"http://www.netpath.org/reactions?path_id=NetPath_114\" target=\"NetPath\">netpath:NetPath_114</a><br></li></ul><br><dt>SPIKE</dt>&nbsp&nbsp&nbsp&nbsp&bull;&nbsp&nbsp2013-06-LatestSpikeDB (Integrity=1)  <a style=\"color:blue\" href=\"http://www.ncbi.nlm.nih.gov/pubmed/9632795\" target=\"PubMed\">pmid:9632795</a><br></li></ul><br><dt>Reactome</dt>&bull;&nbsp&nbspMI:0914 (association) <br>&nbsp&nbsp&nbsp&nbsp&bull;&nbsp&nbsp<FONT COLOR=\"gray\">MI:0364 (inferred by curator)</FONT>  <a style=\"color:blue\" href=\"http://www.ncbi.nlm.nih.gov/pubmed/17367534\" target=\"PubMed\">pmid:17367534</a><br></li></ul><br><dt>Reactome-FIs</dt>&nbsp&nbsp&nbsp&nbsp&bull;&nbsp&nbsp<FONT COLOR=\"gray\">MI:0046 (experimental knowledge based)</FONT>  <a style=\"color:blue\" href=\"http://www.ncbi.nlm.nih.gov/pubmed/20482850\" target=\"PubMed\">pmid:20482850</a><br></li></ul><br>", "is_directed": false, "target": "PTPN11", "name": "IL6ST-PTPN11"}}, {"data": {"source": "IL6ST", "popup": "<b>IL6ST - GRB2</b></br><b>P40189 - P62993</b></br><hr /><h><b>Sources of Evidence</b></h><dl><dt>BioGrid</dt>&bull;&nbsp&nbspMI:0915 (physical association) <br>&nbsp&nbsp&nbsp&nbsp&bull;&nbsp&nbspMI:0004 (affinity chromatography technology)  <a style=\"color:blue\" href=\"http://www.ncbi.nlm.nih.gov/pubmed/9013873\" target=\"PubMed\">pmid:9013873</a><br>&bull;&nbsp&nbspMI:0407 (direct interaction) <br>&nbsp&nbsp&nbsp&nbsp&bull;&nbsp&nbspMI:0096 (pull down)  <a style=\"color:blue\" href=\"http://www.ncbi.nlm.nih.gov/pubmed/9013873\" target=\"PubMed\">pmid:9013873</a><br></li></ul><br><dt>InnateDB</dt>&bull;&nbsp&nbspMI:0915 (physical association) <br>&nbsp&nbsp&nbsp&nbsp&bull;&nbsp&nbspMI:0007 (anti tag coimmunoprecipitation)  <a style=\"color:blue\" href=\"http://www.ncbi.nlm.nih.gov/pubmed/9013873\" target=\"PubMed\">pmid:9013873</a><br>&nbsp&nbsp&nbsp&nbsp&bull;&nbsp&nbspMI:0096 (pull down)  <a style=\"color:blue\" href=\"http://www.ncbi.nlm.nih.gov/pubmed/9013873\" target=\"PubMed\">pmid:9013873</a><br></li></ul><br><dt>KEGG</dt>&bull;&nbsp&nbspactivation <br>&nbsp&nbsp&nbsp&nbsp&bull;&nbsp&nbspSignaling pathways regulating pluripotency of stem cells  <a style=\"color:blue\" href=\"http://www.kegg.jp/kegg-bin/show_pathway?hsa04550\" target=\"KEGG\">map</a>,&nbsp<a style=\"color:blue\" href=\"http://www.kegg.jp/dbget-bin/www_bget?pathway+hsa04550\" target=\"KEGG\">evidence</a><br></li></ul><br><dt>NetPath</dt>&bull;&nbsp&nbspMI:0218 (physical interaction) <br>&nbsp&nbsp&nbsp&nbsp&bull;&nbsp&nbspInterleukin-6 (IL-6) pathway  <a style=\"color:blue\" href=\"http://www.ncbi.nlm.nih.gov/pubmed/7963520\" target=\"PubMed\">pmid:7963520</a>,&nbsp<a style=\"color:blue\" href=\"http://www.ncbi.nlm.nih.gov/pubmed/9013873\" target=\"PubMed\">pmid:9013873</a>,&nbsp<a style=\"color:blue\" href=\"http://www.netpath.org/reactions?path_id=NetPath_18\" target=\"NetPath\">netpath:NetPath_18</a><br>&nbsp&nbsp&nbsp&nbsp&bull;&nbsp&nbspInterleukin-11 (IL-11) pathway  <a style=\"color:blue\" href=\"http://www.ncbi.nlm.nih.gov/pubmed/7499280\" target=\"PubMed\">pmid:7499280</a>,&nbsp<a style=\"color:blue\" href=\"http://www.netpath.org/reactions?path_id=NetPath_147\" target=\"NetPath\">netpath:NetPath_147</a><br></li></ul><br><dt>SPIKE</dt>&nbsp&nbsp&nbsp&nbsp&bull;&nbsp&nbsp2013-06-LatestSpikeDB (Integrity=1)  <a style=\"color:blue\" href=\"http://www.ncbi.nlm.nih.gov/pubmed/7963520\" target=\"PubMed\">pmid:7963520</a><br></li></ul><br><dt>Reactome-FIs</dt>&nbsp&nbsp&nbsp&nbsp&bull;&nbsp&nbsp<FONT COLOR=\"gray\">MI:0046 (experimental knowledge based)</FONT>  <a style=\"color:blue\" href=\"http://www.ncbi.nlm.nih.gov/pubmed/20482850\" target=\"PubMed\">pmid:20482850</a><br></li></ul><br>", "is_directed": true, "target": "GRB2", "name": "IL6ST-GRB2"}}, {"data": {"source": "GRB2", "popup": "<b>GRB2 - PTPN11</b></br><b>P62993 - Q06124</b></br><hr /><h><b>Sources of Evidence</b></h><dl><dt>BioGrid</dt>&bull;&nbsp&nbspMI:0915 (physical association) <br>&nbsp&nbsp&nbsp&nbsp&bull;&nbsp&nbspMI:0004 (affinity chromatography technology)  <a style=\"color:blue\" href=\"http://www.ncbi.nlm.nih.gov/pubmed/7534299\" target=\"PubMed\">pmid:7534299</a>,&nbsp<a style=\"color:blue\" href=\"http://www.ncbi.nlm.nih.gov/pubmed/8041791\" target=\"PubMed\">pmid:8041791</a>,&nbsp<a style=\"color:blue\" href=\"http://www.ncbi.nlm.nih.gov/pubmed/8702859\" target=\"PubMed\">pmid:8702859</a>,&nbsp<a style=\"color:blue\" href=\"http://www.ncbi.nlm.nih.gov/pubmed/9361008\" target=\"PubMed\">pmid:9361008</a>,&nbsp<a style=\"color:blue\" href=\"http://www.ncbi.nlm.nih.gov/pubmed/9632781\" target=\"PubMed\">pmid:9632781</a>,&nbsp<a style=\"color:blue\" href=\"http://www.ncbi.nlm.nih.gov/pubmed/10080542\" target=\"PubMed\">pmid:10080542</a>,&nbsp<a style=\"color:blue\" href=\"http://www.ncbi.nlm.nih.gov/pubmed/10212213\" target=\"PubMed\">pmid:10212213</a>,&nbsp<a style=\"color:blue\" href=\"http://www.ncbi.nlm.nih.gov/pubmed/10747947\" target=\"PubMed\">pmid:10747947</a>,&nbsp<a style=\"color:blue\" href=\"http://www.ncbi.nlm.nih.gov/pubmed/12577067\" target=\"PubMed\">pmid:12577067</a>,&nbsp<a style=\"color:blue\" href=\"http://www.ncbi.nlm.nih.gov/pubmed/19380743\" target=\"PubMed\">pmid:19380743</a>,&nbsp<a style=\"color:blue\" href=\"http://www.ncbi.nlm.nih.gov/pubmed/21706016\" target=\"PubMed\">pmid:21706016</a><br>&bull;&nbsp&nbspMI:0407 (direct interaction) <br>&nbsp&nbsp&nbsp&nbsp&bull;&nbsp&nbspMI:0047 (far western blotting)  <a style=\"color:blue\" href=\"http://www.ncbi.nlm.nih.gov/pubmed/9824671\" target=\"PubMed\">pmid:9824671</a><br>&nbsp&nbsp&nbsp&nbsp&bull;&nbsp&nbspMI:0096 (pull down)  <a style=\"color:blue\" href=\"http://www.ncbi.nlm.nih.gov/pubmed/8995399\" target=\"PubMed\">pmid:8995399</a>,&nbsp<a style=\"color:blue\" href=\"http://www.ncbi.nlm.nih.gov/pubmed/9362449\" target=\"PubMed\">pmid:9362449</a><br></li></ul><br><dt>InnateDB</dt>&bull;&nbsp&nbspMI:0915 (physical association) <br>&nbsp&nbsp&nbsp&nbsp&bull;&nbsp&nbspMI:0007 (anti tag coimmunoprecipitation)  <a style=\"color:blue\" href=\"http://www.ncbi.nlm.nih.gov/pubmed/8978300\" target=\"PubMed\">pmid:8978300</a>,&nbsp<a style=\"color:blue\" href=\"http://www.ncbi.nlm.nih.gov/pubmed/11602579\" target=\"PubMed\">pmid:11602579</a><br>&nbsp&nbsp&nbsp&nbsp&bull;&nbsp&nbspMI:0096 (pull down)  <a style=\"color:blue\" href=\"http://www.ncbi.nlm.nih.gov/pubmed/8978300\" target=\"PubMed\">pmid:8978300</a><br></li></ul><br><dt>IntAct</dt>&bull;&nbsp&nbspMI:0915 (physical association) <br>&nbsp&nbsp&nbsp&nbsp&bull;&nbsp&nbspMI:0006 (anti bait coimmunoprecipitation)  <a style=\"color:blue\" href=\"http://www.ncbi.nlm.nih.gov/pubmed/7523381\" target=\"PubMed\">pmid:7523381</a>,&nbsp<a style=\"color:blue\" href=\"http://www.ebi.ac.uk/intact/imex/main.xhtml?query=IM-20375\" target=\"IMEX\">imex:IM&#8209;20375</a><br>&bull;&nbsp&nbspMI:0914 (association) <br>&nbsp&nbsp&nbsp&nbsp&bull;&nbsp&nbspMI:0007 (anti tag coimmunoprecipitation)  <a style=\"color:blue\" href=\"http://www.ncbi.nlm.nih.gov/pubmed/21706016\" target=\"PubMed\">pmid:21706016</a>,&nbsp<a style=\"color:blue\" href=\"http://www.ebi.ac.uk/intact/imex/main.xhtml?query=IM-15417\" target=\"IMEX\">imex:IM&#8209;15417</a><br>&nbsp&nbsp&nbsp&nbsp&bull;&nbsp&nbspMI:0096 (pull down)  <a style=\"color:blue\" href=\"http://www.ncbi.nlm.nih.gov/pubmed/12577067\" target=\"PubMed\">pmid:12577067</a><br>&nbsp&nbsp&nbsp&nbsp&bull;&nbsp&nbspMI:0676 (tandem affinity purification)  <a style=\"color:blue\" href=\"http://www.ncbi.nlm.nih.gov/pubmed/19380743\" target=\"PubMed\">pmid:19380743</a>,&nbsp<a style=\"color:blue\" href=\"http://www.ebi.ac.uk/intact/imex/main.xhtml?query=IM-20432\" target=\"IMEX\">imex:IM&#8209;20432</a><br></li></ul><br><dt>KEGG</dt>&bull;&nbsp&nbspbinding/association <br>&nbsp&nbsp&nbsp&nbsp&bull;&nbsp&nbspRas signaling pathway  <a style=\"color:blue\" href=\"http://www.kegg.jp/kegg-bin/show_pathway?hsa04014\" target=\"KEGG\">map</a>,&nbsp<a style=\"color:blue\" href=\"http://www.kegg.jp/dbget-bin/www_bget?pathway+hsa04014\" target=\"KEGG\">evidence</a><br>&nbsp&nbsp&nbsp&nbsp&bull;&nbsp&nbspNeurotrophin signaling pathway  <a style=\"color:blue\" href=\"http://www.kegg.jp/kegg-bin/show_pathway?hsa04722\" target=\"KEGG\">map</a>,&nbsp<a style=\"color:blue\" href=\"http://www.kegg.jp/dbget-bin/www_bget?pathway+hsa04722\" target=\"KEGG\">evidence</a><br>&bull;&nbsp&nbspgroup-entry <br>&nbsp&nbsp&nbsp&nbsp&bull;&nbsp&nbspJak-STAT signaling pathway  <a style=\"color:blue\" href=\"http://www.kegg.jp/kegg-bin/show_pathway?hsa04630\" target=\"KEGG\">map</a>,&nbsp<a style=\"color:blue\" href=\"http://www.kegg.jp/dbget-bin/www_bget?pathway+hsa04630\" target=\"KEGG\">evidence</a><br>&nbsp&nbsp&nbsp&nbsp&bull;&nbsp&nbspProteoglycans in cancer  <a style=\"color:blue\" href=\"http://www.kegg.jp/kegg-bin/show_pathway?hsa05205\" target=\"KEGG\">map</a>,&nbsp<a style=\"color:blue\" href=\"http://www.kegg.jp/dbget-bin/www_bget?pathway+hsa05205\" target=\"KEGG\">evidence</a><br></li></ul><br><dt>NetPath</dt>&bull;&nbsp&nbspMI:0218 (physical interaction) <br>&nbsp&nbsp&nbsp&nbsp&bull;&nbsp&nbspLeptin pathway  <a style=\"color:blue\" href=\"http://www.ncbi.nlm.nih.gov/pubmed/15882975\" target=\"PubMed\">pmid:15882975</a>,&nbsp<a style=\"color:blue\" href=\"http://www.netpath.org/reactions?path_id=NetPath_22\" target=\"NetPath\">netpath:NetPath_22</a><br>&nbsp&nbsp&nbsp&nbsp&bull;&nbsp&nbspInterleukin-5 (IL-5) pathway  <a style=\"color:blue\" href=\"http://www.ncbi.nlm.nih.gov/pubmed/9254654\" target=\"PubMed\">pmid:9254654</a>,&nbsp<a style=\"color:blue\" href=\"http://www.netpath.org/reactions?path_id=NetPath_17\" target=\"NetPath\">netpath:NetPath_17</a><br>&nbsp&nbsp&nbsp&nbsp&bull;&nbsp&nbspInterleukin-11 (IL-11) pathway  <a style=\"color:blue\" href=\"http://www.ncbi.nlm.nih.gov/pubmed/7499280\" target=\"PubMed\">pmid:7499280</a>,&nbsp<a style=\"color:blue\" href=\"http://www.netpath.org/reactions?path_id=NetPath_147\" target=\"NetPath\">netpath:NetPath_147</a><br>&nbsp&nbsp&nbsp&nbsp&bull;&nbsp&nbspInterleukin-2 (IL-2) pathway  <a style=\"color:blue\" href=\"http://www.ncbi.nlm.nih.gov/pubmed/9590209\" target=\"PubMed\">pmid:9590209</a>,&nbsp<a style=\"color:blue\" href=\"http://www.ncbi.nlm.nih.gov/pubmed/9660791\" target=\"PubMed\">pmid:9660791</a>,&nbsp<a style=\"color:blue\" href=\"http://www.netpath.org/reactions?path_id=NetPath_14\" target=\"NetPath\">netpath:NetPath_14</a><br>&nbsp&nbsp&nbsp&nbsp&bull;&nbsp&nbspBrain-derived neurotrophic factor (BDNF) pathway  <a style=\"color:blue\" href=\"http://www.ncbi.nlm.nih.gov/pubmed/10386953\" target=\"PubMed\">pmid:10386953</a>,&nbsp<a style=\"color:blue\" href=\"http://www.netpath.org/reactions?path_id=NetPath_76\" target=\"NetPath\">netpath:NetPath_76</a><br>&nbsp&nbsp&nbsp&nbsp&bull;&nbsp&nbspEpidermal growth factor receptor (EGFR) pathway  <a style=\"color:blue\" href=\"http://www.ncbi.nlm.nih.gov/pubmed/8702859\" target=\"PubMed\">pmid:8702859</a>,&nbsp<a style=\"color:blue\" href=\"http://www.ncbi.nlm.nih.gov/pubmed/10973965\" target=\"PubMed\">pmid:10973965</a>,&nbsp<a style=\"color:blue\" href=\"http://www.ncbi.nlm.nih.gov/pubmed/12577067\" target=\"PubMed\">pmid:12577067</a>,&nbsp<a style=\"color:blue\" href=\"http://www.netpath.org/reactions?path_id=NetPath_4\" target=\"NetPath\">netpath:NetPath_4</a><br>&nbsp&nbsp&nbsp&nbsp&bull;&nbsp&nbspInterleukin-3 (IL-3) pathway  <a style=\"color:blue\" href=\"http://www.ncbi.nlm.nih.gov/pubmed/7522233\" target=\"PubMed\">pmid:7522233</a>,&nbsp<a style=\"color:blue\" href=\"http://www.ncbi.nlm.nih.gov/pubmed/16371368\" target=\"PubMed\">pmid:16371368</a>,&nbsp<a style=\"color:blue\" href=\"http://www.netpath.org/reactions?path_id=NetPath_15\" target=\"NetPath\">netpath:NetPath_15</a><br>&nbsp&nbsp&nbsp&nbsp&bull;&nbsp&nbspProlactin pathway  <a style=\"color:blue\" href=\"http://www.ncbi.nlm.nih.gov/pubmed/12531430\" target=\"PubMed\">pmid:12531430</a>,&nbsp<a style=\"color:blue\" href=\"http://www.netpath.org/reactions?path_id=NetPath_56\" target=\"NetPath\">netpath:NetPath_56</a><br>&nbsp&nbsp&nbsp&nbsp&bull;&nbsp&nbspB cell receptor (BCR) pathway  <a style=\"color:blue\" href=\"http://www.ncbi.nlm.nih.gov/pubmed/9804835\" target=\"PubMed\">pmid:9804835</a>,&nbsp<a style=\"color:blue\" href=\"http://www.ncbi.nlm.nih.gov/pubmed/11278704\" target=\"PubMed\">pmid:11278704</a>,&nbsp<a style=\"color:blue\" href=\"http://www.netpath.org/reactions?path_id=NetPath_12\" target=\"NetPath\">netpath:NetPath_12</a><br>&nbsp&nbsp&nbsp&nbsp&bull;&nbsp&nbspInterleukin-6 (IL-6) pathway  <a style=\"color:blue\" href=\"http://www.ncbi.nlm.nih.gov/pubmed/8978300\" target=\"PubMed\">pmid:8978300</a>,&nbsp<a style=\"color:blue\" href=\"http://www.ncbi.nlm.nih.gov/pubmed/9815779\" target=\"PubMed\">pmid:9815779</a>,&nbsp<a style=\"color:blue\" href=\"http://www.ncbi.nlm.nih.gov/pubmed/15010462\" target=\"PubMed\">pmid:15010462</a>,&nbsp<a style=\"color:blue\" href=\"http://www.netpath.org/reactions?path_id=NetPath_18\" target=\"NetPath\">netpath:NetPath_18</a><br>&nbsp&nbsp&nbsp&nbsp&bull;&nbsp&nbspFibroblast growth factor-1 (FGF1) pathway  <a style=\"color:blue\" href=\"http://www.ncbi.nlm.nih.gov/pubmed/9632781%20\" target=\"PubMed\">pmid:9632781%20</a>,&nbsp<a style=\"color:blue\" href=\"http://www.ncbi.nlm.nih.gov/pubmed/10851026\" target=\"PubMed\">pmid:10851026</a>,&nbsp<a style=\"color:blue\" href=\"http://www.ncbi.nlm.nih.gov/pubmed/9632781\" target=\"PubMed\">pmid:9632781</a>,&nbsp<a style=\"color:blue\" href=\"http://www.ncbi.nlm.nih.gov/pubmed/11353842\" target=\"PubMed\">pmid:11353842</a>,&nbsp<a style=\"color:blue\" href=\"http://www.netpath.org/reactions?path_id=NetPath_134\" target=\"NetPath\">netpath:NetPath_134</a><br>&nbsp&nbsp&nbsp&nbsp&bull;&nbsp&nbspKit Receptor pathway  <a style=\"color:blue\" href=\"http://www.ncbi.nlm.nih.gov/pubmed/7523381\" target=\"PubMed\">pmid:7523381</a>,&nbsp<a style=\"color:blue\" href=\"http://www.ncbi.nlm.nih.gov/pubmed/16873377\" target=\"PubMed\">pmid:16873377</a>,&nbsp<a style=\"color:blue\" href=\"http://www.ncbi.nlm.nih.gov/pubmed/18697750\" target=\"PubMed\">pmid:18697750</a>,&nbsp<a style=\"color:blue\" href=\"http://www.netpath.org/reactions?path_id=NetPath_6\" target=\"NetPath\">netpath:NetPath_6</a><br></li></ul><br><dt>SPIKE</dt>&nbsp&nbsp&nbsp&nbsp&bull;&nbsp&nbsp2013-06-LatestSpikeDB (Integrity=3)  <br>&nbsp&nbsp&nbsp&nbsp&bull;&nbsp&nbsp2013-06-LatestSpikeDB (Integrity=1)  <a style=\"color:blue\" href=\"http://www.ncbi.nlm.nih.gov/pubmed/7522233\" target=\"PubMed\">pmid:7522233</a>,&nbsp<a style=\"color:blue\" href=\"http://www.ncbi.nlm.nih.gov/pubmed/7523381\" target=\"PubMed\">pmid:7523381</a>,&nbsp<a style=\"color:blue\" href=\"http://www.ncbi.nlm.nih.gov/pubmed/12577067\" target=\"PubMed\">pmid:12577067</a>,&nbsp<a style=\"color:blue\" href=\"http://www.ncbi.nlm.nih.gov/pubmed/16189514\" target=\"PubMed\">pmid:16189514</a><br></li></ul><br><dt>Reactome-FIs</dt>&nbsp&nbsp&nbsp&nbsp&bull;&nbsp&nbsp<FONT COLOR=\"gray\">MI:0046 (experimental knowledge based)</FONT>  <a style=\"color:blue\" href=\"http://www.ncbi.nlm.nih.gov/pubmed/20482850\" target=\"PubMed\">pmid:20482850</a><br></li></ul><br>", "is_directed": false, "target": "PTPN11", "name": "GRB2-PTPN11"}}, {"data": {"source": "JAK2", "popup": "<b>JAK2 - PTPN11</b></br><b>O60674 - Q06124</b></br><hr /><h><b>Sources of Evidence</b></h><dl><dt>BioGrid</dt>&bull;&nbsp&nbspMI:0915 (physical association) <br>&nbsp&nbsp&nbsp&nbsp&bull;&nbsp&nbspMI:0004 (affinity chromatography technology)  <a style=\"color:blue\" href=\"http://www.ncbi.nlm.nih.gov/pubmed/8912646\" target=\"PubMed\">pmid:8912646</a><br>&bull;&nbsp&nbspMI:0407 (direct interaction) <br>&nbsp&nbsp&nbsp&nbsp&bull;&nbsp&nbspMI:0415 (enzymatic study)  <a style=\"color:blue\" href=\"http://www.ncbi.nlm.nih.gov/pubmed/8639815\" target=\"PubMed\">pmid:8639815</a>,&nbsp<a style=\"color:blue\" href=\"http://www.ncbi.nlm.nih.gov/pubmed/8995399\" target=\"PubMed\">pmid:8995399</a><br>&nbsp&nbsp&nbsp&nbsp&bull;&nbsp&nbspMI:0096 (pull down)  <a style=\"color:blue\" href=\"http://www.ncbi.nlm.nih.gov/pubmed/8995399\" target=\"PubMed\">pmid:8995399</a><br></li></ul><br><dt>KEGG</dt>&bull;&nbsp&nbspactivation,phosphorylation <br>&nbsp&nbsp&nbsp&nbsp&bull;&nbsp&nbspAdipocytokine signaling pathway  <a style=\"color:blue\" href=\"http://www.kegg.jp/kegg-bin/show_pathway?hsa04920\" target=\"KEGG\">map</a>,&nbsp<a style=\"color:blue\" href=\"http://www.kegg.jp/dbget-bin/www_bget?pathway+hsa04920\" target=\"KEGG\">evidence</a><br>&nbsp&nbsp&nbsp&nbsp&bull;&nbsp&nbspJak-STAT signaling pathway  <a style=\"color:blue\" href=\"http://www.kegg.jp/kegg-bin/show_pathway?hsa04630\" target=\"KEGG\">map</a>,&nbsp<a style=\"color:blue\" href=\"http://www.kegg.jp/dbget-bin/www_bget?pathway+hsa04630\" target=\"KEGG\">evidence</a><br></li></ul><br><dt>NetPath</dt>&bull;&nbsp&nbspMI:0218 (physical interaction) <br>&nbsp&nbsp&nbsp&nbsp&bull;&nbsp&nbspInterleukin-6 (IL-6) pathway  <a style=\"color:blue\" href=\"http://www.ncbi.nlm.nih.gov/pubmed/9794795\" target=\"PubMed\">pmid:9794795</a>,&nbsp<a style=\"color:blue\" href=\"http://www.netpath.org/reactions?path_id=NetPath_18\" target=\"NetPath\">netpath:NetPath_18</a><br>&nbsp&nbsp&nbsp&nbsp&bull;&nbsp&nbspInterleukin-11 (IL-11) pathway  <a style=\"color:blue\" href=\"http://www.ncbi.nlm.nih.gov/pubmed/7559603\" target=\"PubMed\">pmid:7559603</a>,&nbsp<a style=\"color:blue\" href=\"http://www.netpath.org/reactions?path_id=NetPath_147\" target=\"NetPath\">netpath:NetPath_147</a><br>&nbsp&nbsp&nbsp&nbsp&bull;&nbsp&nbspProlactin pathway  <a style=\"color:blue\" href=\"http://www.ncbi.nlm.nih.gov/pubmed/8598196\" target=\"PubMed\">pmid:8598196</a>,&nbsp<a style=\"color:blue\" href=\"http://www.ncbi.nlm.nih.gov/pubmed/16959766\" target=\"PubMed\">pmid:16959766</a>,&nbsp<a style=\"color:blue\" href=\"http://www.netpath.org/reactions?path_id=NetPath_56\" target=\"NetPath\">netpath:NetPath_56</a><br>&bull;&nbsp&nbspMI:0217 (phosphorylation reaction) <br>&nbsp&nbsp&nbsp&nbsp&bull;&nbsp&nbspProlactin pathway  <a style=\"color:blue\" href=\"http://www.ncbi.nlm.nih.gov/pubmed/8598196\" target=\"PubMed\">pmid:8598196</a>,&nbsp<a style=\"color:blue\" href=\"http://www.ncbi.nlm.nih.gov/pubmed/10991949\" target=\"PubMed\">pmid:10991949</a>,&nbsp<a style=\"color:blue\" href=\"http://www.netpath.org/reactions?path_id=NetPath_56\" target=\"NetPath\">netpath:NetPath_56</a><br></li></ul><br><dt>SPIKE</dt>&nbsp&nbsp&nbsp&nbsp&bull;&nbsp&nbsp2013-06-LatestSpikeDB (Integrity=3)  <br></li></ul><br><dt>Reactome</dt>&bull;&nbsp&nbspMI:0915 (physical association) <br>&nbsp&nbsp&nbsp&nbsp&bull;&nbsp&nbsp<FONT COLOR=\"gray\">MI:0364 (inferred by curator)</FONT>  <a style=\"color:blue\" href=\"http://www.ncbi.nlm.nih.gov/pubmed/17367534\" target=\"PubMed\">pmid:17367534</a><br></li></ul><br><dt>Reactome-FIs</dt>&nbsp&nbsp&nbsp&nbsp&bull;&nbsp&nbsp<FONT COLOR=\"gray\">MI:0046 (experimental knowledge based)</FONT>  <a style=\"color:blue\" href=\"http://www.ncbi.nlm.nih.gov/pubmed/20482850\" target=\"PubMed\">pmid:20482850</a><br></li></ul><br>", "is_directed": true, "target": "PTPN11", "name": "JAK2-PTPN11"}}, {"data": {"source": "JAK2", "popup": "<b>JAK2 - FYN</b></br><b>O60674 - P06241</b></br><hr /><h><b>Sources of Evidence</b></h><dl><dt>BioGrid</dt>&bull;&nbsp&nbspMI:0915 (physical association) <br>&nbsp&nbsp&nbsp&nbsp&bull;&nbsp&nbspMI:0004 (affinity chromatography technology)  <a style=\"color:blue\" href=\"http://www.ncbi.nlm.nih.gov/pubmed/10551884\" target=\"PubMed\">pmid:10551884</a><br>&bull;&nbsp&nbspMI:0407 (direct interaction) <br>&nbsp&nbsp&nbsp&nbsp&bull;&nbsp&nbspMI:0096 (pull down)  <a style=\"color:blue\" href=\"http://www.ncbi.nlm.nih.gov/pubmed/10551884\" target=\"PubMed\">pmid:10551884</a><br></li></ul><br><dt>NetPath</dt>&bull;&nbsp&nbspMI:0218 (physical interaction) <br>&nbsp&nbsp&nbsp&nbsp&bull;&nbsp&nbspInterleukin-11 (IL-11) pathway  <a style=\"color:blue\" href=\"http://www.ncbi.nlm.nih.gov/pubmed/7499280\" target=\"PubMed\">pmid:7499280</a>,&nbsp<a style=\"color:blue\" href=\"http://www.netpath.org/reactions?path_id=NetPath_147\" target=\"NetPath\">netpath:NetPath_147</a><br></li></ul><br><dt>SPIKE</dt>&nbsp&nbsp&nbsp&nbsp&bull;&nbsp&nbsp2013-06-LatestSpikeDB (Integrity=1)  <a style=\"color:blue\" href=\"http://www.ncbi.nlm.nih.gov/pubmed/16713569\" target=\"PubMed\">pmid:16713569</a><br></li></ul><br><dt>Reactome</dt>&bull;&nbsp&nbspMI:0915 (physical association) <br>&nbsp&nbsp&nbsp&nbsp&bull;&nbsp&nbsp<FONT COLOR=\"gray\">MI:0364 (inferred by curator)</FONT>  <a style=\"color:blue\" href=\"http://www.ncbi.nlm.nih.gov/pubmed/17367534\" target=\"PubMed\">pmid:17367534</a><br></li></ul><br><dt>Reactome-FIs</dt>&nbsp&nbsp&nbsp&nbsp&bull;&nbsp&nbsp<FONT COLOR=\"gray\">MI:0046 (experimental knowledge based)</FONT>  <a style=\"color:blue\" href=\"http://www.ncbi.nlm.nih.gov/pubmed/20482850\" target=\"PubMed\">pmid:20482850</a><br></li></ul><br>", "is_directed": false, "target": "FYN", "name": "JAK2-FYN"}}, {"data": {"source": "JAK2", "popup": "<b>JAK2 - IL6ST</b></br><b>O60674 - P40189</b></br><hr /><h><b>Sources of Evidence</b></h><dl><dt>BioGrid</dt>&bull;&nbsp&nbspMI:0915 (physical association) <br>&nbsp&nbsp&nbsp&nbsp&bull;&nbsp&nbspMI:0004 (affinity chromatography technology)  <a style=\"color:blue\" href=\"http://www.ncbi.nlm.nih.gov/pubmed/9388212\" target=\"PubMed\">pmid:9388212</a><br></li></ul><br><dt>KEGG</dt>&bull;&nbsp&nbspbinding/association <br>&nbsp&nbsp&nbsp&nbsp&bull;&nbsp&nbspJak-STAT signaling pathway  <a style=\"color:blue\" href=\"http://www.kegg.jp/kegg-bin/show_pathway?hsa04630\" target=\"KEGG\">map</a>,&nbsp<a style=\"color:blue\" href=\"http://www.kegg.jp/dbget-bin/www_bget?pathway+hsa04630\" target=\"KEGG\">evidence</a><br>&bull;&nbsp&nbspgroup-entry <br>&nbsp&nbsp&nbsp&nbsp&bull;&nbsp&nbsphsa04659  <a style=\"color:blue\" href=\"http://www.kegg.jp/kegg-bin/show_pathway?hsa04659\" target=\"KEGG\">map</a>,&nbsp<a style=\"color:blue\" href=\"http://www.kegg.jp/dbget-bin/www_bget?pathway+hsa04659\" target=\"KEGG\">evidence</a><br></li></ul><br><dt>NetPath</dt>&bull;&nbsp&nbspMI:0218 (physical interaction) <br>&nbsp&nbsp&nbsp&nbsp&bull;&nbsp&nbspInterleukin-6 (IL-6) pathway  <a style=\"color:blue\" href=\"http://www.ncbi.nlm.nih.gov/pubmed/7896787\" target=\"PubMed\">pmid:7896787</a>,&nbsp<a style=\"color:blue\" href=\"http://www.ncbi.nlm.nih.gov/pubmed/8174677\" target=\"PubMed\">pmid:8174677</a>,&nbsp<a style=\"color:blue\" href=\"http://www.ncbi.nlm.nih.gov/pubmed/8272873\" target=\"PubMed\">pmid:8272873</a>,&nbsp<a style=\"color:blue\" href=\"http://www.netpath.org/reactions?path_id=NetPath_18\" target=\"NetPath\">netpath:NetPath_18</a><br>&nbsp&nbsp&nbsp&nbsp&bull;&nbsp&nbspInterleukin-11 (IL-11) pathway  <a style=\"color:blue\" href=\"http://www.ncbi.nlm.nih.gov/pubmed/7499280\" target=\"PubMed\">pmid:7499280</a>,&nbsp<a style=\"color:blue\" href=\"http://www.ncbi.nlm.nih.gov/pubmed/7559603\" target=\"PubMed\">pmid:7559603</a>,&nbsp<a style=\"color:blue\" href=\"http://www.ncbi.nlm.nih.gov/pubmed/8174677\" target=\"PubMed\">pmid:8174677</a>,&nbsp<a style=\"color:blue\" href=\"http://www.netpath.org/reactions?path_id=NetPath_147\" target=\"NetPath\">netpath:NetPath_147</a><br>&bull;&nbsp&nbspMI:0217 (phosphorylation reaction) <br>&nbsp&nbsp&nbsp&nbsp&bull;&nbsp&nbspInterleukin-6 (IL-6) pathway  <a style=\"color:blue\" href=\"http://www.ncbi.nlm.nih.gov/pubmed/7812050\" target=\"PubMed\">pmid:7812050</a>,&nbsp<a style=\"color:blue\" href=\"http://www.ncbi.nlm.nih.gov/pubmed/9278309\" target=\"PubMed\">pmid:9278309</a>,&nbsp<a style=\"color:blue\" href=\"http://www.netpath.org/reactions?path_id=NetPath_18\" target=\"NetPath\">netpath:NetPath_18</a><br></li></ul><br><dt>SPIKE</dt>&nbsp&nbsp&nbsp&nbsp&bull;&nbsp&nbsp2013-06-LatestSpikeDB (Integrity=3)  <br>&nbsp&nbsp&nbsp&nbsp&bull;&nbsp&nbsp2013-06-LatestSpikeDB (Integrity=1)  <a style=\"color:blue\" href=\"http://www.ncbi.nlm.nih.gov/pubmed/8174677\" target=\"PubMed\">pmid:8174677</a>,&nbsp<a style=\"color:blue\" href=\"http://www.ncbi.nlm.nih.gov/pubmed/15728480\" target=\"PubMed\">pmid:15728480</a><br></li></ul><br><dt>Reactome</dt>&bull;&nbsp&nbspMI:0915 (physical association) <br>&nbsp&nbsp&nbsp&nbsp&bull;&nbsp&nbsp<FONT COLOR=\"gray\">MI:0364 (inferred by curator)</FONT>  <a style=\"color:blue\" href=\"http://www.ncbi.nlm.nih.gov/pubmed/17367534\" target=\"PubMed\">pmid:17367534</a><br></li></ul><br><dt>Reactome-FIs</dt>&nbsp&nbsp&nbsp&nbsp&bull;&nbsp&nbsp<FONT COLOR=\"gray\">MI:0046 (experimental knowledge based)</FONT>  <a style=\"color:blue\" href=\"http://www.ncbi.nlm.nih.gov/pubmed/20482850\" target=\"PubMed\">pmid:20482850</a><br></li></ul><br>", "is_directed": true, "target": "IL6ST", "name": "JAK2-IL6ST"}}, {"data": {"source": "JAK2", "popup": "<b>JAK2 - GRB2</b></br><b>O60674 - P62993</b></br><hr /><h><b>Sources of Evidence</b></h><dl><dt>BioGrid</dt>&bull;&nbsp&nbspMI:0915 (physical association) <br>&nbsp&nbsp&nbsp&nbsp&bull;&nbsp&nbspMI:0004 (affinity chromatography technology)  <a style=\"color:blue\" href=\"http://www.ncbi.nlm.nih.gov/pubmed/7500025\" target=\"PubMed\">pmid:7500025</a><br>&bull;&nbsp&nbspMI:0407 (direct interaction) <br>&nbsp&nbsp&nbsp&nbsp&bull;&nbsp&nbspMI:0096 (pull down)  <a style=\"color:blue\" href=\"http://www.ncbi.nlm.nih.gov/pubmed/8536716\" target=\"PubMed\">pmid:8536716</a>,&nbsp<a style=\"color:blue\" href=\"http://www.ncbi.nlm.nih.gov/pubmed/8950973\" target=\"PubMed\">pmid:8950973</a><br></li></ul><br><dt>IntAct</dt>&bull;&nbsp&nbspMI:0915 (physical association) <br>&nbsp&nbsp&nbsp&nbsp&bull;&nbsp&nbspMI:0081 (peptide array)  <a style=\"color:blue\" href=\"http://www.ncbi.nlm.nih.gov/pubmed/17474147\" target=\"PubMed\">pmid:17474147</a>,&nbsp<a style=\"color:blue\" href=\"http://www.ebi.ac.uk/intact/imex/main.xhtml?query=IM-11903\" target=\"IMEX\">imex:IM&#8209;11903</a><br></li></ul><br><dt>NetPath</dt>&bull;&nbsp&nbspMI:0218 (physical interaction) <br>&nbsp&nbsp&nbsp&nbsp&bull;&nbsp&nbspInterleukin-11 (IL-11) pathway  <a style=\"color:blue\" href=\"http://www.ncbi.nlm.nih.gov/pubmed/7499280\" target=\"PubMed\">pmid:7499280</a>,&nbsp<a style=\"color:blue\" href=\"http://www.netpath.org/reactions?path_id=NetPath_147\" target=\"NetPath\">netpath:NetPath_147</a><br>&nbsp&nbsp&nbsp&nbsp&bull;&nbsp&nbspOncostatin-M (OSM) pathway  <a style=\"color:blue\" href=\"http://www.ncbi.nlm.nih.gov/pubmed/7500025\" target=\"PubMed\">pmid:7500025</a>,&nbsp<a style=\"color:blue\" href=\"http://www.netpath.org/reactions?path_id=NetPath_114\" target=\"NetPath\">netpath:NetPath_114</a><br>&bull;&nbsp&nbspMI:0217 (phosphorylation reaction) <br>&nbsp&nbsp&nbsp&nbsp&bull;&nbsp&nbspProlactin pathway  <a style=\"color:blue\" href=\"http://www.ncbi.nlm.nih.gov/pubmed/19273609\" target=\"PubMed\">pmid:19273609</a>,&nbsp<a style=\"color:blue\" href=\"http://www.netpath.org/reactions?path_id=NetPath_56\" target=\"NetPath\">netpath:NetPath_56</a><br></li></ul><br><dt>Phosphosite</dt>&bull;&nbsp&nbspMI:0217 (phosphorylation reaction) <br>&nbsp&nbsp&nbsp&nbsp&bull;&nbsp&nbspPhosphosite  <a style=\"color:blue\" href=\"http://www.phosphosite.org/siteAction.action?id=3771\" target=\"PSP\">phosphosite:3771</a><br></li></ul><br><dt>Reactome-FIs</dt>&nbsp&nbsp&nbsp&nbsp&bull;&nbsp&nbsp<FONT COLOR=\"gray\">MI:0046 (experimental knowledge based)</FONT>  <a style=\"color:blue\" href=\"http://www.ncbi.nlm.nih.gov/pubmed/20482850\" target=\"PubMed\">pmid:20482850</a><br></li></ul><br>", "is_directed": true, "target": "GRB2", "name": "JAK2-GRB2"}}, {"data": {"source": "JAK2", "popup": "<b>JAK2 - PIK3R1</b></br><b>O60674 - P27986</b></br><hr /><h><b>Sources of Evidence</b></h><dl><dt>BioGrid</dt>&bull;&nbsp&nbspMI:0799 (additive genetic interaction defined by inequality) <br>&nbsp&nbsp&nbsp&nbsp&bull;&nbsp&nbspMI:0254 (genetic interference)  <a style=\"color:blue\" href=\"http://www.ncbi.nlm.nih.gov/pubmed/28319113\" target=\"PubMed\">pmid:28319113</a><br>&bull;&nbsp&nbspMI:0407 (direct interaction) <br>&nbsp&nbsp&nbsp&nbsp&bull;&nbsp&nbspMI:0096 (pull down)  <a style=\"color:blue\" href=\"http://www.ncbi.nlm.nih.gov/pubmed/16135792\" target=\"PubMed\">pmid:16135792</a><br></li></ul><br><dt>IntAct</dt>&bull;&nbsp&nbspMI:0915 (physical association) <br>&nbsp&nbsp&nbsp&nbsp&bull;&nbsp&nbspMI:0081 (peptide array)  <a style=\"color:blue\" href=\"http://www.ncbi.nlm.nih.gov/pubmed/17474147\" target=\"PubMed\">pmid:17474147</a>,&nbsp<a style=\"color:blue\" href=\"http://www.ebi.ac.uk/intact/imex/main.xhtml?query=IM-11903\" target=\"IMEX\">imex:IM&#8209;11903</a><br></li></ul><br><dt>KEGG</dt>&bull;&nbsp&nbspactivation <br>&nbsp&nbsp&nbsp&nbsp&bull;&nbsp&nbspCholinergic synapse  <a style=\"color:blue\" href=\"http://www.kegg.jp/kegg-bin/show_pathway?hsa04725\" target=\"KEGG\">map</a>,&nbsp<a style=\"color:blue\" href=\"http://www.kegg.jp/dbget-bin/www_bget?pathway+hsa04725\" target=\"KEGG\">evidence</a><br>&nbsp&nbsp&nbsp&nbsp&bull;&nbsp&nbspPI3K-Akt signaling pathway  <a style=\"color:blue\" href=\"http://www.kegg.jp/kegg-bin/show_pathway?hsa04151\" target=\"KEGG\">map</a>,&nbsp<a style=\"color:blue\" href=\"http://www.kegg.jp/dbget-bin/www_bget?pathway+hsa04151\" target=\"KEGG\">evidence</a><br>&bull;&nbsp&nbspactivation,phosphorylation <br>&nbsp&nbsp&nbsp&nbsp&bull;&nbsp&nbspJak-STAT signaling pathway  <a style=\"color:blue\" href=\"http://www.kegg.jp/kegg-bin/show_pathway?hsa04630\" target=\"KEGG\">map</a>,&nbsp<a style=\"color:blue\" href=\"http://www.kegg.jp/dbget-bin/www_bget?pathway+hsa04630\" target=\"KEGG\">evidence</a><br></li></ul><br><dt>NetPath</dt>&bull;&nbsp&nbspMI:0218 (physical interaction) <br>&nbsp&nbsp&nbsp&nbsp&bull;&nbsp&nbspLeptin pathway  <a style=\"color:blue\" href=\"http://www.ncbi.nlm.nih.gov/pubmed/12706299\" target=\"PubMed\">pmid:12706299</a>,&nbsp<a style=\"color:blue\" href=\"http://www.netpath.org/reactions?path_id=NetPath_22\" target=\"NetPath\">netpath:NetPath_22</a><br>&nbsp&nbsp&nbsp&nbsp&bull;&nbsp&nbspInterleukin-11 (IL-11) pathway  <a style=\"color:blue\" href=\"http://www.ncbi.nlm.nih.gov/pubmed/8702385\" target=\"PubMed\">pmid:8702385</a>,&nbsp<a style=\"color:blue\" href=\"http://www.netpath.org/reactions?path_id=NetPath_147\" target=\"NetPath\">netpath:NetPath_147</a><br>&nbsp&nbsp&nbsp&nbsp&bull;&nbsp&nbspGastrin pathway  <a style=\"color:blue\" href=\"http://www.ncbi.nlm.nih.gov/pubmed/15530849\" target=\"PubMed\">pmid:15530849</a>,&nbsp<a style=\"color:blue\" href=\"http://www.netpath.org/reactions?path_id=NetPath_154\" target=\"NetPath\">netpath:NetPath_154</a><br></li></ul><br><dt>SPIKE</dt>&nbsp&nbsp&nbsp&nbsp&bull;&nbsp&nbsp2013-06-LatestSpikeDB (Integrity=1)  <a style=\"color:blue\" href=\"http://www.ncbi.nlm.nih.gov/pubmed/17474147\" target=\"PubMed\">pmid:17474147</a><br></li></ul><br><dt>Reactome</dt>&bull;&nbsp&nbspMI:0915 (physical association) <br>&nbsp&nbsp&nbsp&nbsp&bull;&nbsp&nbsp<FONT COLOR=\"gray\">MI:0364 (inferred by curator)</FONT>  <a style=\"color:blue\" href=\"http://www.ncbi.nlm.nih.gov/pubmed/17367534\" target=\"PubMed\">pmid:17367534</a><br></li></ul><br><dt>Reactome-FIs</dt>&nbsp&nbsp&nbsp&nbsp&bull;&nbsp&nbsp<FONT COLOR=\"gray\">MI:0046 (experimental knowledge based)</FONT>  <a style=\"color:blue\" href=\"http://www.ncbi.nlm.nih.gov/pubmed/20482850\" target=\"PubMed\">pmid:20482850</a><br></li></ul><br>", "is_directed": true, "target": "PIK3R1", "name": "JAK2-PIK3R1"}}, {"data": {"source": "JAK2", "popup": "<b>JAK2 - YES1</b></br><b>O60674 - P07947</b></br><hr /><h><b>Sources of Evidence</b></h><dl><dt>NetPath</dt>&bull;&nbsp&nbspMI:0218 (physical interaction) <br>&nbsp&nbsp&nbsp&nbsp&bull;&nbsp&nbspInterleukin-11 (IL-11) pathway  <a style=\"color:blue\" href=\"http://www.ncbi.nlm.nih.gov/pubmed/8702385\" target=\"PubMed\">pmid:8702385</a>,&nbsp<a style=\"color:blue\" href=\"http://www.netpath.org/reactions?path_id=NetPath_147\" target=\"NetPath\">netpath:NetPath_147</a><br></li></ul><br><dt>Reactome</dt>&bull;&nbsp&nbspMI:0915 (physical association) <br>&nbsp&nbsp&nbsp&nbsp&bull;&nbsp&nbsp<FONT COLOR=\"gray\">MI:0364 (inferred by curator)</FONT>  <a style=\"color:blue\" href=\"http://www.ncbi.nlm.nih.gov/pubmed/17367534\" target=\"PubMed\">pmid:17367534</a><br></li></ul><br><dt>Reactome-FIs</dt>&nbsp&nbsp&nbsp&nbsp&bull;&nbsp&nbsp<FONT COLOR=\"gray\">MI:0046 (experimental knowledge based)</FONT>  <a style=\"color:blue\" href=\"http://www.ncbi.nlm.nih.gov/pubmed/20482850\" target=\"PubMed\">pmid:20482850</a><br></li></ul><br>", "is_directed": false, "target": "YES1", "name": "JAK2-YES1"}}, {"data": {"source": "PIK3R2", "popup": "<b>PIK3R2 - JAK2</b></br><b>O00459 - O60674</b></br><hr /><h><b>Sources of Evidence</b></h><dl><dt>NetPath</dt>&bull;&nbsp&nbspMI:0218 (physical interaction) <br>&nbsp&nbsp&nbsp&nbsp&bull;&nbsp&nbspLeptin pathway  <a style=\"color:blue\" href=\"http://www.ncbi.nlm.nih.gov/pubmed/12706299\" target=\"PubMed\">pmid:12706299</a>,&nbsp<a style=\"color:blue\" href=\"http://www.netpath.org/reactions?path_id=NetPath_22\" target=\"NetPath\">netpath:NetPath_22</a><br>&nbsp&nbsp&nbsp&nbsp&bull;&nbsp&nbspInterleukin-11 (IL-11) pathway  <a style=\"color:blue\" href=\"http://www.ncbi.nlm.nih.gov/pubmed/8702385\" target=\"PubMed\">pmid:8702385</a>,&nbsp<a style=\"color:blue\" href=\"http://www.netpath.org/reactions?path_id=NetPath_147\" target=\"NetPath\">netpath:NetPath_147</a><br></li></ul><br><dt>Reactome-FIs</dt>&nbsp&nbsp&nbsp&nbsp&bull;&nbsp&nbsp<FONT COLOR=\"gray\">MI:0046 (experimental knowledge based)</FONT>  <a style=\"color:blue\" href=\"http://www.ncbi.nlm.nih.gov/pubmed/20482850\" target=\"PubMed\">pmid:20482850</a><br></li></ul><br>", "is_directed": false, "target": "JAK2", "name": "PIK3R2-JAK2"}}, {"data": {"source": "PIK3R2", "popup": "<b>PIK3R2 - PIK3R1</b></br><b>O00459 - P27986</b></br><hr /><h><b>Sources of Evidence</b></h><dl><dt>BioGrid</dt>&bull;&nbsp&nbspMI:0915 (physical association) <br>&nbsp&nbsp&nbsp&nbsp&bull;&nbsp&nbspMI:0004 (affinity chromatography technology)  <a style=\"color:blue\" href=\"http://www.ncbi.nlm.nih.gov/pubmed/19380743\" target=\"PubMed\">pmid:19380743</a>,&nbsp<a style=\"color:blue\" href=\"http://www.ncbi.nlm.nih.gov/pubmed/26186194\" target=\"PubMed\">pmid:26186194</a><br></li></ul><br><dt>NetPath</dt>&bull;&nbsp&nbspMI:0218 (physical interaction) <br>&nbsp&nbsp&nbsp&nbsp&bull;&nbsp&nbspLeptin pathway  <a style=\"color:blue\" href=\"http://www.ncbi.nlm.nih.gov/pubmed/12706299\" target=\"PubMed\">pmid:12706299</a>,&nbsp<a style=\"color:blue\" href=\"http://www.ncbi.nlm.nih.gov/pubmed/15316008\" target=\"PubMed\">pmid:15316008</a>,&nbsp<a style=\"color:blue\" href=\"http://www.ncbi.nlm.nih.gov/pubmed/15715521\" target=\"PubMed\">pmid:15715521</a>,&nbsp<a style=\"color:blue\" href=\"http://www.netpath.org/reactions?path_id=NetPath_22\" target=\"NetPath\">netpath:NetPath_22</a><br>&nbsp&nbsp&nbsp&nbsp&bull;&nbsp&nbspNotch pathway  <a style=\"color:blue\" href=\"http://www.ncbi.nlm.nih.gov/pubmed/12682059\" target=\"PubMed\">pmid:12682059</a>,&nbsp<a style=\"color:blue\" href=\"http://www.ncbi.nlm.nih.gov/pubmed/14583609\" target=\"PubMed\">pmid:14583609</a>,&nbsp<a style=\"color:blue\" href=\"http://www.netpath.org/reactions?path_id=NetPath_3\" target=\"NetPath\">netpath:NetPath_3</a><br>&nbsp&nbsp&nbsp&nbsp&bull;&nbsp&nbspInterleukin-11 (IL-11) pathway  <a style=\"color:blue\" href=\"http://www.ncbi.nlm.nih.gov/pubmed/8702385\" target=\"PubMed\">pmid:8702385</a>,&nbsp<a style=\"color:blue\" href=\"http://www.netpath.org/reactions?path_id=NetPath_147\" target=\"NetPath\">netpath:NetPath_147</a><br>&nbsp&nbsp&nbsp&nbsp&bull;&nbsp&nbspThyroid-stimulating hormone (TSH) pathway  <a style=\"color:blue\" href=\"http://www.ncbi.nlm.nih.gov/pubmed/11313862\" target=\"PubMed\">pmid:11313862</a>,&nbsp<a style=\"color:blue\" href=\"http://www.netpath.org/reactions?path_id=NetPath_23\" target=\"NetPath\">netpath:NetPath_23</a><br>&nbsp&nbsp&nbsp&nbsp&bull;&nbsp&nbspReceptor activator of nuclear factor kappa-B ligand (RANKL) pathway  <a style=\"color:blue\" href=\"http://www.ncbi.nlm.nih.gov/pubmed/11406619\" target=\"PubMed\">pmid:11406619</a>,&nbsp<a style=\"color:blue\" href=\"http://www.netpath.org/reactions?path_id=NetPath_21\" target=\"NetPath\">netpath:NetPath_21</a><br>&nbsp&nbsp&nbsp&nbsp&bull;&nbsp&nbspBrain-derived neurotrophic factor (BDNF) pathway  <a style=\"color:blue\" href=\"http://www.ncbi.nlm.nih.gov/pubmed/9374521\" target=\"PubMed\">pmid:9374521</a>,&nbsp<a style=\"color:blue\" href=\"http://www.netpath.org/reactions?path_id=NetPath_76\" target=\"NetPath\">netpath:NetPath_76</a><br>&nbsp&nbsp&nbsp&nbsp&bull;&nbsp&nbspInterleukin-3 (IL-3) pathway  <a style=\"color:blue\" href=\"http://www.ncbi.nlm.nih.gov/pubmed/8995358\" target=\"PubMed\">pmid:8995358</a>,&nbsp<a style=\"color:blue\" href=\"http://www.ncbi.nlm.nih.gov/pubmed/16371368\" target=\"PubMed\">pmid:16371368</a>,&nbsp<a style=\"color:blue\" href=\"http://www.netpath.org/reactions?path_id=NetPath_15\" target=\"NetPath\">netpath:NetPath_15</a><br>&nbsp&nbsp&nbsp&nbsp&bull;&nbsp&nbspB cell receptor (BCR) pathway  <a style=\"color:blue\" href=\"http://www.ncbi.nlm.nih.gov/pubmed/7499208\" target=\"PubMed\">pmid:7499208</a>,&nbsp<a style=\"color:blue\" href=\"http://www.ncbi.nlm.nih.gov/pubmed/7684160\" target=\"PubMed\">pmid:7684160</a>,&nbsp<a style=\"color:blue\" href=\"http://www.ncbi.nlm.nih.gov/pubmed/7690834\" target=\"PubMed\">pmid:7690834</a>,&nbsp<a style=\"color:blue\" href=\"http://www.ncbi.nlm.nih.gov/pubmed/8621719\" target=\"PubMed\">pmid:8621719</a>,&nbsp<a style=\"color:blue\" href=\"http://www.ncbi.nlm.nih.gov/pubmed/9804835\" target=\"PubMed\">pmid:9804835</a>,&nbsp<a style=\"color:blue\" href=\"http://www.ncbi.nlm.nih.gov/pubmed/10066815\" target=\"PubMed\">pmid:10066815</a>,&nbsp<a style=\"color:blue\" href=\"http://www.ncbi.nlm.nih.gov/pubmed/10068651\" target=\"PubMed\">pmid:10068651</a>,&nbsp<a style=\"color:blue\" href=\"http://www.ncbi.nlm.nih.gov/pubmed/11163197\" target=\"PubMed\">pmid:11163197</a>,&nbsp<a style=\"color:blue\" href=\"http://www.ncbi.nlm.nih.gov/pubmed/11278704\" target=\"PubMed\">pmid:11278704</a>,&nbsp<a style=\"color:blue\" href=\"http://www.ncbi.nlm.nih.gov/pubmed/15187135\" target=\"PubMed\">pmid:15187135</a>,&nbsp<a style=\"color:blue\" href=\"http://www.ncbi.nlm.nih.gov/pubmed/16249387\" target=\"PubMed\">pmid:16249387</a>,&nbsp<a style=\"color:blue\" href=\"http://www.ncbi.nlm.nih.gov/pubmed/18950707\" target=\"PubMed\">pmid:18950707</a>,&nbsp<a style=\"color:blue\" href=\"http://www.netpath.org/reactions?path_id=NetPath_12\" target=\"NetPath\">netpath:NetPath_12</a><br>&nbsp&nbsp&nbsp&nbsp&bull;&nbsp&nbspAndrogen receptor (AR) pathway  <a style=\"color:blue\" href=\"http://www.ncbi.nlm.nih.gov/pubmed/12554777\" target=\"PubMed\">pmid:12554777</a>,&nbsp<a style=\"color:blue\" href=\"http://www.netpath.org/reactions?path_id=NetPath_2\" target=\"NetPath\">netpath:NetPath_2</a><br>&nbsp&nbsp&nbsp&nbsp&bull;&nbsp&nbspInterleukin-4 (IL-4) pathway  <a style=\"color:blue\" href=\"http://www.ncbi.nlm.nih.gov/pubmed/1334461\" target=\"PubMed\">pmid:1334461</a>,&nbsp<a style=\"color:blue\" href=\"http://www.ncbi.nlm.nih.gov/pubmed/7499365\" target=\"PubMed\">pmid:7499365</a>,&nbsp<a style=\"color:blue\" href=\"http://www.ncbi.nlm.nih.gov/pubmed/7862167\" target=\"PubMed\">pmid:7862167</a>,&nbsp<a style=\"color:blue\" href=\"http://www.ncbi.nlm.nih.gov/pubmed/8954948\" target=\"PubMed\">pmid:8954948</a>,&nbsp<a style=\"color:blue\" href=\"http://www.ncbi.nlm.nih.gov/pubmed/9065461\" target=\"PubMed\">pmid:9065461</a>,&nbsp<a style=\"color:blue\" href=\"http://www.ncbi.nlm.nih.gov/pubmed/9113989\" target=\"PubMed\">pmid:9113989</a>,&nbsp<a style=\"color:blue\" href=\"http://www.ncbi.nlm.nih.gov/pubmed/9181473\" target=\"PubMed\">pmid:9181473</a>,&nbsp<a style=\"color:blue\" href=\"http://www.ncbi.nlm.nih.gov/pubmed/9414268\" target=\"PubMed\">pmid:9414268</a>,&nbsp<a style=\"color:blue\" href=\"http://www.ncbi.nlm.nih.gov/pubmed/10358772\" target=\"PubMed\">pmid:10358772</a>,&nbsp<a style=\"color:blue\" href=\"http://www.ncbi.nlm.nih.gov/pubmed/10856136\" target=\"PubMed\">pmid:10856136</a>,&nbsp<a style=\"color:blue\" href=\"http://www.ncbi.nlm.nih.gov/pubmed/10982827\" target=\"PubMed\">pmid:10982827</a>,&nbsp<a style=\"color:blue\" href=\"http://www.ncbi.nlm.nih.gov/pubmed/11384880\" target=\"PubMed\">pmid:11384880</a>,&nbsp<a style=\"color:blue\" href=\"http://www.ncbi.nlm.nih.gov/pubmed/11788580\" target=\"PubMed\">pmid:11788580</a>,&nbsp<a style=\"color:blue\" href=\"http://www.ncbi.nlm.nih.gov/pubmed/12503617\" target=\"PubMed\">pmid:12503617</a>,&nbsp<a style=\"color:blue\" href=\"http://www.ncbi.nlm.nih.gov/pubmed/16030287\" target=\"PubMed\">pmid:16030287</a>,&nbsp<a style=\"color:blue\" href=\"http://www.ncbi.nlm.nih.gov/pubmed/18759931\" target=\"PubMed\">pmid:18759931</a>,&nbsp<a style=\"color:blue\" href=\"http://www.ncbi.nlm.nih.gov/pubmed/19109239\" target=\"PubMed\">pmid:19109239</a>,&nbsp<a style=\"color:blue\" href=\"http://www.netpath.org/reactions?path_id=NetPath_16\" target=\"NetPath\">netpath:NetPath_16</a><br>&nbsp&nbsp&nbsp&nbsp&bull;&nbsp&nbspInterleukin-2 (IL-2) pathway  <a style=\"color:blue\" href=\"http://www.ncbi.nlm.nih.gov/pubmed/1652056\" target=\"PubMed\">pmid:1652056</a>,&nbsp<a style=\"color:blue\" href=\"http://www.ncbi.nlm.nih.gov/pubmed/7515100\" target=\"PubMed\">pmid:7515100</a>,&nbsp<a style=\"color:blue\" href=\"http://www.ncbi.nlm.nih.gov/pubmed/9461587\" target=\"PubMed\">pmid:9461587</a>,&nbsp<a style=\"color:blue\" href=\"http://www.ncbi.nlm.nih.gov/pubmed/9590209\" target=\"PubMed\">pmid:9590209</a>,&nbsp<a style=\"color:blue\" href=\"http://www.ncbi.nlm.nih.gov/pubmed/9660791\" target=\"PubMed\">pmid:9660791</a>,&nbsp<a style=\"color:blue\" href=\"http://www.ncbi.nlm.nih.gov/pubmed/9774657\" target=\"PubMed\">pmid:9774657</a>,&nbsp<a style=\"color:blue\" href=\"http://www.ncbi.nlm.nih.gov/pubmed/9973481\" target=\"PubMed\">pmid:9973481</a>,&nbsp<a style=\"color:blue\" href=\"http://www.ncbi.nlm.nih.gov/pubmed/10849428\" target=\"PubMed\">pmid:10849428</a>,&nbsp<a style=\"color:blue\" href=\"http://www.ncbi.nlm.nih.gov/pubmed/11334882\" target=\"PubMed\">pmid:11334882</a>,&nbsp<a style=\"color:blue\" href=\"http://www.netpath.org/reactions?path_id=NetPath_14\" target=\"NetPath\">netpath:NetPath_14</a><br>&nbsp&nbsp&nbsp&nbsp&bull;&nbsp&nbspProlactin pathway  <a style=\"color:blue\" href=\"http://www.ncbi.nlm.nih.gov/pubmed/9259313\" target=\"PubMed\">pmid:9259313</a>,&nbsp<a style=\"color:blue\" href=\"http://www.ncbi.nlm.nih.gov/pubmed/9460655\" target=\"PubMed\">pmid:9460655</a>,&nbsp<a style=\"color:blue\" href=\"http://www.ncbi.nlm.nih.gov/pubmed/9624169\" target=\"PubMed\">pmid:9624169</a>,&nbsp<a style=\"color:blue\" href=\"http://www.ncbi.nlm.nih.gov/pubmed/12915997\" target=\"PubMed\">pmid:12915997</a>,&nbsp<a style=\"color:blue\" href=\"http://www.ncbi.nlm.nih.gov/pubmed/17519353\" target=\"PubMed\">pmid:17519353</a>,&nbsp<a style=\"color:blue\" href=\"http://www.netpath.org/reactions?path_id=NetPath_56\" target=\"NetPath\">netpath:NetPath_56</a><br>&nbsp&nbsp&nbsp&nbsp&bull;&nbsp&nbspInterleukin-1 (IL-1) pathway  <a style=\"color:blue\" href=\"http://www.ncbi.nlm.nih.gov/pubmed/9360994\" target=\"PubMed\">pmid:9360994</a>,&nbsp<a style=\"color:blue\" href=\"http://www.ncbi.nlm.nih.gov/pubmed/9821957\" target=\"PubMed\">pmid:9821957</a>,&nbsp<a style=\"color:blue\" href=\"http://www.netpath.org/reactions?path_id=NetPath_13\" target=\"NetPath\">netpath:NetPath_13</a><br>&nbsp&nbsp&nbsp&nbsp&bull;&nbsp&nbspEpidermal growth factor receptor (EGFR) pathway  <a style=\"color:blue\" href=\"http://www.ncbi.nlm.nih.gov/pubmed/8596638\" target=\"PubMed\">pmid:8596638</a>,&nbsp<a style=\"color:blue\" href=\"http://www.ncbi.nlm.nih.gov/pubmed/19531499\" target=\"PubMed\">pmid:19531499</a>,&nbsp<a style=\"color:blue\" href=\"http://www.netpath.org/reactions?path_id=NetPath_4\" target=\"NetPath\">netpath:NetPath_4</a><br>&nbsp&nbsp&nbsp&nbsp&bull;&nbsp&nbspInterleukin-6 (IL-6) pathway  <a style=\"color:blue\" href=\"http://www.ncbi.nlm.nih.gov/pubmed/9178903\" target=\"PubMed\">pmid:9178903</a>,&nbsp<a style=\"color:blue\" href=\"http://www.ncbi.nlm.nih.gov/pubmed/9632795\" target=\"PubMed\">pmid:9632795</a>,&nbsp<a style=\"color:blue\" href=\"http://www.ncbi.nlm.nih.gov/pubmed/15021914\" target=\"PubMed\">pmid:15021914</a>,&nbsp<a style=\"color:blue\" href=\"http://www.netpath.org/reactions?path_id=NetPath_18\" target=\"NetPath\">netpath:NetPath_18</a><br>&nbsp&nbsp&nbsp&nbsp&bull;&nbsp&nbspTumor necrosis factor (TNF) alpha pathway  <a style=\"color:blue\" href=\"http://www.ncbi.nlm.nih.gov/pubmed/15115707\" target=\"PubMed\">pmid:15115707</a>,&nbsp<a style=\"color:blue\" href=\"http://www.ncbi.nlm.nih.gov/pubmed/19760502\" target=\"PubMed\">pmid:19760502</a>,&nbsp<a style=\"color:blue\" href=\"http://www.netpath.org/reactions?path_id=NetPath_9\" target=\"NetPath\">netpath:NetPath_9</a><br>&nbsp&nbsp&nbsp&nbsp&bull;&nbsp&nbspAlpha6 Beta4 Integrin pathway  <a style=\"color:blue\" href=\"http://www.ncbi.nlm.nih.gov/pubmed/11733063\" target=\"PubMed\">pmid:11733063</a>,&nbsp<a style=\"color:blue\" href=\"http://www.netpath.org/reactions?path_id=NetPath_1\" target=\"NetPath\">netpath:NetPath_1</a><br>&nbsp&nbsp&nbsp&nbsp&bull;&nbsp&nbspKit Receptor pathway  <a style=\"color:blue\" href=\"http://www.ncbi.nlm.nih.gov/pubmed/7509796\" target=\"PubMed\">pmid:7509796</a>,&nbsp<a style=\"color:blue\" href=\"http://www.ncbi.nlm.nih.gov/pubmed/9092574\" target=\"PubMed\">pmid:9092574</a>,&nbsp<a style=\"color:blue\" href=\"http://www.ncbi.nlm.nih.gov/pubmed/11071635\" target=\"PubMed\">pmid:11071635</a>,&nbsp<a style=\"color:blue\" href=\"http://www.ncbi.nlm.nih.gov/pubmed/15308671\" target=\"PubMed\">pmid:15308671</a>,&nbsp<a style=\"color:blue\" href=\"http://www.ncbi.nlm.nih.gov/pubmed/18725415\" target=\"PubMed\">pmid:18725415</a>,&nbsp<a style=\"color:blue\" href=\"http://www.ncbi.nlm.nih.gov/pubmed/19892014\" target=\"PubMed\">pmid:19892014</a>,&nbsp<a style=\"color:blue\" href=\"http://www.netpath.org/reactions?path_id=NetPath_6\" target=\"NetPath\">netpath:NetPath_6</a><br>&nbsp&nbsp&nbsp&nbsp&bull;&nbsp&nbspT Cell Receptor (TCR) pathway  <a style=\"color:blue\" href=\"http://www.ncbi.nlm.nih.gov/pubmed/7791764\" target=\"PubMed\">pmid:7791764</a>,&nbsp<a style=\"color:blue\" href=\"http://www.ncbi.nlm.nih.gov/pubmed/9489702\" target=\"PubMed\">pmid:9489702</a>,&nbsp<a style=\"color:blue\" href=\"http://www.ncbi.nlm.nih.gov/pubmed/9687533\" target=\"PubMed\">pmid:9687533</a>,&nbsp<a style=\"color:blue\" href=\"http://www.ncbi.nlm.nih.gov/pubmed/11418612\" target=\"PubMed\">pmid:11418612</a>,&nbsp<a style=\"color:blue\" href=\"http://www.ncbi.nlm.nih.gov/pubmed/12359715\" target=\"PubMed\">pmid:12359715</a>,&nbsp<a style=\"color:blue\" href=\"http://www.netpath.org/reactions?path_id=NetPath_11\" target=\"NetPath\">netpath:NetPath_11</a><br></li></ul><br><dt>Reactome-FIs</dt>&nbsp&nbsp&nbsp&nbsp&bull;&nbsp&nbsp<FONT COLOR=\"gray\">MI:0046 (experimental knowledge based)</FONT>  <a style=\"color:blue\" href=\"http://www.ncbi.nlm.nih.gov/pubmed/20482850\" target=\"PubMed\">pmid:20482850</a><br></li></ul><br>", "is_directed": false, "target": "PIK3R1", "name": "PIK3R2-PIK3R1"}}, {"data": {"source": "HRAS", "popup": "<b>HRAS - RAF1</b></br><b>P01112 - P04049</b></br><hr /><h><b>Sources of Evidence</b></h><dl><dt>BioGrid</dt>&bull;&nbsp&nbspMI:0915 (physical association) <br>&nbsp&nbsp&nbsp&nbsp&bull;&nbsp&nbspMI:0004 (affinity chromatography technology)  <a style=\"color:blue\" href=\"http://www.ncbi.nlm.nih.gov/pubmed/8530446\" target=\"PubMed\">pmid:8530446</a>,&nbsp<a style=\"color:blue\" href=\"http://www.ncbi.nlm.nih.gov/pubmed/10882715\" target=\"PubMed\">pmid:10882715</a>,&nbsp<a style=\"color:blue\" href=\"http://www.ncbi.nlm.nih.gov/pubmed/12379659\" target=\"PubMed\">pmid:12379659</a>,&nbsp<a style=\"color:blue\" href=\"http://www.ncbi.nlm.nih.gov/pubmed/15664191\" target=\"PubMed\">pmid:15664191</a>,&nbsp<a style=\"color:blue\" href=\"http://www.ncbi.nlm.nih.gov/pubmed/16803888\" target=\"PubMed\">pmid:16803888</a>,&nbsp<a style=\"color:blue\" href=\"http://www.ncbi.nlm.nih.gov/pubmed/26721396\" target=\"PubMed\">pmid:26721396</a><br>&bull;&nbsp&nbspMI:0407 (direct interaction) <br>&nbsp&nbsp&nbsp&nbsp&bull;&nbsp&nbspMI:0018 (two hybrid)  <a style=\"color:blue\" href=\"http://www.ncbi.nlm.nih.gov/pubmed/7862125\" target=\"PubMed\">pmid:7862125</a>,&nbsp<a style=\"color:blue\" href=\"http://www.ncbi.nlm.nih.gov/pubmed/8628317\" target=\"PubMed\">pmid:8628317</a>,&nbsp<a style=\"color:blue\" href=\"http://www.ncbi.nlm.nih.gov/pubmed/9154803\" target=\"PubMed\">pmid:9154803</a>,&nbsp<a style=\"color:blue\" href=\"http://www.ncbi.nlm.nih.gov/pubmed/9523700\" target=\"PubMed\">pmid:9523700</a>,&nbsp<a style=\"color:blue\" href=\"http://www.ncbi.nlm.nih.gov/pubmed/10369681\" target=\"PubMed\">pmid:10369681</a>,&nbsp<a style=\"color:blue\" href=\"http://www.ncbi.nlm.nih.gov/pubmed/10783161\" target=\"PubMed\">pmid:10783161</a>,&nbsp<a style=\"color:blue\" href=\"http://www.ncbi.nlm.nih.gov/pubmed/10922060\" target=\"PubMed\">pmid:10922060</a>,&nbsp<a style=\"color:blue\" href=\"http://www.ncbi.nlm.nih.gov/pubmed/12620389\" target=\"PubMed\">pmid:12620389</a>,&nbsp<a style=\"color:blue\" href=\"http://www.ncbi.nlm.nih.gov/pubmed/14654780\" target=\"PubMed\">pmid:14654780</a><br>&nbsp&nbsp&nbsp&nbsp&bull;&nbsp&nbspMI:0096 (pull down)  <a style=\"color:blue\" href=\"http://www.ncbi.nlm.nih.gov/pubmed/7969158\" target=\"PubMed\">pmid:7969158</a>,&nbsp<a style=\"color:blue\" href=\"http://www.ncbi.nlm.nih.gov/pubmed/8530446\" target=\"PubMed\">pmid:8530446</a>,&nbsp<a style=\"color:blue\" href=\"http://www.ncbi.nlm.nih.gov/pubmed/9150145\" target=\"PubMed\">pmid:9150145</a>,&nbsp<a style=\"color:blue\" href=\"http://www.ncbi.nlm.nih.gov/pubmed/9154803\" target=\"PubMed\">pmid:9154803</a>,&nbsp<a style=\"color:blue\" href=\"http://www.ncbi.nlm.nih.gov/pubmed/10783161\" target=\"PubMed\">pmid:10783161</a>,&nbsp<a style=\"color:blue\" href=\"http://www.ncbi.nlm.nih.gov/pubmed/14724584\" target=\"PubMed\">pmid:14724584</a>,&nbsp<a style=\"color:blue\" href=\"http://www.ncbi.nlm.nih.gov/pubmed/15031288\" target=\"PubMed\">pmid:15031288</a><br></li></ul><br><dt>InnateDB</dt>&bull;&nbsp&nbspMI:0915 (physical association) <br>&nbsp&nbsp&nbsp&nbsp&bull;&nbsp&nbspMI:0018 (two hybrid)  <a style=\"color:blue\" href=\"http://www.ncbi.nlm.nih.gov/pubmed/10545207\" target=\"PubMed\">pmid:10545207</a>,&nbsp<a style=\"color:blue\" href=\"http://www.ncbi.nlm.nih.gov/pubmed/10783161\" target=\"PubMed\">pmid:10783161</a>,&nbsp<a style=\"color:blue\" href=\"http://www.ncbi.nlm.nih.gov/pubmed/10922060\" target=\"PubMed\">pmid:10922060</a><br>&nbsp&nbsp&nbsp&nbsp&bull;&nbsp&nbspMI:0059 (gst pull down)  <a style=\"color:blue\" href=\"http://www.ncbi.nlm.nih.gov/pubmed/12391160\" target=\"PubMed\">pmid:12391160</a><br>&nbsp&nbsp&nbsp&nbsp&bull;&nbsp&nbspMI:0007 (anti tag coimmunoprecipitation)  <a style=\"color:blue\" href=\"http://www.ncbi.nlm.nih.gov/pubmed/11733498\" target=\"PubMed\">pmid:11733498</a>,&nbsp<a style=\"color:blue\" href=\"http://www.ncbi.nlm.nih.gov/pubmed/12379659\" target=\"PubMed\">pmid:12379659</a>,&nbsp<a style=\"color:blue\" href=\"http://www.ncbi.nlm.nih.gov/pubmed/16041367\" target=\"PubMed\">pmid:16041367</a><br></li></ul><br><dt>IntAct</dt>&bull;&nbsp&nbspMI:0915 (physical association) <br>&nbsp&nbsp&nbsp&nbsp&bull;&nbsp&nbspMI:0018 (two hybrid)  <a style=\"color:blue\" href=\"http://www.ncbi.nlm.nih.gov/pubmed/8670882\" target=\"PubMed\">pmid:8670882</a>,&nbsp<a style=\"color:blue\" href=\"http://www.ncbi.nlm.nih.gov/pubmed/9144171\" target=\"PubMed\">pmid:9144171</a>,&nbsp<a style=\"color:blue\" href=\"http://www.ncbi.nlm.nih.gov/pubmed/12620389\" target=\"PubMed\">pmid:12620389</a>,&nbsp<a style=\"color:blue\" href=\"http://www.ebi.ac.uk/intact/imex/main.xhtml?query=IM-19895\" target=\"IMEX\">imex:IM&#8209;19895</a><br>&nbsp&nbsp&nbsp&nbsp&bull;&nbsp&nbspMI:0006 (anti bait coimmunoprecipitation)  <a style=\"color:blue\" href=\"http://www.ncbi.nlm.nih.gov/pubmed/22169110\" target=\"PubMed\">pmid:22169110</a>,&nbsp<a style=\"color:blue\" href=\"http://www.ebi.ac.uk/intact/imex/main.xhtml?query=IM-16643\" target=\"IMEX\">imex:IM&#8209;16643</a><br></li></ul><br><dt>KEGG</dt>&bull;&nbsp&nbspactivation <br>&nbsp&nbsp&nbsp&nbsp&bull;&nbsp&nbspVEGF signaling pathway  <a style=\"color:blue\" href=\"http://www.kegg.jp/kegg-bin/show_pathway?hsa04370\" target=\"KEGG\">map</a>,&nbsp<a style=\"color:blue\" href=\"http://www.kegg.jp/dbget-bin/www_bget?pathway+hsa04370\" target=\"KEGG\">evidence</a><br>&nbsp&nbsp&nbsp&nbsp&bull;&nbsp&nbspRas signaling pathway  <a style=\"color:blue\" href=\"http://www.kegg.jp/kegg-bin/show_pathway?hsa04014\" target=\"KEGG\">map</a>,&nbsp<a style=\"color:blue\" href=\"http://www.kegg.jp/dbget-bin/www_bget?pathway+hsa04014\" target=\"KEGG\">evidence</a><br>&nbsp&nbsp&nbsp&nbsp&bull;&nbsp&nbspMelanoma  <a style=\"color:blue\" href=\"http://www.kegg.jp/kegg-bin/show_pathway?hsa05218\" target=\"KEGG\">map</a>,&nbsp<a style=\"color:blue\" href=\"http://www.kegg.jp/dbget-bin/www_bget?pathway+hsa05218\" target=\"KEGG\">evidence</a><br>&nbsp&nbsp&nbsp&nbsp&bull;&nbsp&nbspBladder cancer  <a style=\"color:blue\" href=\"http://www.kegg.jp/kegg-bin/show_pathway?hsa05219\" target=\"KEGG\">map</a>,&nbsp<a style=\"color:blue\" href=\"http://www.kegg.jp/dbget-bin/www_bget?pathway+hsa05219\" target=\"KEGG\">evidence</a><br>&nbsp&nbsp&nbsp&nbsp&bull;&nbsp&nbspAcute myeloid leukemia  <a style=\"color:blue\" href=\"http://www.kegg.jp/kegg-bin/show_pathway?hsa05221\" target=\"KEGG\">map</a>,&nbsp<a style=\"color:blue\" href=\"http://www.kegg.jp/dbget-bin/www_bget?pathway+hsa05221\" target=\"KEGG\">evidence</a><br>&nbsp&nbsp&nbsp&nbsp&bull;&nbsp&nbspSphingolipid signaling pathway  <a style=\"color:blue\" href=\"http://www.kegg.jp/kegg-bin/show_pathway?hsa04071\" target=\"KEGG\">map</a>,&nbsp<a style=\"color:blue\" href=\"http://www.kegg.jp/dbget-bin/www_bget?pathway+hsa04071\" target=\"KEGG\">evidence</a><br>&nbsp&nbsp&nbsp&nbsp&bull;&nbsp&nbspLong-term depression  <a style=\"color:blue\" href=\"http://www.kegg.jp/kegg-bin/show_pathway?hsa04730\" target=\"KEGG\">map</a>,&nbsp<a style=\"color:blue\" href=\"http://www.kegg.jp/dbget-bin/www_bget?pathway+hsa04730\" target=\"KEGG\">evidence</a><br>&nbsp&nbsp&nbsp&nbsp&bull;&nbsp&nbspLong-term potentiation  <a style=\"color:blue\" href=\"http://www.kegg.jp/kegg-bin/show_pathway?hsa04720\" target=\"KEGG\">map</a>,&nbsp<a style=\"color:blue\" href=\"http://www.kegg.jp/dbget-bin/www_bget?pathway+hsa04720\" target=\"KEGG\">evidence</a><br>&nbsp&nbsp&nbsp&nbsp&bull;&nbsp&nbspFc epsilon RI signaling pathway  <a style=\"color:blue\" href=\"http://www.kegg.jp/kegg-bin/show_pathway?hsa04664\" target=\"KEGG\">map</a>,&nbsp<a style=\"color:blue\" href=\"http://www.kegg.jp/dbget-bin/www_bget?pathway+hsa04664\" target=\"KEGG\">evidence</a><br>&nbsp&nbsp&nbsp&nbsp&bull;&nbsp&nbspMelanogenesis  <a style=\"color:blue\" href=\"http://www.kegg.jp/kegg-bin/show_pathway?hsa04916\" target=\"KEGG\">map</a>,&nbsp<a style=\"color:blue\" href=\"http://www.kegg.jp/dbget-bin/www_bget?pathway+hsa04916\" target=\"KEGG\">evidence</a><br>&nbsp&nbsp&nbsp&nbsp&bull;&nbsp&nbspChronic myeloid leukemia  <a style=\"color:blue\" href=\"http://www.kegg.jp/kegg-bin/show_pathway?hsa05220\" target=\"KEGG\">map</a>,&nbsp<a style=\"color:blue\" href=\"http://www.kegg.jp/dbget-bin/www_bget?pathway+hsa05220\" target=\"KEGG\">evidence</a><br>&nbsp&nbsp&nbsp&nbsp&bull;&nbsp&nbspAlcoholism  <a style=\"color:blue\" href=\"http://www.kegg.jp/kegg-bin/show_pathway?hsa05034\" target=\"KEGG\">map</a>,&nbsp<a style=\"color:blue\" href=\"http://www.kegg.jp/dbget-bin/www_bget?pathway+hsa05034\" target=\"KEGG\">evidence</a><br>&nbsp&nbsp&nbsp&nbsp&bull;&nbsp&nbspmTOR signaling pathway  <a style=\"color:blue\" href=\"http://www.kegg.jp/kegg-bin/show_pathway?hsa04150\" target=\"KEGG\">map</a>,&nbsp<a style=\"color:blue\" href=\"http://www.kegg.jp/dbget-bin/www_bget?pathway+hsa04150\" target=\"KEGG\">evidence</a><br>&nbsp&nbsp&nbsp&nbsp&bull;&nbsp&nbspSerotonergic synapse  <a style=\"color:blue\" href=\"http://www.kegg.jp/kegg-bin/show_pathway?hsa04726\" target=\"KEGG\">map</a>,&nbsp<a style=\"color:blue\" href=\"http://www.kegg.jp/dbget-bin/www_bget?pathway+hsa04726\" target=\"KEGG\">evidence</a><br>&nbsp&nbsp&nbsp&nbsp&bull;&nbsp&nbsphsa01521  <a style=\"color:blue\" href=\"http://www.kegg.jp/kegg-bin/show_pathway?hsa01521\" target=\"KEGG\">map</a>,&nbsp<a style=\"color:blue\" href=\"http://www.kegg.jp/dbget-bin/www_bget?pathway+hsa01521\" target=\"KEGG\">evidence</a><br>&nbsp&nbsp&nbsp&nbsp&bull;&nbsp&nbspProteoglycans in cancer  <a style=\"color:blue\" href=\"http://www.kegg.jp/kegg-bin/show_pathway?hsa05205\" target=\"KEGG\">map</a>,&nbsp<a style=\"color:blue\" href=\"http://www.kegg.jp/dbget-bin/www_bget?pathway+hsa05205\" target=\"KEGG\">evidence</a><br>&nbsp&nbsp&nbsp&nbsp&bull;&nbsp&nbsphsa04218  <a style=\"color:blue\" href=\"http://www.kegg.jp/kegg-bin/show_pathway?hsa04218\" target=\"KEGG\">map</a>,&nbsp<a style=\"color:blue\" href=\"http://www.kegg.jp/dbget-bin/www_bget?pathway+hsa04218\" target=\"KEGG\">evidence</a><br>&nbsp&nbsp&nbsp&nbsp&bull;&nbsp&nbspRegulation of actin cytoskeleton  <a style=\"color:blue\" href=\"http://www.kegg.jp/kegg-bin/show_pathway?hsa04810\" target=\"KEGG\">map</a>,&nbsp<a style=\"color:blue\" href=\"http://www.kegg.jp/dbget-bin/www_bget?pathway+hsa04810\" target=\"KEGG\">evidence</a><br>&nbsp&nbsp&nbsp&nbsp&bull;&nbsp&nbspApoptosis  <a style=\"color:blue\" href=\"http://www.kegg.jp/kegg-bin/show_pathway?hsa04210\" target=\"KEGG\">map</a>,&nbsp<a style=\"color:blue\" href=\"http://www.kegg.jp/dbget-bin/www_bget?pathway+hsa04210\" target=\"KEGG\">evidence</a><br>&nbsp&nbsp&nbsp&nbsp&bull;&nbsp&nbsphsa01522  <a style=\"color:blue\" href=\"http://www.kegg.jp/kegg-bin/show_pathway?hsa01522\" target=\"KEGG\">map</a>,&nbsp<a style=\"color:blue\" href=\"http://www.kegg.jp/dbget-bin/www_bget?pathway+hsa01522\" target=\"KEGG\">evidence</a><br>&nbsp&nbsp&nbsp&nbsp&bull;&nbsp&nbspNeurotrophin signaling pathway  <a style=\"color:blue\" href=\"http://www.kegg.jp/kegg-bin/show_pathway?hsa04722\" target=\"KEGG\">map</a>,&nbsp<a style=\"color:blue\" href=\"http://www.kegg.jp/dbget-bin/www_bget?pathway+hsa04722\" target=\"KEGG\">evidence</a><br>&nbsp&nbsp&nbsp&nbsp&bull;&nbsp&nbspNatural killer cell mediated cytotoxicity  <a style=\"color:blue\" href=\"http://www.kegg.jp/kegg-bin/show_pathway?hsa04650\" target=\"KEGG\">map</a>,&nbsp<a style=\"color:blue\" href=\"http://www.kegg.jp/dbget-bin/www_bget?pathway+hsa04650\" target=\"KEGG\">evidence</a><br>&nbsp&nbsp&nbsp&nbsp&bull;&nbsp&nbspOxytocin signaling pathway  <a style=\"color:blue\" href=\"http://www.kegg.jp/kegg-bin/show_pathway?hsa04921\" target=\"KEGG\">map</a>,&nbsp<a style=\"color:blue\" href=\"http://www.kegg.jp/dbget-bin/www_bget?pathway+hsa04921\" target=\"KEGG\">evidence</a><br>&nbsp&nbsp&nbsp&nbsp&bull;&nbsp&nbspEndometrial cancer  <a style=\"color:blue\" href=\"http://www.kegg.jp/kegg-bin/show_pathway?hsa05213\" target=\"KEGG\">map</a>,&nbsp<a style=\"color:blue\" href=\"http://www.kegg.jp/dbget-bin/www_bget?pathway+hsa05213\" target=\"KEGG\">evidence</a><br>&nbsp&nbsp&nbsp&nbsp&bull;&nbsp&nbsphsa05167  <a style=\"color:blue\" href=\"http://www.kegg.jp/kegg-bin/show_pathway?hsa05167\" target=\"KEGG\">map</a>,&nbsp<a style=\"color:blue\" href=\"http://www.kegg.jp/dbget-bin/www_bget?pathway+hsa05167\" target=\"KEGG\">evidence</a><br>&nbsp&nbsp&nbsp&nbsp&bull;&nbsp&nbspSignaling pathways regulating pluripotency of stem cells  <a style=\"color:blue\" href=\"http://www.kegg.jp/kegg-bin/show_pathway?hsa04550\" target=\"KEGG\">map</a>,&nbsp<a style=\"color:blue\" href=\"http://www.kegg.jp/dbget-bin/www_bget?pathway+hsa04550\" target=\"KEGG\">evidence</a><br>&nbsp&nbsp&nbsp&nbsp&bull;&nbsp&nbspFocal adhesion  <a style=\"color:blue\" href=\"http://www.kegg.jp/kegg-bin/show_pathway?hsa04510\" target=\"KEGG\">map</a>,&nbsp<a style=\"color:blue\" href=\"http://www.kegg.jp/dbget-bin/www_bget?pathway+hsa04510\" target=\"KEGG\">evidence</a><br>&nbsp&nbsp&nbsp&nbsp&bull;&nbsp&nbspInsulin signaling pathway  <a style=\"color:blue\" href=\"http://www.kegg.jp/kegg-bin/show_pathway?hsa04910\" target=\"KEGG\">map</a>,&nbsp<a style=\"color:blue\" href=\"http://www.kegg.jp/dbget-bin/www_bget?pathway+hsa04910\" target=\"KEGG\">evidence</a><br>&nbsp&nbsp&nbsp&nbsp&bull;&nbsp&nbspT cell receptor signaling pathway  <a style=\"color:blue\" href=\"http://www.kegg.jp/kegg-bin/show_pathway?hsa04660\" target=\"KEGG\">map</a>,&nbsp<a style=\"color:blue\" href=\"http://www.kegg.jp/dbget-bin/www_bget?pathway+hsa04660\" target=\"KEGG\">evidence</a><br>&nbsp&nbsp&nbsp&nbsp&bull;&nbsp&nbspB cell receptor signaling pathway  <a style=\"color:blue\" href=\"http://www.kegg.jp/kegg-bin/show_pathway?hsa04662\" target=\"KEGG\">map</a>,&nbsp<a style=\"color:blue\" href=\"http://www.kegg.jp/dbget-bin/www_bget?pathway+hsa04662\" target=\"KEGG\">evidence</a><br>&nbsp&nbsp&nbsp&nbsp&bull;&nbsp&nbsphsa04371  <a style=\"color:blue\" href=\"http://www.kegg.jp/kegg-bin/show_pathway?hsa04371\" target=\"KEGG\">map</a>,&nbsp<a style=\"color:blue\" href=\"http://www.kegg.jp/dbget-bin/www_bget?pathway+hsa04371\" target=\"KEGG\">evidence</a><br>&nbsp&nbsp&nbsp&nbsp&bull;&nbsp&nbspGlioma  <a style=\"color:blue\" href=\"http://www.kegg.jp/kegg-bin/show_pathway?hsa05214\" target=\"KEGG\">map</a>,&nbsp<a style=\"color:blue\" href=\"http://www.kegg.jp/dbget-bin/www_bget?pathway+hsa05214\" target=\"KEGG\">evidence</a><br>&nbsp&nbsp&nbsp&nbsp&bull;&nbsp&nbspPI3K-Akt signaling pathway  <a style=\"color:blue\" href=\"http://www.kegg.jp/kegg-bin/show_pathway?hsa04151\" target=\"KEGG\">map</a>,&nbsp<a style=\"color:blue\" href=\"http://www.kegg.jp/dbget-bin/www_bget?pathway+hsa04151\" target=\"KEGG\">evidence</a><br>&nbsp&nbsp&nbsp&nbsp&bull;&nbsp&nbspJak-STAT signaling pathway  <a style=\"color:blue\" href=\"http://www.kegg.jp/kegg-bin/show_pathway?hsa04630\" target=\"KEGG\">map</a>,&nbsp<a style=\"color:blue\" href=\"http://www.kegg.jp/dbget-bin/www_bget?pathway+hsa04630\" target=\"KEGG\">evidence</a><br>&nbsp&nbsp&nbsp&nbsp&bull;&nbsp&nbsphsa05224  <a style=\"color:blue\" href=\"http://www.kegg.jp/kegg-bin/show_pathway?hsa05224\" target=\"KEGG\">map</a>,&nbsp<a style=\"color:blue\" href=\"http://www.kegg.jp/dbget-bin/www_bget?pathway+hsa05224\" target=\"KEGG\">evidence</a><br>&nbsp&nbsp&nbsp&nbsp&bull;&nbsp&nbspPathways in cancer  <a style=\"color:blue\" href=\"http://www.kegg.jp/kegg-bin/show_pathway?hsa05200\" target=\"KEGG\">map</a>,&nbsp<a style=\"color:blue\" href=\"http://www.kegg.jp/dbget-bin/www_bget?pathway+hsa05200\" target=\"KEGG\">evidence</a><br>&nbsp&nbsp&nbsp&nbsp&bull;&nbsp&nbspHepatitis C  <a style=\"color:blue\" href=\"http://www.kegg.jp/kegg-bin/show_pathway?hsa05160\" target=\"KEGG\">map</a>,&nbsp<a style=\"color:blue\" href=\"http://www.kegg.jp/dbget-bin/www_bget?pathway+hsa05160\" target=\"KEGG\">evidence</a><br>&nbsp&nbsp&nbsp&nbsp&bull;&nbsp&nbspChemokine signaling pathway  <a style=\"color:blue\" href=\"http://www.kegg.jp/kegg-bin/show_pathway?hsa04062\" target=\"KEGG\">map</a>,&nbsp<a style=\"color:blue\" href=\"http://www.kegg.jp/dbget-bin/www_bget?pathway+hsa04062\" target=\"KEGG\">evidence</a><br>&nbsp&nbsp&nbsp&nbsp&bull;&nbsp&nbspGap junction  <a style=\"color:blue\" href=\"http://www.kegg.jp/kegg-bin/show_pathway?hsa04540\" target=\"KEGG\">map</a>,&nbsp<a style=\"color:blue\" href=\"http://www.kegg.jp/dbget-bin/www_bget?pathway+hsa04540\" target=\"KEGG\">evidence</a><br>&nbsp&nbsp&nbsp&nbsp&bull;&nbsp&nbspRegulation of autophagy  <a style=\"color:blue\" href=\"http://www.kegg.jp/kegg-bin/show_pathway?hsa04140\" target=\"KEGG\">map</a>,&nbsp<a style=\"color:blue\" href=\"http://www.kegg.jp/dbget-bin/www_bget?pathway+hsa04140\" target=\"KEGG\">evidence</a><br>&nbsp&nbsp&nbsp&nbsp&bull;&nbsp&nbspFoxO signaling pathway  <a style=\"color:blue\" href=\"http://www.kegg.jp/kegg-bin/show_pathway?hsa04068\" target=\"KEGG\">map</a>,&nbsp<a style=\"color:blue\" href=\"http://www.kegg.jp/dbget-bin/www_bget?pathway+hsa04068\" target=\"KEGG\">evidence</a><br>&nbsp&nbsp&nbsp&nbsp&bull;&nbsp&nbspProlactin signaling pathway  <a style=\"color:blue\" href=\"http://www.kegg.jp/kegg-bin/show_pathway?hsa04917\" target=\"KEGG\">map</a>,&nbsp<a style=\"color:blue\" href=\"http://www.kegg.jp/dbget-bin/www_bget?pathway+hsa04917\" target=\"KEGG\">evidence</a><br>&nbsp&nbsp&nbsp&nbsp&bull;&nbsp&nbspProstate cancer  <a style=\"color:blue\" href=\"http://www.kegg.jp/kegg-bin/show_pathway?hsa05215\" target=\"KEGG\">map</a>,&nbsp<a style=\"color:blue\" href=\"http://www.kegg.jp/dbget-bin/www_bget?pathway+hsa05215\" target=\"KEGG\">evidence</a><br>&nbsp&nbsp&nbsp&nbsp&bull;&nbsp&nbspThyroid hormone signaling pathway  <a style=\"color:blue\" href=\"http://www.kegg.jp/kegg-bin/show_pathway?hsa04919\" target=\"KEGG\">map</a>,&nbsp<a style=\"color:blue\" href=\"http://www.kegg.jp/dbget-bin/www_bget?pathway+hsa04919\" target=\"KEGG\">evidence</a><br>&nbsp&nbsp&nbsp&nbsp&bull;&nbsp&nbspEstrogen signaling pathway  <a style=\"color:blue\" href=\"http://www.kegg.jp/kegg-bin/show_pathway?hsa04915\" target=\"KEGG\">map</a>,&nbsp<a style=\"color:blue\" href=\"http://www.kegg.jp/dbget-bin/www_bget?pathway+hsa04915\" target=\"KEGG\">evidence</a><br>&nbsp&nbsp&nbsp&nbsp&bull;&nbsp&nbspCholine metabolism in cancer  <a style=\"color:blue\" href=\"http://www.kegg.jp/kegg-bin/show_pathway?hsa05231\" target=\"KEGG\">map</a>,&nbsp<a style=\"color:blue\" href=\"http://www.kegg.jp/dbget-bin/www_bget?pathway+hsa05231\" target=\"KEGG\">evidence</a><br>&nbsp&nbsp&nbsp&nbsp&bull;&nbsp&nbspMAPK signaling pathway  <a style=\"color:blue\" href=\"http://www.kegg.jp/kegg-bin/show_pathway?hsa04010\" target=\"KEGG\">map</a>,&nbsp<a style=\"color:blue\" href=\"http://www.kegg.jp/dbget-bin/www_bget?pathway+hsa04010\" target=\"KEGG\">evidence</a><br>&nbsp&nbsp&nbsp&nbsp&bull;&nbsp&nbspGnRH signaling pathway  <a style=\"color:blue\" href=\"http://www.kegg.jp/kegg-bin/show_pathway?hsa04912\" target=\"KEGG\">map</a>,&nbsp<a style=\"color:blue\" href=\"http://www.kegg.jp/dbget-bin/www_bget?pathway+hsa04912\" target=\"KEGG\">evidence</a><br>&nbsp&nbsp&nbsp&nbsp&bull;&nbsp&nbspNon-small cell lung cancer  <a style=\"color:blue\" href=\"http://www.kegg.jp/kegg-bin/show_pathway?hsa05223\" target=\"KEGG\">map</a>,&nbsp<a style=\"color:blue\" href=\"http://www.kegg.jp/dbget-bin/www_bget?pathway+hsa05223\" target=\"KEGG\">evidence</a><br>&nbsp&nbsp&nbsp&nbsp&bull;&nbsp&nbspCentral carbon metabolism in cancer  <a style=\"color:blue\" href=\"http://www.kegg.jp/kegg-bin/show_pathway?hsa05230\" target=\"KEGG\">map</a>,&nbsp<a style=\"color:blue\" href=\"http://www.kegg.jp/dbget-bin/www_bget?pathway+hsa05230\" target=\"KEGG\">evidence</a><br>&nbsp&nbsp&nbsp&nbsp&bull;&nbsp&nbspErbB signaling pathway  <a style=\"color:blue\" href=\"http://www.kegg.jp/kegg-bin/show_pathway?hsa04012\" target=\"KEGG\">map</a>,&nbsp<a style=\"color:blue\" href=\"http://www.kegg.jp/dbget-bin/www_bget?pathway+hsa04012\" target=\"KEGG\">evidence</a><br>&nbsp&nbsp&nbsp&nbsp&bull;&nbsp&nbspRap1 signaling pathway  <a style=\"color:blue\" href=\"http://www.kegg.jp/kegg-bin/show_pathway?hsa04015\" target=\"KEGG\">map</a>,&nbsp<a style=\"color:blue\" href=\"http://www.kegg.jp/dbget-bin/www_bget?pathway+hsa04015\" target=\"KEGG\">evidence</a><br></li></ul><br><dt>MINT</dt>&bull;&nbsp&nbspMI:0915 (physical association) <br>&nbsp&nbsp&nbsp&nbsp&bull;&nbsp&nbspMI:0018 (two hybrid)  <a style=\"color:blue\" href=\"http://www.ncbi.nlm.nih.gov/pubmed/8332187\" target=\"PubMed\">pmid:8332187</a>,&nbsp<a style=\"color:blue\" href=\"http://www.ncbi.nlm.nih.gov/pubmed/19696784\" target=\"PubMed\">pmid:19696784</a>,&nbsp<a style=\"color:blue\" href=\"http://dx.doi.org/10.1038/embor.2009.158\" target=\"DOI\">doi:10.1038/embor.2009.158</a>,&nbsp<a style=\"color:blue\" href=\"http://www.ebi.ac.uk/intact/imex/main.xhtml?query=IM-13941\" target=\"IMEX\">imex:IM&#8209;13941</a><br>&nbsp&nbsp&nbsp&nbsp&bull;&nbsp&nbspMI:0055 (fluorescent resonance energy transfer)  <a style=\"color:blue\" href=\"http://www.ncbi.nlm.nih.gov/pubmed/18273062\" target=\"PubMed\">pmid:18273062</a>,&nbsp<a style=\"color:blue\" href=\"http://www.ebi.ac.uk/intact/imex/main.xhtml?query=IM-11557\" target=\"IMEX\">imex:IM&#8209;11557</a><br>&nbsp&nbsp&nbsp&nbsp&bull;&nbsp&nbspMI:0007 (anti tag coimmunoprecipitation)  <a style=\"color:blue\" href=\"http://www.ncbi.nlm.nih.gov/pubmed/19063885\" target=\"PubMed\">pmid:19063885</a>,&nbsp<a style=\"color:blue\" href=\"http://www.ebi.ac.uk/intact/imex/main.xhtml?query=IM-9568\" target=\"IMEX\">imex:IM&#8209;9568</a>,&nbsp<a style=\"color:blue\" href=\"http://dx.doi.org/10.1016/j.febslet.2008.11.042\" target=\"DOI\">doi:10.1016/j.febslet.2008.11.042</a><br>&nbsp&nbsp&nbsp&nbsp&bull;&nbsp&nbspMI:0096 (pull down)  <a style=\"color:blue\" href=\"http://www.ncbi.nlm.nih.gov/pubmed/15688026\" target=\"PubMed\">pmid:15688026</a><br>&bull;&nbsp&nbspMI:0407 (direct interaction) <br>&nbsp&nbsp&nbsp&nbsp&bull;&nbsp&nbspMI:0096 (pull down)  <a style=\"color:blue\" href=\"http://www.ncbi.nlm.nih.gov/pubmed/8332187\" target=\"PubMed\">pmid:8332187</a>,&nbsp<a style=\"color:blue\" href=\"http://www.ncbi.nlm.nih.gov/pubmed/8332195\" target=\"PubMed\">pmid:8332195</a>,&nbsp<a style=\"color:blue\" href=\"http://www.ncbi.nlm.nih.gov/pubmed/19222999\" target=\"PubMed\">pmid:19222999</a>,&nbsp<a style=\"color:blue\" href=\"http://dx.doi.org/10.1016/j.febslet.2009.02.015\" target=\"DOI\">doi:10.1016/j.febslet.2009.02.015</a>,&nbsp<a style=\"color:blue\" href=\"http://www.ebi.ac.uk/intact/imex/main.xhtml?query=IM-11650\" target=\"IMEX\">imex:IM&#8209;11650</a><br></li></ul><br><dt>NetPath</dt>&bull;&nbsp&nbspMI:0218 (physical interaction) <br>&nbsp&nbsp&nbsp&nbsp&bull;&nbsp&nbspInterleukin-11 (IL-11) pathway  <a style=\"color:blue\" href=\"http://www.ncbi.nlm.nih.gov/pubmed/7499280\" target=\"PubMed\">pmid:7499280</a>,&nbsp<a style=\"color:blue\" href=\"http://www.netpath.org/reactions?path_id=NetPath_147\" target=\"NetPath\">netpath:NetPath_147</a><br>&nbsp&nbsp&nbsp&nbsp&bull;&nbsp&nbspThyroid-stimulating hormone (TSH) pathway  <a style=\"color:blue\" href=\"http://www.ncbi.nlm.nih.gov/pubmed/11313862\" target=\"PubMed\">pmid:11313862</a>,&nbsp<a style=\"color:blue\" href=\"http://www.netpath.org/reactions?path_id=NetPath_23\" target=\"NetPath\">netpath:NetPath_23</a><br>&nbsp&nbsp&nbsp&nbsp&bull;&nbsp&nbspInterleukin-5 (IL-5) pathway  <a style=\"color:blue\" href=\"http://www.ncbi.nlm.nih.gov/pubmed/9516156\" target=\"PubMed\">pmid:9516156</a>,&nbsp<a style=\"color:blue\" href=\"http://www.netpath.org/reactions?path_id=NetPath_17\" target=\"NetPath\">netpath:NetPath_17</a><br>&nbsp&nbsp&nbsp&nbsp&bull;&nbsp&nbspEpidermal growth factor receptor (EGFR) pathway  <a style=\"color:blue\" href=\"http://www.ncbi.nlm.nih.gov/pubmed/19914712\" target=\"PubMed\">pmid:19914712</a>,&nbsp<a style=\"color:blue\" href=\"http://www.netpath.org/reactions?path_id=NetPath_4\" target=\"NetPath\">netpath:NetPath_4</a><br>&nbsp&nbsp&nbsp&nbsp&bull;&nbsp&nbspOncostatin-M (OSM) pathway  <a style=\"color:blue\" href=\"http://www.ncbi.nlm.nih.gov/pubmed/9199317\" target=\"PubMed\">pmid:9199317</a>,&nbsp<a style=\"color:blue\" href=\"http://www.netpath.org/reactions?path_id=NetPath_114\" target=\"NetPath\">netpath:NetPath_114</a><br>&nbsp&nbsp&nbsp&nbsp&bull;&nbsp&nbspKit Receptor pathway  <a style=\"color:blue\" href=\"http://www.ncbi.nlm.nih.gov/pubmed/7523381\" target=\"PubMed\">pmid:7523381</a>,&nbsp<a style=\"color:blue\" href=\"http://www.netpath.org/reactions?path_id=NetPath_6\" target=\"NetPath\">netpath:NetPath_6</a><br></li></ul><br><dt>SPIKE</dt>&nbsp&nbsp&nbsp&nbsp&bull;&nbsp&nbspApoptosis In The Ear - 25 9 09 Arn (Integrity=1)  <a style=\"color:blue\" href=\"http://www.ncbi.nlm.nih.gov/pubmed/7601337\" target=\"PubMed\">pmid:7601337</a><br>&nbsp&nbsp&nbsp&nbsp&bull;&nbsp&nbspRas signaling (Integrity=1)  <a style=\"color:blue\" href=\"http://www.ncbi.nlm.nih.gov/pubmed/12947395\" target=\"PubMed\">pmid:12947395</a><br>&nbsp&nbsp&nbsp&nbsp&bull;&nbsp&nbspHearing and Vision SMALL 2910 09 ARNON (Integrity=1)  <a style=\"color:blue\" href=\"http://www.ncbi.nlm.nih.gov/pubmed/9395281\" target=\"PubMed\">pmid:9395281</a><br>&nbsp&nbsp&nbsp&nbsp&bull;&nbsp&nbspApoptosis- anti apoptosis (Integrity=1)  <a style=\"color:blue\" href=\"http://www.ncbi.nlm.nih.gov/pubmed/9395281\" target=\"PubMed\">pmid:9395281</a><br>&nbsp&nbsp&nbsp&nbsp&bull;&nbsp&nbspSPIKE MAP autophagynew (Integrity=1)  <a style=\"color:blue\" href=\"http://www.ncbi.nlm.nih.gov/pubmed/9395281\" target=\"PubMed\">pmid:9395281</a><br>&nbsp&nbsp&nbsp&nbsp&bull;&nbsp&nbsp2013-06-LatestSpikeDB (Integrity=1)  <a style=\"color:blue\" href=\"http://www.ncbi.nlm.nih.gov/pubmed/7523381\" target=\"PubMed\">pmid:7523381</a>,&nbsp<a style=\"color:blue\" href=\"http://www.ncbi.nlm.nih.gov/pubmed/7601337\" target=\"PubMed\">pmid:7601337</a>,&nbsp<a style=\"color:blue\" href=\"http://www.ncbi.nlm.nih.gov/pubmed/8332187\" target=\"PubMed\">pmid:8332187</a>,&nbsp<a style=\"color:blue\" href=\"http://www.ncbi.nlm.nih.gov/pubmed/9395281\" target=\"PubMed\">pmid:9395281</a>,&nbsp<a style=\"color:blue\" href=\"http://www.ncbi.nlm.nih.gov/pubmed/12947395\" target=\"PubMed\">pmid:12947395</a>,&nbsp<a style=\"color:blue\" href=\"http://www.ncbi.nlm.nih.gov/pubmed/17145710\" target=\"PubMed\">pmid:17145710</a><br></li></ul><br><dt>Reactome</dt>&bull;&nbsp&nbspMI:0915 (physical association) <br>&nbsp&nbsp&nbsp&nbsp&bull;&nbsp&nbsp<FONT COLOR=\"gray\">MI:0364 (inferred by curator)</FONT>  <a style=\"color:blue\" href=\"http://www.ncbi.nlm.nih.gov/pubmed/17367534\" target=\"PubMed\">pmid:17367534</a><br></li></ul><br><dt>Reactome-FIs</dt>&nbsp&nbsp&nbsp&nbsp&bull;&nbsp&nbsp<FONT COLOR=\"gray\">MI:0046 (experimental knowledge based)</FONT>  <a style=\"color:blue\" href=\"http://www.ncbi.nlm.nih.gov/pubmed/20482850\" target=\"PubMed\">pmid:20482850</a><br></li></ul><br>", "is_directed": true, "target": "RAF1", "name": "HRAS-RAF1"}}]}, "data": {"name": "NetPath-Interleukin-11-(IL-11)-pathway", "tags": ["NetPath"], "title": "", "description": "<b>Legend:</b><table border=\"1\"><tr><th>Node Style</th><th>Node Description</th></tr><tr><td  align=\"center\"><font color=\"#8CE1DC\" size=\"8\">&#x25b2;</font></td><td>Source Receptor</td></tr><tr><td  align=\"center\"><font color=\"#FFFF60\" size=\"8\">&#x25a0;</font></td><td>Target TF</td></tr><tr><td  align=\"center\"><font color=\"#D8D8D8\" size=\"8\">&#x25b2;</font></td><td>Receptor</td></tr><tr><td  align=\"center\"><font color=\"#D8D8D8\" size=\"8\">&#x25a0;</font></td><td>TF</td></tr><tr><td  align=\"center\"><font color=\"#D8D8D8\" size=\"8\">&#x25cf;</font></td><td>Intermediate Protein</td></tr></table><br><b>Source Receptor</b>: Receptor used as source for KSP<br><b>Target TF</b>: Transcription Factor/Regulator used as target for KSP<br><br><table border=\"1\"><tr><th>Edge Style</th><th>Edge Description</th></tr><tr><td>&nbsp;&nbsp;<b><font color=\"#F07406\" size=\"5\">&#10230;</font></b></td>       <td>Phosphorylation</td></tr><tr><td>&nbsp;&nbsp;<b><font color=\"#2A69DC\" size=\"5\">&#10230;</font></b></td>       <td>Enzymatic Reaction</td></tr><tr><td>&nbsp;&nbsp;<b><font color=\"grey\" size=\"5\">&#10230;</font></b></td>       <td>KEGG Activation</td></tr><tr><td>&nbsp;&nbsp;&nbsp;<b><font color=\"grey\" size=\"5\">&#x22a3;</font></b></td> <td>KEGG Inhibition</td></tr><tr><td>&nbsp;&nbsp;<b><font color=\"brown\" size=\"5\">&#10230;</font></b></td>       <td>SPIKE regulation</td></tr><tr><td>&nbsp;&nbsp;&nbsp;<b><font color=\"#27AF47\" size=\"5\">&#x2014;</font></b></td> <td>Physical</td></tr></table><br>Enzymatic reactions are reactions such as dephosphorylation, glycosylation, methylation, ubiquitination, etc.<br>Phosphorylation is separate because it occurs more frequently.<hr /><b>Sources of Evidence</b><br> Sources are black if they were used to construct the interactome and <FONT COLOR=\"gray\">gray</FONT> if they were not used to construct the interactome.<ul><li><FONT COLOR=\"black\">BioGrid</FONT></li><li><FONT COLOR=\"black\">DIP</FONT></li><li><FONT COLOR=\"black\">KEGG</FONT></li><li><FONT COLOR=\"black\">IntAct</FONT></li><li><FONT COLOR=\"black\">Mint</FONT></li><li><FONT COLOR=\"black\">NetPath</FONT></li><li><FONT COLOR=\"black\">Phosphosite Plus</FONT></li><li><FONT COLOR=\"black\">Spike</FONT></li><li><FONT COLOR=\"grey\">Reactome</FONT></li><li><FONT COLOR=\"grey\">Reactome-FIs</FONT></li></ul><hr /><b>Path/Edges file</b>: pathway-edges/NetPath_147-edges.txt<br>"}}