{"elements": {"nodes": [{"data": {"popup": "<b>Uniprot ID</b>: <a style=\"color:blue\" href=\"http://www.uniprot.org/uniprot/P21554\" target=\"UniProtKB\">P21554</a><br><li><i>Recommended name</i>: Cannabinoid receptor 1</li><li><i>Alternate name(s)</i>: <ul><li>CANN6</li></ul></li><br><b>Entrez ID:</b> <a style=\"color:blue\" href=\"http://www.ncbi.nlm.nih.gov/gene/1268\" target=\"EntrezGene\">1268</a>", "name": "CNR1", "id": "CNR1", "label": "CNR1"}}, {"data": {"popup": "<b>Gene names</b>: GNAI1,GNAI2,GNAI3,GNAO1,GNB1,GNB2,GNB3,GNB4,GNB5,GNG10,GNG11,GNG12,GNG13,GNG2,GNG3,GNG4,GNG5,GNG7,GNG8,GNGT1,GNGT2 <br><b>Uniprot IDs</b>: O14610,O14775,O60262,P04899,P08754,P09471,P16520,P50150,P50151,P59768,P61952,P62873,P62879,P63096,P63211,P63215,P63218,Q9HAV0,Q9P2W3,Q9UBI6,Q9UK08 <br><b>Uniprot IDs and Protein Names</b>:<br> <ul><li><a style=\"color:blue\" href=\"http://www.ncbi.nlm.nih.gov/gene/2770\" target=\"EntrezGene\">GNAI1</a>: <a style=\"color:blue\" href=\"http://www.uniprot.org/uniprot/P63096\" target=\"UniProtKB\">P63096</a> Guanine nucleotide-binding protein G(i) subunit alpha-1 </li><li><a style=\"color:blue\" href=\"http://www.ncbi.nlm.nih.gov/gene/2771\" target=\"EntrezGene\">GNAI2</a>: <a style=\"color:blue\" href=\"http://www.uniprot.org/uniprot/P04899\" target=\"UniProtKB\">P04899</a> Guanine nucleotide-binding protein G(i) subunit alpha-2 </li><li><a style=\"color:blue\" href=\"http://www.ncbi.nlm.nih.gov/gene/2773\" target=\"EntrezGene\">GNAI3</a>: <a style=\"color:blue\" href=\"http://www.uniprot.org/uniprot/P08754\" target=\"UniProtKB\">P08754</a> Guanine nucleotide-binding protein G(k) subunit alpha </li><li><a style=\"color:blue\" href=\"http://www.ncbi.nlm.nih.gov/gene/2775\" target=\"EntrezGene\">GNAO1</a>: <a style=\"color:blue\" href=\"http://www.uniprot.org/uniprot/P09471\" target=\"UniProtKB\">P09471</a> Guanine nucleotide-binding protein G(o) subunit alpha </li><li><a style=\"color:blue\" href=\"http://www.ncbi.nlm.nih.gov/gene/2782\" target=\"EntrezGene\">GNB1</a>: <a style=\"color:blue\" href=\"http://www.uniprot.org/uniprot/P62873\" target=\"UniProtKB\">P62873</a> Guanine nucleotide-binding protein G(I)/G(S)/G(T) subunit beta-1 </li><li><a style=\"color:blue\" href=\"http://www.ncbi.nlm.nih.gov/gene/2783\" target=\"EntrezGene\">GNB2</a>: <a style=\"color:blue\" href=\"http://www.uniprot.org/uniprot/P62879\" target=\"UniProtKB\">P62879</a> Guanine nucleotide-binding protein G(I)/G(S)/G(T) subunit beta-2 </li><li><a style=\"color:blue\" href=\"http://www.ncbi.nlm.nih.gov/gene/2784\" target=\"EntrezGene\">GNB3</a>: <a style=\"color:blue\" href=\"http://www.uniprot.org/uniprot/P16520\" target=\"UniProtKB\">P16520</a> Guanine nucleotide-binding protein G(I)/G(S)/G(T) subunit beta-3 </li><li><a style=\"color:blue\" href=\"http://www.ncbi.nlm.nih.gov/gene/59345\" target=\"EntrezGene\">GNB4</a>: <a style=\"color:blue\" href=\"http://www.uniprot.org/uniprot/Q9HAV0\" target=\"UniProtKB\">Q9HAV0</a> Guanine nucleotide-binding protein subunit beta-4 </li><li><a style=\"color:blue\" href=\"http://www.ncbi.nlm.nih.gov/gene/10681\" target=\"EntrezGene\">GNB5</a>: <a style=\"color:blue\" href=\"http://www.uniprot.org/uniprot/O14775\" target=\"UniProtKB\">O14775</a> Guanine nucleotide-binding protein subunit beta-5 </li><li><a style=\"color:blue\" href=\"http://www.ncbi.nlm.nih.gov/gene/2790\" target=\"EntrezGene\">GNG10</a>: <a style=\"color:blue\" href=\"http://www.uniprot.org/uniprot/P50151\" target=\"UniProtKB\">P50151</a> Guanine nucleotide-binding protein G(I)/G(S)/G(O) subunit gamma-10 </li><li><a style=\"color:blue\" href=\"http://www.ncbi.nlm.nih.gov/gene/2791\" target=\"EntrezGene\">GNG11</a>: <a style=\"color:blue\" href=\"http://www.uniprot.org/uniprot/P61952\" target=\"UniProtKB\">P61952</a> Guanine nucleotide-binding protein G(I)/G(S)/G(O) subunit gamma-11 </li><li><a style=\"color:blue\" href=\"http://www.ncbi.nlm.nih.gov/gene/55970\" target=\"EntrezGene\">GNG12</a>: <a style=\"color:blue\" href=\"http://www.uniprot.org/uniprot/Q9UBI6\" target=\"UniProtKB\">Q9UBI6</a> Guanine nucleotide-binding protein G(I)/G(S)/G(O) subunit gamma-12 </li><li><a style=\"color:blue\" href=\"http://www.ncbi.nlm.nih.gov/gene/51764\" target=\"EntrezGene\">GNG13</a>: <a style=\"color:blue\" href=\"http://www.uniprot.org/uniprot/Q9P2W3\" target=\"UniProtKB\">Q9P2W3</a> Guanine nucleotide-binding protein G(I)/G(S)/G(O) subunit gamma-13 </li><li><a style=\"color:blue\" href=\"http://www.ncbi.nlm.nih.gov/gene/54331\" target=\"EntrezGene\">GNG2</a>: <a style=\"color:blue\" href=\"http://www.uniprot.org/uniprot/P59768\" target=\"UniProtKB\">P59768</a> Guanine nucleotide-binding protein G(I)/G(S)/G(O) subunit gamma-2 </li><li><a style=\"color:blue\" href=\"http://www.ncbi.nlm.nih.gov/gene/2785\" target=\"EntrezGene\">GNG3</a>: <a style=\"color:blue\" href=\"http://www.uniprot.org/uniprot/P63215\" target=\"UniProtKB\">P63215</a> Guanine nucleotide-binding protein G(I)/G(S)/G(O) subunit gamma-3 </li><li><a style=\"color:blue\" href=\"http://www.ncbi.nlm.nih.gov/gene/2786\" target=\"EntrezGene\">GNG4</a>: <a style=\"color:blue\" href=\"http://www.uniprot.org/uniprot/P50150\" target=\"UniProtKB\">P50150</a> Guanine nucleotide-binding protein G(I)/G(S)/G(O) subunit gamma-4 </li><li><a style=\"color:blue\" href=\"http://www.ncbi.nlm.nih.gov/gene/2787\" target=\"EntrezGene\">GNG5</a>: <a style=\"color:blue\" href=\"http://www.uniprot.org/uniprot/P63218\" target=\"UniProtKB\">P63218</a> Guanine nucleotide-binding protein G(I)/G(S)/G(O) subunit gamma-5 </li><li><a style=\"color:blue\" href=\"http://www.ncbi.nlm.nih.gov/gene/2788\" target=\"EntrezGene\">GNG7</a>: <a style=\"color:blue\" href=\"http://www.uniprot.org/uniprot/O60262\" target=\"UniProtKB\">O60262</a> Guanine nucleotide-binding protein G(I)/G(S)/G(O) subunit gamma-7 </li><li><a style=\"color:blue\" href=\"http://www.ncbi.nlm.nih.gov/gene/94235\" target=\"EntrezGene\">GNG8</a>: <a style=\"color:blue\" href=\"http://www.uniprot.org/uniprot/Q9UK08\" target=\"UniProtKB\">Q9UK08</a> Guanine nucleotide-binding protein G(I)/G(S)/G(O) subunit gamma-8 </li><li><a style=\"color:blue\" href=\"http://www.ncbi.nlm.nih.gov/gene/2792\" target=\"EntrezGene\">GNGT1</a>: <a style=\"color:blue\" href=\"http://www.uniprot.org/uniprot/P63211\" target=\"UniProtKB\">P63211</a> Guanine nucleotide-binding protein G(T) subunit gamma-T1 </li><li><a style=\"color:blue\" href=\"http://www.ncbi.nlm.nih.gov/gene/2793\" target=\"EntrezGene\">GNGT2</a>: <a style=\"color:blue\" href=\"http://www.uniprot.org/uniprot/O14610\" target=\"UniProtKB\">O14610</a> Guanine nucleotide-binding protein G(I)/G(S)/G(O) subunit gamma-T2 </li></ul>", "name": "GNAI1,GNAI2,GNAI3,GNAO1,GNB1,GNB2,GNB3,GNB4,GNB5,GNG10,GNG11,GNG12,GNG13,GNG2,GNG3,GNG4,GNG5,GNG7,GNG8,GNGT1,GNGT2", "id": "GNAI1,GNAI2,GNAI3,GNAO1,GNB1,GNB2,GNB3,GNB4,GNB5,GNG10,GNG11,GNG12,GNG13,GNG2,GNG3,GNG4,GNG5,GNG7,GNG8,GNGT1,GNGT2", "label": "GNAI1-family"}}, {"data": {"popup": "<b>Uniprot ID</b>: <a style=\"color:blue\" href=\"http://www.uniprot.org/uniprot/P50148\" target=\"UniProtKB\">P50148</a><br><li><i>Recommended name</i>: Guanine nucleotide-binding protein G(q) subunit alpha</li><li><i>Alternate name(s)</i>: <ul><li>Guanine nucleotide-binding protein alpha-q</li></ul></li><br><b>Entrez ID:</b> <a style=\"color:blue\" href=\"http://www.ncbi.nlm.nih.gov/gene/2776\" target=\"EntrezGene\">2776</a>", "name": "GNAQ", "id": "GNAQ", "label": "GNAQ"}}, {"data": {"popup": "<b>Gene names</b>: PLCB1,PLCB2,PLCB3,PLCB4 <br><b>Uniprot IDs</b>: Q00722,Q01970,Q15147,Q9NQ66 <br><b>Uniprot IDs and Protein Names</b>:<br> <ul><li><a style=\"color:blue\" href=\"http://www.ncbi.nlm.nih.gov/gene/23236\" target=\"EntrezGene\">PLCB1</a>: <a style=\"color:blue\" href=\"http://www.uniprot.org/uniprot/Q9NQ66\" target=\"UniProtKB\">Q9NQ66</a> 1-phosphatidylinositol 4,5-bisphosphate phosphodiesterase beta-1 </li><li><a style=\"color:blue\" href=\"http://www.ncbi.nlm.nih.gov/gene/5330\" target=\"EntrezGene\">PLCB2</a>: <a style=\"color:blue\" href=\"http://www.uniprot.org/uniprot/Q00722\" target=\"UniProtKB\">Q00722</a> 1-phosphatidylinositol 4,5-bisphosphate phosphodiesterase beta-2 </li><li><a style=\"color:blue\" href=\"http://www.ncbi.nlm.nih.gov/gene/5331\" target=\"EntrezGene\">PLCB3</a>: <a style=\"color:blue\" href=\"http://www.uniprot.org/uniprot/Q01970\" target=\"UniProtKB\">Q01970</a> 1-phosphatidylinositol 4,5-bisphosphate phosphodiesterase beta-3 </li><li><a style=\"color:blue\" href=\"http://www.ncbi.nlm.nih.gov/gene/5332\" target=\"EntrezGene\">PLCB4</a>: <a style=\"color:blue\" href=\"http://www.uniprot.org/uniprot/Q15147\" target=\"UniProtKB\">Q15147</a> 1-phosphatidylinositol 4,5-bisphosphate phosphodiesterase beta-4 </li></ul>", "name": "PLCB1,PLCB2,PLCB3,PLCB4", "id": "PLCB1,PLCB2,PLCB3,PLCB4", "label": "PLCB1-family"}}, {"data": {"popup": "<b>Gene names</b>: MT-ND1,MT-ND2,MT-ND3,MT-ND4,MT-ND4L,MT-ND5,MT-ND6,NDUFA1,NDUFA10,NDUFA11,NDUFA12,NDUFA13,NDUFA2,NDUFA3,NDUFA4,NDUFA4L2,NDUFA5,NDUFA6,NDUFA7,NDUFA8,NDUFA9,NDUFAB1,NDUFB1,NDUFB10,NDUFB11,NDUFB2,NDUFB3,NDUFB4,NDUFB5,NDUFB6,NDUFB7,NDUFB8,NDUFB9,NDUFC1,NDUFC2,NDUFC2-KCTD14,NDUFS1,NDUFS2,NDUFS3,NDUFS4,NDUFS5,NDUFS6,NDUFS7,NDUFS8,NDUFV1,NDUFV2,NDUFV3 <br><b>Uniprot IDs</b>: E9PQ53,O00217,O00483,O14561,O15239,O43181,O43674,O43676,O43677,O43678,O43920,O75251,O75306,O75380,O75438,O75489,O95139,O95167,O95168,O95169,O95178,O95182,O95298,O95299,O96000,P03886,P03891,P03897,P03901,P03905,P03915,P03923,P17568,P19404,P28331,P49821,P51970,P56181,P56556,Q16718,Q16795,Q86Y39,Q9NRX3,Q9NX14,Q9P0J0,Q9UI09,Q9Y6M9 <br><b>Uniprot IDs and Protein Names</b>:<br> <ul><li><a style=\"color:blue\" href=\"http://www.ncbi.nlm.nih.gov/gene/4535\" target=\"EntrezGene\">MT-ND1</a>: <a style=\"color:blue\" href=\"http://www.uniprot.org/uniprot/P03886\" target=\"UniProtKB\">P03886</a> NADH-ubiquinone oxidoreductase chain 1 </li><li><a style=\"color:blue\" href=\"http://www.ncbi.nlm.nih.gov/gene/4536\" target=\"EntrezGene\">MT-ND2</a>: <a style=\"color:blue\" href=\"http://www.uniprot.org/uniprot/P03891\" target=\"UniProtKB\">P03891</a> NADH-ubiquinone oxidoreductase chain 2 </li><li><a style=\"color:blue\" href=\"http://www.ncbi.nlm.nih.gov/gene/4537\" target=\"EntrezGene\">MT-ND3</a>: <a style=\"color:blue\" href=\"http://www.uniprot.org/uniprot/P03897\" target=\"UniProtKB\">P03897</a> NADH-ubiquinone oxidoreductase chain 3 </li><li><a style=\"color:blue\" href=\"http://www.ncbi.nlm.nih.gov/gene/4538\" target=\"EntrezGene\">MT-ND4</a>: <a style=\"color:blue\" href=\"http://www.uniprot.org/uniprot/P03905\" target=\"UniProtKB\">P03905</a> NADH-ubiquinone oxidoreductase chain 4 </li><li><a style=\"color:blue\" href=\"http://www.ncbi.nlm.nih.gov/gene/4539\" target=\"EntrezGene\">MT-ND4L</a>: <a style=\"color:blue\" href=\"http://www.uniprot.org/uniprot/P03901\" target=\"UniProtKB\">P03901</a> NADH-ubiquinone oxidoreductase chain 4L </li><li><a style=\"color:blue\" href=\"http://www.ncbi.nlm.nih.gov/gene/4540\" target=\"EntrezGene\">MT-ND5</a>: <a style=\"color:blue\" href=\"http://www.uniprot.org/uniprot/P03915\" target=\"UniProtKB\">P03915</a> NADH-ubiquinone oxidoreductase chain 5 </li><li><a style=\"color:blue\" href=\"http://www.ncbi.nlm.nih.gov/gene/4541\" target=\"EntrezGene\">MT-ND6</a>: <a style=\"color:blue\" href=\"http://www.uniprot.org/uniprot/P03923\" target=\"UniProtKB\">P03923</a> NADH-ubiquinone oxidoreductase chain 6 </li><li><a style=\"color:blue\" href=\"http://www.ncbi.nlm.nih.gov/gene/4694\" target=\"EntrezGene\">NDUFA1</a>: <a style=\"color:blue\" href=\"http://www.uniprot.org/uniprot/O15239\" target=\"UniProtKB\">O15239</a> NADH dehydrogenase [ubiquinone] 1 alpha subcomplex subunit 1 </li><li><a style=\"color:blue\" href=\"http://www.ncbi.nlm.nih.gov/gene/4705\" target=\"EntrezGene\">NDUFA10</a>: <a style=\"color:blue\" href=\"http://www.uniprot.org/uniprot/O95299\" target=\"UniProtKB\">O95299</a> NADH dehydrogenase [ubiquinone] 1 alpha subcomplex subunit 10, mitochondrial </li><li><a style=\"color:blue\" href=\"http://www.ncbi.nlm.nih.gov/gene/126328\" target=\"EntrezGene\">NDUFA11</a>: <a style=\"color:blue\" href=\"http://www.uniprot.org/uniprot/Q86Y39\" target=\"UniProtKB\">Q86Y39</a> NADH dehydrogenase [ubiquinone] 1 alpha subcomplex subunit 11 </li><li><a style=\"color:blue\" href=\"http://www.ncbi.nlm.nih.gov/gene/55967\" target=\"EntrezGene\">NDUFA12</a>: <a style=\"color:blue\" href=\"http://www.uniprot.org/uniprot/Q9UI09\" target=\"UniProtKB\">Q9UI09</a> NADH dehydrogenase [ubiquinone] 1 alpha subcomplex subunit 12 </li><li><a style=\"color:blue\" href=\"http://www.ncbi.nlm.nih.gov/gene/51079\" target=\"EntrezGene\">NDUFA13</a>: <a style=\"color:blue\" href=\"http://www.uniprot.org/uniprot/Q9P0J0\" target=\"UniProtKB\">Q9P0J0</a> NADH dehydrogenase [ubiquinone] 1 alpha subcomplex subunit 13 </li><li><a style=\"color:blue\" href=\"http://www.ncbi.nlm.nih.gov/gene/4695\" target=\"EntrezGene\">NDUFA2</a>: <a style=\"color:blue\" href=\"http://www.uniprot.org/uniprot/O43678\" target=\"UniProtKB\">O43678</a> NADH dehydrogenase [ubiquinone] 1 alpha subcomplex subunit 2 </li><li><a style=\"color:blue\" href=\"http://www.ncbi.nlm.nih.gov/gene/4696\" target=\"EntrezGene\">NDUFA3</a>: <a style=\"color:blue\" href=\"http://www.uniprot.org/uniprot/O95167\" target=\"UniProtKB\">O95167</a> NADH dehydrogenase [ubiquinone] 1 alpha subcomplex subunit 3 </li><li><a style=\"color:blue\" href=\"http://www.ncbi.nlm.nih.gov/gene/4697\" target=\"EntrezGene\">NDUFA4</a>: <a style=\"color:blue\" href=\"http://www.uniprot.org/uniprot/O00483\" target=\"UniProtKB\">O00483</a> Cytochrome c oxidase subunit NDUFA4 </li><li><a style=\"color:blue\" href=\"http://www.ncbi.nlm.nih.gov/gene/56901\" target=\"EntrezGene\">NDUFA4L2</a>: <a style=\"color:blue\" href=\"http://www.uniprot.org/uniprot/Q9NRX3\" target=\"UniProtKB\">Q9NRX3</a> NADH dehydrogenase [ubiquinone] 1 alpha subcomplex subunit 4-like 2 </li><li><a style=\"color:blue\" href=\"http://www.ncbi.nlm.nih.gov/gene/4698\" target=\"EntrezGene\">NDUFA5</a>: <a style=\"color:blue\" href=\"http://www.uniprot.org/uniprot/Q16718\" target=\"UniProtKB\">Q16718</a> NADH dehydrogenase [ubiquinone] 1 alpha subcomplex subunit 5 </li><li><a style=\"color:blue\" href=\"http://www.ncbi.nlm.nih.gov/gene/4700\" target=\"EntrezGene\">NDUFA6</a>: <a style=\"color:blue\" href=\"http://www.uniprot.org/uniprot/P56556\" target=\"UniProtKB\">P56556</a> NADH dehydrogenase [ubiquinone] 1 alpha subcomplex subunit 6 </li><li><a style=\"color:blue\" href=\"http://www.ncbi.nlm.nih.gov/gene/4701\" target=\"EntrezGene\">NDUFA7</a>: <a style=\"color:blue\" href=\"http://www.uniprot.org/uniprot/O95182\" target=\"UniProtKB\">O95182</a> NADH dehydrogenase [ubiquinone] 1 alpha subcomplex subunit 7 </li><li><a style=\"color:blue\" href=\"http://www.ncbi.nlm.nih.gov/gene/4702\" target=\"EntrezGene\">NDUFA8</a>: <a style=\"color:blue\" href=\"http://www.uniprot.org/uniprot/P51970\" target=\"UniProtKB\">P51970</a> NADH dehydrogenase [ubiquinone] 1 alpha subcomplex subunit 8 </li><li><a style=\"color:blue\" href=\"http://www.ncbi.nlm.nih.gov/gene/4704\" target=\"EntrezGene\">NDUFA9</a>: <a style=\"color:blue\" href=\"http://www.uniprot.org/uniprot/Q16795\" target=\"UniProtKB\">Q16795</a> NADH dehydrogenase [ubiquinone] 1 alpha subcomplex subunit 9, mitochondrial </li><li><a style=\"color:blue\" href=\"http://www.ncbi.nlm.nih.gov/gene/4706\" target=\"EntrezGene\">NDUFAB1</a>: <a style=\"color:blue\" href=\"http://www.uniprot.org/uniprot/O14561\" target=\"UniProtKB\">O14561</a> Acyl carrier protein, mitochondrial </li><li><a style=\"color:blue\" href=\"http://www.ncbi.nlm.nih.gov/gene/4707\" target=\"EntrezGene\">NDUFB1</a>: <a style=\"color:blue\" href=\"http://www.uniprot.org/uniprot/O75438\" target=\"UniProtKB\">O75438</a> NADH dehydrogenase [ubiquinone] 1 beta subcomplex subunit 1 </li><li><a style=\"color:blue\" href=\"http://www.ncbi.nlm.nih.gov/gene/4716\" target=\"EntrezGene\">NDUFB10</a>: <a style=\"color:blue\" href=\"http://www.uniprot.org/uniprot/O96000\" target=\"UniProtKB\">O96000</a> NADH dehydrogenase [ubiquinone] 1 beta subcomplex subunit 10 </li><li><a style=\"color:blue\" href=\"http://www.ncbi.nlm.nih.gov/gene/54539\" target=\"EntrezGene\">NDUFB11</a>: <a style=\"color:blue\" href=\"http://www.uniprot.org/uniprot/Q9NX14\" target=\"UniProtKB\">Q9NX14</a> NADH dehydrogenase [ubiquinone] 1 beta subcomplex subunit 11, mitochondrial </li><li><a style=\"color:blue\" href=\"http://www.ncbi.nlm.nih.gov/gene/4708\" target=\"EntrezGene\">NDUFB2</a>: <a style=\"color:blue\" href=\"http://www.uniprot.org/uniprot/O95178\" target=\"UniProtKB\">O95178</a> NADH dehydrogenase [ubiquinone] 1 beta subcomplex subunit 2, mitochondrial </li><li><a style=\"color:blue\" href=\"http://www.ncbi.nlm.nih.gov/gene/4709\" target=\"EntrezGene\">NDUFB3</a>: <a style=\"color:blue\" href=\"http://www.uniprot.org/uniprot/O43676\" target=\"UniProtKB\">O43676</a> NADH dehydrogenase [ubiquinone] 1 beta subcomplex subunit 3 </li><li><a style=\"color:blue\" href=\"http://www.ncbi.nlm.nih.gov/gene/4710\" target=\"EntrezGene\">NDUFB4</a>: <a style=\"color:blue\" href=\"http://www.uniprot.org/uniprot/O95168\" target=\"UniProtKB\">O95168</a> NADH dehydrogenase [ubiquinone] 1 beta subcomplex subunit 4 </li><li><a style=\"color:blue\" href=\"http://www.ncbi.nlm.nih.gov/gene/4711\" target=\"EntrezGene\">NDUFB5</a>: <a style=\"color:blue\" href=\"http://www.uniprot.org/uniprot/O43674\" target=\"UniProtKB\">O43674</a> NADH dehydrogenase [ubiquinone] 1 beta subcomplex subunit 5, mitochondrial </li><li><a style=\"color:blue\" href=\"http://www.ncbi.nlm.nih.gov/gene/4712\" target=\"EntrezGene\">NDUFB6</a>: <a style=\"color:blue\" href=\"http://www.uniprot.org/uniprot/O95139\" target=\"UniProtKB\">O95139</a> NADH dehydrogenase [ubiquinone] 1 beta subcomplex subunit 6 </li><li><a style=\"color:blue\" href=\"http://www.ncbi.nlm.nih.gov/gene/4713\" target=\"EntrezGene\">NDUFB7</a>: <a style=\"color:blue\" href=\"http://www.uniprot.org/uniprot/P17568\" target=\"UniProtKB\">P17568</a> NADH dehydrogenase [ubiquinone] 1 beta subcomplex subunit 7 </li><li><a style=\"color:blue\" href=\"http://www.ncbi.nlm.nih.gov/gene/4714\" target=\"EntrezGene\">NDUFB8</a>: <a style=\"color:blue\" href=\"http://www.uniprot.org/uniprot/O95169\" target=\"UniProtKB\">O95169</a> NADH dehydrogenase [ubiquinone] 1 beta subcomplex subunit 8, mitochondrial </li><li><a style=\"color:blue\" href=\"http://www.ncbi.nlm.nih.gov/gene/4715\" target=\"EntrezGene\">NDUFB9</a>: <a style=\"color:blue\" href=\"http://www.uniprot.org/uniprot/Q9Y6M9\" target=\"UniProtKB\">Q9Y6M9</a> NADH dehydrogenase [ubiquinone] 1 beta subcomplex subunit 9 </li><li><a style=\"color:blue\" href=\"http://www.ncbi.nlm.nih.gov/gene/4717\" target=\"EntrezGene\">NDUFC1</a>: <a style=\"color:blue\" href=\"http://www.uniprot.org/uniprot/O43677\" target=\"UniProtKB\">O43677</a> NADH dehydrogenase [ubiquinone] 1 subunit C1, mitochondrial </li><li><a style=\"color:blue\" href=\"http://www.ncbi.nlm.nih.gov/gene/4718\" target=\"EntrezGene\">NDUFC2</a>: <a style=\"color:blue\" href=\"http://www.uniprot.org/uniprot/O95298\" target=\"UniProtKB\">O95298</a> NADH dehydrogenase [ubiquinone] 1 subunit C2 </li><li><a style=\"color:blue\" href=\"http://www.ncbi.nlm.nih.gov/gene/100532726\" target=\"EntrezGene\">NDUFC2-KCTD14</a>: <a style=\"color:blue\" href=\"http://www.uniprot.org/uniprot/E9PQ53\" target=\"UniProtKB\">E9PQ53</a> NADH dehydrogenase [ubiquinone] 1 subunit C2, isoform 2 </li><li><a style=\"color:blue\" href=\"http://www.ncbi.nlm.nih.gov/gene/4719\" target=\"EntrezGene\">NDUFS1</a>: <a style=\"color:blue\" href=\"http://www.uniprot.org/uniprot/P28331\" target=\"UniProtKB\">P28331</a> NADH-ubiquinone oxidoreductase 75 kDa subunit, mitochondrial </li><li><a style=\"color:blue\" href=\"http://www.ncbi.nlm.nih.gov/gene/4720\" target=\"EntrezGene\">NDUFS2</a>: <a style=\"color:blue\" href=\"http://www.uniprot.org/uniprot/O75306\" target=\"UniProtKB\">O75306</a> NADH dehydrogenase [ubiquinone] iron-sulfur protein 2, mitochondrial </li><li><a style=\"color:blue\" href=\"http://www.ncbi.nlm.nih.gov/gene/4722\" target=\"EntrezGene\">NDUFS3</a>: <a style=\"color:blue\" href=\"http://www.uniprot.org/uniprot/O75489\" target=\"UniProtKB\">O75489</a> NADH dehydrogenase [ubiquinone] iron-sulfur protein 3, mitochondrial </li><li><a style=\"color:blue\" href=\"http://www.ncbi.nlm.nih.gov/gene/4724\" target=\"EntrezGene\">NDUFS4</a>: <a style=\"color:blue\" href=\"http://www.uniprot.org/uniprot/O43181\" target=\"UniProtKB\">O43181</a> NADH dehydrogenase [ubiquinone] iron-sulfur protein 4, mitochondrial </li><li><a style=\"color:blue\" href=\"http://www.ncbi.nlm.nih.gov/gene/4725\" target=\"EntrezGene\">NDUFS5</a>: <a style=\"color:blue\" href=\"http://www.uniprot.org/uniprot/O43920\" target=\"UniProtKB\">O43920</a> NADH dehydrogenase [ubiquinone] iron-sulfur protein 5 </li><li><a style=\"color:blue\" href=\"http://www.ncbi.nlm.nih.gov/gene/4726\" target=\"EntrezGene\">NDUFS6</a>: <a style=\"color:blue\" href=\"http://www.uniprot.org/uniprot/O75380\" target=\"UniProtKB\">O75380</a> NADH dehydrogenase [ubiquinone] iron-sulfur protein 6, mitochondrial </li><li><a style=\"color:blue\" href=\"http://www.ncbi.nlm.nih.gov/gene/374291\" target=\"EntrezGene\">NDUFS7</a>: <a style=\"color:blue\" href=\"http://www.uniprot.org/uniprot/O75251\" target=\"UniProtKB\">O75251</a> NADH dehydrogenase [ubiquinone] iron-sulfur protein 7, mitochondrial </li><li><a style=\"color:blue\" href=\"http://www.ncbi.nlm.nih.gov/gene/4728\" target=\"EntrezGene\">NDUFS8</a>: <a style=\"color:blue\" href=\"http://www.uniprot.org/uniprot/O00217\" target=\"UniProtKB\">O00217</a> NADH dehydrogenase [ubiquinone] iron-sulfur protein 8, mitochondrial </li><li><a style=\"color:blue\" href=\"http://www.ncbi.nlm.nih.gov/gene/4723\" target=\"EntrezGene\">NDUFV1</a>: <a style=\"color:blue\" href=\"http://www.uniprot.org/uniprot/P49821\" target=\"UniProtKB\">P49821</a> NADH dehydrogenase [ubiquinone] flavoprotein 1, mitochondrial </li><li><a style=\"color:blue\" href=\"http://www.ncbi.nlm.nih.gov/gene/4729\" target=\"EntrezGene\">NDUFV2</a>: <a style=\"color:blue\" href=\"http://www.uniprot.org/uniprot/P19404\" target=\"UniProtKB\">P19404</a> NADH dehydrogenase [ubiquinone] flavoprotein 2, mitochondrial </li><li><a style=\"color:blue\" href=\"http://www.ncbi.nlm.nih.gov/gene/4731\" target=\"EntrezGene\">NDUFV3</a>: <a style=\"color:blue\" href=\"http://www.uniprot.org/uniprot/P56181\" target=\"UniProtKB\">P56181</a> NADH dehydrogenase [ubiquinone] flavoprotein 3, mitochondrial </li></ul>", "name": "MT-ND1,MT-ND2,MT-ND3,MT-ND4,MT-ND4L,MT-ND5,MT-ND6,NDUFA1,NDUFA10,NDUFA11,NDUFA12,NDUFA13,NDUFA2,NDUFA3,NDUFA4,NDUFA4L2,NDUFA5,NDUFA6,NDUFA7,NDUFA8,NDUFA9,NDUFAB1,NDUFB1,NDUFB10,NDUFB11,NDUFB2,NDUFB3,NDUFB4,NDUFB5,NDUFB6,NDUFB7,NDUFB8,NDUFB9,NDUFC1,NDUFC2,NDUFC2-KCTD14,NDUFS1,NDUFS2,NDUFS3,NDUFS4,NDUFS5,NDUFS6,NDUFS7,NDUFS8,NDUFV1,NDUFV2,NDUFV3", "id": "MT-ND1,MT-ND2,MT-ND3,MT-ND4,MT-ND4L,MT-ND5,MT-ND6,NDUFA1,NDUFA10,NDUFA11,NDUFA12,NDUFA13,NDUFA2,NDUFA3,NDUFA4,NDUFA4L2,NDUFA5,NDUFA6,NDUFA7,NDUFA8,NDUFA9,NDUFAB1,NDUFB1,NDUFB10,NDUFB11,NDUFB2,NDUFB3,NDUFB4,NDUFB5,NDUFB6,NDUFB7,NDUFB8,NDUFB9,NDUFC1,NDUFC2,NDUFC2-KCTD14,NDUFS1,NDUFS2,NDUFS3,NDUFS4,NDUFS5,NDUFS6,NDUFS7,NDUFS8,NDUFV1,NDUFV2,NDUFV3", "label": "MT-ND1-family"}}, {"data": {"popup": "<b>Gene names</b>: ADCY1,ADCY2,ADCY3,ADCY4,ADCY5,ADCY6,ADCY7,ADCY8,ADCY9 <br><b>Uniprot IDs</b>: O43306,O60266,O60503,O95622,P40145,P51828,Q08462,Q08828,Q8NFM4 <br><b>Uniprot IDs and Protein Names</b>:<br> <ul><li><a style=\"color:blue\" href=\"http://www.ncbi.nlm.nih.gov/gene/107\" target=\"EntrezGene\">ADCY1</a>: <a style=\"color:blue\" href=\"http://www.uniprot.org/uniprot/Q08828\" target=\"UniProtKB\">Q08828</a> Adenylate cyclase type 1 </li><li><a style=\"color:blue\" href=\"http://www.ncbi.nlm.nih.gov/gene/108\" target=\"EntrezGene\">ADCY2</a>: <a style=\"color:blue\" href=\"http://www.uniprot.org/uniprot/Q08462\" target=\"UniProtKB\">Q08462</a> Adenylate cyclase type 2 </li><li><a style=\"color:blue\" href=\"http://www.ncbi.nlm.nih.gov/gene/109\" target=\"EntrezGene\">ADCY3</a>: <a style=\"color:blue\" href=\"http://www.uniprot.org/uniprot/O60266\" target=\"UniProtKB\">O60266</a> Adenylate cyclase type 3 </li><li><a style=\"color:blue\" href=\"http://www.ncbi.nlm.nih.gov/gene/196883\" target=\"EntrezGene\">ADCY4</a>: <a style=\"color:blue\" href=\"http://www.uniprot.org/uniprot/Q8NFM4\" target=\"UniProtKB\">Q8NFM4</a> Adenylate cyclase type 4 </li><li><a style=\"color:blue\" href=\"http://www.ncbi.nlm.nih.gov/gene/111\" target=\"EntrezGene\">ADCY5</a>: <a style=\"color:blue\" href=\"http://www.uniprot.org/uniprot/O95622\" target=\"UniProtKB\">O95622</a> Adenylate cyclase type 5 </li><li><a style=\"color:blue\" href=\"http://www.ncbi.nlm.nih.gov/gene/112\" target=\"EntrezGene\">ADCY6</a>: <a style=\"color:blue\" href=\"http://www.uniprot.org/uniprot/O43306\" target=\"UniProtKB\">O43306</a> Adenylate cyclase type 6 </li><li><a style=\"color:blue\" href=\"http://www.ncbi.nlm.nih.gov/gene/113\" target=\"EntrezGene\">ADCY7</a>: <a style=\"color:blue\" href=\"http://www.uniprot.org/uniprot/P51828\" target=\"UniProtKB\">P51828</a> Adenylate cyclase type 7 </li><li><a style=\"color:blue\" href=\"http://www.ncbi.nlm.nih.gov/gene/114\" target=\"EntrezGene\">ADCY8</a>: <a style=\"color:blue\" href=\"http://www.uniprot.org/uniprot/P40145\" target=\"UniProtKB\">P40145</a> Adenylate cyclase type 8 </li><li><a style=\"color:blue\" href=\"http://www.ncbi.nlm.nih.gov/gene/115\" target=\"EntrezGene\">ADCY9</a>: <a style=\"color:blue\" href=\"http://www.uniprot.org/uniprot/O60503\" target=\"UniProtKB\">O60503</a> Adenylate cyclase type 9 </li></ul>", "name": "ADCY1,ADCY2,ADCY3,ADCY4,ADCY5,ADCY6,ADCY7,ADCY8,ADCY9", "id": "ADCY1,ADCY2,ADCY3,ADCY4,ADCY5,ADCY6,ADCY7,ADCY8,ADCY9", "label": "ADCY1-family"}}, {"data": {"popup": "<b>Gene names</b>: MAPK1,MAPK10,MAPK11,MAPK12,MAPK13,MAPK14,MAPK3,MAPK8,MAPK9 <br><b>Uniprot IDs</b>: O15264,P27361,P28482,P45983,P45984,P53778,P53779,Q15759,Q16539 <br><b>Uniprot IDs and Protein Names</b>:<br> <ul><li><a style=\"color:blue\" href=\"http://www.ncbi.nlm.nih.gov/gene/5594\" target=\"EntrezGene\">MAPK1</a>: <a style=\"color:blue\" href=\"http://www.uniprot.org/uniprot/P28482\" target=\"UniProtKB\">P28482</a> Mitogen-activated protein kinase 1 </li><li><a style=\"color:blue\" href=\"http://www.ncbi.nlm.nih.gov/gene/5602\" target=\"EntrezGene\">MAPK10</a>: <a style=\"color:blue\" href=\"http://www.uniprot.org/uniprot/P53779\" target=\"UniProtKB\">P53779</a> Mitogen-activated protein kinase 10 </li><li><a style=\"color:blue\" href=\"http://www.ncbi.nlm.nih.gov/gene/5600\" target=\"EntrezGene\">MAPK11</a>: <a style=\"color:blue\" href=\"http://www.uniprot.org/uniprot/Q15759\" target=\"UniProtKB\">Q15759</a> Mitogen-activated protein kinase 11 </li><li><a style=\"color:blue\" href=\"http://www.ncbi.nlm.nih.gov/gene/6300\" target=\"EntrezGene\">MAPK12</a>: <a style=\"color:blue\" href=\"http://www.uniprot.org/uniprot/P53778\" target=\"UniProtKB\">P53778</a> Mitogen-activated protein kinase 12 </li><li><a style=\"color:blue\" href=\"http://www.ncbi.nlm.nih.gov/gene/5603\" target=\"EntrezGene\">MAPK13</a>: <a style=\"color:blue\" href=\"http://www.uniprot.org/uniprot/O15264\" target=\"UniProtKB\">O15264</a> Mitogen-activated protein kinase 13 </li><li><a style=\"color:blue\" href=\"http://www.ncbi.nlm.nih.gov/gene/1432\" target=\"EntrezGene\">MAPK14</a>: <a style=\"color:blue\" href=\"http://www.uniprot.org/uniprot/Q16539\" target=\"UniProtKB\">Q16539</a> Mitogen-activated protein kinase 14 </li><li><a style=\"color:blue\" href=\"http://www.ncbi.nlm.nih.gov/gene/5595\" target=\"EntrezGene\">MAPK3</a>: <a style=\"color:blue\" href=\"http://www.uniprot.org/uniprot/P27361\" target=\"UniProtKB\">P27361</a> Mitogen-activated protein kinase 3 </li><li><a style=\"color:blue\" href=\"http://www.ncbi.nlm.nih.gov/gene/5599\" target=\"EntrezGene\">MAPK8</a>: <a style=\"color:blue\" href=\"http://www.uniprot.org/uniprot/P45983\" target=\"UniProtKB\">P45983</a> Mitogen-activated protein kinase 8 </li><li><a style=\"color:blue\" href=\"http://www.ncbi.nlm.nih.gov/gene/5601\" target=\"EntrezGene\">MAPK9</a>: <a style=\"color:blue\" href=\"http://www.uniprot.org/uniprot/P45984\" target=\"UniProtKB\">P45984</a> Mitogen-activated protein kinase 9 </li></ul>", "name": "MAPK1,MAPK10,MAPK11,MAPK12,MAPK13,MAPK14,MAPK3,MAPK8,MAPK9", "id": "MAPK1,MAPK10,MAPK11,MAPK12,MAPK13,MAPK14,MAPK3,MAPK8,MAPK9", "label": "MAPK1-family"}}, {"data": {"popup": "<b>Gene names</b>: KCNJ3,KCNJ5,KCNJ6,KCNJ9 <br><b>Uniprot IDs</b>: P48051,P48544,P48549,Q92806 <br><b>Uniprot IDs and Protein Names</b>:<br> <ul><li><a style=\"color:blue\" href=\"http://www.ncbi.nlm.nih.gov/gene/3760\" target=\"EntrezGene\">KCNJ3</a>: <a style=\"color:blue\" href=\"http://www.uniprot.org/uniprot/P48549\" target=\"UniProtKB\">P48549</a> G protein-activated inward rectifier potassium channel 1 </li><li><a style=\"color:blue\" href=\"http://www.ncbi.nlm.nih.gov/gene/3762\" target=\"EntrezGene\">KCNJ5</a>: <a style=\"color:blue\" href=\"http://www.uniprot.org/uniprot/P48544\" target=\"UniProtKB\">P48544</a> G protein-activated inward rectifier potassium channel 4 </li><li><a style=\"color:blue\" href=\"http://www.ncbi.nlm.nih.gov/gene/3763\" target=\"EntrezGene\">KCNJ6</a>: <a style=\"color:blue\" href=\"http://www.uniprot.org/uniprot/P48051\" target=\"UniProtKB\">P48051</a> G protein-activated inward rectifier potassium channel 2 </li><li><a style=\"color:blue\" href=\"http://www.ncbi.nlm.nih.gov/gene/3765\" target=\"EntrezGene\">KCNJ9</a>: <a style=\"color:blue\" href=\"http://www.uniprot.org/uniprot/Q92806\" target=\"UniProtKB\">Q92806</a> G protein-activated inward rectifier potassium channel 3 </li></ul>", "name": "KCNJ3,KCNJ5,KCNJ6,KCNJ9", "id": "KCNJ3,KCNJ5,KCNJ6,KCNJ9", "label": "KCNJ3-family"}}, {"data": {"popup": "<b>Gene names</b>: CACNA1A,CACNA1B <br><b>Uniprot IDs</b>: O00555,Q00975 <br><b>Uniprot IDs and Protein Names</b>:<br> <ul><li><a style=\"color:blue\" href=\"http://www.ncbi.nlm.nih.gov/gene/773\" target=\"EntrezGene\">CACNA1A</a>: <a style=\"color:blue\" href=\"http://www.uniprot.org/uniprot/O00555\" target=\"UniProtKB\">O00555</a> Voltage-dependent P/Q-type calcium channel subunit alpha-1A </li><li><a style=\"color:blue\" href=\"http://www.ncbi.nlm.nih.gov/gene/774\" target=\"EntrezGene\">CACNA1B</a>: <a style=\"color:blue\" href=\"http://www.uniprot.org/uniprot/Q00975\" target=\"UniProtKB\">Q00975</a> Voltage-dependent N-type calcium channel subunit alpha-1B </li></ul>", "name": "CACNA1A,CACNA1B", "id": "CACNA1A,CACNA1B", "label": "CACNA1A-family"}}, {"data": {"popup": "<b>Gene names</b>: PRKACA,PRKACB,PRKACG <br><b>Uniprot IDs</b>: P17612,P22612,P22694 <br><b>Uniprot IDs and Protein Names</b>:<br> <ul><li><a style=\"color:blue\" href=\"http://www.ncbi.nlm.nih.gov/gene/5566\" target=\"EntrezGene\">PRKACA</a>: <a style=\"color:blue\" href=\"http://www.uniprot.org/uniprot/P17612\" target=\"UniProtKB\">P17612</a> cAMP-dependent protein kinase catalytic subunit alpha </li><li><a style=\"color:blue\" href=\"http://www.ncbi.nlm.nih.gov/gene/5567\" target=\"EntrezGene\">PRKACB</a>: <a style=\"color:blue\" href=\"http://www.uniprot.org/uniprot/P22694\" target=\"UniProtKB\">P22694</a> cAMP-dependent protein kinase catalytic subunit beta </li><li><a style=\"color:blue\" href=\"http://www.ncbi.nlm.nih.gov/gene/5568\" target=\"EntrezGene\">PRKACG</a>: <a style=\"color:blue\" href=\"http://www.uniprot.org/uniprot/P22612\" target=\"UniProtKB\">P22612</a> cAMP-dependent protein kinase catalytic subunit gamma </li></ul>", "name": "PRKACA,PRKACB,PRKACG", "id": "PRKACA,PRKACB,PRKACG", "label": "PRKACA-family"}}, {"data": {"popup": "<b>Gene names</b>: GRM1,GRM5 <br><b>Uniprot IDs</b>: P41594,Q13255 <br><b>Uniprot IDs and Protein Names</b>:<br> <ul><li><a style=\"color:blue\" href=\"http://www.ncbi.nlm.nih.gov/gene/2911\" target=\"EntrezGene\">GRM1</a>: <a style=\"color:blue\" href=\"http://www.uniprot.org/uniprot/Q13255\" target=\"UniProtKB\">Q13255</a> Metabotropic glutamate receptor 1 </li><li><a style=\"color:blue\" href=\"http://www.ncbi.nlm.nih.gov/gene/2915\" target=\"EntrezGene\">GRM5</a>: <a style=\"color:blue\" href=\"http://www.uniprot.org/uniprot/P41594\" target=\"UniProtKB\">P41594</a> Metabotropic glutamate receptor 5 </li></ul>", "name": "GRM1,GRM5", "id": "GRM1,GRM5", "label": "GRM1,GRM5"}}], "edges": [{"data": {"source": "CNR1", "popup": "<b>CNR1 - GNAI1,GNAI2,GNAI3,GNAO1,GNB1,GNB2,GNB3,GNB4,GNB5,GNG10,GNG11,GNG12,GNG13,GNG2,GNG3,GNG4,GNG5,GNG7,GNG8,GNGT1,GNGT2</b></br><b>P21554 - O14610,O14775,O60262,P04899,P08754,P09471,P16520,P50150,P50151,P59768,P61952,P62873,P62879,P63096,P63211,P63215,P63218,Q9HAV0,Q9P2W3,Q9UBI6,Q9UK08</b></br><hr /><h><b>Direct Sources of Evidence</b></h><dl><dt>KEGG</dt>&bull;&nbsp&nbspactivation <br>&nbsp&nbsp&nbsp&nbsp&bull;&nbsp&nbspRetrograde endocannabinoid signaling  <a style=\"color:blue\" href=\"http://www.kegg.jp/kegg-bin/show_pathway?hsa04723\" target=\"KEGG\">map</a>,&nbsp<a style=\"color:blue\" href=\"http://www.kegg.jp/dbget-bin/www_bget?pathway+hsa04723\" target=\"KEGG\">evidence</a><br></li></ul><br><hr /><h><b>Sources of Evidence</b></h><dl><dt>BioGrid</dt>&bull;&nbsp&nbspMI:0915 (physical association) <br>&nbsp&nbsp&nbsp&nbsp&bull;&nbsp&nbspMI:0004 (affinity chromatography technology)  <a style=\"color:blue\" href=\"http://www.ncbi.nlm.nih.gov/pubmed/11168387\" target=\"PubMed\">pmid:11168387</a><br></li></ul><br><dt>KEGG</dt>&bull;&nbsp&nbspactivation <br>&nbsp&nbsp&nbsp&nbsp&bull;&nbsp&nbspRap1 signaling pathway  <a style=\"color:blue\" href=\"http://www.kegg.jp/kegg-bin/show_pathway?hsa04015\" target=\"KEGG\">map</a>,&nbsp<a style=\"color:blue\" href=\"http://www.kegg.jp/dbget-bin/www_bget?pathway+hsa04015\" target=\"KEGG\">evidence</a><br>&nbsp&nbsp&nbsp&nbsp&bull;&nbsp&nbspRetrograde endocannabinoid signaling  <a style=\"color:blue\" href=\"http://www.kegg.jp/kegg-bin/show_pathway?hsa04723\" target=\"KEGG\">map</a>,&nbsp<a style=\"color:blue\" href=\"http://www.kegg.jp/dbget-bin/www_bget?pathway+hsa04723\" target=\"KEGG\">evidence</a><br></li></ul><br><dt>Reactome</dt>&bull;&nbsp&nbspMI:0915 (physical association) <br>&nbsp&nbsp&nbsp&nbsp&bull;&nbsp&nbsp<FONT COLOR=\"gray\">MI:0364 (inferred by curator)</FONT>  <a style=\"color:blue\" href=\"http://www.ncbi.nlm.nih.gov/pubmed/17367534\" target=\"PubMed\">pmid:17367534</a><br></li></ul><br><dt>Reactome-FIs</dt>&nbsp&nbsp&nbsp&nbsp&bull;&nbsp&nbsp<FONT COLOR=\"gray\">MI:0046 (experimental knowledge based)</FONT>  <a style=\"color:blue\" href=\"http://www.ncbi.nlm.nih.gov/pubmed/20482850\" target=\"PubMed\">pmid:20482850</a><br></li></ul><br>", "is_directed": true, "target": "GNAI1,GNAI2,GNAI3,GNAO1,GNB1,GNB2,GNB3,GNB4,GNB5,GNG10,GNG11,GNG12,GNG13,GNG2,GNG3,GNG4,GNG5,GNG7,GNG8,GNGT1,GNGT2", "name": "CNR1-GNAI1,GNAI2,GNAI3,GNAO1,GNB1,GNB2,GNB3,GNB4,GNB5,GNG10,GNG11,GNG12,GNG13,GNG2,GNG3,GNG4,GNG5,GNG7,GNG8,GNGT1,GNGT2"}}, {"data": {"source": "GNAI1,GNAI2,GNAI3,GNAO1,GNB1,GNB2,GNB3,GNB4,GNB5,GNG10,GNG11,GNG12,GNG13,GNG2,GNG3,GNG4,GNG5,GNG7,GNG8,GNGT1,GNGT2", "popup": "<b>GNAI1,GNAI2,GNAI3,GNAO1,GNB1,GNB2,GNB3,GNB4,GNB5,GNG10,GNG11,GNG12,GNG13,GNG2,GNG3,GNG4,GNG5,GNG7,GNG8,GNGT1,GNGT2 - CACNA1A,CACNA1B</b></br><b>O14610,O14775,O60262,P04899,P08754,P09471,P16520,P50150,P50151,P59768,P61952,P62873,P62879,P63096,P63211,P63215,P63218,Q9HAV0,Q9P2W3,Q9UBI6,Q9UK08 - O00555,Q00975</b></br><hr /><h><b>Direct Sources of Evidence</b></h><dl><dt>KEGG</dt>&bull;&nbsp&nbspinhibition <br>&nbsp&nbsp&nbsp&nbsp&bull;&nbsp&nbspCholinergic synapse  <a style=\"color:blue\" href=\"http://www.kegg.jp/kegg-bin/show_pathway?hsa04725\" target=\"KEGG\">map</a>,&nbsp<a style=\"color:blue\" href=\"http://www.kegg.jp/dbget-bin/www_bget?pathway+hsa04725\" target=\"KEGG\">evidence</a><br>&nbsp&nbsp&nbsp&nbsp&bull;&nbsp&nbspGABAergic synapse  <a style=\"color:blue\" href=\"http://www.kegg.jp/kegg-bin/show_pathway?hsa04727\" target=\"KEGG\">map</a>,&nbsp<a style=\"color:blue\" href=\"http://www.kegg.jp/dbget-bin/www_bget?pathway+hsa04727\" target=\"KEGG\">evidence</a><br>&nbsp&nbsp&nbsp&nbsp&bull;&nbsp&nbspMorphine addiction  <a style=\"color:blue\" href=\"http://www.kegg.jp/kegg-bin/show_pathway?hsa05032\" target=\"KEGG\">map</a>,&nbsp<a style=\"color:blue\" href=\"http://www.kegg.jp/dbget-bin/www_bget?pathway+hsa05032\" target=\"KEGG\">evidence</a><br>&nbsp&nbsp&nbsp&nbsp&bull;&nbsp&nbspRetrograde endocannabinoid signaling  <a style=\"color:blue\" href=\"http://www.kegg.jp/kegg-bin/show_pathway?hsa04723\" target=\"KEGG\">map</a>,&nbsp<a style=\"color:blue\" href=\"http://www.kegg.jp/dbget-bin/www_bget?pathway+hsa04723\" target=\"KEGG\">evidence</a><br>&nbsp&nbsp&nbsp&nbsp&bull;&nbsp&nbspDopaminergic synapse  <a style=\"color:blue\" href=\"http://www.kegg.jp/kegg-bin/show_pathway?hsa04728\" target=\"KEGG\">map</a>,&nbsp<a style=\"color:blue\" href=\"http://www.kegg.jp/dbget-bin/www_bget?pathway+hsa04728\" target=\"KEGG\">evidence</a><br>&nbsp&nbsp&nbsp&nbsp&bull;&nbsp&nbspSerotonergic synapse  <a style=\"color:blue\" href=\"http://www.kegg.jp/kegg-bin/show_pathway?hsa04726\" target=\"KEGG\">map</a>,&nbsp<a style=\"color:blue\" href=\"http://www.kegg.jp/dbget-bin/www_bget?pathway+hsa04726\" target=\"KEGG\">evidence</a><br></li></ul><br><hr /><h><b>Sources of Evidence</b></h><dl><dt>BioGrid</dt>&bull;&nbsp&nbspMI:0915 (physical association) <br>&nbsp&nbsp&nbsp&nbsp&bull;&nbsp&nbspMI:0004 (affinity chromatography technology)  <a style=\"color:blue\" href=\"http://www.ncbi.nlm.nih.gov/pubmed/9238069\" target=\"PubMed\">pmid:9238069</a><br>&bull;&nbsp&nbspMI:0407 (direct interaction) <br>&nbsp&nbsp&nbsp&nbsp&bull;&nbsp&nbspMI:0096 (pull down)  <a style=\"color:blue\" href=\"http://www.ncbi.nlm.nih.gov/pubmed/11395521\" target=\"PubMed\">pmid:11395521</a><br></li></ul><br><dt>KEGG</dt>&bull;&nbsp&nbspinhibition <br>&nbsp&nbsp&nbsp&nbsp&bull;&nbsp&nbspGlutamatergic synapse  <a style=\"color:blue\" href=\"http://www.kegg.jp/kegg-bin/show_pathway?hsa04724\" target=\"KEGG\">map</a>,&nbsp<a style=\"color:blue\" href=\"http://www.kegg.jp/dbget-bin/www_bget?pathway+hsa04724\" target=\"KEGG\">evidence</a><br>&nbsp&nbsp&nbsp&nbsp&bull;&nbsp&nbspGABAergic synapse  <a style=\"color:blue\" href=\"http://www.kegg.jp/kegg-bin/show_pathway?hsa04727\" target=\"KEGG\">map</a>,&nbsp<a style=\"color:blue\" href=\"http://www.kegg.jp/dbget-bin/www_bget?pathway+hsa04727\" target=\"KEGG\">evidence</a><br>&nbsp&nbsp&nbsp&nbsp&bull;&nbsp&nbspCholinergic synapse  <a style=\"color:blue\" href=\"http://www.kegg.jp/kegg-bin/show_pathway?hsa04725\" target=\"KEGG\">map</a>,&nbsp<a style=\"color:blue\" href=\"http://www.kegg.jp/dbget-bin/www_bget?pathway+hsa04725\" target=\"KEGG\">evidence</a><br>&nbsp&nbsp&nbsp&nbsp&bull;&nbsp&nbspMorphine addiction  <a style=\"color:blue\" href=\"http://www.kegg.jp/kegg-bin/show_pathway?hsa05032\" target=\"KEGG\">map</a>,&nbsp<a style=\"color:blue\" href=\"http://www.kegg.jp/dbget-bin/www_bget?pathway+hsa05032\" target=\"KEGG\">evidence</a><br>&nbsp&nbsp&nbsp&nbsp&bull;&nbsp&nbspRetrograde endocannabinoid signaling  <a style=\"color:blue\" href=\"http://www.kegg.jp/kegg-bin/show_pathway?hsa04723\" target=\"KEGG\">map</a>,&nbsp<a style=\"color:blue\" href=\"http://www.kegg.jp/dbget-bin/www_bget?pathway+hsa04723\" target=\"KEGG\">evidence</a><br>&nbsp&nbsp&nbsp&nbsp&bull;&nbsp&nbspDopaminergic synapse  <a style=\"color:blue\" href=\"http://www.kegg.jp/kegg-bin/show_pathway?hsa04728\" target=\"KEGG\">map</a>,&nbsp<a style=\"color:blue\" href=\"http://www.kegg.jp/dbget-bin/www_bget?pathway+hsa04728\" target=\"KEGG\">evidence</a><br>&nbsp&nbsp&nbsp&nbsp&bull;&nbsp&nbspSerotonergic synapse  <a style=\"color:blue\" href=\"http://www.kegg.jp/kegg-bin/show_pathway?hsa04726\" target=\"KEGG\">map</a>,&nbsp<a style=\"color:blue\" href=\"http://www.kegg.jp/dbget-bin/www_bget?pathway+hsa04726\" target=\"KEGG\">evidence</a><br></li></ul><br><dt>Reactome</dt>&bull;&nbsp&nbspMI:0914 (association) <br>&nbsp&nbsp&nbsp&nbsp&bull;&nbsp&nbsp<FONT COLOR=\"gray\">MI:0364 (inferred by curator)</FONT>  <a style=\"color:blue\" href=\"http://www.ncbi.nlm.nih.gov/pubmed/17367534\" target=\"PubMed\">pmid:17367534</a><br></li></ul><br><dt>Reactome-FIs</dt>&nbsp&nbsp&nbsp&nbsp&bull;&nbsp&nbsp<FONT COLOR=\"gray\">MI:0046 (experimental knowledge based)</FONT>  <a style=\"color:blue\" href=\"http://www.ncbi.nlm.nih.gov/pubmed/20482850\" target=\"PubMed\">pmid:20482850</a><br></li></ul><br>", "is_directed": true, "target": "CACNA1A,CACNA1B", "name": "GNAI1,GNAI2,GNAI3,GNAO1,GNB1,GNB2,GNB3,GNB4,GNB5,GNG10,GNG11,GNG12,GNG13,GNG2,GNG3,GNG4,GNG5,GNG7,GNG8,GNGT1,GNGT2-CACNA1A,CACNA1B"}}, {"data": {"source": "GNAI1,GNAI2,GNAI3,GNAO1,GNB1,GNB2,GNB3,GNB4,GNB5,GNG10,GNG11,GNG12,GNG13,GNG2,GNG3,GNG4,GNG5,GNG7,GNG8,GNGT1,GNGT2", "popup": "<b>GNAI1,GNAI2,GNAI3,GNAO1,GNB1,GNB2,GNB3,GNB4,GNB5,GNG10,GNG11,GNG12,GNG13,GNG2,GNG3,GNG4,GNG5,GNG7,GNG8,GNGT1,GNGT2 - MAPK1,MAPK10,MAPK11,MAPK12,MAPK13,MAPK14,MAPK3,MAPK8,MAPK9</b></br><b>O14610,O14775,O60262,P04899,P08754,P09471,P16520,P50150,P50151,P59768,P61952,P62873,P62879,P63096,P63211,P63215,P63218,Q9HAV0,Q9P2W3,Q9UBI6,Q9UK08 - O15264,P27361,P28482,P45983,P45984,P53778,P53779,Q15759,Q16539</b></br><hr /><h><b>Direct Sources of Evidence</b></h><dl><dt>KEGG</dt>&bull;&nbsp&nbspactivation <br>&nbsp&nbsp&nbsp&nbsp&bull;&nbsp&nbspRetrograde endocannabinoid signaling  <a style=\"color:blue\" href=\"http://www.kegg.jp/kegg-bin/show_pathway?hsa04723\" target=\"KEGG\">map</a>,&nbsp<a style=\"color:blue\" href=\"http://www.kegg.jp/dbget-bin/www_bget?pathway+hsa04723\" target=\"KEGG\">evidence</a><br></li></ul><br><hr /><h><b>Sources of Evidence</b></h><dl><dt>KEGG</dt>&bull;&nbsp&nbspactivation <br>&nbsp&nbsp&nbsp&nbsp&bull;&nbsp&nbspAdrenergic signaling in cardiomyocytes  <a style=\"color:blue\" href=\"http://www.kegg.jp/kegg-bin/show_pathway?hsa04261\" target=\"KEGG\">map</a>,&nbsp<a style=\"color:blue\" href=\"http://www.kegg.jp/dbget-bin/www_bget?pathway+hsa04261\" target=\"KEGG\">evidence</a><br>&nbsp&nbsp&nbsp&nbsp&bull;&nbsp&nbspRetrograde endocannabinoid signaling  <a style=\"color:blue\" href=\"http://www.kegg.jp/kegg-bin/show_pathway?hsa04723\" target=\"KEGG\">map</a>,&nbsp<a style=\"color:blue\" href=\"http://www.kegg.jp/dbget-bin/www_bget?pathway+hsa04723\" target=\"KEGG\">evidence</a><br>&bull;&nbsp&nbspactivation,indirect-effect <br>&nbsp&nbsp&nbsp&nbsp&bull;&nbsp&nbspCircadian entrainment  <a style=\"color:blue\" href=\"http://www.kegg.jp/kegg-bin/show_pathway?hsa04713\" target=\"KEGG\">map</a>,&nbsp<a style=\"color:blue\" href=\"http://www.kegg.jp/dbget-bin/www_bget?pathway+hsa04713\" target=\"KEGG\">evidence</a><br>&bull;&nbsp&nbspactivation,phosphorylation,indirect-effect <br>&nbsp&nbsp&nbsp&nbsp&bull;&nbsp&nbspPertussis  <a style=\"color:blue\" href=\"http://www.kegg.jp/kegg-bin/show_pathway?hsa05133\" target=\"KEGG\">map</a>,&nbsp<a style=\"color:blue\" href=\"http://www.kegg.jp/dbget-bin/www_bget?pathway+hsa05133\" target=\"KEGG\">evidence</a><br></li></ul><br><dt>Reactome</dt>&bull;&nbsp&nbspMI:0914 (association) <br>&nbsp&nbsp&nbsp&nbsp&bull;&nbsp&nbsp<FONT COLOR=\"gray\">MI:0364 (inferred by curator)</FONT>  <a style=\"color:blue\" href=\"http://www.ncbi.nlm.nih.gov/pubmed/17367534\" target=\"PubMed\">pmid:17367534</a><br></li></ul><br><dt>Reactome-FIs</dt>&nbsp&nbsp&nbsp&nbsp&bull;&nbsp&nbsp<FONT COLOR=\"gray\">MI:0046 (experimental knowledge based)</FONT>  <a style=\"color:blue\" href=\"http://www.ncbi.nlm.nih.gov/pubmed/20482850\" target=\"PubMed\">pmid:20482850</a><br></li></ul><br>", "is_directed": true, "target": "MAPK1,MAPK10,MAPK11,MAPK12,MAPK13,MAPK14,MAPK3,MAPK8,MAPK9", "name": "GNAI1,GNAI2,GNAI3,GNAO1,GNB1,GNB2,GNB3,GNB4,GNB5,GNG10,GNG11,GNG12,GNG13,GNG2,GNG3,GNG4,GNG5,GNG7,GNG8,GNGT1,GNGT2-MAPK1,MAPK10,MAPK11,MAPK12,MAPK13,MAPK14,MAPK3,MAPK8,MAPK9"}}, {"data": {"source": "GNAI1,GNAI2,GNAI3,GNAO1,GNB1,GNB2,GNB3,GNB4,GNB5,GNG10,GNG11,GNG12,GNG13,GNG2,GNG3,GNG4,GNG5,GNG7,GNG8,GNGT1,GNGT2", "popup": "<b>GNAI1,GNAI2,GNAI3,GNAO1,GNB1,GNB2,GNB3,GNB4,GNB5,GNG10,GNG11,GNG12,GNG13,GNG2,GNG3,GNG4,GNG5,GNG7,GNG8,GNGT1,GNGT2 - ADCY1,ADCY2,ADCY3,ADCY4,ADCY5,ADCY6,ADCY7,ADCY8,ADCY9</b></br><b>O14610,O14775,O60262,P04899,P08754,P09471,P16520,P50150,P50151,P59768,P61952,P62873,P62879,P63096,P63211,P63215,P63218,Q9HAV0,Q9P2W3,Q9UBI6,Q9UK08 - O43306,O60266,O60503,O95622,P40145,P51828,Q08462,Q08828,Q8NFM4</b></br><hr /><h><b>Direct Sources of Evidence</b></h><dl><dt>KEGG</dt>&bull;&nbsp&nbspactivation <br>&nbsp&nbsp&nbsp&nbsp&bull;&nbsp&nbspMorphine addiction  <a style=\"color:blue\" href=\"http://www.kegg.jp/kegg-bin/show_pathway?hsa05032\" target=\"KEGG\">map</a>,&nbsp<a style=\"color:blue\" href=\"http://www.kegg.jp/dbget-bin/www_bget?pathway+hsa05032\" target=\"KEGG\">evidence</a><br>&bull;&nbsp&nbspinhibition <br>&nbsp&nbsp&nbsp&nbsp&bull;&nbsp&nbspCholinergic synapse  <a style=\"color:blue\" href=\"http://www.kegg.jp/kegg-bin/show_pathway?hsa04725\" target=\"KEGG\">map</a>,&nbsp<a style=\"color:blue\" href=\"http://www.kegg.jp/dbget-bin/www_bget?pathway+hsa04725\" target=\"KEGG\">evidence</a><br>&nbsp&nbsp&nbsp&nbsp&bull;&nbsp&nbspGABAergic synapse  <a style=\"color:blue\" href=\"http://www.kegg.jp/kegg-bin/show_pathway?hsa04727\" target=\"KEGG\">map</a>,&nbsp<a style=\"color:blue\" href=\"http://www.kegg.jp/dbget-bin/www_bget?pathway+hsa04727\" target=\"KEGG\">evidence</a><br>&nbsp&nbsp&nbsp&nbsp&bull;&nbsp&nbspMorphine addiction  <a style=\"color:blue\" href=\"http://www.kegg.jp/kegg-bin/show_pathway?hsa05032\" target=\"KEGG\">map</a>,&nbsp<a style=\"color:blue\" href=\"http://www.kegg.jp/dbget-bin/www_bget?pathway+hsa05032\" target=\"KEGG\">evidence</a><br>&nbsp&nbsp&nbsp&nbsp&bull;&nbsp&nbspGlutamatergic synapse  <a style=\"color:blue\" href=\"http://www.kegg.jp/kegg-bin/show_pathway?hsa04724\" target=\"KEGG\">map</a>,&nbsp<a style=\"color:blue\" href=\"http://www.kegg.jp/dbget-bin/www_bget?pathway+hsa04724\" target=\"KEGG\">evidence</a><br>&nbsp&nbsp&nbsp&nbsp&bull;&nbsp&nbspRetrograde endocannabinoid signaling  <a style=\"color:blue\" href=\"http://www.kegg.jp/kegg-bin/show_pathway?hsa04723\" target=\"KEGG\">map</a>,&nbsp<a style=\"color:blue\" href=\"http://www.kegg.jp/dbget-bin/www_bget?pathway+hsa04723\" target=\"KEGG\">evidence</a><br></li></ul><br><hr /><h><b>Sources of Evidence</b></h><dl><dt>BioGrid</dt>&bull;&nbsp&nbspMI:0914 (association) <br>&nbsp&nbsp&nbsp&nbsp&bull;&nbsp&nbspMI:0401 (biochemical)  <a style=\"color:blue\" href=\"http://www.ncbi.nlm.nih.gov/pubmed/9748257\" target=\"PubMed\">pmid:9748257</a><br></li></ul><br><dt>KEGG</dt>&bull;&nbsp&nbspactivation <br>&nbsp&nbsp&nbsp&nbsp&bull;&nbsp&nbspOlfactory transduction  <a style=\"color:blue\" href=\"http://www.kegg.jp/kegg-bin/show_pathway?hsa04740\" target=\"KEGG\">map</a>,&nbsp<a style=\"color:blue\" href=\"http://www.kegg.jp/dbget-bin/www_bget?pathway+hsa04740\" target=\"KEGG\">evidence</a><br>&nbsp&nbsp&nbsp&nbsp&bull;&nbsp&nbspMorphine addiction  <a style=\"color:blue\" href=\"http://www.kegg.jp/kegg-bin/show_pathway?hsa05032\" target=\"KEGG\">map</a>,&nbsp<a style=\"color:blue\" href=\"http://www.kegg.jp/dbget-bin/www_bget?pathway+hsa05032\" target=\"KEGG\">evidence</a><br>&nbsp&nbsp&nbsp&nbsp&bull;&nbsp&nbspCircadian entrainment  <a style=\"color:blue\" href=\"http://www.kegg.jp/kegg-bin/show_pathway?hsa04713\" target=\"KEGG\">map</a>,&nbsp<a style=\"color:blue\" href=\"http://www.kegg.jp/dbget-bin/www_bget?pathway+hsa04713\" target=\"KEGG\">evidence</a><br>&nbsp&nbsp&nbsp&nbsp&bull;&nbsp&nbspAlcoholism  <a style=\"color:blue\" href=\"http://www.kegg.jp/kegg-bin/show_pathway?hsa05034\" target=\"KEGG\">map</a>,&nbsp<a style=\"color:blue\" href=\"http://www.kegg.jp/dbget-bin/www_bget?pathway+hsa05034\" target=\"KEGG\">evidence</a><br>&bull;&nbsp&nbspinhibition <br>&nbsp&nbsp&nbsp&nbsp&bull;&nbsp&nbspCholinergic synapse  <a style=\"color:blue\" href=\"http://www.kegg.jp/kegg-bin/show_pathway?hsa04725\" target=\"KEGG\">map</a>,&nbsp<a style=\"color:blue\" href=\"http://www.kegg.jp/dbget-bin/www_bget?pathway+hsa04725\" target=\"KEGG\">evidence</a><br>&nbsp&nbsp&nbsp&nbsp&bull;&nbsp&nbspProgesterone-mediated oocyte maturation  <a style=\"color:blue\" href=\"http://www.kegg.jp/kegg-bin/show_pathway?hsa04914\" target=\"KEGG\">map</a>,&nbsp<a style=\"color:blue\" href=\"http://www.kegg.jp/dbget-bin/www_bget?pathway+hsa04914\" target=\"KEGG\">evidence</a><br>&nbsp&nbsp&nbsp&nbsp&bull;&nbsp&nbspGap junction  <a style=\"color:blue\" href=\"http://www.kegg.jp/kegg-bin/show_pathway?hsa04540\" target=\"KEGG\">map</a>,&nbsp<a style=\"color:blue\" href=\"http://www.kegg.jp/dbget-bin/www_bget?pathway+hsa04540\" target=\"KEGG\">evidence</a><br>&nbsp&nbsp&nbsp&nbsp&bull;&nbsp&nbspGABAergic synapse  <a style=\"color:blue\" href=\"http://www.kegg.jp/kegg-bin/show_pathway?hsa04727\" target=\"KEGG\">map</a>,&nbsp<a style=\"color:blue\" href=\"http://www.kegg.jp/dbget-bin/www_bget?pathway+hsa04727\" target=\"KEGG\">evidence</a><br>&nbsp&nbsp&nbsp&nbsp&bull;&nbsp&nbspCocaine addiction  <a style=\"color:blue\" href=\"http://www.kegg.jp/kegg-bin/show_pathway?hsa05030\" target=\"KEGG\">map</a>,&nbsp<a style=\"color:blue\" href=\"http://www.kegg.jp/dbget-bin/www_bget?pathway+hsa05030\" target=\"KEGG\">evidence</a><br>&nbsp&nbsp&nbsp&nbsp&bull;&nbsp&nbspGlutamatergic synapse  <a style=\"color:blue\" href=\"http://www.kegg.jp/kegg-bin/show_pathway?hsa04724\" target=\"KEGG\">map</a>,&nbsp<a style=\"color:blue\" href=\"http://www.kegg.jp/dbget-bin/www_bget?pathway+hsa04724\" target=\"KEGG\">evidence</a><br>&nbsp&nbsp&nbsp&nbsp&bull;&nbsp&nbsphsa04371  <a style=\"color:blue\" href=\"http://www.kegg.jp/kegg-bin/show_pathway?hsa04371\" target=\"KEGG\">map</a>,&nbsp<a style=\"color:blue\" href=\"http://www.kegg.jp/dbget-bin/www_bget?pathway+hsa04371\" target=\"KEGG\">evidence</a><br>&nbsp&nbsp&nbsp&nbsp&bull;&nbsp&nbspChemokine signaling pathway  <a style=\"color:blue\" href=\"http://www.kegg.jp/kegg-bin/show_pathway?hsa04062\" target=\"KEGG\">map</a>,&nbsp<a style=\"color:blue\" href=\"http://www.kegg.jp/dbget-bin/www_bget?pathway+hsa04062\" target=\"KEGG\">evidence</a><br>&nbsp&nbsp&nbsp&nbsp&bull;&nbsp&nbspcAMP signaling pathway  <a style=\"color:blue\" href=\"http://www.kegg.jp/kegg-bin/show_pathway?hsa04024\" target=\"KEGG\">map</a>,&nbsp<a style=\"color:blue\" href=\"http://www.kegg.jp/dbget-bin/www_bget?pathway+hsa04024\" target=\"KEGG\">evidence</a><br>&nbsp&nbsp&nbsp&nbsp&bull;&nbsp&nbsphsa04924  <a style=\"color:blue\" href=\"http://www.kegg.jp/kegg-bin/show_pathway?hsa04924\" target=\"KEGG\">map</a>,&nbsp<a style=\"color:blue\" href=\"http://www.kegg.jp/dbget-bin/www_bget?pathway+hsa04924\" target=\"KEGG\">evidence</a><br>&nbsp&nbsp&nbsp&nbsp&bull;&nbsp&nbspOxytocin signaling pathway  <a style=\"color:blue\" href=\"http://www.kegg.jp/kegg-bin/show_pathway?hsa04921\" target=\"KEGG\">map</a>,&nbsp<a style=\"color:blue\" href=\"http://www.kegg.jp/dbget-bin/www_bget?pathway+hsa04921\" target=\"KEGG\">evidence</a><br>&nbsp&nbsp&nbsp&nbsp&bull;&nbsp&nbspMorphine addiction  <a style=\"color:blue\" href=\"http://www.kegg.jp/kegg-bin/show_pathway?hsa05032\" target=\"KEGG\">map</a>,&nbsp<a style=\"color:blue\" href=\"http://www.kegg.jp/dbget-bin/www_bget?pathway+hsa05032\" target=\"KEGG\">evidence</a><br>&nbsp&nbsp&nbsp&nbsp&bull;&nbsp&nbspRetrograde endocannabinoid signaling  <a style=\"color:blue\" href=\"http://www.kegg.jp/kegg-bin/show_pathway?hsa04723\" target=\"KEGG\">map</a>,&nbsp<a style=\"color:blue\" href=\"http://www.kegg.jp/dbget-bin/www_bget?pathway+hsa04723\" target=\"KEGG\">evidence</a><br>&nbsp&nbsp&nbsp&nbsp&bull;&nbsp&nbspGastric acid secretion  <a style=\"color:blue\" href=\"http://www.kegg.jp/kegg-bin/show_pathway?hsa04971\" target=\"KEGG\">map</a>,&nbsp<a style=\"color:blue\" href=\"http://www.kegg.jp/dbget-bin/www_bget?pathway+hsa04971\" target=\"KEGG\">evidence</a><br>&nbsp&nbsp&nbsp&nbsp&bull;&nbsp&nbspPlatelet activation  <a style=\"color:blue\" href=\"http://www.kegg.jp/kegg-bin/show_pathway?hsa04611\" target=\"KEGG\">map</a>,&nbsp<a style=\"color:blue\" href=\"http://www.kegg.jp/dbget-bin/www_bget?pathway+hsa04611\" target=\"KEGG\">evidence</a><br>&nbsp&nbsp&nbsp&nbsp&bull;&nbsp&nbspDopaminergic synapse  <a style=\"color:blue\" href=\"http://www.kegg.jp/kegg-bin/show_pathway?hsa04728\" target=\"KEGG\">map</a>,&nbsp<a style=\"color:blue\" href=\"http://www.kegg.jp/dbget-bin/www_bget?pathway+hsa04728\" target=\"KEGG\">evidence</a><br>&nbsp&nbsp&nbsp&nbsp&bull;&nbsp&nbsphsa04923  <a style=\"color:blue\" href=\"http://www.kegg.jp/kegg-bin/show_pathway?hsa04923\" target=\"KEGG\">map</a>,&nbsp<a style=\"color:blue\" href=\"http://www.kegg.jp/dbget-bin/www_bget?pathway+hsa04923\" target=\"KEGG\">evidence</a><br>&nbsp&nbsp&nbsp&nbsp&bull;&nbsp&nbspCircadian entrainment  <a style=\"color:blue\" href=\"http://www.kegg.jp/kegg-bin/show_pathway?hsa04713\" target=\"KEGG\">map</a>,&nbsp<a style=\"color:blue\" href=\"http://www.kegg.jp/dbget-bin/www_bget?pathway+hsa04713\" target=\"KEGG\">evidence</a><br>&nbsp&nbsp&nbsp&nbsp&bull;&nbsp&nbspSerotonergic synapse  <a style=\"color:blue\" href=\"http://www.kegg.jp/kegg-bin/show_pathway?hsa04726\" target=\"KEGG\">map</a>,&nbsp<a style=\"color:blue\" href=\"http://www.kegg.jp/dbget-bin/www_bget?pathway+hsa04726\" target=\"KEGG\">evidence</a><br></li></ul><br><dt>Reactome</dt>&bull;&nbsp&nbspMI:0915 (physical association) <br>&nbsp&nbsp&nbsp&nbsp&bull;&nbsp&nbsp<FONT COLOR=\"gray\">MI:0364 (inferred by curator)</FONT>  <a style=\"color:blue\" href=\"http://www.ncbi.nlm.nih.gov/pubmed/17367534\" target=\"PubMed\">pmid:17367534</a><br>&bull;&nbsp&nbspMI:0914 (association) <br>&nbsp&nbsp&nbsp&nbsp&bull;&nbsp&nbsp<FONT COLOR=\"gray\">MI:0364 (inferred by curator)</FONT>  <a style=\"color:blue\" href=\"http://www.ncbi.nlm.nih.gov/pubmed/17367534\" target=\"PubMed\">pmid:17367534</a><br></li></ul><br><dt>Reactome-FIs</dt>&nbsp&nbsp&nbsp&nbsp&bull;&nbsp&nbsp<FONT COLOR=\"gray\">MI:0046 (experimental knowledge based)</FONT>  <a style=\"color:blue\" href=\"http://www.ncbi.nlm.nih.gov/pubmed/20482850\" target=\"PubMed\">pmid:20482850</a><br></li></ul><br>", "is_directed": true, "target": "ADCY1,ADCY2,ADCY3,ADCY4,ADCY5,ADCY6,ADCY7,ADCY8,ADCY9", "name": "GNAI1,GNAI2,GNAI3,GNAO1,GNB1,GNB2,GNB3,GNB4,GNB5,GNG10,GNG11,GNG12,GNG13,GNG2,GNG3,GNG4,GNG5,GNG7,GNG8,GNGT1,GNGT2-ADCY1,ADCY2,ADCY3,ADCY4,ADCY5,ADCY6,ADCY7,ADCY8,ADCY9"}}, {"data": {"source": "GNAI1,GNAI2,GNAI3,GNAO1,GNB1,GNB2,GNB3,GNB4,GNB5,GNG10,GNG11,GNG12,GNG13,GNG2,GNG3,GNG4,GNG5,GNG7,GNG8,GNGT1,GNGT2", "popup": "<b>GNAI1,GNAI2,GNAI3,GNAO1,GNB1,GNB2,GNB3,GNB4,GNB5,GNG10,GNG11,GNG12,GNG13,GNG2,GNG3,GNG4,GNG5,GNG7,GNG8,GNGT1,GNGT2 - KCNJ3,KCNJ5,KCNJ6,KCNJ9</b></br><b>O14610,O14775,O60262,P04899,P08754,P09471,P16520,P50150,P50151,P59768,P61952,P62873,P62879,P63096,P63211,P63215,P63218,Q9HAV0,Q9P2W3,Q9UBI6,Q9UK08 - P48051,P48544,P48549,Q92806</b></br><hr /><h><b>Direct Sources of Evidence</b></h><dl><dt>KEGG</dt>&bull;&nbsp&nbspactivation <br>&nbsp&nbsp&nbsp&nbsp&bull;&nbsp&nbspDopaminergic synapse  <a style=\"color:blue\" href=\"http://www.kegg.jp/kegg-bin/show_pathway?hsa04728\" target=\"KEGG\">map</a>,&nbsp<a style=\"color:blue\" href=\"http://www.kegg.jp/dbget-bin/www_bget?pathway+hsa04728\" target=\"KEGG\">evidence</a><br>&nbsp&nbsp&nbsp&nbsp&bull;&nbsp&nbspMorphine addiction  <a style=\"color:blue\" href=\"http://www.kegg.jp/kegg-bin/show_pathway?hsa05032\" target=\"KEGG\">map</a>,&nbsp<a style=\"color:blue\" href=\"http://www.kegg.jp/dbget-bin/www_bget?pathway+hsa05032\" target=\"KEGG\">evidence</a><br>&nbsp&nbsp&nbsp&nbsp&bull;&nbsp&nbspSerotonergic synapse  <a style=\"color:blue\" href=\"http://www.kegg.jp/kegg-bin/show_pathway?hsa04726\" target=\"KEGG\">map</a>,&nbsp<a style=\"color:blue\" href=\"http://www.kegg.jp/dbget-bin/www_bget?pathway+hsa04726\" target=\"KEGG\">evidence</a><br>&nbsp&nbsp&nbsp&nbsp&bull;&nbsp&nbspRetrograde endocannabinoid signaling  <a style=\"color:blue\" href=\"http://www.kegg.jp/kegg-bin/show_pathway?hsa04723\" target=\"KEGG\">map</a>,&nbsp<a style=\"color:blue\" href=\"http://www.kegg.jp/dbget-bin/www_bget?pathway+hsa04723\" target=\"KEGG\">evidence</a><br></li></ul><br><hr /><h><b>Sources of Evidence</b></h><dl><dt>BioGrid</dt>&bull;&nbsp&nbspMI:0407 (direct interaction) <br>&nbsp&nbsp&nbsp&nbsp&bull;&nbsp&nbspMI:0096 (pull down)  <a style=\"color:blue\" href=\"http://www.ncbi.nlm.nih.gov/pubmed/12743112\" target=\"PubMed\">pmid:12743112</a><br></li></ul><br><dt>KEGG</dt>&bull;&nbsp&nbspactivation <br>&nbsp&nbsp&nbsp&nbsp&bull;&nbsp&nbspCholinergic synapse  <a style=\"color:blue\" href=\"http://www.kegg.jp/kegg-bin/show_pathway?hsa04725\" target=\"KEGG\">map</a>,&nbsp<a style=\"color:blue\" href=\"http://www.kegg.jp/dbget-bin/www_bget?pathway+hsa04725\" target=\"KEGG\">evidence</a><br>&nbsp&nbsp&nbsp&nbsp&bull;&nbsp&nbspSerotonergic synapse  <a style=\"color:blue\" href=\"http://www.kegg.jp/kegg-bin/show_pathway?hsa04726\" target=\"KEGG\">map</a>,&nbsp<a style=\"color:blue\" href=\"http://www.kegg.jp/dbget-bin/www_bget?pathway+hsa04726\" target=\"KEGG\">evidence</a><br>&nbsp&nbsp&nbsp&nbsp&bull;&nbsp&nbspGlutamatergic synapse  <a style=\"color:blue\" href=\"http://www.kegg.jp/kegg-bin/show_pathway?hsa04724\" target=\"KEGG\">map</a>,&nbsp<a style=\"color:blue\" href=\"http://www.kegg.jp/dbget-bin/www_bget?pathway+hsa04724\" target=\"KEGG\">evidence</a><br>&nbsp&nbsp&nbsp&nbsp&bull;&nbsp&nbspOxytocin signaling pathway  <a style=\"color:blue\" href=\"http://www.kegg.jp/kegg-bin/show_pathway?hsa04921\" target=\"KEGG\">map</a>,&nbsp<a style=\"color:blue\" href=\"http://www.kegg.jp/dbget-bin/www_bget?pathway+hsa04921\" target=\"KEGG\">evidence</a><br>&nbsp&nbsp&nbsp&nbsp&bull;&nbsp&nbspEstrogen signaling pathway  <a style=\"color:blue\" href=\"http://www.kegg.jp/kegg-bin/show_pathway?hsa04915\" target=\"KEGG\">map</a>,&nbsp<a style=\"color:blue\" href=\"http://www.kegg.jp/dbget-bin/www_bget?pathway+hsa04915\" target=\"KEGG\">evidence</a><br>&nbsp&nbsp&nbsp&nbsp&bull;&nbsp&nbspMorphine addiction  <a style=\"color:blue\" href=\"http://www.kegg.jp/kegg-bin/show_pathway?hsa05032\" target=\"KEGG\">map</a>,&nbsp<a style=\"color:blue\" href=\"http://www.kegg.jp/dbget-bin/www_bget?pathway+hsa05032\" target=\"KEGG\">evidence</a><br>&nbsp&nbsp&nbsp&nbsp&bull;&nbsp&nbspRetrograde endocannabinoid signaling  <a style=\"color:blue\" href=\"http://www.kegg.jp/kegg-bin/show_pathway?hsa04723\" target=\"KEGG\">map</a>,&nbsp<a style=\"color:blue\" href=\"http://www.kegg.jp/dbget-bin/www_bget?pathway+hsa04723\" target=\"KEGG\">evidence</a><br>&nbsp&nbsp&nbsp&nbsp&bull;&nbsp&nbspDopaminergic synapse  <a style=\"color:blue\" href=\"http://www.kegg.jp/kegg-bin/show_pathway?hsa04728\" target=\"KEGG\">map</a>,&nbsp<a style=\"color:blue\" href=\"http://www.kegg.jp/dbget-bin/www_bget?pathway+hsa04728\" target=\"KEGG\">evidence</a><br>&nbsp&nbsp&nbsp&nbsp&bull;&nbsp&nbspCircadian entrainment  <a style=\"color:blue\" href=\"http://www.kegg.jp/kegg-bin/show_pathway?hsa04713\" target=\"KEGG\">map</a>,&nbsp<a style=\"color:blue\" href=\"http://www.kegg.jp/dbget-bin/www_bget?pathway+hsa04713\" target=\"KEGG\">evidence</a><br>&nbsp&nbsp&nbsp&nbsp&bull;&nbsp&nbspGABAergic synapse  <a style=\"color:blue\" href=\"http://www.kegg.jp/kegg-bin/show_pathway?hsa04727\" target=\"KEGG\">map</a>,&nbsp<a style=\"color:blue\" href=\"http://www.kegg.jp/dbget-bin/www_bget?pathway+hsa04727\" target=\"KEGG\">evidence</a><br></li></ul><br><dt>Reactome</dt>&bull;&nbsp&nbspMI:0915 (physical association) <br>&nbsp&nbsp&nbsp&nbsp&bull;&nbsp&nbsp<FONT COLOR=\"gray\">MI:0364 (inferred by curator)</FONT>  <a style=\"color:blue\" href=\"http://www.ncbi.nlm.nih.gov/pubmed/17367534\" target=\"PubMed\">pmid:17367534</a><br></li></ul><br><dt>Reactome-FIs</dt>&nbsp&nbsp&nbsp&nbsp&bull;&nbsp&nbsp<FONT COLOR=\"gray\">MI:0046 (experimental knowledge based)</FONT>  <a style=\"color:blue\" href=\"http://www.ncbi.nlm.nih.gov/pubmed/20482850\" target=\"PubMed\">pmid:20482850</a><br></li></ul><br>", "is_directed": true, "target": "KCNJ3,KCNJ5,KCNJ6,KCNJ9", "name": "GNAI1,GNAI2,GNAI3,GNAO1,GNB1,GNB2,GNB3,GNB4,GNB5,GNG10,GNG11,GNG12,GNG13,GNG2,GNG3,GNG4,GNG5,GNG7,GNG8,GNGT1,GNGT2-KCNJ3,KCNJ5,KCNJ6,KCNJ9"}}, {"data": {"source": "GNAQ", "popup": "<b>GNAQ - PLCB1,PLCB2,PLCB3,PLCB4</b></br><b>P50148 - Q00722,Q01970,Q15147,Q9NQ66</b></br><hr /><h><b>Direct Sources of Evidence</b></h><dl><dt>KEGG</dt>&bull;&nbsp&nbspactivation <br>&nbsp&nbsp&nbsp&nbsp&bull;&nbsp&nbspGlutamatergic synapse  <a style=\"color:blue\" href=\"http://www.kegg.jp/kegg-bin/show_pathway?hsa04724\" target=\"KEGG\">map</a>,&nbsp<a style=\"color:blue\" href=\"http://www.kegg.jp/dbget-bin/www_bget?pathway+hsa04724\" target=\"KEGG\">evidence</a><br>&nbsp&nbsp&nbsp&nbsp&bull;&nbsp&nbspPancreatic secretion  <a style=\"color:blue\" href=\"http://www.kegg.jp/kegg-bin/show_pathway?hsa04972\" target=\"KEGG\">map</a>,&nbsp<a style=\"color:blue\" href=\"http://www.kegg.jp/dbget-bin/www_bget?pathway+hsa04972\" target=\"KEGG\">evidence</a><br>&nbsp&nbsp&nbsp&nbsp&bull;&nbsp&nbsphsa04924  <a style=\"color:blue\" href=\"http://www.kegg.jp/kegg-bin/show_pathway?hsa04924\" target=\"KEGG\">map</a>,&nbsp<a style=\"color:blue\" href=\"http://www.kegg.jp/dbget-bin/www_bget?pathway+hsa04924\" target=\"KEGG\">evidence</a><br>&nbsp&nbsp&nbsp&nbsp&bull;&nbsp&nbspHuntington's disease  <a style=\"color:blue\" href=\"http://www.kegg.jp/kegg-bin/show_pathway?hsa05016\" target=\"KEGG\">map</a>,&nbsp<a style=\"color:blue\" href=\"http://www.kegg.jp/dbget-bin/www_bget?pathway+hsa05016\" target=\"KEGG\">evidence</a><br>&nbsp&nbsp&nbsp&nbsp&bull;&nbsp&nbspSerotonergic synapse  <a style=\"color:blue\" href=\"http://www.kegg.jp/kegg-bin/show_pathway?hsa04726\" target=\"KEGG\">map</a>,&nbsp<a style=\"color:blue\" href=\"http://www.kegg.jp/dbget-bin/www_bget?pathway+hsa04726\" target=\"KEGG\">evidence</a><br>&nbsp&nbsp&nbsp&nbsp&bull;&nbsp&nbspInflammatory mediator regulation of TRP channels  <a style=\"color:blue\" href=\"http://www.kegg.jp/kegg-bin/show_pathway?hsa04750\" target=\"KEGG\">map</a>,&nbsp<a style=\"color:blue\" href=\"http://www.kegg.jp/dbget-bin/www_bget?pathway+hsa04750\" target=\"KEGG\">evidence</a><br>&nbsp&nbsp&nbsp&nbsp&bull;&nbsp&nbspRap1 signaling pathway  <a style=\"color:blue\" href=\"http://www.kegg.jp/kegg-bin/show_pathway?hsa04015\" target=\"KEGG\">map</a>,&nbsp<a style=\"color:blue\" href=\"http://www.kegg.jp/dbget-bin/www_bget?pathway+hsa04015\" target=\"KEGG\">evidence</a><br>&nbsp&nbsp&nbsp&nbsp&bull;&nbsp&nbspAlzheimer's disease  <a style=\"color:blue\" href=\"http://www.kegg.jp/kegg-bin/show_pathway?hsa05010\" target=\"KEGG\">map</a>,&nbsp<a style=\"color:blue\" href=\"http://www.kegg.jp/dbget-bin/www_bget?pathway+hsa05010\" target=\"KEGG\">evidence</a><br>&nbsp&nbsp&nbsp&nbsp&bull;&nbsp&nbspEndocrine and other factor-regulated calcium reabsorption  <a style=\"color:blue\" href=\"http://www.kegg.jp/kegg-bin/show_pathway?hsa04961\" target=\"KEGG\">map</a>,&nbsp<a style=\"color:blue\" href=\"http://www.kegg.jp/dbget-bin/www_bget?pathway+hsa04961\" target=\"KEGG\">evidence</a><br>&nbsp&nbsp&nbsp&nbsp&bull;&nbsp&nbspSphingolipid signaling pathway  <a style=\"color:blue\" href=\"http://www.kegg.jp/kegg-bin/show_pathway?hsa04071\" target=\"KEGG\">map</a>,&nbsp<a style=\"color:blue\" href=\"http://www.kegg.jp/dbget-bin/www_bget?pathway+hsa04071\" target=\"KEGG\">evidence</a><br>&nbsp&nbsp&nbsp&nbsp&bull;&nbsp&nbspOxytocin signaling pathway  <a style=\"color:blue\" href=\"http://www.kegg.jp/kegg-bin/show_pathway?hsa04921\" target=\"KEGG\">map</a>,&nbsp<a style=\"color:blue\" href=\"http://www.kegg.jp/dbget-bin/www_bget?pathway+hsa04921\" target=\"KEGG\">evidence</a><br>&nbsp&nbsp&nbsp&nbsp&bull;&nbsp&nbspGlucagon signaling pathway  <a style=\"color:blue\" href=\"http://www.kegg.jp/kegg-bin/show_pathway?hsa04922\" target=\"KEGG\">map</a>,&nbsp<a style=\"color:blue\" href=\"http://www.kegg.jp/dbget-bin/www_bget?pathway+hsa04922\" target=\"KEGG\">evidence</a><br>&nbsp&nbsp&nbsp&nbsp&bull;&nbsp&nbspThyroid hormone synthesis  <a style=\"color:blue\" href=\"http://www.kegg.jp/kegg-bin/show_pathway?hsa04918\" target=\"KEGG\">map</a>,&nbsp<a style=\"color:blue\" href=\"http://www.kegg.jp/dbget-bin/www_bget?pathway+hsa04918\" target=\"KEGG\">evidence</a><br>&nbsp&nbsp&nbsp&nbsp&bull;&nbsp&nbspLong-term potentiation  <a style=\"color:blue\" href=\"http://www.kegg.jp/kegg-bin/show_pathway?hsa04720\" target=\"KEGG\">map</a>,&nbsp<a style=\"color:blue\" href=\"http://www.kegg.jp/dbget-bin/www_bget?pathway+hsa04720\" target=\"KEGG\">evidence</a><br>&nbsp&nbsp&nbsp&nbsp&bull;&nbsp&nbspRetrograde endocannabinoid signaling  <a style=\"color:blue\" href=\"http://www.kegg.jp/kegg-bin/show_pathway?hsa04723\" target=\"KEGG\">map</a>,&nbsp<a style=\"color:blue\" href=\"http://www.kegg.jp/dbget-bin/www_bget?pathway+hsa04723\" target=\"KEGG\">evidence</a><br>&nbsp&nbsp&nbsp&nbsp&bull;&nbsp&nbspGastric acid secretion  <a style=\"color:blue\" href=\"http://www.kegg.jp/kegg-bin/show_pathway?hsa04971\" target=\"KEGG\">map</a>,&nbsp<a style=\"color:blue\" href=\"http://www.kegg.jp/dbget-bin/www_bget?pathway+hsa04971\" target=\"KEGG\">evidence</a><br>&nbsp&nbsp&nbsp&nbsp&bull;&nbsp&nbspSalivary secretion  <a style=\"color:blue\" href=\"http://www.kegg.jp/kegg-bin/show_pathway?hsa04970\" target=\"KEGG\">map</a>,&nbsp<a style=\"color:blue\" href=\"http://www.kegg.jp/dbget-bin/www_bget?pathway+hsa04970\" target=\"KEGG\">evidence</a><br>&nbsp&nbsp&nbsp&nbsp&bull;&nbsp&nbspPlatelet activation  <a style=\"color:blue\" href=\"http://www.kegg.jp/kegg-bin/show_pathway?hsa04611\" target=\"KEGG\">map</a>,&nbsp<a style=\"color:blue\" href=\"http://www.kegg.jp/dbget-bin/www_bget?pathway+hsa04611\" target=\"KEGG\">evidence</a><br>&nbsp&nbsp&nbsp&nbsp&bull;&nbsp&nbspDopaminergic synapse  <a style=\"color:blue\" href=\"http://www.kegg.jp/kegg-bin/show_pathway?hsa04728\" target=\"KEGG\">map</a>,&nbsp<a style=\"color:blue\" href=\"http://www.kegg.jp/dbget-bin/www_bget?pathway+hsa04728\" target=\"KEGG\">evidence</a><br>&nbsp&nbsp&nbsp&nbsp&bull;&nbsp&nbspAdrenergic signaling in cardiomyocytes  <a style=\"color:blue\" href=\"http://www.kegg.jp/kegg-bin/show_pathway?hsa04261\" target=\"KEGG\">map</a>,&nbsp<a style=\"color:blue\" href=\"http://www.kegg.jp/dbget-bin/www_bget?pathway+hsa04261\" target=\"KEGG\">evidence</a><br>&nbsp&nbsp&nbsp&nbsp&bull;&nbsp&nbspEstrogen signaling pathway  <a style=\"color:blue\" href=\"http://www.kegg.jp/kegg-bin/show_pathway?hsa04915\" target=\"KEGG\">map</a>,&nbsp<a style=\"color:blue\" href=\"http://www.kegg.jp/dbget-bin/www_bget?pathway+hsa04915\" target=\"KEGG\">evidence</a><br>&bull;&nbsp&nbspactivation,indirect-effect <br>&nbsp&nbsp&nbsp&nbsp&bull;&nbsp&nbspAfrican trypanosomiasis  <a style=\"color:blue\" href=\"http://www.kegg.jp/kegg-bin/show_pathway?hsa05143\" target=\"KEGG\">map</a>,&nbsp<a style=\"color:blue\" href=\"http://www.kegg.jp/dbget-bin/www_bget?pathway+hsa05143\" target=\"KEGG\">evidence</a><br></li></ul><br><hr /><h><b>Sources of Evidence</b></h><dl><dt>BioGrid</dt>&bull;&nbsp&nbspMI:0915 (physical association) <br>&nbsp&nbsp&nbsp&nbsp&bull;&nbsp&nbspMI:0004 (affinity chromatography technology)  <a style=\"color:blue\" href=\"http://www.ncbi.nlm.nih.gov/pubmed/16754659\" target=\"PubMed\">pmid:16754659</a>,&nbsp<a style=\"color:blue\" href=\"http://www.ncbi.nlm.nih.gov/pubmed/21940795\" target=\"PubMed\">pmid:21940795</a><br>&bull;&nbsp&nbspMI:0407 (direct interaction) <br>&nbsp&nbsp&nbsp&nbsp&bull;&nbsp&nbspMI:0055 (fluorescent resonance energy transfer)  <a style=\"color:blue\" href=\"http://www.ncbi.nlm.nih.gov/pubmed/16754659\" target=\"PubMed\">pmid:16754659</a><br>&nbsp&nbsp&nbsp&nbsp&bull;&nbsp&nbspMI:0415 (enzymatic study)  <a style=\"color:blue\" href=\"http://www.ncbi.nlm.nih.gov/pubmed/11753430\" target=\"PubMed\">pmid:11753430</a><br>&nbsp&nbsp&nbsp&nbsp&bull;&nbsp&nbspMI:0096 (pull down)  <a style=\"color:blue\" href=\"http://www.ncbi.nlm.nih.gov/pubmed/16754659\" target=\"PubMed\">pmid:16754659</a><br></li></ul><br><dt>KEGG</dt>&bull;&nbsp&nbspactivation <br>&nbsp&nbsp&nbsp&nbsp&bull;&nbsp&nbspInflammatory mediator regulation of TRP channels  <a style=\"color:blue\" href=\"http://www.kegg.jp/kegg-bin/show_pathway?hsa04750\" target=\"KEGG\">map</a>,&nbsp<a style=\"color:blue\" href=\"http://www.kegg.jp/dbget-bin/www_bget?pathway+hsa04750\" target=\"KEGG\">evidence</a><br>&nbsp&nbsp&nbsp&nbsp&bull;&nbsp&nbspPancreatic secretion  <a style=\"color:blue\" href=\"http://www.kegg.jp/kegg-bin/show_pathway?hsa04972\" target=\"KEGG\">map</a>,&nbsp<a style=\"color:blue\" href=\"http://www.kegg.jp/dbget-bin/www_bget?pathway+hsa04972\" target=\"KEGG\">evidence</a><br>&nbsp&nbsp&nbsp&nbsp&bull;&nbsp&nbspGlutamatergic synapse  <a style=\"color:blue\" href=\"http://www.kegg.jp/kegg-bin/show_pathway?hsa04724\" target=\"KEGG\">map</a>,&nbsp<a style=\"color:blue\" href=\"http://www.kegg.jp/dbget-bin/www_bget?pathway+hsa04724\" target=\"KEGG\">evidence</a><br>&nbsp&nbsp&nbsp&nbsp&bull;&nbsp&nbspEndocrine and other factor-regulated calcium reabsorption  <a style=\"color:blue\" href=\"http://www.kegg.jp/kegg-bin/show_pathway?hsa04961\" target=\"KEGG\">map</a>,&nbsp<a style=\"color:blue\" href=\"http://www.kegg.jp/dbget-bin/www_bget?pathway+hsa04961\" target=\"KEGG\">evidence</a><br>&nbsp&nbsp&nbsp&nbsp&bull;&nbsp&nbspGnRH signaling pathway  <a style=\"color:blue\" href=\"http://www.kegg.jp/kegg-bin/show_pathway?hsa04912\" target=\"KEGG\">map</a>,&nbsp<a style=\"color:blue\" href=\"http://www.kegg.jp/dbget-bin/www_bget?pathway+hsa04912\" target=\"KEGG\">evidence</a><br>&nbsp&nbsp&nbsp&nbsp&bull;&nbsp&nbspcGMP-PKG signaling pathway  <a style=\"color:blue\" href=\"http://www.kegg.jp/kegg-bin/show_pathway?hsa04022\" target=\"KEGG\">map</a>,&nbsp<a style=\"color:blue\" href=\"http://www.kegg.jp/dbget-bin/www_bget?pathway+hsa04022\" target=\"KEGG\">evidence</a><br>&nbsp&nbsp&nbsp&nbsp&bull;&nbsp&nbspGlucagon signaling pathway  <a style=\"color:blue\" href=\"http://www.kegg.jp/kegg-bin/show_pathway?hsa04922\" target=\"KEGG\">map</a>,&nbsp<a style=\"color:blue\" href=\"http://www.kegg.jp/dbget-bin/www_bget?pathway+hsa04922\" target=\"KEGG\">evidence</a><br>&nbsp&nbsp&nbsp&nbsp&bull;&nbsp&nbspLong-term potentiation  <a style=\"color:blue\" href=\"http://www.kegg.jp/kegg-bin/show_pathway?hsa04720\" target=\"KEGG\">map</a>,&nbsp<a style=\"color:blue\" href=\"http://www.kegg.jp/dbget-bin/www_bget?pathway+hsa04720\" target=\"KEGG\">evidence</a><br>&nbsp&nbsp&nbsp&nbsp&bull;&nbsp&nbspRetrograde endocannabinoid signaling  <a style=\"color:blue\" href=\"http://www.kegg.jp/kegg-bin/show_pathway?hsa04723\" target=\"KEGG\">map</a>,&nbsp<a style=\"color:blue\" href=\"http://www.kegg.jp/dbget-bin/www_bget?pathway+hsa04723\" target=\"KEGG\">evidence</a><br>&nbsp&nbsp&nbsp&nbsp&bull;&nbsp&nbsphsa04925  <a style=\"color:blue\" href=\"http://www.kegg.jp/kegg-bin/show_pathway?hsa04925\" target=\"KEGG\">map</a>,&nbsp<a style=\"color:blue\" href=\"http://www.kegg.jp/dbget-bin/www_bget?pathway+hsa04925\" target=\"KEGG\">evidence</a><br>&nbsp&nbsp&nbsp&nbsp&bull;&nbsp&nbsphsa04924  <a style=\"color:blue\" href=\"http://www.kegg.jp/kegg-bin/show_pathway?hsa04924\" target=\"KEGG\">map</a>,&nbsp<a style=\"color:blue\" href=\"http://www.kegg.jp/dbget-bin/www_bget?pathway+hsa04924\" target=\"KEGG\">evidence</a><br>&nbsp&nbsp&nbsp&nbsp&bull;&nbsp&nbspAlzheimer's disease  <a style=\"color:blue\" href=\"http://www.kegg.jp/kegg-bin/show_pathway?hsa05010\" target=\"KEGG\">map</a>,&nbsp<a style=\"color:blue\" href=\"http://www.kegg.jp/dbget-bin/www_bget?pathway+hsa05010\" target=\"KEGG\">evidence</a><br>&nbsp&nbsp&nbsp&nbsp&bull;&nbsp&nbspHuntington's disease  <a style=\"color:blue\" href=\"http://www.kegg.jp/kegg-bin/show_pathway?hsa05016\" target=\"KEGG\">map</a>,&nbsp<a style=\"color:blue\" href=\"http://www.kegg.jp/dbget-bin/www_bget?pathway+hsa05016\" target=\"KEGG\">evidence</a><br>&nbsp&nbsp&nbsp&nbsp&bull;&nbsp&nbspVascular smooth muscle contraction  <a style=\"color:blue\" href=\"http://www.kegg.jp/kegg-bin/show_pathway?hsa04270\" target=\"KEGG\">map</a>,&nbsp<a style=\"color:blue\" href=\"http://www.kegg.jp/dbget-bin/www_bget?pathway+hsa04270\" target=\"KEGG\">evidence</a><br>&nbsp&nbsp&nbsp&nbsp&bull;&nbsp&nbspOxytocin signaling pathway  <a style=\"color:blue\" href=\"http://www.kegg.jp/kegg-bin/show_pathway?hsa04921\" target=\"KEGG\">map</a>,&nbsp<a style=\"color:blue\" href=\"http://www.kegg.jp/dbget-bin/www_bget?pathway+hsa04921\" target=\"KEGG\">evidence</a><br>&nbsp&nbsp&nbsp&nbsp&bull;&nbsp&nbspInsulin secretion  <a style=\"color:blue\" href=\"http://www.kegg.jp/kegg-bin/show_pathway?hsa04911\" target=\"KEGG\">map</a>,&nbsp<a style=\"color:blue\" href=\"http://www.kegg.jp/dbget-bin/www_bget?pathway+hsa04911\" target=\"KEGG\">evidence</a><br>&nbsp&nbsp&nbsp&nbsp&bull;&nbsp&nbspGastric acid secretion  <a style=\"color:blue\" href=\"http://www.kegg.jp/kegg-bin/show_pathway?hsa04971\" target=\"KEGG\">map</a>,&nbsp<a style=\"color:blue\" href=\"http://www.kegg.jp/dbget-bin/www_bget?pathway+hsa04971\" target=\"KEGG\">evidence</a><br>&nbsp&nbsp&nbsp&nbsp&bull;&nbsp&nbspPlatelet activation  <a style=\"color:blue\" href=\"http://www.kegg.jp/kegg-bin/show_pathway?hsa04611\" target=\"KEGG\">map</a>,&nbsp<a style=\"color:blue\" href=\"http://www.kegg.jp/dbget-bin/www_bget?pathway+hsa04611\" target=\"KEGG\">evidence</a><br>&nbsp&nbsp&nbsp&nbsp&bull;&nbsp&nbspDopaminergic synapse  <a style=\"color:blue\" href=\"http://www.kegg.jp/kegg-bin/show_pathway?hsa04728\" target=\"KEGG\">map</a>,&nbsp<a style=\"color:blue\" href=\"http://www.kegg.jp/dbget-bin/www_bget?pathway+hsa04728\" target=\"KEGG\">evidence</a><br>&nbsp&nbsp&nbsp&nbsp&bull;&nbsp&nbspCholinergic synapse  <a style=\"color:blue\" href=\"http://www.kegg.jp/kegg-bin/show_pathway?hsa04725\" target=\"KEGG\">map</a>,&nbsp<a style=\"color:blue\" href=\"http://www.kegg.jp/dbget-bin/www_bget?pathway+hsa04725\" target=\"KEGG\">evidence</a><br>&nbsp&nbsp&nbsp&nbsp&bull;&nbsp&nbspSerotonergic synapse  <a style=\"color:blue\" href=\"http://www.kegg.jp/kegg-bin/show_pathway?hsa04726\" target=\"KEGG\">map</a>,&nbsp<a style=\"color:blue\" href=\"http://www.kegg.jp/dbget-bin/www_bget?pathway+hsa04726\" target=\"KEGG\">evidence</a><br>&nbsp&nbsp&nbsp&nbsp&bull;&nbsp&nbsphsa04371  <a style=\"color:blue\" href=\"http://www.kegg.jp/kegg-bin/show_pathway?hsa04371\" target=\"KEGG\">map</a>,&nbsp<a style=\"color:blue\" href=\"http://www.kegg.jp/dbget-bin/www_bget?pathway+hsa04371\" target=\"KEGG\">evidence</a><br>&nbsp&nbsp&nbsp&nbsp&bull;&nbsp&nbspLong-term depression  <a style=\"color:blue\" href=\"http://www.kegg.jp/kegg-bin/show_pathway?hsa04730\" target=\"KEGG\">map</a>,&nbsp<a style=\"color:blue\" href=\"http://www.kegg.jp/dbget-bin/www_bget?pathway+hsa04730\" target=\"KEGG\">evidence</a><br>&nbsp&nbsp&nbsp&nbsp&bull;&nbsp&nbspThyroid hormone synthesis  <a style=\"color:blue\" href=\"http://www.kegg.jp/kegg-bin/show_pathway?hsa04918\" target=\"KEGG\">map</a>,&nbsp<a style=\"color:blue\" href=\"http://www.kegg.jp/dbget-bin/www_bget?pathway+hsa04918\" target=\"KEGG\">evidence</a><br>&nbsp&nbsp&nbsp&nbsp&bull;&nbsp&nbspSalivary secretion  <a style=\"color:blue\" href=\"http://www.kegg.jp/kegg-bin/show_pathway?hsa04970\" target=\"KEGG\">map</a>,&nbsp<a style=\"color:blue\" href=\"http://www.kegg.jp/dbget-bin/www_bget?pathway+hsa04970\" target=\"KEGG\">evidence</a><br>&nbsp&nbsp&nbsp&nbsp&bull;&nbsp&nbspCircadian entrainment  <a style=\"color:blue\" href=\"http://www.kegg.jp/kegg-bin/show_pathway?hsa04713\" target=\"KEGG\">map</a>,&nbsp<a style=\"color:blue\" href=\"http://www.kegg.jp/dbget-bin/www_bget?pathway+hsa04713\" target=\"KEGG\">evidence</a><br>&nbsp&nbsp&nbsp&nbsp&bull;&nbsp&nbspSphingolipid signaling pathway  <a style=\"color:blue\" href=\"http://www.kegg.jp/kegg-bin/show_pathway?hsa04071\" target=\"KEGG\">map</a>,&nbsp<a style=\"color:blue\" href=\"http://www.kegg.jp/dbget-bin/www_bget?pathway+hsa04071\" target=\"KEGG\">evidence</a><br>&nbsp&nbsp&nbsp&nbsp&bull;&nbsp&nbspGap junction  <a style=\"color:blue\" href=\"http://www.kegg.jp/kegg-bin/show_pathway?hsa04540\" target=\"KEGG\">map</a>,&nbsp<a style=\"color:blue\" href=\"http://www.kegg.jp/dbget-bin/www_bget?pathway+hsa04540\" target=\"KEGG\">evidence</a><br>&nbsp&nbsp&nbsp&nbsp&bull;&nbsp&nbspEstrogen signaling pathway  <a style=\"color:blue\" href=\"http://www.kegg.jp/kegg-bin/show_pathway?hsa04915\" target=\"KEGG\">map</a>,&nbsp<a style=\"color:blue\" href=\"http://www.kegg.jp/dbget-bin/www_bget?pathway+hsa04915\" target=\"KEGG\">evidence</a><br>&nbsp&nbsp&nbsp&nbsp&bull;&nbsp&nbspCalcium signaling pathway  <a style=\"color:blue\" href=\"http://www.kegg.jp/kegg-bin/show_pathway?hsa04020\" target=\"KEGG\">map</a>,&nbsp<a style=\"color:blue\" href=\"http://www.kegg.jp/dbget-bin/www_bget?pathway+hsa04020\" target=\"KEGG\">evidence</a><br>&nbsp&nbsp&nbsp&nbsp&bull;&nbsp&nbspAdrenergic signaling in cardiomyocytes  <a style=\"color:blue\" href=\"http://www.kegg.jp/kegg-bin/show_pathway?hsa04261\" target=\"KEGG\">map</a>,&nbsp<a style=\"color:blue\" href=\"http://www.kegg.jp/dbget-bin/www_bget?pathway+hsa04261\" target=\"KEGG\">evidence</a><br>&nbsp&nbsp&nbsp&nbsp&bull;&nbsp&nbspRap1 signaling pathway  <a style=\"color:blue\" href=\"http://www.kegg.jp/kegg-bin/show_pathway?hsa04015\" target=\"KEGG\">map</a>,&nbsp<a style=\"color:blue\" href=\"http://www.kegg.jp/dbget-bin/www_bget?pathway+hsa04015\" target=\"KEGG\">evidence</a><br>&bull;&nbsp&nbspactivation,indirect-effect <br>&nbsp&nbsp&nbsp&nbsp&bull;&nbsp&nbspAfrican trypanosomiasis  <a style=\"color:blue\" href=\"http://www.kegg.jp/kegg-bin/show_pathway?hsa05143\" target=\"KEGG\">map</a>,&nbsp<a style=\"color:blue\" href=\"http://www.kegg.jp/dbget-bin/www_bget?pathway+hsa05143\" target=\"KEGG\">evidence</a><br>&nbsp&nbsp&nbsp&nbsp&bull;&nbsp&nbspChagas disease (American trypanosomiasis)  <a style=\"color:blue\" href=\"http://www.kegg.jp/kegg-bin/show_pathway?hsa05142\" target=\"KEGG\">map</a>,&nbsp<a style=\"color:blue\" href=\"http://www.kegg.jp/dbget-bin/www_bget?pathway+hsa05142\" target=\"KEGG\">evidence</a><br>&nbsp&nbsp&nbsp&nbsp&bull;&nbsp&nbspAmoebiasis  <a style=\"color:blue\" href=\"http://www.kegg.jp/kegg-bin/show_pathway?hsa05146\" target=\"KEGG\">map</a>,&nbsp<a style=\"color:blue\" href=\"http://www.kegg.jp/dbget-bin/www_bget?pathway+hsa05146\" target=\"KEGG\">evidence</a><br></li></ul><br><dt>Reactome</dt>&bull;&nbsp&nbspMI:0915 (physical association) <br>&nbsp&nbsp&nbsp&nbsp&bull;&nbsp&nbsp<FONT COLOR=\"gray\">MI:0364 (inferred by curator)</FONT>  <a style=\"color:blue\" href=\"http://www.ncbi.nlm.nih.gov/pubmed/17367534\" target=\"PubMed\">pmid:17367534</a><br></li></ul><br><dt>Reactome-FIs</dt>&nbsp&nbsp&nbsp&nbsp&bull;&nbsp&nbsp<FONT COLOR=\"gray\">MI:0046 (experimental knowledge based)</FONT>  <a style=\"color:blue\" href=\"http://www.ncbi.nlm.nih.gov/pubmed/20482850\" target=\"PubMed\">pmid:20482850</a><br></li></ul><br>", "is_directed": true, "target": "PLCB1,PLCB2,PLCB3,PLCB4", "name": "GNAQ-PLCB1,PLCB2,PLCB3,PLCB4"}}, {"data": {"source": "PRKACA,PRKACB,PRKACG", "popup": "<b>PRKACA,PRKACB,PRKACG - MT-ND1,MT-ND2,MT-ND3,MT-ND4,MT-ND4L,MT-ND5,MT-ND6,NDUFA1,NDUFA10,NDUFA11,NDUFA12,NDUFA13,NDUFA2,NDUFA3,NDUFA4,NDUFA4L2,NDUFA5,NDUFA6,NDUFA7,NDUFA8,NDUFA9,NDUFAB1,NDUFB1,NDUFB10,NDUFB11,NDUFB2,NDUFB3,NDUFB4,NDUFB5,NDUFB6,NDUFB7,NDUFB8,NDUFB9,NDUFC1,NDUFC2,NDUFC2-KCTD14,NDUFS1,NDUFS2,NDUFS3,NDUFS4,NDUFS5,NDUFS6,NDUFS7,NDUFS8,NDUFV1,NDUFV2,NDUFV3</b></br><b>P17612,P22612,P22694 - E9PQ53,O00217,O00483,O14561,O15239,O43181,O43674,O43676,O43677,O43678,O43920,O75251,O75306,O75380,O75438,O75489,O95139,O95167,O95168,O95169,O95178,O95182,O95298,O95299,O96000,P03886,P03891,P03897,P03901,P03905,P03915,P03923,P17568,P19404,P28331,P49821,P51970,P56181,P56556,Q16718,Q16795,Q86Y39,Q9NRX3,Q9NX14,Q9P0J0,Q9UI09,Q9Y6M9</b></br><hr /><h><b>Direct Sources of Evidence</b></h><dl><dt>KEGG</dt>&bull;&nbsp&nbspinhibition <br>&nbsp&nbsp&nbsp&nbsp&bull;&nbsp&nbspRetrograde endocannabinoid signaling  <a style=\"color:blue\" href=\"http://www.kegg.jp/kegg-bin/show_pathway?hsa04723\" target=\"KEGG\">map</a>,&nbsp<a style=\"color:blue\" href=\"http://www.kegg.jp/dbget-bin/www_bget?pathway+hsa04723\" target=\"KEGG\">evidence</a><br></li></ul><br><hr /><h><b>Sources of Evidence</b></h><dl><dt>KEGG</dt>&bull;&nbsp&nbspinhibition <br>&nbsp&nbsp&nbsp&nbsp&bull;&nbsp&nbspRetrograde endocannabinoid signaling  <a style=\"color:blue\" href=\"http://www.kegg.jp/kegg-bin/show_pathway?hsa04723\" target=\"KEGG\">map</a>,&nbsp<a style=\"color:blue\" href=\"http://www.kegg.jp/dbget-bin/www_bget?pathway+hsa04723\" target=\"KEGG\">evidence</a><br></li></ul><br><dt>Phosphosite</dt>&bull;&nbsp&nbspMI:0217 (phosphorylation reaction) <br>&nbsp&nbsp&nbsp&nbsp&bull;&nbsp&nbspPhosphosite  <a style=\"color:blue\" href=\"http://www.phosphosite.org/siteAction.action?id=2103504\" target=\"PSP\">phosphosite:2103504</a><br></li></ul><br>", "is_directed": true, "target": "MT-ND1,MT-ND2,MT-ND3,MT-ND4,MT-ND4L,MT-ND5,MT-ND6,NDUFA1,NDUFA10,NDUFA11,NDUFA12,NDUFA13,NDUFA2,NDUFA3,NDUFA4,NDUFA4L2,NDUFA5,NDUFA6,NDUFA7,NDUFA8,NDUFA9,NDUFAB1,NDUFB1,NDUFB10,NDUFB11,NDUFB2,NDUFB3,NDUFB4,NDUFB5,NDUFB6,NDUFB7,NDUFB8,NDUFB9,NDUFC1,NDUFC2,NDUFC2-KCTD14,NDUFS1,NDUFS2,NDUFS3,NDUFS4,NDUFS5,NDUFS6,NDUFS7,NDUFS8,NDUFV1,NDUFV2,NDUFV3", "name": "PRKACA,PRKACB,PRKACG-MT-ND1,MT-ND2,MT-ND3,MT-ND4,MT-ND4L,MT-ND5,MT-ND6,NDUFA1,NDUFA10,NDUFA11,NDUFA12,NDUFA13,NDUFA2,NDUFA3,NDUFA4,NDUFA4L2,NDUFA5,NDUFA6,NDUFA7,NDUFA8,NDUFA9,NDUFAB1,NDUFB1,NDUFB10,NDUFB11,NDUFB2,NDUFB3,NDUFB4,NDUFB5,NDUFB6,NDUFB7,NDUFB8,NDUFB9,NDUFC1,NDUFC2,NDUFC2-KCTD14,NDUFS1,NDUFS2,NDUFS3,NDUFS4,NDUFS5,NDUFS6,NDUFS7,NDUFS8,NDUFV1,NDUFV2,NDUFV3"}}, {"data": {"source": "GRM1,GRM5", "popup": "<b>GRM1,GRM5 - GNAQ</b></br><b>P41594,Q13255 - P50148</b></br><hr /><h><b>Direct Sources of Evidence</b></h><dl><dt>KEGG</dt>&bull;&nbsp&nbspactivation <br>&nbsp&nbsp&nbsp&nbsp&bull;&nbsp&nbspGlutamatergic synapse  <a style=\"color:blue\" href=\"http://www.kegg.jp/kegg-bin/show_pathway?hsa04724\" target=\"KEGG\">map</a>,&nbsp<a style=\"color:blue\" href=\"http://www.kegg.jp/dbget-bin/www_bget?pathway+hsa04724\" target=\"KEGG\">evidence</a><br>&nbsp&nbsp&nbsp&nbsp&bull;&nbsp&nbspLong-term potentiation  <a style=\"color:blue\" href=\"http://www.kegg.jp/kegg-bin/show_pathway?hsa04720\" target=\"KEGG\">map</a>,&nbsp<a style=\"color:blue\" href=\"http://www.kegg.jp/dbget-bin/www_bget?pathway+hsa04720\" target=\"KEGG\">evidence</a><br>&nbsp&nbsp&nbsp&nbsp&bull;&nbsp&nbspRetrograde endocannabinoid signaling  <a style=\"color:blue\" href=\"http://www.kegg.jp/kegg-bin/show_pathway?hsa04723\" target=\"KEGG\">map</a>,&nbsp<a style=\"color:blue\" href=\"http://www.kegg.jp/dbget-bin/www_bget?pathway+hsa04723\" target=\"KEGG\">evidence</a><br></li></ul><br><hr /><h><b>Sources of Evidence</b></h><dl><dt>KEGG</dt>&bull;&nbsp&nbspactivation <br>&nbsp&nbsp&nbsp&nbsp&bull;&nbsp&nbspGlutamatergic synapse  <a style=\"color:blue\" href=\"http://www.kegg.jp/kegg-bin/show_pathway?hsa04724\" target=\"KEGG\">map</a>,&nbsp<a style=\"color:blue\" href=\"http://www.kegg.jp/dbget-bin/www_bget?pathway+hsa04724\" target=\"KEGG\">evidence</a><br>&nbsp&nbsp&nbsp&nbsp&bull;&nbsp&nbspGap junction  <a style=\"color:blue\" href=\"http://www.kegg.jp/kegg-bin/show_pathway?hsa04540\" target=\"KEGG\">map</a>,&nbsp<a style=\"color:blue\" href=\"http://www.kegg.jp/dbget-bin/www_bget?pathway+hsa04540\" target=\"KEGG\">evidence</a><br>&nbsp&nbsp&nbsp&nbsp&bull;&nbsp&nbspEstrogen signaling pathway  <a style=\"color:blue\" href=\"http://www.kegg.jp/kegg-bin/show_pathway?hsa04915\" target=\"KEGG\">map</a>,&nbsp<a style=\"color:blue\" href=\"http://www.kegg.jp/dbget-bin/www_bget?pathway+hsa04915\" target=\"KEGG\">evidence</a><br>&nbsp&nbsp&nbsp&nbsp&bull;&nbsp&nbspLong-term depression  <a style=\"color:blue\" href=\"http://www.kegg.jp/kegg-bin/show_pathway?hsa04730\" target=\"KEGG\">map</a>,&nbsp<a style=\"color:blue\" href=\"http://www.kegg.jp/dbget-bin/www_bget?pathway+hsa04730\" target=\"KEGG\">evidence</a><br>&nbsp&nbsp&nbsp&nbsp&bull;&nbsp&nbspCalcium signaling pathway  <a style=\"color:blue\" href=\"http://www.kegg.jp/kegg-bin/show_pathway?hsa04020\" target=\"KEGG\">map</a>,&nbsp<a style=\"color:blue\" href=\"http://www.kegg.jp/dbget-bin/www_bget?pathway+hsa04020\" target=\"KEGG\">evidence</a><br>&nbsp&nbsp&nbsp&nbsp&bull;&nbsp&nbspLong-term potentiation  <a style=\"color:blue\" href=\"http://www.kegg.jp/kegg-bin/show_pathway?hsa04720\" target=\"KEGG\">map</a>,&nbsp<a style=\"color:blue\" href=\"http://www.kegg.jp/dbget-bin/www_bget?pathway+hsa04720\" target=\"KEGG\">evidence</a><br>&nbsp&nbsp&nbsp&nbsp&bull;&nbsp&nbspRetrograde endocannabinoid signaling  <a style=\"color:blue\" href=\"http://www.kegg.jp/kegg-bin/show_pathway?hsa04723\" target=\"KEGG\">map</a>,&nbsp<a style=\"color:blue\" href=\"http://www.kegg.jp/dbget-bin/www_bget?pathway+hsa04723\" target=\"KEGG\">evidence</a><br>&nbsp&nbsp&nbsp&nbsp&bull;&nbsp&nbspHuntington's disease  <a style=\"color:blue\" href=\"http://www.kegg.jp/kegg-bin/show_pathway?hsa05016\" target=\"KEGG\">map</a>,&nbsp<a style=\"color:blue\" href=\"http://www.kegg.jp/dbget-bin/www_bget?pathway+hsa05016\" target=\"KEGG\">evidence</a><br></li></ul><br><dt>Reactome</dt>&bull;&nbsp&nbspMI:0915 (physical association) <br>&nbsp&nbsp&nbsp&nbsp&bull;&nbsp&nbsp<FONT COLOR=\"gray\">MI:0364 (inferred by curator)</FONT>  <a style=\"color:blue\" href=\"http://www.ncbi.nlm.nih.gov/pubmed/17367534\" target=\"PubMed\">pmid:17367534</a><br></li></ul><br><dt>Reactome-FIs</dt>&nbsp&nbsp&nbsp&nbsp&bull;&nbsp&nbsp<FONT COLOR=\"gray\">MI:0046 (experimental knowledge based)</FONT>  <a style=\"color:blue\" href=\"http://www.ncbi.nlm.nih.gov/pubmed/20482850\" target=\"PubMed\">pmid:20482850</a><br></li></ul><br>", "is_directed": true, "target": "GNAQ", "name": "GRM1,GRM5-GNAQ"}}]}, "data": {"name": "KEGG-Retrograde-endocannabinoid-signaling", "tags": ["KEGG"], "title": "", "description": "<b>Legend:</b><table border=\"1\"><tr><th>Node Style</th><th>Node Description</th></tr><tr><td  align=\"center\"><font color=\"#8CE1DC\" size=\"8\">&#x25b2;</font></td><td>Source Receptor</td></tr><tr><td  align=\"center\"><font color=\"#FFFF60\" size=\"8\">&#x25a0;</font></td><td>Target TF</td></tr><tr><td  align=\"center\"><font color=\"#D8D8D8\" size=\"8\">&#x25b2;</font></td><td>Receptor</td></tr><tr><td  align=\"center\"><font color=\"#D8D8D8\" size=\"8\">&#x25a0;</font></td><td>TF</td></tr><tr><td  align=\"center\"><font color=\"#D8D8D8\" size=\"8\">&#x25cf;</font></td><td>Intermediate Protein</td></tr></table><br><b>Source Receptor</b>: Receptor used as source for KSP<br><b>Target TF</b>: Transcription Factor/Regulator used as target for KSP<br><br><table border=\"1\"><tr><th>Edge Style</th><th>Edge Description</th></tr><tr><td>&nbsp;&nbsp;<b><font color=\"#F07406\" size=\"5\">&#10230;</font></b></td>       <td>Phosphorylation</td></tr><tr><td>&nbsp;&nbsp;<b><font color=\"#2A69DC\" size=\"5\">&#10230;</font></b></td>       <td>Enzymatic Reaction</td></tr><tr><td>&nbsp;&nbsp;<b><font color=\"grey\" size=\"5\">&#10230;</font></b></td>       <td>KEGG Activation</td></tr><tr><td>&nbsp;&nbsp;&nbsp;<b><font color=\"grey\" size=\"5\">&#x22a3;</font></b></td> <td>KEGG Inhibition</td></tr><tr><td>&nbsp;&nbsp;<b><font color=\"brown\" size=\"5\">&#10230;</font></b></td>       <td>SPIKE regulation</td></tr><tr><td>&nbsp;&nbsp;&nbsp;<b><font color=\"#27AF47\" size=\"5\">&#x2014;</font></b></td> <td>Physical</td></tr></table><br>Enzymatic reactions are reactions such as dephosphorylation, glycosylation, methylation, ubiquitination, etc.<br>Phosphorylation is separate because it occurs more frequently.<hr /><b>Sources of Evidence</b><br> Sources are black if they were used to construct the interactome and <FONT COLOR=\"gray\">gray</FONT> if they were not used to construct the interactome.<ul><li><FONT COLOR=\"black\">BioGrid</FONT></li><li><FONT COLOR=\"black\">DIP</FONT></li><li><FONT COLOR=\"black\">KEGG</FONT></li><li><FONT COLOR=\"black\">IntAct</FONT></li><li><FONT COLOR=\"black\">Mint</FONT></li><li><FONT COLOR=\"black\">NetPath</FONT></li><li><FONT COLOR=\"black\">Phosphosite Plus</FONT></li><li><FONT COLOR=\"black\">Spike</FONT></li><li><FONT COLOR=\"grey\">Reactome</FONT></li><li><FONT COLOR=\"grey\">Reactome-FIs</FONT></li></ul><hr /><b>Path/Edges file</b>: pathway-edges/hsa04723-edges.txt<br>"}}